사고번호,사고일시,요일,시군구,사고내용,사망자수,중상자수,경상자수,부상신고자수,사고유형,법규위반,노면상태,기상상태,도로형태,가해운전자 차종,가해운전자 성별,가해운전자 연령,가해운전자 상해정도,피해운전자 차종,피해운전자 성별,피해운전자 연령,피해운전자 상해정도
2015010800100169,2015년 1월 8일 10시,목요일,부산광역시 서구 서대신동1가,경상사고,0,0,2,0,차대차 - 추돌 - 진행중,교차로운행방법위반,건조,맑음,교차로 - 교차로안,승용,남,27세,기타불명,승용,여,49세,경상
2015010800100210,2015년 1월 8일 12시,목요일,부산광역시 사하구 다대동,중상사고,0,1,0,0,차대사람 - 기타,안전운전불이행,건조,맑음,단일로 - 기타,승용,여,58세,상해없음,보행자,여,69세,중상
2015010800100211,2015년 1월 8일 12시,목요일,부산광역시 기장군 기장읍,중상사고,0,1,0,0,차대사람 - 차도통행중,기타,건조,맑음,단일로 - 기타,승용,여,52세,상해없음,보행자,남,9세,중상
2015010800100254,2015년 1월 8일 13시,목요일,부산광역시 영도구 봉래동1가,중상사고,0,1,0,0,차대사람 - 보도통행중,안전운전불이행,건조,맑음,기타 - 기타,이륜,남,35세,기타불명,보행자,남,67세,중상
2015010800100255,2015년 1월 8일 13시,목요일,부산광역시 부산진구 부전동,중상사고,0,1,0,0,차대사람 - 기타,안전운전불이행,건조,맑음,단일로 - 기타,화물,남,65세,상해없음,보행자,남,44세,중상
2015010800100256,2015년 1월 8일 13시,목요일,부산광역시 부산진구 당감동,경상사고,0,0,1,1,차대차 - 측면직각충돌,안전거리미확보,건조,맑음,단일로 - 기타,승용,남,55세,부상신고,승용,남,54세,경상
2015010800100278,2015년 1월 8일 14시,목요일,부산광역시 사상구 모라동,경상사고,0,0,2,0,차대사람 - 차도통행중,안전운전불이행,건조,맑음,단일로 - 기타,승용,남,42세,상해없음,보행자,남,38세,상해없음
2015010800100315,2015년 1월 8일 16시,목요일,부산광역시 남구 우암동,중상사고,0,1,0,0,차대차 - 추돌 - 진행중,안전운전불이행,건조,맑음,교차로 - 교차로부근,화물,남,60세,상해없음,이륜,남,62세,중상
2015010800100316,2015년 1월 8일 16시,목요일,부산광역시 해운대구 우동,경상사고,0,0,1,0,차대차 - 추돌 - 진행중,안전거리미확보,건조,맑음,단일로 - 기타,승용,여,26세,상해없음,승용,남,36세,경상
2015010800100317,2015년 1월 8일 16시,목요일,부산광역시 부산진구 가야동,중상사고,0,1,0,0,차대차 - 측면직각충돌,안전운전불이행,건조,맑음,단일로 - 기타,승용,여,63세,상해없음,승용,여,48세,중상
2015010800100343,2015년 1월 8일 17시,목요일,부산광역시 사하구 감천동,경상사고,0,0,1,0,차대차 - 기타,안전운전불이행,건조,맑음,단일로 - 기타,승용,남,59세,상해없음,승용,남,36세,경상
2015010800100369,2015년 1월 8일 18시,목요일,부산광역시 동구 초량동,경상사고,0,0,3,0,차대차 - 추돌 - 주정차중,안전운전불이행,건조,맑음,단일로 - 기타,승용,남,49세,상해없음,승용,남,51세,경상
2015010800100370,2015년 1월 8일 18시,목요일,부산광역시 북구 만덕동,경상사고,0,0,1,0,차대차 - 추돌 - 주정차중,안전운전불이행,건조,맑음,단일로 - 기타,승용,남,27세,상해없음,승용,남,61세,상해없음
2015010800100371,2015년 1월 8일 18시,목요일,부산광역시 부산진구 전포동,중상사고,0,1,2,0,차대차 - 측면직각충돌,신호위반,건조,맑음,교차로 - 교차로안,승용,남,64세,상해없음,승합,남,53세,중상
2015010800100372,2015년 1월 8일 18시,목요일,부산광역시 연제구 연산동,중상사고,0,1,0,0,차대사람 - 횡단중,안전운전불이행,건조,맑음,단일로 - 기타,화물,남,63세,상해없음,보행자,남,79세,중상
2015010800100416,2015년 1월 8일 19시,목요일,부산광역시 사하구 하단동,경상사고,0,0,2,1,차대차 - 기타,안전운전불이행,건조,맑음,단일로 - 기타,승용,남,53세,상해없음,승용,남,39세,경상
2015010800100446,2015년 1월 8일 20시,목요일,부산광역시 기장군 정관면,중상사고,0,1,0,0,차대차 - 측면직각충돌,신호위반,건조,맑음,교차로 - 교차로안,승용,남,43세,상해없음,원동기,남,41세,중상
2015010800100472,2015년 1월 8일 21시,목요일,부산광역시 중구 부평동2가,부상신고사고,0,0,0,1,차대사람 - 길가장자리구역통행중,안전운전불이행,건조,흐림,교차로 - 교차로부근,승용,남,56세,상해없음,보행자,남,73세,부상신고
2015010800100473,2015년 1월 8일 21시,목요일,부산광역시 부산진구 개금동,경상사고,0,0,1,0,차대차 - 추돌 - 주정차중,안전운전불이행,건조,맑음,단일로 - 기타,승용,남,44세,상해없음,승용,남,48세,경상
2015010800100496,2015년 1월 8일 22시,목요일,부산광역시 북구 덕천동,경상사고,0,0,1,0,차대차 - 측면직각충돌,신호위반,건조,맑음,교차로 - 교차로안,원동기,남,17세,상해없음,승용,여,41세,경상
2015010800100523,2015년 1월 8일 23시,목요일,부산광역시 부산진구 전포동,경상사고,0,0,1,0,차대차 - 기타,안전운전불이행,건조,맑음,교차로 - 교차로부근,승용,남,24세,상해없음,승용,남,60세,상해없음
2015010900100027,2015년 1월 9일 02시,금요일,부산광역시 동래구 사직동,중상사고,0,3,3,0,차대차 - 측면직각충돌,신호위반,건조,맑음,교차로 - 교차로안,승용,남,59세,상해없음,승합,남,55세,중상
2015010900100028,2015년 1월 9일 02시,금요일,부산광역시 부산진구 양정동,부상신고사고,0,0,0,1,차대차 - 기타,차로위반,건조,맑음,단일로 - 기타,승용,남,22세,상해없음,승용,남,45세,상해없음
2015010900100057,2015년 1월 9일 05시,금요일,부산광역시 부산진구 양정동,중상사고,0,1,0,0,차대차 - 측면직각충돌,신호위반,건조,맑음,교차로 - 교차로안,원동기,남,36세,상해없음,승합,남,51세,상해없음
2015010900100070,2015년 1월 9일 06시,금요일,부산광역시 부산진구 부암동,중상사고,0,1,0,0,차대차 - 정면충돌,안전운전불이행,건조,맑음,교차로 - 교차로안,승용,남,44세,상해없음,승용,남,35세,중상
2015010900100071,2015년 1월 9일 06시,금요일,부산광역시 기장군 장안읍,경상사고,0,0,2,0,차대차 - 측면직각충돌,안전거리미확보,건조,맑음,단일로 - 기타,승용,남,42세,상해없음,승용,남,52세,경상
2015010900100095,2015년 1월 9일 07시,금요일,부산광역시 서구 동대신동1가,경상사고,0,0,1,0,차대차 - 추돌 - 진행중,안전거리미확보,건조,맑음,단일로 - 기타,승용,여,34세,상해없음,화물,남,32세,경상
2015010900100096,2015년 1월 9일 07시,금요일,부산광역시 연제구 연산동,사망사고,1,0,0,0,차대차 - 측면직각충돌,안전운전불이행,건조,맑음,단일로 - 기타,원동기,남,37세,사망,승합,남,52세,상해없음
2015010900100118,2015년 1월 9일 08시,금요일,부산광역시 북구 구포동,경상사고,0,0,1,0,차대차 - 측면직각충돌,기타,건조,맑음,단일로 - 기타,승합,남,60세,상해없음,승용,남,34세,경상
2015010900100119,2015년 1월 9일 08시,금요일,부산광역시 동래구 온천동,경상사고,0,0,1,0,차대차 - 측면직각충돌,안전운전불이행,건조,맑음,단일로 - 기타,승용,남,62세,상해없음,원동기,남,25세,경상
2015010900100120,2015년 1월 9일 08시,금요일,부산광역시 연제구 거제동,경상사고,0,0,1,0,차량단독 - 기타,안전운전불이행,건조,맑음,단일로 - 기타,승합,남,55세,상해없음,,,,
2015010900100174,2015년 1월 9일 10시,금요일,부산광역시 부산진구 양정동,경상사고,0,0,1,0,차대사람 - 기타,안전운전불이행,건조,맑음,교차로 - 교차로안,승용,남,59세,상해없음,보행자,여,35세,경상
2015010900100198,2015년 1월 9일 11시,금요일,부산광역시 해운대구 반여동,중상사고,0,2,2,0,차대차 - 기타,신호위반,건조,맑음,교차로 - 교차로안,승용,여,38세,상해없음,승합,여,53세,경상
2015010900100218,2015년 1월 9일 12시,금요일,부산광역시 남구 용호동,경상사고,0,0,1,0,차대사람 - 보도통행중,신호위반,건조,맑음,단일로 - 횡단보도상,원동기,남,55세,상해없음,보행자,여,15세,경상
2015010900100240,2015년 1월 9일 13시,금요일,부산광역시 영도구 봉래동4가,경상사고,0,0,1,0,차대사람 - 횡단중,안전운전불이행,건조,맑음,기타 - 기타,화물,남,44세,상해없음,보행자,남,53세,경상
2015010900100273,2015년 1월 9일 14시,금요일,부산광역시 사하구 당리동,중상사고,0,1,1,0,차대차 - 기타,신호위반,건조,맑음,교차로 - 교차로안,원동기,남,64세,중상,승용,남,25세,상해없음
2015010900100303,2015년 1월 9일 15시,금요일,부산광역시 남구 문현동,경상사고,0,0,2,0,차대차 - 추돌 - 주정차중,안전운전불이행,건조,맑음,미분류 - 미분류,승용,남,48세,상해없음,화물,남,60세,상해없음
2015010900100324,2015년 1월 9일 16시,금요일,부산광역시 남구 우암동,경상사고,0,0,1,0,차대차 - 측면직각충돌,안전운전불이행,건조,맑음,단일로 - 기타,화물,남,56세,상해없음,이륜,남,45세,경상
2015010900100325,2015년 1월 9일 16시,금요일,부산광역시 해운대구 재송동,경상사고,0,0,1,0,차대차 - 추돌 - 주정차중,안전운전불이행,건조,맑음,단일로 - 기타,화물,남,23세,기타불명,승용,남,40세,경상
2015010900100326,2015년 1월 9일 16시,금요일,부산광역시 부산진구 가야동,중상사고,0,1,0,0,차대차 - 기타,신호위반,건조,맑음,단일로 - 기타,승용,여,53세,상해없음,이륜,남,22세,중상
2015010900100348,2015년 1월 9일 17시,금요일,부산광역시 영도구 영선동1가,경상사고,0,0,1,0,차대차 - 측면직각충돌,신호위반,건조,맑음,교차로 - 교차로안,승용,남,30세,상해없음,승용,남,41세,경상
2015010900100392,2015년 1월 9일 18시,금요일,부산광역시 해운대구 우동,부상신고사고,0,0,0,1,차대차 - 기타,안전거리미확보,건조,맑음,교차로 - 교차로부근,승용,남,27세,상해없음,이륜,남,27세,부상신고
2015010900100440,2015년 1월 9일 19시,금요일,부산광역시 남구 대연동,부상신고사고,0,0,0,1,차대차 - 추돌 - 진행중,안전운전불이행,건조,맑음,교차로 - 교차로안,승용,남,44세,상해없음,승용,여,25세,부상신고
2015010900100479,2015년 1월 9일 20시,금요일,부산광역시 동구 범일동,경상사고,0,0,2,0,차대차 - 측면직각충돌,안전거리미확보,건조,맑음,단일로 - 기타,승용,남,45세,상해없음,승용,남,26세,경상
2015010900100480,2015년 1월 9일 20시,금요일,부산광역시 북구 화명동,경상사고,0,0,1,0,차대차 - 측면직각충돌,안전운전불이행,건조,맑음,단일로 - 기타,승용,여,39세,상해없음,이륜,남,23세,경상
2015010900100481,2015년 1월 9일 20시,금요일,부산광역시 북구 구포동,중상사고,0,1,0,0,차대사람 - 횡단중,안전운전불이행,건조,맑음,교차로 - 교차로부근,승용,남,57세,상해없음,보행자,여,48세,중상
2015010900100482,2015년 1월 9일 20시,금요일,부산광역시 사하구 신평동,중상사고,0,1,0,0,차대사람 - 기타,안전운전불이행,건조,맑음,단일로 - 기타,승용,남,41세,상해없음,보행자,여,43세,중상
2015010900100550,2015년 1월 9일 22시,금요일,부산광역시 북구 금곡동,중상사고,0,1,0,0,차대차 - 측면직각충돌,신호위반,건조,맑음,교차로 - 교차로안,이륜,남,20세,중상,승용,남,38세,상해없음
2015010900100551,2015년 1월 9일 22시,금요일,부산광역시 기장군 정관면,중상사고,0,1,0,1,차대차 - 측면직각충돌,신호위반,건조,맑음,교차로 - 교차로부근,승용,남,57세,상해없음,승용,남,32세,중상
2015010900100587,2015년 1월 9일 23시,금요일,부산광역시 남구 대연동,경상사고,0,0,1,0,차대차 - 측면직각충돌,중앙선침범,건조,맑음,단일로 - 기타,승용,남,53세,상해없음,이륜,남,19세,경상
2015010900100588,2015년 1월 9일 23시,금요일,부산광역시 사상구 삼락동,중상사고,0,1,0,0,차대사람 - 횡단중,안전운전불이행,건조,맑음,단일로 - 기타,승용,남,34세,상해없음,보행자,남,26세,중상
2015011000100008,2015년 1월 10일 00시,토요일,부산광역시 중구 부평동2가,중상사고,0,1,0,0,차대차 - 측면직각충돌,신호위반,건조,맑음,교차로 - 교차로안,승용,남,54세,상해없음,승용,여,63세,중상
2015011000100009,2015년 1월 10일 00시,토요일,부산광역시 사상구 덕포동,경상사고,0,0,2,0,차대차 - 측면직각충돌,신호위반,건조,맑음,교차로 - 교차로안,승용,남,63세,상해없음,승용,남,57세,경상
2015011000100034,2015년 1월 10일 01시,토요일,부산광역시 서구 남부민동,경상사고,0,0,1,0,차대차 - 측면직각충돌,안전운전불이행,건조,맑음,단일로 - 기타,승용,남,45세,상해없음,승용,남,19세,상해없음
2015011000100035,2015년 1월 10일 01시,토요일,부산광역시 북구 화명동,중상사고,0,1,0,0,차대사람 - 기타,안전운전불이행,건조,맑음,단일로 - 기타,화물,남,33세,상해없음,보행자,남,42세,중상
2015011000100036,2015년 1월 10일 01시,토요일,부산광역시 사하구 하단동,경상사고,0,0,3,1,차대차 - 기타,안전운전불이행,건조,맑음,교차로 - 교차로부근,화물,남,44세,기타불명,승용,남,49세,경상
2015011000100065,2015년 1월 10일 02시,토요일,부산광역시 부산진구 전포동,중상사고,0,2,0,0,차대차 - 측면직각충돌,신호위반,건조,맑음,교차로 - 교차로안,승합,남,46세,상해없음,승용,남,66세,중상
2015011000100085,2015년 1월 10일 03시,토요일,부산광역시 중구 중앙동1가,경상사고,0,0,3,0,차대차 - 측면직각충돌,신호위반,건조,맑음,교차로 - 교차로안,승용,여,32세,경상,승용,남,42세,경상
2015011000100086,2015년 1월 10일 03시,토요일,부산광역시 남구 용호동,중상사고,0,1,0,0,차대사람 - 횡단중,보행자보호의무위반,건조,맑음,교차로 - 교차로부근,승용,남,50세,상해없음,보행자,남,45세,중상
2015011000100117,2015년 1월 10일 06시,토요일,부산광역시 금정구 부곡동,중상사고,0,1,0,0,차대사람 - 횡단중,신호위반,건조,맑음,단일로 - 기타,승용,남,28세,상해없음,보행자,여,50세,중상
2015011000100137,2015년 1월 10일 07시,토요일,부산광역시 중구 동광동1가,중상사고,0,1,0,0,차대차 - 기타,신호위반,건조,맑음,단일로 - 기타,승용,남,60세,상해없음,자전거,남,42세,중상
2015011000100138,2015년 1월 10일 07시,토요일,부산광역시 부산진구 부전동,중상사고,0,1,1,0,차대차 - 기타,중앙선침범,건조,맑음,단일로 - 기타,승용,남,49세,상해없음,화물,남,50세,중상
2015011000100203,2015년 1월 10일 10시,토요일,부산광역시 서구 남부민동,경상사고,0,0,1,0,차대사람 - 길가장자리구역통행중,중앙선침범,건조,맑음,단일로 - 기타,원동기,남,73세,상해없음,보행자,여,50세,경상
2015011000100204,2015년 1월 10일 10시,토요일,부산광역시 해운대구 중동,경상사고,0,0,1,0,차대사람 - 횡단중,안전운전불이행,건조,맑음,단일로 - 기타,승용,남,43세,상해없음,보행자,여,59세,경상
2015011000100205,2015년 1월 10일 10시,토요일,부산광역시 사상구 삼락동,중상사고,0,1,3,0,차대차 - 추돌 - 주정차중,안전거리미확보,건조,맑음,단일로 - 기타,화물,남,66세,상해없음,승용,남,50세,상해없음
2015011000100230,2015년 1월 10일 11시,토요일,부산광역시 해운대구 우동,경상사고,0,0,1,0,차대차 - 기타,교차로운행방법위반,건조,맑음,교차로 - 교차로안,특수,남,50세,상해없음,승용,남,32세,경상
2015011000100231,2015년 1월 10일 11시,토요일,부산광역시 부산진구 범천동,경상사고,0,0,1,0,차대사람 - 차도통행중,안전운전불이행,건조,맑음,단일로 - 기타,승용,남,33세,기타불명,보행자,남,57세,경상
2015011000100281,2015년 1월 10일 13시,토요일,부산광역시 사하구 신평동,중상사고,0,1,2,0,차대사람 - 횡단중,안전운전불이행,건조,맑음,교차로 - 교차로안,건설기계,남,57세,상해없음,보행자,여,33세,경상
2015011000100282,2015년 1월 10일 13시,토요일,부산광역시 사상구 덕포동,경상사고,0,0,1,0,차대사람 - 차도통행중,안전운전불이행,건조,맑음,단일로 - 기타,자전거,남,21세,상해없음,보행자,남,6세,경상
2015011000100283,2015년 1월 10일 13시,토요일,부산광역시 기장군 정관면,경상사고,0,0,1,0,차대차 - 측면직각충돌,안전거리미확보,건조,맑음,단일로 - 기타,승용,남,59세,경상,건설기계,남,44세,상해없음
2015011000100319,2015년 1월 10일 14시,토요일,부산광역시 부산진구 양정동,경상사고,0,0,1,0,차대차 - 기타,안전운전불이행,건조,맑음,단일로 - 횡단보도상,원동기,남,23세,경상,승용,남,41세,기타불명
2015011000100320,2015년 1월 10일 14시,토요일,부산광역시 수영구 망미동,경상사고,0,0,1,0,차대차 - 측면직각충돌,안전거리미확보,건조,맑음,단일로 - 기타,승용,남,26세,상해없음,이륜,남,23세,경상
2015011000100321,2015년 1월 10일 14시,토요일,부산광역시 연제구 연산동,경상사고,0,0,1,0,차대차 - 측면직각충돌,신호위반,건조,맑음,교차로 - 교차로안,화물,남,53세,기타불명,이륜,남,30세,경상
2015011000100353,2015년 1월 10일 15시,토요일,부산광역시 북구 만덕동,경상사고,0,0,3,0,차대차 - 추돌 - 진행중,안전운전불이행,건조,맑음,교차로 - 교차로부근,승용,남,57세,기타불명,승용,남,45세,경상
2015011000100354,2015년 1월 10일 15시,토요일,부산광역시 금정구 서동,중상사고,0,1,0,0,차대사람 - 보도통행중,보행자보호의무위반,건조,맑음,단일로 - 횡단보도상,승용,여,46세,상해없음,보행자,여,60세,중상
2015011000100382,2015년 1월 10일 16시,토요일,부산광역시 기장군 철마면,경상사고,0,0,7,0,차대차 - 정면충돌,중앙선침범,건조,맑음,단일로 - 기타,승용,남,67세,경상,승합,남,61세,경상
2015011000100403,2015년 1월 10일 17시,토요일,부산광역시 북구 구포동,경상사고,0,0,2,0,차대차 - 추돌 - 주정차중,안전운전불이행,건조,맑음,교차로 - 교차로부근,기타불명,기타불명,기타불명,기타불명,승용,남,52세,상해없음
2015011000100404,2015년 1월 10일 17시,토요일,부산광역시 부산진구 개금동,부상신고사고,0,0,0,1,차대차 - 기타,불법유턴,건조,맑음,단일로 - 기타,자전거,남,77세,부상신고,승용,남,48세,상해없음
2015011000100443,2015년 1월 10일 18시,토요일,부산광역시 남구 용호동,부상신고사고,0,0,0,1,차대사람 - 길가장자리구역통행중,안전운전불이행,건조,맑음,단일로 - 기타,승용,여,43세,상해없음,보행자,남,70세,부상신고
2015011000100444,2015년 1월 10일 18시,토요일,부산광역시 부산진구 범천동,경상사고,0,0,1,0,차대차 - 기타,안전거리미확보,건조,맑음,교차로 - 교차로부근,원동기,남,52세,경상,승용,남,64세,상해없음
2015011000100482,2015년 1월 10일 19시,토요일,부산광역시 해운대구 좌동,중상사고,0,1,0,0,차대차 - 기타,안전운전불이행,건조,맑음,단일로 - 기타,승용,남,37세,상해없음,원동기,남,16세,중상
2015011000100483,2015년 1월 10일 19시,토요일,부산광역시 해운대구 반여동,중상사고,0,1,0,0,차대사람 - 횡단중,신호위반,건조,맑음,단일로 - 횡단보도상,화물,남,52세,상해없음,보행자,여,65세,중상
2015011000100484,2015년 1월 10일 19시,토요일,부산광역시 금정구 남산동,경상사고,0,0,1,0,차대차 - 측면직각충돌,안전운전불이행,건조,맑음,교차로 - 교차로부근,승용,여,55세,상해없음,이륜,남,16세,상해없음
2015011000100513,2015년 1월 10일 20시,토요일,부산광역시 북구 만덕동,중상사고,0,1,0,0,차대차 - 추돌 - 진행중,안전운전불이행,건조,맑음,단일로 - 기타,승용,남,56세,기타불명,원동기,남,18세,중상
2015011000100573,2015년 1월 10일 22시,토요일,부산광역시 중구 창선동1가,경상사고,0,0,2,0,차대차 - 측면직각충돌,안전운전불이행,건조,흐림,단일로 - 기타,승용,남,30세,기타불명,승용,여,30세,경상
2015011000100574,2015년 1월 10일 22시,토요일,부산광역시 수영구 민락동,중상사고,0,1,0,0,차대사람 - 횡단중,보행자보호의무위반,건조,맑음,단일로 - 횡단보도상,승용,남,25세,상해없음,보행자,남,59세,중상
2015011000100599,2015년 1월 10일 23시,토요일,부산광역시 부산진구 연지동,경상사고,0,0,1,0,차대사람 - 횡단중,안전운전불이행,건조,맑음,단일로 - 기타,승용,남,40세,상해없음,보행자,남,40세,경상
2015011000100600,2015년 1월 10일 23시,토요일,부산광역시 금정구 금사동,중상사고,0,1,0,0,차대사람 - 횡단중,안전운전불이행,건조,맑음,단일로 - 횡단보도상,승용,남,60세,상해없음,보행자,여,60세,중상
2015011100100009,2015년 1월 11일 00시,일요일,부산광역시 기장군 일광면,중상사고,0,2,0,0,차대차 - 추돌 - 주정차중,안전운전불이행,건조,맑음,단일로 - 기타,승용,남,47세,상해없음,승용,남,63세,중상
2015011100100022,2015년 1월 11일 01시,일요일,부산광역시 부산진구 연지동,중상사고,0,1,1,0,차대차 - 추돌 - 주정차중,안전운전불이행,건조,맑음,교차로 - 교차로부근,승용,남,29세,상해없음,화물,남,49세,중상
2015011100100039,2015년 1월 11일 02시,일요일,부산광역시 금정구 구서동,중상사고,0,1,0,0,차대차 - 측면직각충돌,직진우회전진행방해,건조,맑음,교차로 - 교차로안,승용,여,48세,상해없음,승용,남,61세,중상
2015011100100056,2015년 1월 11일 03시,일요일,부산광역시 동구 범일동,경상사고,0,0,3,0,차대차 - 기타,안전운전불이행,건조,맑음,교차로 - 교차로부근,승용,남,34세,상해없음,승용,남,33세,경상
2015011100100064,2015년 1월 11일 04시,일요일,부산광역시 사하구 하단동,경상사고,0,0,1,0,차대사람 - 횡단중,안전운전불이행,건조,맑음,단일로 - 횡단보도상,승용,여,34세,상해없음,보행자,남,19세,경상
2015011100100099,2015년 1월 11일 07시,일요일,부산광역시 금정구 부곡동,중상사고,0,1,0,0,차대차 - 측면직각충돌,교차로운행방법위반,건조,맑음,교차로 - 교차로안,승용,남,56세,상해없음,원동기,남,22세,중상
2015011100100118,2015년 1월 11일 08시,일요일,부산광역시 부산진구 당감동,중상사고,0,1,0,0,차대차 - 기타,신호위반,건조,맑음,단일로 - 기타,승용,남,53세,상해없음,화물,남,60세,중상
2015011100100158,2015년 1월 11일 10시,일요일,부산광역시 동구 수정동,중상사고,0,1,0,0,차대차 - 측면직각충돌,안전운전불이행,건조,맑음,단일로 - 기타,원동기,남,17세,중상,승용,여,49세,상해없음
2015011100100159,2015년 1월 11일 10시,일요일,부산광역시 북구 구포동,경상사고,0,0,1,0,차대차 - 기타,안전운전불이행,건조,기타,단일로 - 기타,화물,남,34세,상해없음,화물,남,48세,경상
2015011100100160,2015년 1월 11일 10시,일요일,부산광역시 부산진구 전포동,중상사고,0,1,0,0,차대차 - 기타,신호위반,건조,맑음,단일로 - 기타,승용,남,50세,상해없음,승용,남,45세,중상
2015011100100174,2015년 1월 11일 11시,일요일,부산광역시 북구 덕천동,경상사고,0,0,1,0,차대차 - 측면직각충돌,신호위반,건조,맑음,교차로 - 교차로안,화물,남,58세,상해없음,승용,남,46세,경상
2015011100100175,2015년 1월 11일 11시,일요일,부산광역시 북구 구포동,경상사고,0,0,1,0,차대차 - 기타,안전운전불이행,건조,맑음,기타 - 기타,자전거,남,17세,경상,승용,여,44세,상해없음
2015011100100176,2015년 1월 11일 11시,일요일,부산광역시 금정구 부곡동,중상사고,0,2,0,0,차대차 - 추돌 - 주정차중,기타,건조,맑음,교차로 - 교차로부근,승용,남,26세,상해없음,승용,여,32세,중상
2015011100100177,2015년 1월 11일 11시,일요일,부산광역시 기장군 기장읍,중상사고,0,1,0,0,차대차 - 측면직각충돌,안전운전불이행,건조,맑음,교차로 - 교차로안,화물,남,60세,상해없음,자전거,남,36세,중상
2015011100100211,2015년 1월 11일 13시,일요일,부산광역시 동구 범일동,경상사고,0,0,1,0,차대차 - 측면직각충돌,안전운전불이행,건조,맑음,단일로 - 기타,승용,남,69세,상해없음,승용,남,27세,경상
2015011100100212,2015년 1월 11일 13시,일요일,부산광역시 수영구 민락동,중상사고,0,2,0,0,차대차 - 측면직각충돌,교차로운행방법위반,건조,맑음,교차로 - 교차로안,승용,남,65세,상해없음,승용,남,37세,중상
2015011100100239,2015년 1월 11일 14시,일요일,부산광역시 수영구 민락동,중상사고,0,1,0,0,차대사람 - 횡단중,안전운전불이행,건조,맑음,교차로 - 교차로안,승용,남,37세,상해없음,보행자,여,37세,중상
2015011100100263,2015년 1월 11일 15시,일요일,부산광역시 부산진구 개금동,경상사고,0,0,4,0,차대차 - 추돌 - 진행중,안전운전불이행,건조,맑음,단일로 - 기타,승용,남,56세,상해없음,승용,남,40세,경상
2015011100100290,2015년 1월 11일 16시,일요일,부산광역시 남구 대연동,중상사고,0,3,2,1,차대차 - 추돌 - 주정차중,안전운전불이행,건조,맑음,단일로 - 터널,승용,남,57세,상해없음,승용,남,59세,중상
2015011100100291,2015년 1월 11일 16시,일요일,부산광역시 기장군 기장읍,부상신고사고,0,0,0,3,차대차 - 추돌 - 주정차중,안전운전불이행,건조,맑음,단일로 - 기타,승용,남,45세,상해없음,승용,남,41세,부상신고
2015011100100322,2015년 1월 11일 17시,일요일,부산광역시 해운대구 반송동,경상사고,0,0,1,0,차대사람 - 횡단중,보행자보호의무위반,건조,맑음,단일로 - 횡단보도상,승용,여,42세,상해없음,보행자,여,63세,경상
2015011100100343,2015년 1월 11일 18시,일요일,부산광역시 동구 범일동,경상사고,0,0,1,0,차대차 - 측면직각충돌,안전거리미확보,건조,맑음,단일로 - 기타,승용,남,28세,상해없음,원동기,남,24세,경상
2015011100100344,2015년 1월 11일 18시,일요일,부산광역시 북구 화명동,경상사고,0,0,1,0,차대사람 - 기타,안전운전불이행,건조,맑음,단일로 - 기타,승용,여,56세,상해없음,보행자,여,57세,경상
2015011100100345,2015년 1월 11일 18시,일요일,부산광역시 동래구 안락동,경상사고,0,0,2,0,차대차 - 추돌 - 주정차중,안전운전불이행,건조,맑음,단일로 - 기타,승용,남,35세,상해없음,승용,남,54세,경상
2015011100100346,2015년 1월 11일 18시,일요일,부산광역시 해운대구 좌동,경상사고,0,0,1,1,차대차 - 정면충돌,중앙선침범,건조,맑음,단일로 - 기타,이륜,남,43세,부상신고,이륜,남,31세,경상
2015011100100383,2015년 1월 11일 19시,일요일,부산광역시 사하구 신평동,중상사고,0,2,0,0,차대차 - 기타,신호위반,건조,맑음,교차로 - 교차로안,승용,남,53세,상해없음,이륜,남,33세,중상
2015011100100384,2015년 1월 11일 19시,일요일,부산광역시 사상구 괘법동,경상사고,0,0,1,0,차대사람 - 길가장자리구역통행중,안전운전불이행,건조,맑음,단일로 - 기타,승용,남,56세,상해없음,보행자,남,36세,경상
2015011100100416,2015년 1월 11일 20시,일요일,부산광역시 동래구 사직동,부상신고사고,0,0,0,1,차대차 - 측면직각충돌,교차로운행방법위반,건조,맑음,교차로 - 교차로부근,승용,여,48세,상해없음,이륜,남,23세,부상신고
2015011100100439,2015년 1월 11일 21시,일요일,부산광역시 기장군 장안읍,경상사고,0,0,2,0,차대사람 - 길가장자리구역통행중,안전운전불이행,건조,맑음,단일로 - 기타,승용,여,28세,상해없음,보행자,남,23세,경상
2015011100100455,2015년 1월 11일 22시,일요일,부산광역시 서구 서대신동2가,경상사고,0,0,1,0,차대차 - 기타,신호위반,습기,맑음,단일로 - 기타,승용,여,48세,상해없음,이륜,남,16세,경상
2015011100100456,2015년 1월 11일 22시,일요일,부산광역시 기장군 정관면,경상사고,0,0,2,0,차대차 - 측면직각충돌,신호위반,건조,맑음,교차로 - 교차로안,승용,남,47세,상해없음,승용,남,59세,경상
2015011200100006,2015년 1월 12일 01시,월요일,부산광역시 사상구 모라동,경상사고,0,0,2,0,차대차 - 측면직각충돌,신호위반,건조,맑음,교차로 - 교차로안,승용,남,59세,상해없음,승용,남,53세,경상
2015011200100012,2015년 1월 12일 02시,월요일,부산광역시 해운대구 반여동,중상사고,0,1,0,0,차량단독 - 전도전복,안전운전불이행,건조,맑음,단일로 - 기타,승용,남,42세,중상,,,,
2015011200100020,2015년 1월 12일 03시,월요일,부산광역시 부산진구 양정동,중상사고,0,1,0,0,차대차 - 측면직각충돌,안전거리미확보,건조,맑음,단일로 - 기타,이륜,남,16세,상해없음,승용,여,50세,상해없음