사고번호,사고일시,요일,시군구,사고내용,사망자수,중상자수,경상자수,부상신고자수,사고유형,법규위반,노면상태,기상상태,도로형태,가해운전자 차종,가해운전자 성별,가해운전자 연령,가해운전자 상해정도,피해운전자 차종,피해운전자 성별,피해운전자 연령,피해운전자 상해정도
2015011600100044,2015년 1월 16일 02시,금요일,부산광역시 북구 화명동,중상사고,0,1,0,0,차대차 - 정면충돌,신호위반,건조,맑음,교차로 - 교차로안,승용,남,32세,상해없음,승용,남,27세,중상
2015011600100056,2015년 1월 16일 03시,금요일,부산광역시 사하구 신평동,중상사고,0,1,0,0,차대사람 - 횡단중,안전운전불이행,건조,맑음,단일로 - 기타,승용,남,71세,상해없음,보행자,여,36세,중상
2015011600100057,2015년 1월 16일 03시,금요일,부산광역시 연제구 연산동,중상사고,0,1,0,0,차대차 - 측면직각충돌,교차로운행방법위반,건조,맑음,교차로 - 교차로안,승용,남,44세,상해없음,이륜,남,70세,중상
2015011600100082,2015년 1월 16일 06시,금요일,부산광역시 해운대구 반여동,경상사고,0,0,1,0,차대차 - 정면충돌,중앙선침범,건조,맑음,단일로 - 기타,승용,남,27세,상해없음,승합,남,57세,경상
2015011600100083,2015년 1월 16일 06시,금요일,부산광역시 사하구 장림동,경상사고,0,0,1,0,차대차 - 측면직각충돌,안전운전불이행,건조,맑음,단일로 - 기타,승용,남,48세,상해없음,승용,남,59세,경상
2015011600100084,2015년 1월 16일 06시,금요일,부산광역시 연제구 연산동,중상사고,0,1,0,0,차대차 - 측면직각충돌,기타,건조,맑음,교차로 - 교차로안,승용,남,71세,상해없음,승합,남,58세,상해없음
2015011600100085,2015년 1월 16일 06시,금요일,부산광역시 강서구 대저2동,경상사고,0,0,1,0,차대차 - 추돌 - 주정차중,안전운전불이행,건조,맑음,교차로 - 교차로부근,승용,남,34세,상해없음,승용,남,38세,경상
2015011600100131,2015년 1월 16일 08시,금요일,부산광역시 동구 초량동,경상사고,0,0,1,0,차대차 - 측면직각충돌,안전운전불이행,건조,맑음,교차로 - 교차로안,승용,남,63세,상해없음,승용,여,53세,경상
2015011600100156,2015년 1월 16일 09시,금요일,부산광역시 사상구 괘법동,경상사고,0,0,1,0,차대차 - 추돌 - 주정차중,안전거리미확보,건조,맑음,단일로 - 기타,화물,남,22세,상해없음,승용,여,37세,경상
2015011600100157,2015년 1월 16일 09시,금요일,부산광역시 사상구 괘법동,경상사고,0,0,2,0,차대차 - 측면직각충돌,안전운전불이행,건조,맑음,단일로 - 기타,원동기,남,18세,경상,승용,남,34세,경상
2015011600100182,2015년 1월 16일 10시,금요일,부산광역시 북구 구포동,경상사고,0,0,5,0,차대차 - 측면직각충돌,신호위반,건조,맑음,교차로 - 교차로안,승용,남,62세,상해없음,승용,여,44세,경상
2015011600100183,2015년 1월 16일 10시,금요일,부산광역시 연제구 거제동,중상사고,0,1,0,1,차대차 - 추돌 - 진행중,교차로운행방법위반,건조,맑음,교차로 - 교차로안,승용,남,58세,부상신고,승용,남,60세,상해없음
2015011600100212,2015년 1월 16일 11시,금요일,부산광역시 부산진구 가야동,중상사고,0,1,0,0,차대사람 - 기타,안전운전불이행,건조,맑음,교차로 - 교차로안,화물,남,44세,상해없음,보행자,여,26세,중상
2015011600100213,2015년 1월 16일 11시,금요일,부산광역시 수영구 망미동,중상사고,0,1,0,0,차대사람 - 차도통행중,안전운전불이행,건조,맑음,단일로 - 기타,이륜,남,18세,상해없음,보행자,여,59세,중상
2015011600100273,2015년 1월 16일 13시,금요일,부산광역시 부산진구 부전동,경상사고,0,0,1,0,차대사람 - 기타,기타,건조,맑음,단일로 - 기타,이륜,남,38세,상해없음,보행자,남,72세,경상
2015011600100274,2015년 1월 16일 13시,금요일,부산광역시 기장군 기장읍,경상사고,0,0,1,0,차대사람 - 보도통행중,안전운전불이행,건조,맑음,단일로 - 기타,승용,남,75세,상해없음,보행자,여,29세,경상
2015011600100299,2015년 1월 16일 14시,금요일,부산광역시 해운대구 반여동,부상신고사고,0,0,0,1,차대차 - 추돌 - 진행중,직진우회전진행방해,건조,맑음,교차로 - 교차로안,이륜,남,42세,부상신고,승용,남,50세,상해없음
2015011600100300,2015년 1월 16일 14시,금요일,부산광역시 금정구 부곡동,중상사고,0,1,0,0,차대차 - 기타,중앙선침범,건조,맑음,단일로 - 기타,화물,남,66세,상해없음,이륜,남,39세,중상
2015011600100322,2015년 1월 16일 15시,금요일,부산광역시 북구 금곡동,중상사고,0,1,1,0,차대차 - 추돌 - 진행중,안전운전불이행,건조,맑음,단일로 - 기타,화물,남,46세,상해없음,승용,여,46세,중상
2015011600100323,2015년 1월 16일 15시,금요일,부산광역시 해운대구 우동,경상사고,0,0,1,0,차대차 - 기타,교차로운행방법위반,기타,맑음,교차로 - 교차로안,승용,여,38세,상해없음,화물,남,33세,경상
2015011600100324,2015년 1월 16일 15시,금요일,부산광역시 부산진구 부암동,중상사고,0,1,0,0,차대차 - 측면직각충돌,안전운전불이행,건조,맑음,단일로 - 기타,원동기,남,56세,중상,승용,남,67세,상해없음
2015011600100352,2015년 1월 16일 16시,금요일,부산광역시 영도구 청학동,경상사고,0,0,3,0,차대차 - 추돌 - 주정차중,안전운전불이행,건조,맑음,단일로 - 교량,승용,여,25세,상해없음,승용,남,47세,경상
2015011600100353,2015년 1월 16일 16시,금요일,부산광역시 강서구 강동동,경상사고,0,0,1,0,차대차 - 측면직각충돌,중앙선침범,건조,맑음,단일로 - 기타,승용,남,68세,상해없음,화물,남,48세,경상
2015011600100380,2015년 1월 16일 17시,금요일,부산광역시 해운대구 반여동,중상사고,0,1,0,0,차량단독 - 기타,안전운전불이행,건조,맑음,단일로 - 기타,승합,남,53세,상해없음,,,,
2015011600100414,2015년 1월 16일 18시,금요일,부산광역시 중구 광복동1가,경상사고,0,0,1,0,차대사람 - 기타,안전운전불이행,건조,맑음,교차로 - 교차로안,화물,여,51세,상해없음,보행자,남,20세,경상
2015011600100415,2015년 1월 16일 18시,금요일,부산광역시 영도구 동삼동,사망사고,1,1,1,0,차대사람 - 기타,기타,건조,맑음,단일로 - 횡단보도상,승용,남,72세,상해없음,보행자,남,57세,사망
2015011600100416,2015년 1월 16일 18시,금요일,부산광역시 기장군 기장읍,중상사고,0,1,0,1,차대차 - 측면직각충돌,신호위반,건조,맑음,교차로 - 교차로안,승용,여,40세,부상신고,승용,남,32세,중상
2015011600100465,2015년 1월 16일 19시,금요일,부산광역시 남구 용호동,경상사고,0,0,1,0,차대차 - 측면직각충돌,신호위반,건조,맑음,교차로 - 교차로안,이륜,남,17세,경상,승용,여,50세,상해없음
2015011600100466,2015년 1월 16일 19시,금요일,부산광역시 부산진구 양정동,경상사고,0,0,2,0,차대차 - 기타,안전거리미확보,건조,맑음,단일로 - 기타,승용,여,44세,상해없음,승용,남,72세,경상
2015011600100536,2015년 1월 16일 21시,금요일,부산광역시 동래구 수안동,중상사고,0,1,0,0,차대사람 - 횡단중,신호위반,건조,맑음,단일로 - 기타,승용,남,58세,상해없음,보행자,남,40세,중상
2015011600100537,2015년 1월 16일 21시,금요일,부산광역시 사하구 하단동,중상사고,0,1,0,0,차대차 - 측면직각충돌,안전거리미확보,건조,맑음,교차로 - 교차로안,승용,남,57세,상해없음,원동기,여,46세,중상
2015011600100569,2015년 1월 16일 22시,금요일,부산광역시 남구 문현동,중상사고,0,2,2,0,차대차 - 기타,중앙선침범,건조,맑음,단일로 - 기타,승용,여,45세,상해없음,승용,남,45세,중상
2015011600100570,2015년 1월 16일 22시,금요일,부산광역시 부산진구 전포동,중상사고,0,1,0,0,차대차 - 측면직각충돌,신호위반,건조,맑음,교차로 - 교차로안,승용,남,55세,상해없음,원동기,남,26세,중상
2015011600100608,2015년 1월 16일 23시,금요일,부산광역시 수영구 광안동,부상신고사고,0,0,0,1,차대차 - 측면직각충돌,교차로운행방법위반,건조,맑음,교차로 - 교차로안,승용,남,59세,상해없음,이륜,남,33세,부상신고
2015011600100609,2015년 1월 16일 23시,금요일,부산광역시 부산진구 부암동,경상사고,0,0,1,0,차대차 - 측면직각충돌,신호위반,건조,맑음,교차로 - 교차로안,승용,남,29세,상해없음,승용,남,56세,경상
2015011600100610,2015년 1월 16일 23시,금요일,부산광역시 수영구 수영동,경상사고,0,0,1,0,차대차 - 측면직각충돌,직진우회전진행방해,건조,맑음,교차로 - 교차로안,승용,남,58세,상해없음,승용,여,40세,경상
2015011700100014,2015년 1월 17일 00시,토요일,부산광역시 해운대구 재송동,중상사고,0,1,0,0,차대차 - 정면충돌,신호위반,건조,맑음,교차로 - 교차로안,승용,남,38세,상해없음,이륜,남,25세,중상
2015011700100015,2015년 1월 17일 00시,토요일,부산광역시 사하구 괴정동,중상사고,0,2,0,0,차대사람 - 횡단중,안전운전불이행,건조,맑음,교차로 - 교차로안,승용,남,64세,상해없음,보행자,여,29세,중상
2015011700100033,2015년 1월 17일 01시,토요일,부산광역시 연제구 연산동,중상사고,0,1,0,0,차대사람 - 횡단중,보행자보호의무위반,건조,맑음,단일로 - 횡단보도상,승용,남,60세,상해없음,보행자,남,65세,중상
2015011700100093,2015년 1월 17일 04시,토요일,부산광역시 해운대구 우동,경상사고,0,0,1,0,차대차 - 추돌 - 주정차중,중앙선침범,건조,맑음,단일로 - 기타,승용,여,33세,상해없음,승합,남,46세,경상
2015011700100094,2015년 1월 17일 04시,토요일,부산광역시 금정구 장전동,부상신고사고,0,0,0,1,차량단독 - 기타,안전운전불이행,건조,맑음,단일로 - 기타,이륜,남,22세,부상신고,,,,
2015011700100123,2015년 1월 17일 06시,토요일,부산광역시 서구 동대신동1가,경상사고,0,0,1,0,차대차 - 정면충돌,신호위반,건조,맑음,교차로 - 교차로안,승용,여,56세,상해없음,승용,남,40세,경상
2015011700100124,2015년 1월 17일 06시,토요일,부산광역시 사하구 괴정동,중상사고,0,1,0,0,차대사람 - 보도통행중,신호위반,건조,맑음,단일로 - 횡단보도상,승용,여,60세,상해없음,보행자,여,54세,중상
2015011700100125,2015년 1월 17일 06시,토요일,부산광역시 사하구 하단동,경상사고,0,0,1,0,차대차 - 측면직각충돌,안전거리미확보,건조,맑음,단일로 - 기타,승용,남,60세,상해없음,승용,남,48세,경상
2015011700100158,2015년 1월 17일 08시,토요일,부산광역시 수영구 망미동,경상사고,0,0,2,0,차대차 - 추돌 - 주정차중,안전거리미확보,건조,맑음,교차로 - 교차로부근,승용,남,32세,상해없음,화물,남,53세,경상
2015011700100183,2015년 1월 17일 09시,토요일,부산광역시 동구 수정동,경상사고,0,0,2,0,차대차 - 측면직각충돌,교차로운행방법위반,건조,맑음,단일로 - 기타,승용,여,52세,상해없음,승용,남,69세,경상
2015011700100211,2015년 1월 17일 10시,토요일,부산광역시 부산진구 범천동,중상사고,0,1,0,0,차대차 - 기타,안전거리미확보,건조,맑음,단일로 - 기타,자전거,남,46세,중상,승용,여,52세,상해없음
2015011700100212,2015년 1월 17일 10시,토요일,부산광역시 사하구 하단동,경상사고,0,0,1,0,차대차 - 측면직각충돌,직진우회전진행방해,건조,맑음,교차로 - 교차로안,승용,남,34세,상해없음,승용,남,42세,경상
2015011700100246,2015년 1월 17일 11시,토요일,부산광역시 부산진구 개금동,중상사고,0,2,1,0,차대차 - 측면직각충돌,안전거리미확보,건조,맑음,단일로 - 기타,화물,남,50세,상해없음,승용,여,33세,경상
2015011700100332,2015년 1월 17일 14시,토요일,부산광역시 기장군 장안읍,경상사고,0,0,1,0,차대차 - 기타,안전운전불이행,건조,맑음,단일로 - 기타,화물,남,24세,상해없음,승용,남,60세,경상
2015011700100366,2015년 1월 17일 15시,토요일,부산광역시 동구 좌천동,경상사고,0,0,2,0,차대차 - 측면직각충돌,신호위반,건조,맑음,단일로 - 기타,승용,여,51세,상해없음,승용,남,61세,경상
2015011700100367,2015년 1월 17일 15시,토요일,부산광역시 금정구 구서동,중상사고,0,1,0,0,차대차 - 측면직각충돌,직진우회전진행방해,건조,맑음,교차로 - 교차로안,승용,남,22세,상해없음,화물,남,46세,중상
2015011700100368,2015년 1월 17일 15시,토요일,부산광역시 기장군 일광면,중상사고,0,1,2,0,차대차 - 추돌 - 진행중,중앙선침범,건조,맑음,기타 - 기타,승용,남,85세,상해없음,화물,남,31세,중상
2015011700100399,2015년 1월 17일 16시,토요일,부산광역시 부산진구 양정동,중상사고,0,2,2,0,차대차 - 추돌 - 진행중,안전운전불이행,건조,맑음,단일로 - 기타,승용,여,60세,상해없음,승용,남,57세,경상
2015011700100400,2015년 1월 17일 16시,토요일,부산광역시 사상구 괘법동,중상사고,0,7,14,8,차대차 - 추돌 - 진행중,안전운전불이행,건조,맑음,단일로 - 기타,승합,남,38세,상해없음,승합,남,50세,중상
2015011700100428,2015년 1월 17일 17시,토요일,부산광역시 남구 감만동,중상사고,0,1,0,0,차대사람 - 길가장자리구역통행중,안전운전불이행,건조,맑음,단일로 - 기타,승합,남,64세,상해없음,보행자,남,66세,중상
2015011700100429,2015년 1월 17일 17시,토요일,부산광역시 해운대구 재송동,중상사고,0,1,0,0,차대차 - 측면직각충돌,중앙선침범,건조,맑음,단일로 - 기타,화물,남,46세,상해없음,승용,남,68세,중상
2015011700100430,2015년 1월 17일 17시,토요일,부산광역시 강서구 대저1동,중상사고,0,1,0,0,차대차 - 추돌 - 주정차중,안전운전불이행,건조,맑음,교차로 - 교차로부근,승용,남,47세,상해없음,승용,여,57세,중상
2015011700100462,2015년 1월 17일 18시,토요일,부산광역시 중구 남포동2가,경상사고,0,0,1,0,차대사람 - 횡단중,안전운전불이행,건조,흐림,단일로 - 기타,승용,남,50세,상해없음,보행자,여,54세,경상
2015011700100463,2015년 1월 17일 18시,토요일,부산광역시 해운대구 중동,경상사고,0,0,1,0,차대차 - 측면직각충돌,교차로운행방법위반,건조,맑음,교차로 - 교차로안,승용,여,30세,상해없음,이륜,남,35세,경상
2015011700100464,2015년 1월 17일 18시,토요일,부산광역시 금정구 구서동,경상사고,0,0,1,0,차대사람 - 보도통행중,보행자보호의무위반,건조,맑음,단일로 - 횡단보도상,승용,여,47세,상해없음,보행자,여,81세,경상
2015011700100465,2015년 1월 17일 18시,토요일,부산광역시 기장군 기장읍,중상사고,0,1,0,0,차대사람 - 횡단중,안전운전불이행,건조,맑음,기타 - 기타,화물,남,59세,상해없음,보행자,여,62세,중상
2015011700100501,2015년 1월 17일 19시,토요일,부산광역시 동래구 안락동,중상사고,0,1,0,0,차대차 - 정면충돌,신호위반,건조,맑음,교차로 - 교차로안,화물,남,49세,상해없음,승용,남,61세,중상
2015011700100502,2015년 1월 17일 19시,토요일,부산광역시 사하구 감천동,경상사고,0,0,1,0,차대차 - 기타,안전운전불이행,건조,맑음,단일로 - 기타,승용,남,41세,상해없음,승용,남,49세,경상
2015011700100503,2015년 1월 17일 19시,토요일,부산광역시 사상구 괘법동,중상사고,0,1,1,0,차대차 - 추돌 - 주정차중,안전운전불이행,건조,맑음,단일로 - 기타,승용,남,63세,상해없음,화물,남,47세,중상
2015011700100534,2015년 1월 17일 20시,토요일,부산광역시 동구 범일동,경상사고,0,0,1,0,차대차 - 측면직각충돌,안전운전불이행,건조,맑음,교차로 - 교차로부근,승용,남,65세,상해없음,승용,남,31세,경상
2015011700100535,2015년 1월 17일 20시,토요일,부산광역시 수영구 광안동,경상사고,0,0,1,0,차대사람 - 기타,중앙선침범,건조,맑음,단일로 - 기타,이륜,남,39세,상해없음,보행자,여,70세,경상
2015011700100536,2015년 1월 17일 20시,토요일,부산광역시 동래구 온천동,중상사고,0,1,0,0,차대사람 - 길가장자리구역통행중,안전운전불이행,건조,맑음,단일로 - 기타,승용,남,23세,상해없음,보행자,남,52세,중상
2015011700100537,2015년 1월 17일 20시,토요일,부산광역시 부산진구 초읍동,중상사고,0,1,0,0,차대사람 - 기타,기타,건조,맑음,교차로 - 교차로부근,승용,남,38세,상해없음,보행자,남,57세,중상
2015011700100589,2015년 1월 17일 22시,토요일,부산광역시 수영구 광안동,중상사고,0,1,0,0,차대사람 - 기타,교차로운행방법위반,건조,맑음,교차로 - 교차로안,승용,남,76세,상해없음,보행자,남,31세,중상
2015011700100590,2015년 1월 17일 22시,토요일,부산광역시 금정구 구서동,부상신고사고,0,0,0,1,차대차 - 측면직각충돌,차로위반,건조,맑음,교차로 - 교차로부근,승용,여,54세,상해없음,승용,남,69세,상해없음
2015011700100591,2015년 1월 17일 22시,토요일,부산광역시 기장군 정관면,중상사고,0,1,0,0,차대차 - 측면직각충돌,신호위반,건조,맑음,교차로 - 교차로안,승용,남,30세,상해없음,승용,남,57세,중상
2015011700100622,2015년 1월 17일 23시,토요일,부산광역시 중구 남포동5가,경상사고,0,0,2,0,차대차 - 추돌 - 진행중,안전운전불이행,건조,흐림,단일로 - 기타,승용,남,38세,상해없음,승합,남,58세,경상
2015011700100623,2015년 1월 17일 23시,토요일,부산광역시 동래구 온천동,중상사고,0,1,0,0,차대차 - 측면직각충돌,안전운전불이행,건조,맑음,단일로 - 기타,승용,남,27세,상해없음,이륜,남,34세,중상
2015011700100624,2015년 1월 17일 23시,토요일,부산광역시 동래구 온천동,경상사고,0,0,1,0,차대사람 - 차도통행중,기타,건조,맑음,단일로 - 기타,승합,남,35세,상해없음,보행자,남,54세,경상
2015011700100625,2015년 1월 17일 23시,토요일,부산광역시 기장군 정관면,중상사고,0,1,0,0,차대차 - 추돌 - 주정차중,안전운전불이행,건조,맑음,단일로 - 기타,승용,남,29세,상해없음,승용,남,30세,상해없음
2015011800100008,2015년 1월 18일 00시,일요일,부산광역시 부산진구 전포동,중상사고,0,1,0,0,차량단독 - 전도전복,안전운전불이행,건조,맑음,교차로 - 교차로부근,승용,남,21세,상해없음,,,,
2015011800100023,2015년 1월 18일 01시,일요일,부산광역시 기장군 일광면,경상사고,0,0,2,0,차대차 - 추돌 - 주정차중,안전운전불이행,건조,맑음,교차로 - 교차로부근,승합,남,48세,상해없음,승용,여,46세,경상
2015011800100037,2015년 1월 18일 02시,일요일,부산광역시 남구 감만동,중상사고,0,1,1,0,차대차 - 기타,안전거리미확보,건조,맑음,단일로 - 기타,승용,남,62세,상해없음,이륜,남,29세,중상
2015011800100051,2015년 1월 18일 03시,일요일,부산광역시 수영구 민락동,경상사고,0,0,1,0,차대차 - 추돌 - 진행중,안전운전불이행,건조,맑음,단일로 - 기타,승용,여,52세,상해없음,승용,남,44세,경상
2015011800100052,2015년 1월 18일 03시,일요일,부산광역시 동래구 온천동,중상사고,0,2,1,0,차대차 - 측면직각충돌,신호위반,건조,맑음,교차로 - 교차로안,승용,남,61세,상해없음,승용,남,61세,중상
2015011800100053,2015년 1월 18일 03시,일요일,부산광역시 해운대구 우동,경상사고,0,0,1,0,차대사람 - 횡단중,안전운전불이행,건조,맑음,교차로 - 교차로안,승용,남,22세,상해없음,보행자,여,32세,경상
2015011800100061,2015년 1월 18일 04시,일요일,부산광역시 동구 좌천동,사망사고,1,0,0,0,차대사람 - 기타,안전운전불이행,건조,기타,단일로 - 기타,승용,남,44세,상해없음,보행자,남,74세,사망
2015011800100062,2015년 1월 18일 04시,일요일,부산광역시 남구 대연동,중상사고,0,1,0,0,차대차 - 기타,안전운전불이행,건조,맑음,단일로 - 기타,승용,남,57세,상해없음,이륜,남,29세,중상
2015011800100063,2015년 1월 18일 04시,일요일,부산광역시 부산진구 범천동,부상신고사고,0,0,0,1,차대차 - 측면직각충돌,안전운전불이행,건조,맑음,교차로 - 교차로안,승용,남,24세,상해없음,이륜,남,20세,상해없음
2015011800100081,2015년 1월 18일 06시,일요일,부산광역시 부산진구 부암동,중상사고,0,1,0,0,차대사람 - 횡단중,안전운전불이행,건조,맑음,단일로 - 기타,화물,남,37세,상해없음,보행자,남,24세,중상
2015011800100096,2015년 1월 18일 07시,일요일,부산광역시 부산진구 양정동,중상사고,0,1,2,0,차대차 - 측면직각충돌,신호위반,건조,맑음,교차로 - 교차로안,승용,남,60세,상해없음,승용,남,53세,경상
2015011800100103,2015년 1월 18일 08시,일요일,부산광역시 서구 암남동,중상사고,0,1,0,0,차량단독 - 공작물충돌,안전운전불이행,건조,맑음,단일로 - 기타,승용,남,41세,중상,,,,
2015011800100104,2015년 1월 18일 08시,일요일,부산광역시 금정구 부곡동,중상사고,0,1,0,0,차대사람 - 길가장자리구역통행중,안전운전불이행,건조,맑음,단일로 - 기타,승용,남,65세,상해없음,보행자,남,67세,중상
2015011800100112,2015년 1월 18일 09시,일요일,부산광역시 부산진구 범천동,중상사고,0,5,0,0,차대차 - 측면직각충돌,교차로운행방법위반,건조,맑음,교차로 - 교차로안,승용,여,60세,중상,승합,남,60세,상해없음
2015011800100123,2015년 1월 18일 10시,일요일,부산광역시 기장군 정관면,중상사고,0,1,0,0,차대차 - 측면직각충돌,신호위반,건조,맑음,교차로 - 교차로안,승용,남,41세,상해없음,이륜,남,59세,중상
2015011800100139,2015년 1월 18일 11시,일요일,부산광역시 서구 아미동2가,경상사고,0,0,1,0,차대차 - 추돌 - 진행중,교차로운행방법위반,건조,맑음,교차로 - 교차로안,승용,남,50세,상해없음,승용,남,63세,경상
2015011800100140,2015년 1월 18일 11시,일요일,부산광역시 부산진구 양정동,경상사고,0,0,1,0,차대차 - 측면직각충돌,안전운전불이행,건조,맑음,단일로 - 기타,이륜,남,17세,경상,승용,남,30세,상해없음
2015011800100158,2015년 1월 18일 12시,일요일,부산광역시 연제구 거제동,중상사고,0,1,1,0,차대차 - 추돌 - 진행중,신호위반,건조,맑음,교차로 - 교차로안,승용,남,42세,상해없음,승용,여,30세,중상
2015011800100193,2015년 1월 18일 14시,일요일,부산광역시 북구 구포동,부상신고사고,0,0,0,1,차대차 - 추돌 - 주정차중,안전운전불이행,건조,맑음,단일로 - 기타,승용,남,26세,상해없음,승용,남,57세,상해없음
2015011800100194,2015년 1월 18일 14시,일요일,부산광역시 부산진구 부전동,경상사고,0,0,1,0,차대사람 - 기타,안전운전불이행,건조,맑음,교차로 - 교차로안,승용,남,68세,상해없음,보행자,남,28세,경상
2015011800100195,2015년 1월 18일 14시,일요일,부산광역시 강서구 명지동,중상사고,0,3,0,0,차대차 - 정면충돌,교차로운행방법위반,건조,맑음,교차로 - 교차로안,승용,여,39세,중상,승용,남,57세,중상
2015011800100220,2015년 1월 18일 15시,일요일,부산광역시 기장군 기장읍,중상사고,0,1,0,0,차대차 - 추돌 - 주정차중,불법유턴,건조,맑음,단일로 - 기타,화물,남,46세,상해없음,원동기,여,46세,중상
2015011800100244,2015년 1월 18일 16시,일요일,부산광역시 중구 남포동2가,경상사고,0,0,1,0,차대차 - 추돌 - 진행중,안전거리미확보,건조,맑음,단일로 - 기타,승합,남,42세,상해없음,승용,여,42세,경상
2015011800100245,2015년 1월 18일 16시,일요일,부산광역시 해운대구 재송동,경상사고,0,0,1,0,차대차 - 측면직각충돌,신호위반,건조,맑음,단일로 - 횡단보도상,승용,남,36세,상해없음,자전거,남,71세,경상
2015011800100246,2015년 1월 18일 16시,일요일,부산광역시 강서구 대저2동,중상사고,0,1,0,0,차대차 - 측면직각충돌,신호위반,건조,맑음,교차로 - 교차로안,승용,남,43세,상해없음,원동기,남,49세,중상
2015011800100292,2015년 1월 18일 18시,일요일,부산광역시 부산진구 초읍동,중상사고,0,1,0,0,차대차 - 기타,안전운전불이행,건조,맑음,교차로 - 교차로안,승합,남,48세,상해없음,원동기,여,52세,중상
2015011800100330,2015년 1월 18일 19시,일요일,부산광역시 연제구 연산동,경상사고,0,0,1,0,차대차 - 측면직각충돌,신호위반,건조,맑음,교차로 - 교차로안,화물,남,46세,상해없음,승용,남,64세,경상
2015011800100366,2015년 1월 18일 20시,일요일,부산광역시 해운대구 중동,경상사고,0,0,4,0,차대차 - 측면직각충돌,중앙선침범,건조,맑음,단일로 - 기타,승용,남,32세,상해없음,승용,여,36세,경상
2015011800100367,2015년 1월 18일 20시,일요일,부산광역시 사상구 모라동,경상사고,0,0,1,0,차대차 - 측면직각충돌,교차로운행방법위반,건조,맑음,교차로 - 교차로안,화물,남,36세,상해없음,화물,남,36세,경상
2015011900100032,2015년 1월 19일 03시,월요일,부산광역시 해운대구 반여동,경상사고,0,0,1,0,차대차 - 측면직각충돌,신호위반,건조,맑음,교차로 - 교차로안,승용,여,52세,상해없음,승용,남,59세,경상
2015011900100107,2015년 1월 19일 08시,월요일,부산광역시 사하구 괴정동,경상사고,0,0,1,0,차대차 - 측면직각충돌,안전운전불이행,건조,맑음,교차로 - 교차로안,승용,여,42세,상해없음,승용,여,48세,경상
2015011900100145,2015년 1월 19일 09시,월요일,부산광역시 서구 서대신동2가,중상사고,0,2,0,1,차대차 - 측면직각충돌,신호위반,건조,맑음,교차로 - 교차로부근,화물,남,51세,상해없음,이륜,남,38세,중상
2015011900100146,2015년 1월 19일 09시,월요일,부산광역시 부산진구 범천동,경상사고,0,0,1,0,차대차 - 측면직각충돌,중앙선침범,건조,맑음,단일로 - 기타,이륜,남,51세,상해없음,자전거,남,43세,경상
2015011900100204,2015년 1월 19일 11시,월요일,부산광역시 부산진구 가야동,중상사고,0,1,0,0,차대차 - 기타,안전거리미확보,건조,맑음,단일로 - 기타,화물,남,60세,상해없음,이륜,남,22세,중상
2015011900100226,2015년 1월 19일 12시,월요일,부산광역시 영도구 동삼동,경상사고,0,0,1,0,차대사람 - 기타,안전운전불이행,건조,맑음,단일로 - 기타,승합,남,52세,기타불명,보행자,여,71세,경상
2015011900100227,2015년 1월 19일 12시,월요일,부산광역시 사상구 학장동,중상사고,0,1,0,0,차대차 - 추돌 - 진행중,안전거리미확보,건조,맑음,단일로 - 기타,원동기,남,54세,중상,승용,여,54세,상해없음
2015011900100251,2015년 1월 19일 13시,월요일,부산광역시 해운대구 재송동,경상사고,0,0,1,0,차대차 - 측면직각충돌,안전운전불이행,건조,맑음,단일로 - 기타,승용,남,56세,상해없음,자전거,남,63세,경상
2015011900100252,2015년 1월 19일 13시,월요일,부산광역시 부산진구 당감동,중상사고,0,3,0,0,차대차 - 기타,차로위반,건조,맑음,단일로 - 터널,승용,남,68세,상해없음,승용,남,35세,중상
2015011900100253,2015년 1월 19일 13시,월요일,부산광역시 사상구 감전동,중상사고,0,1,1,1,차대차 - 측면직각충돌,신호위반,건조,맑음,교차로 - 교차로안,승용,남,56세,상해없음,승용,남,70세,중상
2015011900100254,2015년 1월 19일 13시,월요일,부산광역시 사상구 감전동,경상사고,0,0,2,0,차대차 - 추돌 - 진행중,교차로운행방법위반,건조,맑음,교차로 - 교차로부근,화물,남,31세,상해없음,화물,남,37세,경상
2015011900100280,2015년 1월 19일 14시,월요일,부산광역시 남구 대연동,중상사고,0,1,0,0,차대사람 - 기타,안전운전불이행,건조,맑음,단일로 - 기타,승용,여,46세,상해없음,보행자,여,42세,중상
2015011900100281,2015년 1월 19일 14시,월요일,부산광역시 사상구 모라동,경상사고,0,0,2,0,차대차 - 측면직각충돌,안전거리미확보,건조,맑음,단일로 - 기타,승용,남,22세,경상,승합,남,60세,상해없음
2015011900100305,2015년 1월 19일 15시,월요일,부산광역시 중구 영주동,경상사고,0,0,1,0,차대차 - 측면직각충돌,불법유턴,건조,맑음,단일로 - 기타,이륜,남,16세,상해없음,승용,남,60세,경상
2015011900100306,2015년 1월 19일 15시,월요일,부산광역시 기장군 일광면,중상사고,0,1,0,0,차량단독 - 공작물충돌,안전운전불이행,건조,맑음,단일로 - 기타,승용,남,36세,상해없음,,,,
2015011900100331,2015년 1월 19일 16시,월요일,부산광역시 동구 수정동,경상사고,0,0,1,0,차대사람 - 차도통행중,중앙선침범,건조,맑음,단일로 - 기타,원동기,남,48세,기타불명,보행자,남,26세,경상
2015011900100332,2015년 1월 19일 16시,월요일,부산광역시 동구 초량동,경상사고,0,0,1,0,차대사람 - 길가장자리구역통행중,안전운전불이행,건조,맑음,단일로 - 기타,승용,남,22세,상해없음,보행자,여,34세,경상