사고번호,사고일시,요일,시군구,사고내용,사망자수,중상자수,경상자수,부상신고자수,사고유형,법규위반,노면상태,기상상태,도로형태,가해운전자 차종,가해운전자 성별,가해운전자 연령,가해운전자 상해정도,피해운전자 차종,피해운전자 성별,피해운전자 연령,피해운전자 상해정도
2015013000100577,2015년 1월 30일 22시,금요일,부산광역시 해운대구 우동,경상사고,0,0,1,0,차대사람 - 기타,안전운전불이행,건조,맑음,단일로 - 횡단보도부근,승용,남,56세,상해없음,보행자,여,21세,경상
2015013000100578,2015년 1월 30일 22시,금요일,부산광역시 연제구 연산동,중상사고,0,1,0,0,차대차 - 측면직각충돌,신호위반,건조,맑음,교차로 - 교차로안,승용,남,47세,상해없음,승용,남,55세,상해없음
2015013000100579,2015년 1월 30일 22시,금요일,부산광역시 수영구 망미동,경상사고,0,0,1,0,차대차 - 측면직각충돌,신호위반,건조,맑음,교차로 - 교차로안,승용,남,60세,상해없음,승합,남,59세,상해없음
2015013000100605,2015년 1월 30일 23시,금요일,부산광역시 강서구 봉림동,중상사고,0,1,1,0,차대차 - 추돌 - 진행중,안전거리미확보,건조,맑음,단일로 - 기타,화물,남,52세,상해없음,승용,여,36세,중상
2015013100100029,2015년 1월 31일 01시,토요일,부산광역시 금정구 구서동,경상사고,0,0,1,0,차대차 - 추돌 - 진행중,안전운전불이행,건조,맑음,교차로 - 교차로안,승용,남,50세,상해없음,승용,남,33세,경상
2015013100100062,2015년 1월 31일 04시,토요일,부산광역시 사하구 하단동,중상사고,0,1,0,0,차대차 - 추돌 - 주정차중,안전운전불이행,건조,맑음,교차로 - 교차로부근,화물,남,47세,상해없음,승용,남,56세,중상
2015013100100080,2015년 1월 31일 06시,토요일,부산광역시 남구 문현동,경상사고,0,0,1,0,차대차 - 측면직각충돌,신호위반,건조,맑음,교차로 - 교차로안,승용,여,50세,상해없음,승용,남,41세,경상
2015013100100081,2015년 1월 31일 06시,토요일,부산광역시 금정구 남산동,경상사고,0,0,1,0,차대차 - 측면직각충돌,안전운전불이행,건조,맑음,단일로 - 기타,승용,남,43세,경상,특수,남,44세,상해없음
2015013100100095,2015년 1월 31일 07시,토요일,부산광역시 기장군 정관면,중상사고,0,1,0,0,차대차 - 추돌 - 진행중,안전운전불이행,건조,맑음,기타 - 기타,승용,여,24세,중상,승용,남,54세,상해없음
2015013100100113,2015년 1월 31일 08시,토요일,부산광역시 금정구 서동,경상사고,0,0,1,0,차대사람 - 길가장자리구역통행중,보행자보호의무위반,건조,맑음,단일로 - 횡단보도상,기타불명,기타불명,기타불명,기타불명,보행자,여,14세,경상
2015013100100114,2015년 1월 31일 08시,토요일,부산광역시 사하구 다대동,사망사고,1,0,0,0,차대사람 - 기타,안전운전불이행,건조,맑음,단일로 - 기타,승합,남,51세,상해없음,보행자,남,63세,사망
2015013100100129,2015년 1월 31일 09시,토요일,부산광역시 금정구 장전동,중상사고,0,1,1,0,차대차 - 측면직각충돌,안전운전불이행,습기,맑음,단일로 - 기타,건설기계,남,64세,상해없음,승용,남,22세,중상
2015013100100148,2015년 1월 31일 10시,토요일,부산광역시 서구 아미동2가,중상사고,0,1,0,0,차대차 - 측면직각충돌,안전운전불이행,건조,맑음,교차로 - 교차로부근,승용,남,72세,기타불명,원동기,남,55세,중상
2015013100100172,2015년 1월 31일 11시,토요일,부산광역시 동구 좌천동,경상사고,0,0,1,0,차대차 - 추돌 - 주정차중,안전운전불이행,건조,맑음,단일로 - 기타,승용,남,31세,상해없음,승용,남,53세,상해없음
2015013100100173,2015년 1월 31일 11시,토요일,부산광역시 서구 부민동1가,경상사고,0,0,9,0,차대차 - 추돌 - 주정차중,안전운전불이행,건조,맑음,단일로 - 기타,승합,남,55세,상해없음,승용,남,37세,경상
2015013100100200,2015년 1월 31일 12시,토요일,부산광역시 수영구 남천동,경상사고,0,0,10,0,차대차 - 측면직각충돌,교차로운행방법위반,건조,맑음,교차로 - 교차로안,건설기계,남,52세,상해없음,승합,남,51세,경상
2015013100100201,2015년 1월 31일 12시,토요일,부산광역시 사하구 괴정동,중상사고,0,1,0,0,차대차 - 기타,중앙선침범,건조,맑음,단일로 - 기타,화물,남,47세,상해없음,이륜,남,57세,중상
2015013100100238,2015년 1월 31일 13시,토요일,부산광역시 수영구 민락동,부상신고사고,0,0,0,1,차대차 - 기타,안전운전불이행,건조,맑음,교차로 - 교차로안,자전거,남,63세,부상신고,승용,남,56세,상해없음
2015013100100239,2015년 1월 31일 13시,토요일,부산광역시 북구 덕천동,경상사고,0,0,1,0,차대차 - 기타,안전운전불이행,건조,맑음,교차로 - 교차로안,화물,남,38세,상해없음,승합,남,52세,상해없음
2015013100100240,2015년 1월 31일 13시,토요일,부산광역시 해운대구 우동,중상사고,0,1,0,0,차대차 - 측면직각충돌,신호위반,건조,맑음,교차로 - 교차로안,승용,남,49세,상해없음,승용,남,33세,중상
2015013100100241,2015년 1월 31일 13시,토요일,부산광역시 사하구 괴정동,경상사고,0,0,1,0,차대사람 - 기타,안전운전불이행,건조,맑음,단일로 - 횡단보도상,승용,남,54세,상해없음,보행자,남,29세,경상
2015013100100242,2015년 1월 31일 13시,토요일,부산광역시 사하구 장림동,중상사고,0,1,0,0,차대사람 - 기타,중앙선침범,건조,맑음,단일로 - 기타,승용,남,36세,상해없음,보행자,남,46세,중상
2015013100100265,2015년 1월 31일 14시,토요일,부산광역시 수영구 광안동,중상사고,0,1,0,0,차대차 - 측면직각충돌,교차로운행방법위반,건조,맑음,교차로 - 교차로안,원동기,남,26세,상해없음,승용,남,53세,상해없음
2015013100100266,2015년 1월 31일 14시,토요일,부산광역시 해운대구 우동,경상사고,0,0,1,1,차대차 - 측면직각충돌,신호위반,건조,맑음,교차로 - 교차로안,승용,여,54세,부상신고,승용,여,41세,경상
2015013100100267,2015년 1월 31일 14시,토요일,부산광역시 해운대구 재송동,중상사고,0,2,0,0,차대차 - 정면충돌,중앙선침범,건조,맑음,단일로 - 기타,승용,남,54세,상해없음,승용,여,32세,중상
2015013100100268,2015년 1월 31일 14시,토요일,부산광역시 부산진구 전포동,경상사고,0,0,2,0,차대차 - 추돌 - 주정차중,안전운전불이행,건조,맑음,단일로 - 기타,승용,남,45세,상해없음,승용,여,56세,경상
2015013100100269,2015년 1월 31일 14시,토요일,부산광역시 연제구 거제동,경상사고,0,0,1,0,차대사람 - 차도통행중,안전운전불이행,건조,맑음,단일로 - 기타,승용,남,36세,상해없음,보행자,남,53세,경상
2015013100100270,2015년 1월 31일 14시,토요일,부산광역시 사상구 엄궁동,경상사고,0,0,3,0,차대차 - 측면직각충돌,안전거리미확보,건조,맑음,교차로 - 교차로부근,승용,남,60세,상해없음,승용,남,33세,경상
2015013100100305,2015년 1월 31일 15시,토요일,부산광역시 금정구 부곡동,중상사고,0,1,0,0,차대차 - 측면직각충돌,기타,건조,맑음,교차로 - 교차로안,승용,남,52세,상해없음,원동기,남,54세,중상
2015013100100306,2015년 1월 31일 15시,토요일,부산광역시 금정구 두구동,경상사고,0,0,1,0,차대사람 - 차도통행중,안전운전불이행,건조,맑음,단일로 - 기타,승용,남,43세,상해없음,보행자,여,45세,경상
2015013100100365,2015년 1월 31일 17시,토요일,부산광역시 강서구 강동동,중상사고,0,1,0,0,차대차 - 측면직각충돌,안전거리미확보,건조,맑음,단일로 - 기타,승용,남,21세,상해없음,이륜,남,64세,중상
2015013100100366,2015년 1월 31일 17시,토요일,부산광역시 사상구 학장동,경상사고,0,0,3,1,차대차 - 측면직각충돌,교차로운행방법위반,건조,맑음,교차로 - 교차로안,화물,남,25세,부상신고,승용,남,38세,경상
2015013100100405,2015년 1월 31일 18시,토요일,부산광역시 동래구 낙민동,중상사고,0,1,0,0,차대차 - 측면직각충돌,신호위반,건조,맑음,교차로 - 교차로안,승용,여,52세,상해없음,이륜,남,34세,중상
2015013100100431,2015년 1월 31일 19시,토요일,부산광역시 부산진구 부전동,경상사고,0,0,2,0,차대차 - 기타,교차로운행방법위반,건조,맑음,교차로 - 교차로부근,화물,남,26세,경상,승용,남,59세,경상
2015013100100432,2015년 1월 31일 19시,토요일,부산광역시 강서구 명지동,중상사고,0,2,0,0,차대차 - 추돌 - 주정차중,안전운전불이행,건조,맑음,교차로 - 교차로부근,승용,남,68세,상해없음,승용,남,21세,중상
2015013100100433,2015년 1월 31일 19시,토요일,부산광역시 사상구 삼락동,중상사고,0,1,1,0,차대차 - 추돌 - 주정차중,안전운전불이행,건조,맑음,미분류 - 미분류,승용,남,23세,중상,건설기계,남,44세,경상
2015013100100458,2015년 1월 31일 20시,토요일,부산광역시 북구 구포동,경상사고,0,0,1,0,차대사람 - 기타,안전운전불이행,건조,맑음,단일로 - 기타,화물,남,48세,상해없음,보행자,남,70세,경상
2015013100100459,2015년 1월 31일 20시,토요일,부산광역시 부산진구 당감동,중상사고,0,1,0,0,차대사람 - 기타,안전운전불이행,건조,맑음,단일로 - 기타,화물,남,55세,상해없음,보행자,여,63세,중상
2015013100100497,2015년 1월 31일 21시,토요일,부산광역시 해운대구 재송동,경상사고,0,0,3,0,차대차 - 측면직각충돌,직진우회전진행방해,건조,맑음,교차로 - 교차로안,승용,남,52세,상해없음,승용,남,31세,경상
2015013100100525,2015년 1월 31일 22시,토요일,부산광역시 기장군 철마면,경상사고,0,0,1,0,차대차 - 측면직각충돌,신호위반,건조,맑음,교차로 - 교차로안,이륜,남,17세,경상,승합,남,51세,상해없음
2015013100100546,2015년 1월 31일 23시,토요일,부산광역시 수영구 민락동,경상사고,0,0,1,0,차대차 - 측면직각충돌,안전운전불이행,건조,맑음,단일로 - 기타,승용,여,46세,상해없음,이륜,여,18세,경상
2015020100100024,2015년 2월 1일 01시,일요일,부산광역시 남구 대연동,경상사고,0,0,2,0,차대차 - 측면직각충돌,안전거리미확보,건조,맑음,교차로 - 교차로부근,승용,여,27세,상해없음,이륜,남,18세,경상
2015020100100029,2015년 2월 1일 02시,일요일,부산광역시 남구 문현동,부상신고사고,0,0,0,1,차대차 - 추돌 - 진행중,안전거리미확보,건조,맑음,단일로 - 기타,이륜,남,28세,부상신고,승용,남,50세,상해없음
2015020100100067,2015년 2월 1일 05시,일요일,부산광역시 금정구 부곡동,경상사고,0,0,1,0,차대차 - 측면직각충돌,교차로운행방법위반,건조,맑음,교차로 - 교차로안,승용,남,56세,상해없음,승용,남,22세,상해없음
2015020100100068,2015년 2월 1일 05시,일요일,부산광역시 강서구 송정동,중상사고,0,1,1,0,차대차 - 측면직각충돌,신호위반,건조,맑음,교차로 - 교차로안,승용,남,47세,상해없음,승용,남,41세,경상
2015020100100072,2015년 2월 1일 06시,일요일,부산광역시 수영구 수영동,중상사고,0,1,0,0,차대차 - 추돌 - 진행중,중앙선침범,건조,맑음,단일로 - 기타,승용,남,62세,상해없음,이륜,남,30세,중상
2015020100100073,2015년 2월 1일 06시,일요일,부산광역시 강서구 생곡동,중상사고,0,2,0,0,차대차 - 측면직각충돌,신호위반,건조,맑음,교차로 - 교차로안,승용,남,55세,상해없음,승용,남,46세,중상
2015020100100082,2015년 2월 1일 07시,일요일,부산광역시 사하구 괴정동,경상사고,0,0,1,0,차대차 - 측면직각충돌,안전운전불이행,건조,맑음,교차로 - 교차로안,이륜,남,70세,경상,승용,여,53세,상해없음
2015020100100113,2015년 2월 1일 09시,일요일,부산광역시 부산진구 양정동,중상사고,0,1,0,0,차대사람 - 기타,안전운전불이행,건조,맑음,단일로 - 기타,승용,여,50세,상해없음,보행자,여,56세,중상
2015020100100114,2015년 2월 1일 09시,일요일,부산광역시 사하구 하단동,중상사고,0,2,0,0,차대차 - 기타,신호위반,건조,맑음,교차로 - 교차로안,승용,남,24세,상해없음,승용,남,45세,중상
2015020100100141,2015년 2월 1일 10시,일요일,부산광역시 해운대구 재송동,경상사고,0,0,2,0,차대차 - 추돌 - 진행중,교차로운행방법위반,건조,맑음,교차로 - 교차로부근,승용,여,40세,상해없음,승용,남,36세,경상
2015020100100157,2015년 2월 1일 11시,일요일,부산광역시 영도구 대교동1가,경상사고,0,0,1,0,차대차 - 측면직각충돌,안전운전불이행,건조,맑음,단일로 - 기타,승용,남,56세,상해없음,승용,남,72세,경상
2015020100100176,2015년 2월 1일 12시,일요일,부산광역시 연제구 거제동,중상사고,0,1,0,0,차대차 - 측면직각충돌,신호위반,건조,맑음,단일로 - 기타,승용,남,45세,상해없음,이륜,여,54세,중상
2015020100100215,2015년 2월 1일 14시,일요일,부산광역시 북구 화명동,경상사고,0,0,1,0,차대차 - 추돌 - 진행중,안전거리미확보,건조,맑음,단일로 - 기타,승용,여,26세,상해없음,승용,남,55세,경상
2015020100100216,2015년 2월 1일 14시,일요일,부산광역시 사상구 삼락동,경상사고,0,0,1,0,차대차 - 측면직각충돌,안전거리미확보,건조,맑음,단일로 - 기타,승용,남,23세,상해없음,자전거,남,75세,경상
2015020100100241,2015년 2월 1일 15시,일요일,부산광역시 동래구 온천동,중상사고,0,1,0,0,차대사람 - 횡단중,안전운전불이행,건조,맑음,교차로 - 교차로안,승용,여,55세,상해없음,보행자,남,6세,중상
2015020100100242,2015년 2월 1일 15시,일요일,부산광역시 부산진구 초읍동,중상사고,0,1,0,0,차대사람 - 횡단중,신호위반,건조,맑음,단일로 - 횡단보도상,승용,남,69세,상해없음,보행자,남,5세,중상
2015020100100263,2015년 2월 1일 16시,일요일,부산광역시 금정구 금사동,경상사고,0,0,1,0,차대차 - 추돌 - 진행중,안전운전불이행,건조,맑음,단일로 - 기타,승용,여,48세,상해없음,승용,여,32세,경상
2015020100100286,2015년 2월 1일 17시,일요일,부산광역시 남구 대연동,경상사고,0,0,1,0,차대차 - 측면직각충돌,안전거리미확보,건조,맑음,단일로 - 기타,승용,남,56세,상해없음,승용,남,37세,경상
2015020100100287,2015년 2월 1일 17시,일요일,부산광역시 동래구 명륜동,부상신고사고,0,0,0,1,차량단독 - 전도전복,안전운전불이행,건조,맑음,단일로 - 기타,자전거,남,54세,부상신고,,,,
2015020100100307,2015년 2월 1일 18시,일요일,부산광역시 해운대구 송정동,경상사고,0,0,1,1,차대차 - 정면충돌,안전운전불이행,건조,맑음,교차로 - 교차로안,승용,남,53세,부상신고,승용,남,35세,경상
2015020100100339,2015년 2월 1일 19시,일요일,부산광역시 사하구 신평동,경상사고,0,0,1,0,차대사람 - 횡단중,보행자보호의무위반,건조,맑음,교차로 - 교차로안,승용,여,46세,상해없음,보행자,여,70세,경상
2015020100100340,2015년 2월 1일 19시,일요일,부산광역시 연제구 연산동,경상사고,0,0,2,0,차대차 - 측면직각충돌,신호위반,건조,맑음,단일로 - 기타,원동기,남,25세,경상,원동기,남,22세,경상
2015020100100341,2015년 2월 1일 19시,일요일,부산광역시 사상구 모라동,중상사고,0,1,0,0,차대차 - 측면직각충돌,안전운전불이행,건조,맑음,단일로 - 기타,이륜,남,24세,중상,승용,여,43세,상해없음
2015020100100365,2015년 2월 1일 20시,일요일,부산광역시 부산진구 개금동,경상사고,0,0,1,0,차대차 - 기타,신호위반,건조,맑음,교차로 - 교차로안,이륜,남,17세,경상,승용,남,61세,상해없음
2015020100100366,2015년 2월 1일 20시,일요일,부산광역시 사하구 다대동,중상사고,0,1,0,0,차대차 - 기타,신호위반,건조,맑음,교차로 - 교차로안,승용,남,44세,상해없음,이륜,남,18세,중상
2015020100100383,2015년 2월 1일 21시,일요일,부산광역시 부산진구 부암동,중상사고,0,1,0,0,차대차 - 기타,안전운전불이행,건조,맑음,교차로 - 교차로부근,승용,남,27세,상해없음,승용,여,28세,중상
2015020100100384,2015년 2월 1일 21시,일요일,부산광역시 부산진구 양정동,중상사고,0,1,0,0,차대차 - 기타,안전운전불이행,건조,맑음,교차로 - 교차로부근,승합,남,56세,상해없음,원동기,여,16세,중상
2015020100100385,2015년 2월 1일 21시,일요일,부산광역시 금정구 부곡동,경상사고,0,0,1,0,차대사람 - 횡단중,안전운전불이행,건조,맑음,단일로 - 기타,이륜,남,59세,상해없음,보행자,남,74세,경상
2015020100100402,2015년 2월 1일 22시,일요일,부산광역시 해운대구 좌동,중상사고,0,1,0,0,차대차 - 추돌 - 주정차중,안전운전불이행,건조,맑음,교차로 - 교차로부근,승용,여,22세,상해없음,이륜,여,42세,중상
2015020100100417,2015년 2월 1일 23시,일요일,부산광역시 수영구 남천동,경상사고,0,0,1,0,차대사람 - 횡단중,안전운전불이행,건조,맑음,단일로 - 기타,승용,남,51세,상해없음,보행자,남,23세,경상
2015020100100418,2015년 2월 1일 23시,일요일,부산광역시 금정구 구서동,중상사고,0,1,0,0,차대사람 - 횡단중,안전운전불이행,건조,맑음,단일로 - 기타,승용,남,65세,상해없음,보행자,여,49세,중상
2015020200100010,2015년 2월 2일 01시,월요일,부산광역시 강서구 신호동,경상사고,0,0,1,0,차대차 - 측면직각충돌,안전운전불이행,건조,맑음,단일로 - 기타,승용,남,27세,상해없음,승용,남,31세,경상
2015020200100025,2015년 2월 2일 04시,월요일,부산광역시 수영구 광안동,중상사고,0,1,0,0,차대차 - 추돌 - 진행중,교차로운행방법위반,건조,맑음,교차로 - 교차로안,화물,남,46세,상해없음,자전거,남,60세,중상
2015020200100026,2015년 2월 2일 04시,월요일,부산광역시 강서구 송정동,중상사고,0,1,0,0,차대차 - 측면직각충돌,신호위반,건조,맑음,교차로 - 교차로안,화물,남,55세,상해없음,승용,남,46세,중상
2015020200100076,2015년 2월 2일 08시,월요일,부산광역시 서구 부민동2가,중상사고,0,1,0,0,차대차 - 정면충돌,신호위반,건조,맑음,교차로 - 교차로안,승용,남,55세,상해없음,이륜,남,31세,중상
2015020200100077,2015년 2월 2일 08시,월요일,부산광역시 수영구 광안동,중상사고,0,1,0,0,차대사람 - 횡단중,안전운전불이행,건조,맑음,교차로 - 교차로안,승용,여,59세,상해없음,보행자,여,18세,중상
2015020200100078,2015년 2월 2일 08시,월요일,부산광역시 사상구 감전동,중상사고,0,1,0,0,차대사람 - 횡단중,신호위반,건조,맑음,교차로 - 교차로부근,화물,남,22세,상해없음,보행자,여,39세,중상
2015020200100102,2015년 2월 2일 09시,월요일,부산광역시 남구 대연동,중상사고,0,1,0,0,차대차 - 측면직각충돌,안전운전불이행,건조,맑음,단일로 - 기타,건설기계,남,66세,상해없음,기타불명,여,71세,중상
2015020200100103,2015년 2월 2일 09시,월요일,부산광역시 금정구 금사동,부상신고사고,0,0,0,3,차대차 - 측면직각충돌,안전운전불이행,건조,맑음,단일로 - 기타,승용,남,41세,상해없음,승용,남,23세,부상신고
2015020200100143,2015년 2월 2일 11시,월요일,부산광역시 연제구 거제동,중상사고,0,1,0,0,차대차 - 추돌 - 진행중,안전거리미확보,건조,맑음,단일로 - 교량,승용,여,27세,상해없음,승용,여,40세,중상
2015020200100214,2015년 2월 2일 14시,월요일,부산광역시 금정구 구서동,부상신고사고,0,0,0,1,차대차 - 측면직각충돌,안전운전불이행,건조,맑음,교차로 - 교차로안,원동기,남,20세,부상신고,승용,남,55세,상해없음
2015020200100215,2015년 2월 2일 14시,월요일,부산광역시 금정구 금사동,중상사고,0,1,0,0,차대사람 - 횡단중,보행자보호의무위반,건조,맑음,단일로 - 횡단보도상,승합,남,64세,상해없음,보행자,여,25세,중상
2015020200100216,2015년 2월 2일 14시,월요일,부산광역시 연제구 연산동,중상사고,0,1,0,0,차대사람 - 횡단중,안전운전불이행,건조,맑음,단일로 - 기타,승합,남,48세,상해없음,보행자,여,25세,중상
2015020200100246,2015년 2월 2일 15시,월요일,부산광역시 서구 서대신동2가,중상사고,0,1,0,0,차대사람 - 길가장자리구역통행중,안전운전불이행,건조,맑음,단일로 - 기타,승용,여,52세,상해없음,보행자,여,79세,중상
2015020200100270,2015년 2월 2일 16시,월요일,부산광역시 연제구 연산동,경상사고,0,0,1,0,차대차 - 측면직각충돌,안전운전불이행,건조,맑음,단일로 - 기타,원동기,남,16세,상해없음,승용,여,30세,상해없음
2015020200100301,2015년 2월 2일 17시,월요일,부산광역시 수영구 남천동,경상사고,0,0,1,0,차대차 - 기타,안전운전불이행,건조,맑음,단일로 - 기타,승합,여,39세,경상,승용,남,62세,상해없음
2015020200100302,2015년 2월 2일 17시,월요일,부산광역시 동래구 명륜동,경상사고,0,0,1,0,차대차 - 측면직각충돌,교차로운행방법위반,건조,맑음,교차로 - 교차로안,화물,남,25세,상해없음,원동기,남,64세,경상
2015020200100303,2015년 2월 2일 17시,월요일,부산광역시 해운대구 반여동,중상사고,0,1,0,0,차대사람 - 기타,안전운전불이행,기타,맑음,단일로 - 기타,이륜,남,46세,상해없음,보행자,여,77세,중상
2015020200100304,2015년 2월 2일 17시,월요일,부산광역시 연제구 거제동,경상사고,0,0,1,0,차대사람 - 횡단중,신호위반,건조,맑음,단일로 - 횡단보도상,승용,여,29세,상해없음,보행자,여,46세,경상
2015020200100339,2015년 2월 2일 18시,월요일,부산광역시 부산진구 연지동,경상사고,0,0,1,0,차대사람 - 기타,안전운전불이행,건조,맑음,단일로 - 기타,승용,남,71세,상해없음,보행자,남,35세,경상
2015020200100410,2015년 2월 2일 20시,월요일,부산광역시 남구 문현동,경상사고,0,0,1,0,차대차 - 추돌 - 진행중,안전운전불이행,건조,맑음,단일로 - 기타,승용,남,36세,상해없음,승용,남,38세,경상
2015020200100431,2015년 2월 2일 21시,월요일,부산광역시 해운대구 반송동,중상사고,0,1,1,0,차대차 - 측면직각충돌,신호위반,건조,맑음,교차로 - 교차로안,승용,여,33세,상해없음,승용,남,47세,중상
2015020200100460,2015년 2월 2일 22시,월요일,부산광역시 부산진구 부암동,중상사고,0,2,0,0,차대차 - 기타,신호위반,건조,맑음,교차로 - 교차로안,승용,여,56세,상해없음,승용,남,48세,중상
2015020200100461,2015년 2월 2일 22시,월요일,부산광역시 강서구 범방동,중상사고,0,4,0,0,차대차 - 측면직각충돌,신호위반,건조,맑음,교차로 - 교차로안,승용,남,57세,상해없음,승용,남,46세,중상
2015020200100462,2015년 2월 2일 22시,월요일,부산광역시 강서구 대저1동,경상사고,0,0,1,0,차대차 - 추돌 - 진행중,중앙선침범,건조,맑음,단일로 - 기타,화물,남,47세,상해없음,승용,여,46세,경상
2015020200100482,2015년 2월 2일 23시,월요일,부산광역시 부산진구 범천동,부상신고사고,0,0,0,1,차량단독 - 공작물충돌,안전운전불이행,건조,맑음,교차로 - 교차로안,화물,남,38세,상해없음,,,,
2015020300100022,2015년 2월 3일 01시,화요일,부산광역시 북구 화명동,경상사고,0,0,3,0,차대차 - 측면직각충돌,안전운전불이행,건조,맑음,교차로 - 교차로부근,승용,남,45세,상해없음,승합,남,54세,상해없음
2015020300100037,2015년 2월 3일 02시,화요일,부산광역시 해운대구 좌동,중상사고,0,1,0,0,차대차 - 측면직각충돌,안전거리미확보,건조,맑음,단일로 - 기타,승용,남,22세,상해없음,원동기,남,22세,중상
2015020300100045,2015년 2월 3일 03시,화요일,부산광역시 부산진구 부전동,경상사고,0,0,1,0,차대차 - 추돌 - 주정차중,안전운전불이행,건조,맑음,단일로 - 기타,승용,기타불명,기타불명,기타불명,승용,남,64세,경상
2015020300100062,2015년 2월 3일 05시,화요일,부산광역시 사하구 다대동,중상사고,0,1,0,0,차대사람 - 횡단중,안전운전불이행,건조,맑음,단일로 - 횡단보도상,승합,남,54세,상해없음,보행자,남,60세,중상
2015020300100092,2015년 2월 3일 07시,화요일,부산광역시 해운대구 중동,중상사고,0,1,0,0,차대차 - 측면직각충돌,신호위반,건조,맑음,교차로 - 교차로안,승용,남,24세,상해없음,승용,남,71세,중상
2015020300100122,2015년 2월 3일 08시,화요일,부산광역시 해운대구 중동,경상사고,0,0,1,0,차대차 - 기타,교차로운행방법위반,건조,맑음,교차로 - 교차로안,승용,여,49세,상해없음,이륜,남,56세,경상
2015020300100123,2015년 2월 3일 08시,화요일,부산광역시 부산진구 부암동,중상사고,0,1,0,0,차대사람 - 횡단중,안전운전불이행,건조,맑음,단일로 - 기타,원동기,남,19세,상해없음,보행자,여,59세,중상
2015020300100124,2015년 2월 3일 08시,화요일,부산광역시 금정구 서동,부상신고사고,0,0,0,1,차대사람 - 길가장자리구역통행중,안전운전불이행,건조,맑음,단일로 - 기타,화물,남,58세,상해없음,보행자,남,53세,부상신고
2015020300100125,2015년 2월 3일 08시,화요일,부산광역시 사하구 당리동,경상사고,0,0,1,0,차대차 - 측면직각충돌,안전운전불이행,건조,맑음,단일로 - 기타,승용,남,25세,상해없음,승용,여,55세,경상
2015020300100126,2015년 2월 3일 08시,화요일,부산광역시 사하구 장림동,부상신고사고,0,0,0,1,차대차 - 기타,안전운전불이행,건조,맑음,교차로 - 교차로부근,자전거,남,16세,부상신고,기타불명,기타불명,기타불명,기타불명
2015020300100192,2015년 2월 3일 10시,화요일,부산광역시 해운대구 중동,경상사고,0,0,1,0,차대사람 - 횡단중,안전운전불이행,건조,맑음,교차로 - 교차로부근,승용,남,65세,상해없음,보행자,남,53세,경상
2015020300100193,2015년 2월 3일 10시,화요일,부산광역시 금정구 장전동,경상사고,0,0,1,0,차대사람 - 길가장자리구역통행중,보행자보호의무위반,건조,맑음,교차로 - 교차로부근,승용,남,19세,상해없음,보행자,남,19세,경상
2015020300100209,2015년 2월 3일 11시,화요일,부산광역시 연제구 연산동,중상사고,0,1,1,0,차대차 - 추돌 - 진행중,안전운전불이행,건조,맑음,단일로 - 기타,승용,남,63세,상해없음,승용,남,59세,경상
2015020300100242,2015년 2월 3일 12시,화요일,부산광역시 사상구 괘법동,중상사고,0,1,0,0,차대차 - 측면직각충돌,교차로운행방법위반,건조,맑음,교차로 - 교차로안,승용,남,30세,상해없음,승용,남,51세,상해없음
2015020300100293,2015년 2월 3일 14시,화요일,부산광역시 사하구 당리동,중상사고,0,1,0,0,차대차 - 측면직각충돌,직진우회전진행방해,건조,맑음,교차로 - 교차로안,승용,남,63세,상해없음,승합,남,52세,상해없음
2015020300100320,2015년 2월 3일 15시,화요일,부산광역시 수영구 남천동,중상사고,0,1,0,0,차대차 - 측면직각충돌,중앙선침범,건조,맑음,단일로 - 기타,승용,여,59세,상해없음,이륜,남,61세,중상
2015020300100321,2015년 2월 3일 15시,화요일,부산광역시 해운대구 우동,중상사고,0,1,0,0,차대차 - 기타,안전운전불이행,건조,맑음,교차로 - 교차로안,승용,남,55세,상해없음,자전거,여,54세,중상
2015020300100351,2015년 2월 3일 16시,화요일,부산광역시 남구 대연동,경상사고,0,0,1,0,차대차 - 기타,안전운전불이행,건조,맑음,단일로 - 기타,특수,남,50세,상해없음,승용,여,51세,경상
2015020300100352,2015년 2월 3일 16시,화요일,부산광역시 사하구 괴정동,중상사고,0,1,0,0,차대차 - 추돌 - 진행중,교차로운행방법위반,건조,맑음,교차로 - 교차로안,화물,남,60세,상해없음,이륜,남,25세,중상
2015020300100381,2015년 2월 3일 17시,화요일,부산광역시 금정구 부곡동,경상사고,0,0,1,0,차대차 - 측면직각충돌,차로위반,건조,맑음,단일로 - 기타,화물,남,76세,상해없음,승합,남,53세,경상
2015020300100382,2015년 2월 3일 17시,화요일,부산광역시 금정구 구서동,중상사고,0,1,1,0,차대차 - 추돌 - 진행중,교차로운행방법위반,건조,맑음,교차로 - 교차로부근,화물,남,68세,상해없음,원동기,남,17세,중상
2015020300100414,2015년 2월 3일 18시,화요일,부산광역시 남구 용당동,중상사고,0,1,0,0,차대사람 - 횡단중,보행자보호의무위반,건조,맑음,단일로 - 횡단보도상,승용,여,46세,상해없음,보행자,남,73세,중상
2015020300100415,2015년 2월 3일 18시,화요일,부산광역시 북구 구포동,경상사고,0,0,1,0,차대사람 - 기타,신호위반,건조,맑음,단일로 - 기타,승용,남,51세,상해없음,보행자,남,25세,경상
2015020300100416,2015년 2월 3일 18시,화요일,부산광역시 강서구 명지동,경상사고,0,0,1,0,차대차 - 추돌 - 진행중,중앙선침범,건조,맑음,단일로 - 기타,승용,남,43세,상해없음,이륜,남,18세,경상