사고번호,사고일시,요일,시군구,사고내용,사망자수,중상자수,경상자수,부상신고자수,사고유형,법규위반,노면상태,기상상태,도로형태,가해운전자 차종,가해운전자 성별,가해운전자 연령,가해운전자 상해정도,피해운전자 차종,피해운전자 성별,피해운전자 연령,피해운전자 상해정도
2015021100100469,2015년 2월 11일 19시,수요일,부산광역시 금정구 부곡동,부상신고사고,0,0,0,1,차대사람 - 횡단중,보행자보호의무위반,건조,맑음,단일로 - 기타,기타불명,기타불명,기타불명,기타불명,보행자,여,24세,부상신고
2015021100100470,2015년 2월 11일 19시,수요일,부산광역시 사상구 모라동,중상사고,0,1,0,0,차대차 - 측면직각충돌,안전운전불이행,건조,맑음,교차로 - 교차로안,승용,여,52세,상해없음,이륜,남,32세,중상
2015021100100507,2015년 2월 11일 20시,수요일,부산광역시 중구 영주동,중상사고,0,1,0,0,차대사람 - 길가장자리구역통행중,안전운전불이행,건조,맑음,단일로 - 기타,승용,남,33세,상해없음,보행자,남,58세,중상
2015021100100508,2015년 2월 11일 20시,수요일,부산광역시 연제구 연산동,중상사고,0,1,0,0,차대차 - 측면직각충돌,차로위반,건조,맑음,단일로 - 기타,승용,남,65세,상해없음,이륜,남,21세,중상
2015021100100533,2015년 2월 11일 21시,수요일,부산광역시 해운대구 재송동,경상사고,0,0,1,0,차대차 - 측면직각충돌,교차로운행방법위반,건조,맑음,교차로 - 교차로안,승용,남,44세,상해없음,이륜,남,56세,경상
2015021100100565,2015년 2월 11일 22시,수요일,부산광역시 수영구 망미동,부상신고사고,0,0,0,1,차대차 - 추돌 - 진행중,안전거리미확보,건조,맑음,단일로 - 기타,원동기,남,16세,부상신고,승용,남,62세,상해없음
2015021100100566,2015년 2월 11일 22시,수요일,부산광역시 강서구 대저1동,중상사고,0,1,2,0,차대차 - 측면직각충돌,안전거리미확보,건조,맑음,단일로 - 기타,화물,남,55세,상해없음,승용,남,48세,중상
2015021100100589,2015년 2월 11일 23시,수요일,부산광역시 영도구 봉래동3가,경상사고,0,0,1,0,차대차 - 측면직각충돌,교차로운행방법위반,건조,맑음,교차로 - 교차로안,승용,남,50세,상해없음,승용,남,58세,경상
2015021200100003,2015년 2월 12일 00시,목요일,부산광역시 남구 용호동,부상신고사고,0,0,0,1,차대사람 - 길가장자리구역통행중,안전운전불이행,건조,맑음,단일로 - 기타,승용,남,48세,상해없음,보행자,여,19세,부상신고
2015021200100020,2015년 2월 12일 01시,목요일,부산광역시 북구 구포동,중상사고,0,1,0,0,차대사람 - 횡단중,안전운전불이행,건조,맑음,교차로 - 교차로부근,승용,남,70세,상해없음,보행자,여,24세,중상
2015021200100021,2015년 2월 12일 01시,목요일,부산광역시 해운대구 우동,부상신고사고,0,0,0,2,차대차 - 추돌 - 주정차중,안전운전불이행,건조,맑음,단일로 - 기타,승용,남,30세,상해없음,승합,남,52세,부상신고
2015021200100022,2015년 2월 12일 01시,목요일,부산광역시 금정구 두구동,중상사고,0,1,0,0,차량단독 - 공작물충돌,안전운전불이행,건조,맑음,단일로 - 기타,화물,남,21세,중상,,,,
2015021200100044,2015년 2월 12일 04시,목요일,부산광역시 사상구 학장동,중상사고,0,1,0,0,차대사람 - 차도통행중,안전운전불이행,건조,맑음,교차로 - 교차로부근,승용,남,56세,상해없음,보행자,남,63세,중상
2015021200100057,2015년 2월 12일 06시,목요일,부산광역시 수영구 광안동,경상사고,0,0,2,0,차대차 - 기타,신호위반,건조,맑음,단일로 - 기타,승용,남,66세,상해없음,이륜,남,17세,경상
2015021200100058,2015년 2월 12일 06시,목요일,부산광역시 강서구 대저1동,중상사고,0,1,2,0,차대차 - 측면직각충돌,안전거리미확보,건조,맑음,단일로 - 기타,승용,여,45세,상해없음,승용,남,43세,경상
2015021200100163,2015년 2월 12일 10시,목요일,부산광역시 동구 초량동,경상사고,0,0,1,0,차대차 - 측면직각충돌,교차로운행방법위반,건조,맑음,교차로 - 교차로안,승용,남,41세,상해없음,승용,여,44세,경상
2015021200100164,2015년 2월 12일 10시,목요일,부산광역시 남구 대연동,중상사고,0,2,4,0,차대차 - 기타,안전거리미확보,건조,맑음,교차로 - 교차로부근,승용,남,53세,상해없음,승합,남,44세,상해없음
2015021200100203,2015년 2월 12일 11시,목요일,부산광역시 수영구 남천동,경상사고,0,0,1,0,차대사람 - 차도통행중,안전운전불이행,건조,맑음,단일로 - 기타,화물,남,54세,상해없음,보행자,여,59세,경상
2015021200100229,2015년 2월 12일 12시,목요일,부산광역시 수영구 민락동,중상사고,0,1,0,0,차대사람 - 횡단중,안전운전불이행,건조,맑음,단일로 - 기타,승용,여,46세,상해없음,보행자,여,72세,중상
2015021200100230,2015년 2월 12일 12시,목요일,부산광역시 남구 문현동,경상사고,0,0,1,0,차대차 - 측면직각충돌,차로위반,건조,맑음,단일로 - 기타,승용,여,48세,상해없음,승용,여,57세,경상
2015021200100262,2015년 2월 12일 13시,목요일,부산광역시 수영구 광안동,경상사고,0,0,2,0,차대차 - 측면직각충돌,교차로운행방법위반,건조,맑음,교차로 - 교차로안,승용,남,23세,경상,승용,남,23세,상해없음
2015021200100263,2015년 2월 12일 13시,목요일,부산광역시 연제구 연산동,경상사고,0,0,1,0,차대차 - 추돌 - 진행중,안전거리미확보,건조,맑음,단일로 - 횡단보도부근,건설기계,남,36세,상해없음,승용,여,33세,경상
2015021200100328,2015년 2월 12일 15시,목요일,부산광역시 중구 부평동2가,중상사고,0,1,0,0,차대차 - 추돌 - 진행중,안전운전불이행,건조,맑음,단일로 - 기타,승합,남,34세,상해없음,승용,남,58세,상해없음
2015021200100366,2015년 2월 12일 16시,목요일,부산광역시 남구 용호동,경상사고,0,0,1,0,차대차 - 측면직각충돌,안전운전불이행,건조,맑음,교차로 - 교차로부근,자전거,남,54세,경상,승용,남,50세,상해없음
2015021200100367,2015년 2월 12일 16시,목요일,부산광역시 강서구 명지동,중상사고,0,1,0,0,차대사람 - 횡단중,신호위반,건조,맑음,단일로 - 횡단보도상,화물,남,54세,상해없음,보행자,여,60세,중상
2015021200100422,2015년 2월 12일 18시,목요일,부산광역시 수영구 광안동,중상사고,0,1,0,0,차대사람 - 횡단중,안전운전불이행,건조,맑음,교차로 - 교차로안,승용,여,44세,상해없음,보행자,남,73세,중상
2015021200100423,2015년 2월 12일 18시,목요일,부산광역시 남구 문현동,경상사고,0,0,1,0,차대사람 - 길가장자리구역통행중,안전운전불이행,건조,맑음,교차로 - 교차로안,승용,남,50세,상해없음,보행자,여,60세,경상
2015021200100424,2015년 2월 12일 18시,목요일,부산광역시 남구 용호동,중상사고,0,1,0,0,차대차 - 추돌 - 진행중,안전운전불이행,건조,맑음,교차로 - 교차로안,기타불명,기타불명,기타불명,기타불명,자전거,남,53세,중상
2015021200100425,2015년 2월 12일 18시,목요일,부산광역시 영도구 청학동,중상사고,0,2,2,0,차대차 - 추돌 - 주정차중,안전운전불이행,습기,비,단일로 - 기타,승용,남,56세,상해없음,승용,남,72세,중상
2015021200100426,2015년 2월 12일 18시,목요일,부산광역시 부산진구 가야동,경상사고,0,0,3,0,차대차 - 기타,안전운전불이행,건조,맑음,단일로 - 기타,승용,남,35세,상해없음,승용,남,63세,경상
2015021200100427,2015년 2월 12일 18시,목요일,부산광역시 사하구 괴정동,경상사고,0,0,2,0,차대차 - 기타,안전거리미확보,건조,맑음,단일로 - 기타,승용,남,29세,상해없음,승용,남,30세,경상
2015021200100465,2015년 2월 12일 19시,목요일,부산광역시 북구 구포동,중상사고,0,1,0,0,차대사람 - 횡단중,안전운전불이행,건조,맑음,단일로 - 기타,승용,남,60세,상해없음,보행자,여,58세,중상
2015021200100505,2015년 2월 12일 20시,목요일,부산광역시 동구 수정동,중상사고,0,1,0,0,차대사람 - 횡단중,안전운전불이행,건조,기타,교차로 - 교차로부근,승용,남,42세,상해없음,보행자,남,56세,중상
2015021200100506,2015년 2월 12일 20시,목요일,부산광역시 수영구 광안동,중상사고,0,1,0,0,차대차 - 측면직각충돌,안전운전불이행,건조,맑음,교차로 - 교차로부근,자전거,남,21세,중상,승용,여,49세,상해없음
2015021200100507,2015년 2월 12일 20시,목요일,부산광역시 북구 구포동,중상사고,0,1,0,0,차대사람 - 기타,안전운전불이행,건조,맑음,단일로 - 기타,승합,남,59세,상해없음,보행자,남,69세,중상
2015021200100508,2015년 2월 12일 20시,목요일,부산광역시 동래구 온천동,중상사고,0,1,1,0,차대차 - 측면직각충돌,안전거리미확보,건조,맑음,단일로 - 기타,승용,남,28세,상해없음,승용,남,26세,경상
2015021200100509,2015년 2월 12일 20시,목요일,부산광역시 사하구 괴정동,중상사고,0,1,0,0,차대사람 - 기타,안전운전불이행,건조,맑음,단일로 - 기타,승용,남,55세,상해없음,보행자,여,64세,중상
2015021200100510,2015년 2월 12일 20시,목요일,부산광역시 강서구 녹산동,사망사고,1,0,0,0,차대차 - 추돌 - 진행중,안전운전불이행,건조,흐림,교차로 - 교차로안,승용,남,39세,사망,화물,남,40세,상해없음
2015021200100541,2015년 2월 12일 21시,목요일,부산광역시 동구 초량동,경상사고,0,0,1,0,차대차 - 추돌 - 진행중,안전운전불이행,건조,기타,단일로 - 기타,승용,남,75세,상해없음,승용,남,65세,경상
2015021200100542,2015년 2월 12일 21시,목요일,부산광역시 서구 동대신동3가,경상사고,0,0,2,0,차대차 - 측면직각충돌,신호위반,건조,맑음,교차로 - 교차로부근,승용,남,29세,상해없음,승용,여,41세,경상
2015021200100568,2015년 2월 12일 22시,목요일,부산광역시 중구 중앙동3가,경상사고,0,0,1,0,차량단독 - 기타,안전운전불이행,건조,맑음,단일로 - 기타,승용,남,53세,상해없음,,,,
2015021200100569,2015년 2월 12일 22시,목요일,부산광역시 북구 덕천동,경상사고,0,0,2,0,차대사람 - 기타,안전운전불이행,건조,맑음,단일로 - 기타,이륜,남,18세,상해없음,보행자,남,24세,경상
2015021200100570,2015년 2월 12일 22시,목요일,부산광역시 동래구 명장동,경상사고,0,0,3,0,차대차 - 측면직각충돌,신호위반,건조,맑음,단일로 - 기타,승용,남,36세,상해없음,승용,남,27세,경상
2015021200100591,2015년 2월 12일 23시,목요일,부산광역시 수영구 광안동,중상사고,0,1,0,0,차대차 - 측면직각충돌,안전운전불이행,건조,맑음,단일로 - 횡단보도부근,이륜,남,19세,중상,승용,남,27세,상해없음
2015021200100592,2015년 2월 12일 23시,목요일,부산광역시 동래구 온천동,중상사고,0,1,1,0,차대차 - 측면직각충돌,직진우회전진행방해,건조,맑음,교차로 - 교차로안,승용,여,39세,상해없음,이륜,남,33세,중상
2015021300100001,2015년 2월 13일 00시,금요일,부산광역시 해운대구 송정동,사망사고,1,0,0,0,차대사람 - 횡단중,안전운전불이행,건조,맑음,교차로 - 교차로부근,승용,남,57세,상해없음,보행자,남,76세,사망
2015021300100032,2015년 2월 13일 02시,금요일,부산광역시 기장군 기장읍,경상사고,0,0,1,0,차량단독 - 공작물충돌,안전운전불이행,건조,맑음,단일로 - 기타,승용,남,29세,경상,,,,
2015021300100076,2015년 2월 13일 06시,금요일,부산광역시 해운대구 좌동,경상사고,0,0,1,0,차대차 - 측면직각충돌,신호위반,건조,맑음,교차로 - 교차로안,건설기계,남,67세,상해없음,승합,남,41세,상해없음
2015021300100077,2015년 2월 13일 06시,금요일,부산광역시 사상구 엄궁동,중상사고,0,1,2,0,차대차 - 추돌 - 주정차중,안전운전불이행,건조,맑음,단일로 - 기타,승용,남,21세,상해없음,화물,남,57세,중상
2015021300100097,2015년 2월 13일 07시,금요일,부산광역시 강서구 대저2동,경상사고,0,0,1,0,차대차 - 측면직각충돌,안전운전불이행,건조,맑음,교차로 - 교차로안,승용,남,30세,상해없음,화물,남,44세,경상
2015021300100098,2015년 2월 13일 07시,금요일,부산광역시 강서구 송정동,중상사고,0,1,0,0,차대차 - 추돌 - 진행중,안전운전불이행,건조,맑음,단일로 - 기타,건설기계,남,37세,상해없음,승용,남,64세,중상
2015021300100099,2015년 2월 13일 07시,금요일,부산광역시 강서구 명지동,중상사고,0,1,0,0,차대차 - 측면직각충돌,중앙선침범,건조,맑음,교차로 - 교차로부근,승용,남,33세,상해없음,자전거,남,56세,중상
2015021300100123,2015년 2월 13일 08시,금요일,부산광역시 해운대구 우동,경상사고,0,0,1,0,차대차 - 측면직각충돌,안전운전불이행,건조,맑음,교차로 - 교차로부근,승용,남,47세,상해없음,승용,여,25세,경상
2015021300100124,2015년 2월 13일 08시,금요일,부산광역시 금정구 장전동,중상사고,0,2,0,0,차대차 - 측면직각충돌,신호위반,건조,맑음,교차로 - 교차로안,승용,남,44세,상해없음,승합,여,62세,중상
2015021300100149,2015년 2월 13일 09시,금요일,부산광역시 동래구 온천동,중상사고,0,1,0,0,차대사람 - 차도통행중,안전운전불이행,건조,맑음,단일로 - 기타,승용,남,35세,상해없음,보행자,여,84세,중상
2015021300100185,2015년 2월 13일 10시,금요일,부산광역시 남구 대연동,경상사고,0,0,1,0,차대차 - 기타,안전운전불이행,건조,맑음,교차로 - 교차로안,승용,여,50세,상해없음,승용,남,52세,경상
2015021300100186,2015년 2월 13일 10시,금요일,부산광역시 동래구 안락동,중상사고,0,1,0,0,차대차 - 추돌 - 진행중,교차로운행방법위반,건조,맑음,교차로 - 교차로부근,승합,남,66세,상해없음,승용,남,39세,중상
2015021300100187,2015년 2월 13일 10시,금요일,부산광역시 사하구 괴정동,중상사고,0,1,0,0,차대사람 - 기타,안전운전불이행,건조,맑음,단일로 - 기타,승용,여,50세,상해없음,보행자,여,77세,중상
2015021300100188,2015년 2월 13일 10시,금요일,부산광역시 연제구 연산동,중상사고,0,1,0,0,차대사람 - 횡단중,안전운전불이행,건조,맑음,단일로 - 기타,승용,남,44세,상해없음,보행자,여,63세,중상
2015021300100189,2015년 2월 13일 10시,금요일,부산광역시 사상구 괘법동,경상사고,0,0,5,2,차대차 - 측면직각충돌,신호위반,건조,맑음,교차로 - 교차로안,화물,남,62세,상해없음,승합,남,48세,경상
2015021300100223,2015년 2월 13일 11시,금요일,부산광역시 연제구 연산동,경상사고,0,0,1,0,차대사람 - 차도통행중,안전운전불이행,건조,맑음,단일로 - 기타,승용,남,53세,상해없음,보행자,여,20세,경상
2015021300100259,2015년 2월 13일 12시,금요일,부산광역시 사상구 모라동,경상사고,0,0,1,0,차대차 - 기타,안전거리미확보,습기,맑음,단일로 - 터널,승용,여,54세,기타불명,승용,여,47세,경상
2015021300100260,2015년 2월 13일 12시,금요일,부산광역시 수영구 망미동,중상사고,0,1,0,0,차대차 - 측면직각충돌,신호위반,건조,맑음,교차로 - 교차로안,승용,여,28세,상해없음,자전거,남,27세,중상
2015021300100261,2015년 2월 13일 12시,금요일,부산광역시 사상구 주례동,경상사고,0,0,1,0,차대차 - 추돌 - 진행중,안전운전불이행,건조,맑음,교차로 - 교차로부근,승용,남,29세,상해없음,승용,여,46세,상해없음
2015021300100294,2015년 2월 13일 13시,금요일,부산광역시 북구 만덕동,경상사고,0,0,2,0,차대차 - 측면직각충돌,교차로운행방법위반,건조,맑음,교차로 - 교차로안,건설기계,남,48세,상해없음,승용,남,33세,경상
2015021300100295,2015년 2월 13일 13시,금요일,부산광역시 해운대구 좌동,경상사고,0,0,3,0,차대차 - 기타,안전거리미확보,건조,맑음,단일로 - 기타,승용,남,53세,상해없음,승용,여,30세,경상
2015021300100296,2015년 2월 13일 13시,금요일,부산광역시 연제구 연산동,경상사고,0,0,2,0,차대차 - 측면직각충돌,안전거리미확보,건조,맑음,단일로 - 기타,화물,남,55세,상해없음,승용,여,29세,경상
2015021300100330,2015년 2월 13일 14시,금요일,부산광역시 남구 대연동,경상사고,0,0,1,0,차대사람 - 길가장자리구역통행중,기타,건조,맑음,단일로 - 기타,승합,남,60세,상해없음,보행자,여,48세,경상
2015021300100331,2015년 2월 13일 14시,금요일,부산광역시 수영구 광안동,경상사고,0,0,1,0,차대차 - 추돌 - 진행중,안전거리미확보,건조,맑음,단일로 - 기타,승합,남,44세,상해없음,승용,여,55세,경상
2015021300100332,2015년 2월 13일 14시,금요일,부산광역시 해운대구 우동,경상사고,0,0,2,0,차대차 - 기타,안전운전불이행,건조,맑음,교차로 - 교차로안,화물,남,58세,상해없음,승용,여,36세,경상
2015021300100360,2015년 2월 13일 15시,금요일,부산광역시 해운대구 우동,중상사고,0,1,0,0,차대사람 - 횡단중,보행자보호의무위반,건조,맑음,교차로 - 교차로안,승용,남,30세,상해없음,보행자,여,65세,중상
2015021300100361,2015년 2월 13일 15시,금요일,부산광역시 부산진구 가야동,경상사고,0,0,1,0,차대사람 - 기타,안전운전불이행,건조,맑음,단일로 - 기타,승용,남,56세,상해없음,보행자,남,12세,경상
2015021300100391,2015년 2월 13일 16시,금요일,부산광역시 동래구 복천동,경상사고,0,0,1,0,차대차 - 측면직각충돌,안전거리미확보,건조,맑음,단일로 - 기타,승용,남,77세,기타불명,승용,남,68세,경상
2015021300100392,2015년 2월 13일 16시,금요일,부산광역시 동래구 수안동,경상사고,0,0,1,0,차대차 - 측면직각충돌,안전거리미확보,건조,맑음,단일로 - 기타,승용,남,65세,상해없음,승용,여,30세,상해없음
2015021300100393,2015년 2월 13일 16시,금요일,부산광역시 사상구 괘법동,경상사고,0,0,1,0,차대사람 - 횡단중,안전운전불이행,건조,맑음,단일로 - 기타,승용,남,55세,기타불명,보행자,여,25세,경상
2015021300100425,2015년 2월 13일 17시,금요일,부산광역시 북구 구포동,중상사고,0,1,0,0,차대사람 - 횡단중,안전운전불이행,건조,맑음,단일로 - 기타,승용,남,66세,상해없음,보행자,여,71세,중상
2015021300100426,2015년 2월 13일 17시,금요일,부산광역시 북구 덕천동,중상사고,0,1,0,0,차대사람 - 횡단중,신호위반,건조,맑음,단일로 - 횡단보도상,승용,남,64세,상해없음,보행자,여,10세,중상
2015021300100427,2015년 2월 13일 17시,금요일,부산광역시 북구 만덕동,경상사고,0,0,2,0,차대차 - 기타,안전운전불이행,건조,맑음,교차로 - 교차로안,승용,남,70세,상해없음,승용,남,29세,경상
2015021300100428,2015년 2월 13일 17시,금요일,부산광역시 동래구 온천동,중상사고,0,1,0,0,차대사람 - 차도통행중,안전운전불이행,건조,맑음,단일로 - 기타,이륜,남,27세,상해없음,보행자,남,13세,중상
2015021300100429,2015년 2월 13일 17시,금요일,부산광역시 사하구 신평동,중상사고,0,1,0,0,차대사람 - 횡단중,보행자보호의무위반,건조,맑음,교차로 - 교차로안,승용,여,42세,상해없음,보행자,여,37세,중상
2015021300100472,2015년 2월 13일 18시,금요일,부산광역시 서구 암남동,경상사고,0,0,1,0,차대사람 - 기타,안전운전불이행,건조,맑음,단일로 - 기타,승용,남,59세,상해없음,보행자,남,33세,경상
2015021300100474,2015년 2월 13일 18시,금요일,부산광역시 영도구 청학동,중상사고,0,1,0,0,차대사람 - 횡단중,안전운전불이행,건조,맑음,단일로 - 횡단보도부근,승용,남,55세,상해없음,보행자,남,57세,중상
2015021300100553,2015년 2월 13일 20시,금요일,부산광역시 남구 대연동,중상사고,0,1,2,1,차대차 - 측면직각충돌,안전운전불이행,건조,맑음,단일로 - 기타,승용,남,57세,상해없음,승용,여,40세,중상
2015021300100554,2015년 2월 13일 20시,금요일,부산광역시 북구 금곡동,경상사고,0,0,2,0,차대차 - 측면직각충돌,신호위반,건조,맑음,교차로 - 교차로안,승용,남,52세,상해없음,승용,남,36세,경상
2015021300100555,2015년 2월 13일 20시,금요일,부산광역시 부산진구 개금동,경상사고,0,0,1,0,차대사람 - 횡단중,보행자보호의무위반,건조,맑음,교차로 - 교차로부근,승용,남,36세,상해없음,보행자,남,58세,경상
2015021300100556,2015년 2월 13일 20시,금요일,부산광역시 연제구 연산동,중상사고,0,1,0,0,차대차 - 측면직각충돌,신호위반,건조,맑음,교차로 - 교차로안,승용,남,22세,상해없음,이륜,남,41세,중상
2015021300100587,2015년 2월 13일 21시,금요일,부산광역시 금정구 남산동,경상사고,0,0,1,0,차대차 - 측면직각충돌,신호위반,건조,맑음,교차로 - 교차로안,승용,남,32세,상해없음,이륜,남,49세,경상
2015021300100588,2015년 2월 13일 21시,금요일,부산광역시 수영구 망미동,경상사고,0,0,1,0,차대차 - 추돌 - 진행중,안전운전불이행,건조,맑음,단일로 - 기타,승용,남,27세,상해없음,승용,남,55세,경상
2015021300100658,2015년 2월 13일 23시,금요일,부산광역시 사상구 주례동,부상신고사고,0,0,0,1,차대차 - 추돌 - 진행중,안전운전불이행,건조,맑음,단일로 - 기타,이륜,남,36세,부상신고,승용,남,57세,상해없음
2015021400100008,2015년 2월 14일 00시,토요일,부산광역시 서구 충무동1가,부상신고사고,0,0,0,1,차대차 - 측면직각충돌,교차로운행방법위반,건조,맑음,교차로 - 교차로부근,이륜,남,66세,부상신고,승용,남,55세,상해없음
2015021400100009,2015년 2월 14일 00시,토요일,부산광역시 수영구 광안동,경상사고,0,0,1,0,차대차 - 추돌 - 진행중,차로위반,건조,맑음,단일로 - 기타,화물,남,55세,상해없음,승용,남,50세,경상
2015021400100010,2015년 2월 14일 00시,토요일,부산광역시 부산진구 전포동,경상사고,0,0,1,0,차대차 - 측면직각충돌,교차로운행방법위반,건조,맑음,교차로 - 교차로부근,승합,남,45세,상해없음,이륜,남,22세,경상
2015021400100043,2015년 2월 14일 01시,토요일,부산광역시 부산진구 부전동,경상사고,0,0,1,0,차대사람 - 기타,안전운전불이행,건조,맑음,교차로 - 교차로안,승용,남,59세,상해없음,보행자,남,32세,경상
2015021400100044,2015년 2월 14일 01시,토요일,부산광역시 연제구 연산동,경상사고,0,0,2,0,차대차 - 측면직각충돌,차로위반,건조,맑음,단일로 - 횡단보도부근,승용,남,50세,상해없음,승용,남,52세,경상
2015021400100067,2015년 2월 14일 02시,토요일,부산광역시 남구 대연동,중상사고,0,1,0,0,차대사람 - 길가장자리구역통행중,안전운전불이행,건조,맑음,단일로 - 기타,기타불명,기타불명,기타불명,기타불명,보행자,남,38세,중상
2015021400100068,2015년 2월 14일 02시,토요일,부산광역시 사하구 감천동,중상사고,0,1,0,0,차대사람 - 횡단중,안전운전불이행,건조,맑음,단일로 - 기타,화물,남,60세,상해없음,보행자,남,53세,중상
2015021400100085,2015년 2월 14일 03시,토요일,부산광역시 부산진구 부암동,중상사고,0,1,3,0,차대차 - 정면충돌,신호위반,건조,맑음,교차로 - 교차로안,승용,남,52세,상해없음,승용,남,59세,경상
2015021400100094,2015년 2월 14일 04시,토요일,부산광역시 서구 아미동2가,경상사고,0,0,1,0,차대차 - 정면충돌,중앙선침범,건조,맑음,단일로 - 기타,승용,남,28세,상해없음,승용,남,58세,경상
2015021400100125,2015년 2월 14일 06시,토요일,부산광역시 금정구 회동동,중상사고,0,1,0,0,차대차 - 추돌 - 진행중,안전거리미확보,건조,맑음,단일로 - 기타,승용,남,38세,중상,건설기계,남,43세,상해없음
2015021400100126,2015년 2월 14일 06시,토요일,부산광역시 사상구 주례동,중상사고,0,1,3,2,차대차 - 추돌 - 진행중,안전운전불이행,건조,맑음,단일로 - 교량,승용,남,48세,경상,화물,남,57세,상해없음
2015021400100171,2015년 2월 14일 09시,토요일,부산광역시 동구 수정동,경상사고,0,0,1,0,차대차 - 측면직각충돌,안전운전불이행,건조,맑음,단일로 - 기타,화물,남,57세,상해없음,원동기,남,44세,경상
2015021400100172,2015년 2월 14일 09시,토요일,부산광역시 남구 우암동,중상사고,0,1,0,0,차량단독 - 공작물충돌,안전운전불이행,건조,맑음,단일로 - 기타,화물,남,64세,중상,,,,
2015021400100173,2015년 2월 14일 09시,토요일,부산광역시 동래구 안락동,중상사고,0,1,0,0,차대사람 - 횡단중,보행자보호의무위반,건조,맑음,단일로 - 횡단보도상,화물,남,64세,상해없음,보행자,여,73세,중상
2015021400100200,2015년 2월 14일 10시,토요일,부산광역시 동구 초량동,경상사고,0,0,1,0,차대차 - 측면직각충돌,안전운전불이행,건조,맑음,단일로 - 기타,승용,남,71세,상해없음,승용,남,66세,경상
2015021400100201,2015년 2월 14일 10시,토요일,부산광역시 강서구 범방동,중상사고,0,1,0,0,차대차 - 추돌 - 진행중,안전운전불이행,건조,맑음,단일로 - 기타,화물,남,55세,상해없음,승용,남,59세,중상
2015021400100225,2015년 2월 14일 11시,토요일,부산광역시 남구 문현동,경상사고,0,0,1,0,차대사람 - 보도통행중,안전운전불이행,건조,맑음,교차로 - 교차로부근,승용,남,75세,상해없음,보행자,여,57세,경상
2015021400100226,2015년 2월 14일 11시,토요일,부산광역시 해운대구 반여동,중상사고,0,1,0,0,차대차 - 측면직각충돌,교차로운행방법위반,건조,맑음,교차로 - 교차로부근,승합,남,73세,상해없음,원동기,남,70세,중상
2015021400100227,2015년 2월 14일 11시,토요일,부산광역시 금정구 부곡동,중상사고,0,1,0,0,차대사람 - 횡단중,안전운전불이행,건조,맑음,교차로 - 교차로안,화물,남,68세,상해없음,보행자,여,76세,중상
2015021400100228,2015년 2월 14일 11시,토요일,부산광역시 사상구 감전동,경상사고,0,0,1,0,차대차 - 추돌 - 진행중,신호위반,건조,맑음,교차로 - 교차로안,화물,남,58세,상해없음,이륜,남,32세,경상
2015021400100257,2015년 2월 14일 12시,토요일,부산광역시 남구 대연동,경상사고,0,0,1,0,차대차 - 기타,교차로운행방법위반,건조,맑음,교차로 - 교차로안,승용,남,62세,상해없음,승용,남,43세,경상
2015021400100258,2015년 2월 14일 12시,토요일,부산광역시 남구 대연동,중상사고,0,1,1,0,차대사람 - 횡단중,안전운전불이행,건조,맑음,단일로 - 기타,승용,남,39세,상해없음,보행자,여,8세,중상
2015021400100294,2015년 2월 14일 13시,토요일,부산광역시 동구 범일동,중상사고,0,1,0,0,차량단독 - 기타,기타,건조,맑음,단일로 - 기타,승합,남,44세,상해없음,,,,
2015021400100295,2015년 2월 14일 13시,토요일,부산광역시 부산진구 가야동,중상사고,0,1,1,0,차대차 - 추돌 - 진행중,안전운전불이행,건조,맑음,교차로 - 교차로부근,승용,남,68세,상해없음,승용,남,45세,중상
2015021400100296,2015년 2월 14일 13시,토요일,부산광역시 사상구 엄궁동,경상사고,0,0,1,0,차대차 - 추돌 - 진행중,안전거리미확보,건조,맑음,교차로 - 교차로안,승용,남,36세,상해없음,승용,남,30세,경상
2015021400100325,2015년 2월 14일 14시,토요일,부산광역시 금정구 청룡동,경상사고,0,0,1,0,차대차 - 추돌 - 주정차중,안전거리미확보,건조,맑음,단일로 - 기타,승용,남,20세,상해없음,승합,남,37세,경상
2015021400100353,2015년 2월 14일 15시,토요일,부산광역시 남구 대연동,경상사고,0,0,1,0,차대사람 - 차도통행중,안전운전불이행,건조,맑음,단일로 - 기타,승용,남,18세,상해없음,보행자,여,43세,경상
2015021400100377,2015년 2월 14일 16시,토요일,부산광역시 금정구 금사동,경상사고,0,0,1,0,차대차 - 측면직각충돌,안전거리미확보,건조,맑음,단일로 - 기타,승용,남,43세,기타불명,승합,남,51세,상해없음
2015021400100378,2015년 2월 14일 16시,토요일,부산광역시 연제구 연산동,중상사고,0,2,0,0,차대사람 - 횡단중,안전운전불이행,건조,맑음,단일로 - 기타,승합,남,65세,상해없음,보행자,남,53세,중상
2015021400100379,2015년 2월 14일 16시,토요일,부산광역시 연제구 연산동,경상사고,0,0,1,0,차대사람 - 길가장자리구역통행중,기타,건조,맑음,단일로 - 기타,승용,남,67세,상해없음,보행자,여,28세,경상
2015021400100444,2015년 2월 14일 18시,토요일,부산광역시 북구 덕천동,중상사고,0,1,0,0,차대사람 - 횡단중,안전운전불이행,건조,맑음,단일로 - 기타,화물,남,44세,상해없음,보행자,여,76세,중상
2015021400100445,2015년 2월 14일 18시,토요일,부산광역시 북구 금곡동,경상사고,0,0,2,0,차대차 - 추돌 - 진행중,안전운전불이행,건조,맑음,단일로 - 기타,승용,남,65세,경상,승용,남,52세,경상