사고번호,사고일시,요일,시군구,사고내용,사망자수,중상자수,경상자수,부상신고자수,사고유형,법규위반,노면상태,기상상태,도로형태,가해운전자 차종,가해운전자 성별,가해운전자 연령,가해운전자 상해정도,피해운전자 차종,피해운전자 성별,피해운전자 연령,피해운전자 상해정도
2015021400100446,2015년 2월 14일 18시,토요일,부산광역시 해운대구 중동,경상사고,0,0,1,0,차대사람 - 차도통행중,안전운전불이행,건조,맑음,단일로 - 기타,승용,남,55세,상해없음,보행자,여,58세,경상
2015021400100447,2015년 2월 14일 18시,토요일,부산광역시 강서구 미음동,중상사고,0,2,0,0,차대차 - 추돌 - 주정차중,안전운전불이행,건조,맑음,단일로 - 기타,승용,남,35세,상해없음,승용,남,31세,중상
2015021400100478,2015년 2월 14일 19시,토요일,부산광역시 사하구 괴정동,경상사고,0,0,1,0,차대사람 - 기타,안전운전불이행,건조,맑음,단일로 - 기타,승용,남,48세,상해없음,보행자,여,55세,경상
2015021400100479,2015년 2월 14일 19시,토요일,부산광역시 기장군 정관면,중상사고,0,1,0,0,차대차 - 측면직각충돌,신호위반,건조,맑음,교차로 - 교차로안,승용,남,68세,상해없음,승용,남,52세,중상
2015021400100508,2015년 2월 14일 20시,토요일,부산광역시 부산진구 부전동,중상사고,0,1,0,0,차대차 - 기타,중앙선침범,건조,맑음,단일로 - 기타,이륜,남,22세,상해없음,이륜,남,18세,중상
2015021400100554,2015년 2월 14일 21시,토요일,부산광역시 동래구 온천동,중상사고,0,1,0,0,차대차 - 측면직각충돌,교차로운행방법위반,건조,맑음,교차로 - 교차로안,승용,남,28세,상해없음,이륜,남,31세,중상
2015021400100555,2015년 2월 14일 21시,토요일,부산광역시 해운대구 재송동,중상사고,0,1,0,0,차대차 - 추돌 - 주정차중,안전운전불이행,건조,맑음,기타 - 기타,승용,남,36세,상해없음,승용,남,37세,상해없음
2015021400100593,2015년 2월 14일 22시,토요일,부산광역시 북구 구포동,중상사고,0,1,0,0,차대사람 - 길가장자리구역통행중,안전운전불이행,건조,맑음,단일로 - 기타,승용,남,68세,상해없음,보행자,남,40세,중상
2015021400100594,2015년 2월 14일 22시,토요일,부산광역시 북구 덕천동,경상사고,0,0,1,0,차대사람 - 길가장자리구역통행중,안전운전불이행,건조,맑음,단일로 - 기타,승용,남,19세,상해없음,보행자,남,26세,경상
2015021400100595,2015년 2월 14일 22시,토요일,부산광역시 사하구 감천동,경상사고,0,0,1,0,차대사람 - 길가장자리구역통행중,안전운전불이행,건조,맑음,단일로 - 기타,승용,남,30세,상해없음,보행자,남,62세,경상
2015021400100596,2015년 2월 14일 22시,토요일,부산광역시 연제구 연산동,경상사고,0,0,1,0,차대차 - 측면직각충돌,안전거리미확보,건조,맑음,단일로 - 기타,승용,남,65세,상해없음,이륜,남,45세,경상
2015021400100597,2015년 2월 14일 22시,토요일,부산광역시 강서구 대저1동,경상사고,0,0,3,0,차대차 - 측면직각충돌,안전거리미확보,건조,맑음,단일로 - 기타,승합,남,45세,상해없음,승용,남,60세,경상
2015021500100035,2015년 2월 15일 02시,일요일,부산광역시 해운대구 우동,중상사고,0,1,0,0,차대차 - 추돌 - 진행중,교차로운행방법위반,건조,맑음,교차로 - 교차로안,이륜,남,18세,기타불명,승용,남,21세,중상
2015021500100036,2015년 2월 15일 02시,일요일,부산광역시 부산진구 양정동,경상사고,0,0,1,0,차대차 - 측면직각충돌,신호위반,건조,맑음,교차로 - 교차로안,승용,남,29세,상해없음,승용,남,53세,경상
2015021500100037,2015년 2월 15일 02시,일요일,부산광역시 연제구 거제동,중상사고,0,1,0,0,차량단독 - 공작물충돌,안전운전불이행,건조,맑음,단일로 - 기타,승용,남,34세,중상,,,,
2015021500100049,2015년 2월 15일 03시,일요일,부산광역시 연제구 연산동,중상사고,0,2,0,0,차대차 - 측면직각충돌,중앙선침범,건조,맑음,교차로 - 교차로부근,승용,남,18세,상해없음,승용,남,60세,상해없음
2015021500100088,2015년 2월 15일 06시,일요일,부산광역시 수영구 남천동,경상사고,0,0,1,0,차대차 - 측면직각충돌,차로위반,건조,맑음,단일로 - 기타,화물,남,73세,상해없음,승용,남,25세,경상
2015021500100103,2015년 2월 15일 07시,일요일,부산광역시 사하구 괴정동,중상사고,0,1,2,0,차대차 - 기타,중앙선침범,건조,맑음,교차로 - 교차로안,특수,남,26세,상해없음,화물,남,34세,중상
2015021500100151,2015년 2월 15일 10시,일요일,부산광역시 해운대구 중동,부상신고사고,0,0,0,1,차대차 - 측면직각충돌,안전운전불이행,건조,흐림,교차로 - 교차로안,자전거,남,12세,부상신고,이륜,남,61세,상해없음
2015021500100152,2015년 2월 15일 10시,일요일,부산광역시 해운대구 반여동,경상사고,0,0,2,0,차량단독 - 공작물충돌,안전운전불이행,습기,비,단일로 - 기타,승용,남,59세,상해없음,,,,
2015021500100176,2015년 2월 15일 11시,일요일,부산광역시 부산진구 당감동,경상사고,0,0,4,0,차대차 - 기타,교차로운행방법위반,기타,맑음,교차로 - 교차로안,승용,남,62세,상해없음,승용,남,48세,경상
2015021500100185,2015년 2월 15일 12시,일요일,부산광역시 부산진구 부전동,경상사고,0,0,1,0,차대차 - 기타,안전운전불이행,건조,맑음,단일로 - 기타,승용,남,58세,상해없음,이륜,남,20세,경상
2015021500100186,2015년 2월 15일 12시,일요일,부산광역시 기장군 정관면,경상사고,0,0,1,0,차대사람 - 횡단중,안전운전불이행,건조,맑음,단일로 - 기타,승용,남,28세,상해없음,보행자,남,17세,경상
2015021500100243,2015년 2월 15일 15시,일요일,부산광역시 중구 중앙동2가,경상사고,0,0,1,0,차대차 - 측면직각충돌,교차로운행방법위반,건조,맑음,교차로 - 교차로안,승용,남,19세,상해없음,승용,여,40세,경상
2015021500100277,2015년 2월 15일 16시,일요일,부산광역시 강서구 송정동,경상사고,0,0,2,0,차대차 - 측면직각충돌,신호위반,건조,맑음,교차로 - 교차로안,승용,남,40세,상해없음,승용,남,34세,경상
2015021500100296,2015년 2월 15일 17시,일요일,부산광역시 동래구 온천동,경상사고,0,0,1,0,차대차 - 측면직각충돌,교차로운행방법위반,건조,맑음,교차로 - 교차로안,화물,남,39세,상해없음,승용,여,50세,경상
2015021500100360,2015년 2월 15일 19시,일요일,부산광역시 부산진구 연지동,부상신고사고,0,0,0,1,차대차 - 추돌 - 진행중,안전운전불이행,건조,맑음,단일로 - 기타,원동기,남,22세,부상신고,승용,남,42세,상해없음
2015021500100361,2015년 2월 15일 19시,일요일,부산광역시 금정구 부곡동,부상신고사고,0,0,0,1,차대차 - 측면직각충돌,기타,습기,비,단일로 - 기타,이륜,남,25세,부상신고,승용,남,69세,상해없음
2015021500100387,2015년 2월 15일 20시,일요일,부산광역시 해운대구 좌동,중상사고,0,1,0,0,차대사람 - 횡단중,신호위반,습기,비,단일로 - 기타,이륜,남,17세,상해없음,보행자,여,42세,중상
2015021500100388,2015년 2월 15일 20시,일요일,부산광역시 해운대구 우동,중상사고,0,1,0,0,차량단독 - 전도전복,안전운전불이행,습기,비,교차로 - 교차로부근,원동기,남,48세,중상,,,,
2015021500100389,2015년 2월 15일 20시,일요일,부산광역시 사상구 삼락동,중상사고,0,1,1,0,차대차 - 측면직각충돌,중앙선침범,건조,맑음,단일로 - 기타,화물,남,64세,상해없음,승용,남,57세,경상
2015021500100419,2015년 2월 15일 21시,일요일,부산광역시 남구 대연동,경상사고,0,0,2,0,차대차 - 측면직각충돌,안전거리미확보,습기,비,단일로 - 기타,승용,남,40세,상해없음,승용,남,33세,경상
2015021500100420,2015년 2월 15일 21시,일요일,부산광역시 부산진구 가야동,경상사고,0,0,1,0,차대차 - 기타,차로위반,습기,비,단일로 - 기타,승용,남,27세,기타불명,승용,남,48세,경상
2015021500100446,2015년 2월 15일 22시,일요일,부산광역시 사하구 괴정동,경상사고,0,0,1,0,차대사람 - 기타,안전운전불이행,습기,비,단일로 - 기타,승용,남,62세,상해없음,보행자,여,64세,경상
2015021500100463,2015년 2월 15일 23시,일요일,부산광역시 북구 덕천동,경상사고,0,0,2,0,차대차 - 측면직각충돌,신호위반,습기,비,교차로 - 교차로안,승용,남,53세,상해없음,승용,남,31세,경상
2015021500100464,2015년 2월 15일 23시,일요일,부산광역시 동래구 명륜동,중상사고,0,1,0,0,차대사람 - 횡단중,안전운전불이행,습기,비,단일로 - 횡단보도부근,승용,남,51세,상해없음,보행자,남,64세,중상
2015021500100465,2015년 2월 15일 23시,일요일,부산광역시 사하구 괴정동,부상신고사고,0,0,0,1,차대차 - 기타,안전운전불이행,건조,맑음,단일로 - 기타,승용,여,44세,상해없음,승합,남,42세,부상신고
2015021600100003,2015년 2월 16일 00시,월요일,부산광역시 사상구 괘법동,경상사고,0,0,2,0,차대차 - 추돌 - 진행중,안전운전불이행,건조,맑음,단일로 - 기타,승용,남,26세,상해없음,승용,남,58세,경상
2015021600100062,2015년 2월 16일 05시,월요일,부산광역시 서구 동대신동1가,중상사고,0,1,0,0,차대차 - 정면충돌,중앙선침범,습기,비,단일로 - 기타,승합,남,56세,상해없음,승용,남,33세,중상
2015021600100063,2015년 2월 16일 05시,월요일,부산광역시 남구 대연동,사망사고,1,0,0,0,차대사람 - 횡단중,신호위반,습기,비,단일로 - 기타,승용,남,66세,상해없음,보행자,여,33세,사망
2015021600100064,2015년 2월 16일 05시,월요일,부산광역시 동래구 온천동,중상사고,0,1,1,0,차대차 - 정면충돌,신호위반,습기,비,교차로 - 교차로안,승용,남,45세,상해없음,승용,남,59세,중상
2015021600100082,2015년 2월 16일 06시,월요일,부산광역시 부산진구 부전동,경상사고,0,0,2,0,차대차 - 측면직각충돌,신호위반,습기,비,교차로 - 교차로안,승용,남,75세,상해없음,승용,남,56세,경상
2015021600100102,2015년 2월 16일 07시,월요일,부산광역시 부산진구 전포동,경상사고,0,0,1,0,차대차 - 기타,안전거리미확보,건조,맑음,단일로 - 기타,승용,남,39세,상해없음,승용,여,26세,경상
2015021600100103,2015년 2월 16일 07시,월요일,부산광역시 사상구 모라동,중상사고,0,1,1,0,차대차 - 추돌 - 주정차중,안전거리미확보,습기,비,교차로 - 교차로부근,승용,남,69세,상해없음,승용,여,28세,경상
2015021600100134,2015년 2월 16일 08시,월요일,부산광역시 사상구 학장동,경상사고,0,0,1,0,차대차 - 측면직각충돌,안전운전불이행,습기,비,교차로 - 교차로안,승용,여,59세,상해없음,승용,남,35세,경상
2015021600100163,2015년 2월 16일 09시,월요일,부산광역시 중구 남포동2가,경상사고,0,0,1,0,차대차 - 추돌 - 진행중,안전거리미확보,습기,비,교차로 - 교차로부근,승용,남,56세,상해없음,승용,남,39세,경상
2015021600100164,2015년 2월 16일 09시,월요일,부산광역시 서구 암남동,중상사고,0,1,0,0,차대사람 - 횡단중,신호위반,습기,비,단일로 - 횡단보도상,특수,남,46세,상해없음,보행자,여,65세,중상
2015021600100165,2015년 2월 16일 09시,월요일,부산광역시 서구 토성동4가,중상사고,0,1,0,0,차대사람 - 차도통행중,안전운전불이행,습기,비,교차로 - 교차로부근,승용,여,45세,기타불명,보행자,여,67세,중상
2015021600100166,2015년 2월 16일 09시,월요일,부산광역시 사하구 다대동,부상신고사고,0,0,0,1,차대차 - 기타,기타,건조,맑음,교차로 - 교차로안,기타불명,기타불명,기타불명,기타불명,이륜,남,51세,부상신고
2015021600100167,2015년 2월 16일 09시,월요일,부산광역시 강서구 성북동,중상사고,0,1,0,0,차대차 - 측면직각충돌,교차로운행방법위반,습기,비,교차로 - 교차로안,특수,남,57세,중상,특수,남,50세,상해없음
2015021600100168,2015년 2월 16일 09시,월요일,부산광역시 강서구 송정동,중상사고,0,2,0,0,차대차 - 측면직각충돌,신호위반,건조,맑음,교차로 - 교차로안,승용,남,38세,중상,승용,여,44세,중상
2015021600100197,2015년 2월 16일 10시,월요일,부산광역시 연제구 연산동,경상사고,0,0,1,0,차대차 - 측면직각충돌,교차로운행방법위반,습기,비,교차로 - 교차로안,승용,남,61세,상해없음,화물,기타불명,기타불명,기타불명
2015021600100236,2015년 2월 16일 11시,월요일,부산광역시 금정구 노포동,경상사고,0,0,1,0,차대사람 - 기타,안전거리미확보,습기,흐림,단일로 - 기타,승합,남,55세,상해없음,보행자,남,54세,경상
2015021600100237,2015년 2월 16일 11시,월요일,부산광역시 강서구 명지동,중상사고,0,1,0,0,차대차 - 측면직각충돌,신호위반,습기,비,교차로 - 교차로안,화물,남,38세,상해없음,승용,남,29세,중상
2015021600100260,2015년 2월 16일 12시,월요일,부산광역시 중구 대청동4가,경상사고,0,0,1,0,차대사람 - 보도통행중,기타,습기,비,단일로 - 기타,이륜,남,25세,상해없음,보행자,여,45세,경상
2015021600100285,2015년 2월 16일 13시,월요일,부산광역시 동래구 수안동,중상사고,0,1,0,0,차대사람 - 횡단중,안전운전불이행,습기,비,단일로 - 기타,승용,남,84세,상해없음,보행자,여,58세,중상
2015021600100286,2015년 2월 16일 13시,월요일,부산광역시 강서구 대저1동,중상사고,0,1,0,0,차대차 - 기타,교차로운행방법위반,건조,맑음,교차로 - 교차로안,화물,남,56세,상해없음,자전거,남,71세,중상
2015021600100315,2015년 2월 16일 14시,월요일,부산광역시 남구 대연동,중상사고,0,1,0,0,차대사람 - 길가장자리구역통행중,안전운전불이행,건조,맑음,단일로 - 기타,기타불명,기타불명,기타불명,기타불명,보행자,여,39세,중상
2015021600100316,2015년 2월 16일 14시,월요일,부산광역시 부산진구 가야동,중상사고,0,2,1,0,차대차 - 측면직각충돌,안전거리미확보,건조,맑음,단일로 - 기타,승용,여,47세,상해없음,화물,남,53세,경상
2015021600100317,2015년 2월 16일 14시,월요일,부산광역시 사하구 장림동,경상사고,0,0,1,0,차대사람 - 기타,안전운전불이행,건조,맑음,단일로 - 기타,승용,남,35세,상해없음,보행자,여,15세,경상
2015021600100345,2015년 2월 16일 15시,월요일,부산광역시 해운대구 반여동,경상사고,0,0,1,0,차대차 - 추돌 - 진행중,교차로운행방법위반,건조,맑음,교차로 - 교차로안,승용,여,57세,상해없음,승용,남,54세,경상
2015021600100412,2015년 2월 16일 17시,월요일,부산광역시 동구 좌천동,경상사고,0,0,1,0,차대차 - 기타,교차로운행방법위반,건조,맑음,교차로 - 교차로안,건설기계,남,39세,상해없음,승용,남,46세,경상
2015021600100413,2015년 2월 16일 17시,월요일,부산광역시 서구 동대신동1가,경상사고,0,0,1,0,차대차 - 추돌 - 주정차중,안전운전불이행,건조,맑음,교차로 - 교차로부근,승용,남,62세,상해없음,승합,남,24세,경상
2015021600100414,2015년 2월 16일 17시,월요일,부산광역시 해운대구 우동,경상사고,0,0,1,0,차대차 - 측면직각충돌,안전운전불이행,건조,맑음,단일로 - 기타,승용,남,54세,상해없음,승용,남,57세,상해없음
2015021600100415,2015년 2월 16일 17시,월요일,부산광역시 부산진구 범천동,경상사고,0,0,5,0,차대차 - 기타,안전거리미확보,건조,맑음,단일로 - 기타,승용,남,25세,상해없음,승용,남,40세,경상
2015021600100416,2015년 2월 16일 17시,월요일,부산광역시 부산진구 전포동,중상사고,0,1,0,0,차대사람 - 기타,안전운전불이행,건조,맑음,교차로 - 교차로안,승용,남,71세,상해없음,보행자,여,43세,중상
2015021600100515,2015년 2월 16일 19시,월요일,부산광역시 사하구 감천동,경상사고,0,0,1,0,차대사람 - 기타,안전운전불이행,습기,비,단일로 - 기타,승용,여,54세,상해없음,보행자,남,52세,경상
2015021600100564,2015년 2월 16일 20시,월요일,부산광역시 동래구 온천동,부상신고사고,0,0,0,1,차대사람 - 길가장자리구역통행중,안전운전불이행,습기,비,단일로 - 기타,승용,남,44세,상해없음,보행자,여,43세,부상신고
2015021600100605,2015년 2월 16일 21시,월요일,부산광역시 해운대구 중동,경상사고,0,0,1,0,차대차 - 기타,안전운전불이행,기타,맑음,단일로 - 기타,승용,남,32세,경상,승용,여,65세,상해없음
2015021600100648,2015년 2월 16일 22시,월요일,부산광역시 동래구 온천동,중상사고,0,1,0,0,차대차 - 측면직각충돌,안전운전불이행,습기,흐림,단일로 - 기타,승용,남,57세,상해없음,이륜,남,17세,중상
2015021700100038,2015년 2월 17일 01시,화요일,부산광역시 남구 용호동,중상사고,0,2,0,0,차대차 - 측면직각충돌,교차로운행방법위반,습기,흐림,교차로 - 교차로안,승용,남,60세,중상,이륜,남,24세,중상
2015021700100039,2015년 2월 17일 01시,화요일,부산광역시 사하구 하단동,중상사고,0,1,0,1,차대차 - 측면직각충돌,신호위반,건조,맑음,교차로 - 교차로안,승용,기타불명,기타불명,기타불명,승용,남,59세,중상
2015021700100040,2015년 2월 17일 01시,화요일,부산광역시 강서구 대저1동,경상사고,0,0,2,0,차대차 - 추돌 - 주정차중,신호위반,건조,맑음,단일로 - 기타,승용,남,29세,상해없음,승용,남,44세,상해없음
2015021700100041,2015년 2월 17일 01시,화요일,부산광역시 기장군 기장읍,경상사고,0,0,2,0,차대차 - 측면직각충돌,안전운전불이행,건조,맑음,단일로 - 기타,승용,여,43세,상해없음,승용,남,62세,상해없음
2015021700100073,2015년 2월 17일 04시,화요일,부산광역시 수영구 망미동,중상사고,0,1,1,0,차대차 - 측면직각충돌,안전운전불이행,건조,맑음,단일로 - 기타,승용,남,55세,상해없음,승용,남,20세,상해없음
2015021700100084,2015년 2월 17일 05시,화요일,부산광역시 사상구 학장동,부상신고사고,0,0,0,1,차대차 - 측면직각충돌,안전운전불이행,건조,맑음,단일로 - 기타,승용,남,41세,부상신고,승용,남,56세,상해없음
2015021700100101,2015년 2월 17일 06시,화요일,부산광역시 서구 아미동2가,경상사고,0,0,1,0,차대사람 - 횡단중,보행자보호의무위반,건조,맑음,교차로 - 교차로부근,승용,여,30세,상해없음,보행자,남,55세,경상
2015021700100133,2015년 2월 17일 08시,화요일,부산광역시 해운대구 우동,경상사고,0,0,1,0,차대차 - 측면직각충돌,안전거리미확보,건조,맑음,단일로 - 기타,승용,남,34세,상해없음,승용,남,56세,상해없음
2015021700100166,2015년 2월 17일 09시,화요일,부산광역시 부산진구 개금동,경상사고,0,0,1,0,차대사람 - 기타,안전운전불이행,건조,맑음,단일로 - 기타,승용,남,45세,상해없음,보행자,남,16세,경상
2015021700100192,2015년 2월 17일 10시,화요일,부산광역시 동구 범일동,중상사고,0,1,0,0,차대차 - 측면직각충돌,안전거리미확보,건조,맑음,교차로 - 교차로부근,원동기,남,67세,중상,승합,남,58세,상해없음
2015021700100227,2015년 2월 17일 11시,화요일,부산광역시 서구 동대신동1가,중상사고,0,1,0,0,차대사람 - 횡단중,보행자보호의무위반,건조,맑음,단일로 - 기타,승용,남,72세,상해없음,보행자,여,76세,중상
2015021700100228,2015년 2월 17일 11시,화요일,부산광역시 강서구 녹산동,경상사고,0,0,3,0,차대차 - 측면직각충돌,교차로운행방법위반,건조,맑음,교차로 - 교차로안,화물,남,46세,상해없음,승용,남,36세,경상
2015021700100229,2015년 2월 17일 11시,화요일,부산광역시 강서구 대저2동,경상사고,0,0,1,0,차대차 - 추돌 - 진행중,안전운전불이행,건조,맑음,단일로 - 기타,화물,남,43세,상해없음,자전거,남,34세,경상
2015021700100268,2015년 2월 17일 12시,화요일,부산광역시 해운대구 중동,중상사고,0,1,0,0,차대사람 - 차도통행중,안전운전불이행,건조,맑음,단일로 - 기타,승용,여,72세,상해없음,보행자,여,36세,중상
2015021700100269,2015년 2월 17일 12시,화요일,부산광역시 사상구 삼락동,중상사고,0,1,2,0,차대차 - 추돌 - 진행중,안전거리미확보,건조,맑음,단일로 - 기타,승합,남,56세,상해없음,화물,남,32세,경상
2015021700100270,2015년 2월 17일 12시,화요일,부산광역시 사상구 모라동,경상사고,0,0,1,0,차대차 - 측면직각충돌,안전운전불이행,건조,맑음,교차로 - 교차로안,승용,남,55세,상해없음,승용,여,45세,경상
2015021700100303,2015년 2월 17일 13시,화요일,부산광역시 남구 용당동,경상사고,0,0,1,0,차대차 - 측면직각충돌,교차로운행방법위반,건조,맑음,교차로 - 교차로안,승용,남,61세,경상,특수,남,48세,상해없음
2015021700100304,2015년 2월 17일 13시,화요일,부산광역시 금정구 서동,경상사고,0,0,1,0,차대사람 - 기타,안전운전불이행,건조,맑음,단일로 - 기타,승용,남,60세,상해없음,보행자,남,52세,경상
2015021700100328,2015년 2월 17일 14시,화요일,부산광역시 영도구 봉래동1가,경상사고,0,0,1,0,차량단독 - 기타,안전운전불이행,건조,맑음,단일로 - 기타,승합,남,40세,상해없음,,,,
2015021700100329,2015년 2월 17일 14시,화요일,부산광역시 해운대구 중동,부상신고사고,0,0,0,3,차대차 - 추돌 - 진행중,안전운전불이행,건조,맑음,단일로 - 기타,승용,남,62세,상해없음,승용,여,38세,부상신고
2015021700100330,2015년 2월 17일 14시,화요일,부산광역시 사하구 하단동,부상신고사고,0,0,0,1,차대차 - 기타,안전운전불이행,건조,맑음,단일로 - 기타,원동기,남,18세,부상신고,승용,남,58세,상해없음
2015021700100373,2015년 2월 17일 15시,화요일,부산광역시 수영구 남천동,경상사고,0,0,1,0,차대차 - 추돌 - 주정차중,안전운전불이행,건조,맑음,단일로 - 기타,승용,남,24세,상해없음,이륜,남,52세,경상
2015021700100374,2015년 2월 17일 15시,화요일,부산광역시 해운대구 좌동,경상사고,0,0,1,0,차대사람 - 횡단중,보행자보호의무위반,건조,맑음,단일로 - 횡단보도상,승용,여,41세,상해없음,보행자,여,81세,경상
2015021700100375,2015년 2월 17일 15시,화요일,부산광역시 부산진구 가야동,중상사고,0,1,0,0,차대차 - 기타,교차로운행방법위반,건조,맑음,교차로 - 교차로안,원동기,남,31세,중상,승용,남,41세,상해없음
2015021700100414,2015년 2월 17일 16시,화요일,부산광역시 부산진구 부전동,경상사고,0,0,1,0,차대차 - 측면직각충돌,안전거리미확보,건조,맑음,단일로 - 기타,승용,남,72세,상해없음,승용,여,59세,경상
2015021700100445,2015년 2월 17일 17시,화요일,부산광역시 부산진구 범천동,경상사고,0,0,1,0,차대차 - 측면직각충돌,기타,건조,맑음,단일로 - 기타,승용,남,60세,상해없음,자전거,남,8세,경상
2015021700100477,2015년 2월 17일 18시,화요일,부산광역시 북구 화명동,중상사고,0,1,0,0,차대사람 - 기타,안전운전불이행,건조,맑음,단일로 - 기타,승용,여,52세,상해없음,보행자,여,46세,중상
2015021700100478,2015년 2월 17일 18시,화요일,부산광역시 강서구 대저2동,부상신고사고,0,0,0,1,차대차 - 측면직각충돌,안전거리미확보,건조,맑음,단일로 - 교량,화물,남,56세,상해없음,승용,남,26세,부상신고
2015021700100521,2015년 2월 17일 19시,화요일,부산광역시 해운대구 반여동,중상사고,0,1,0,0,차대차 - 측면직각충돌,기타,건조,맑음,교차로 - 교차로안,이륜,남,58세,중상,승용,남,63세,상해없음
2015021700100522,2015년 2월 17일 19시,화요일,부산광역시 사하구 하단동,경상사고,0,0,2,1,차대차 - 기타,안전운전불이행,건조,맑음,단일로 - 기타,승용,여,26세,부상신고,승용,여,49세,경상
2015021700100523,2015년 2월 17일 19시,화요일,부산광역시 사상구 삼락동,경상사고,0,0,2,0,차대차 - 추돌 - 진행중,안전운전불이행,건조,맑음,단일로 - 기타,승용,남,53세,상해없음,승용,남,46세,경상
2015021700100563,2015년 2월 17일 20시,화요일,부산광역시 강서구 대저2동,경상사고,0,0,2,1,차대차 - 측면직각충돌,안전거리미확보,건조,맑음,단일로 - 기타,승용,남,25세,상해없음,승용,남,54세,경상
2015021700100601,2015년 2월 17일 21시,화요일,부산광역시 남구 문현동,경상사고,0,0,1,0,차대사람 - 길가장자리구역통행중,안전운전불이행,건조,맑음,교차로 - 교차로부근,이륜,남,17세,상해없음,보행자,남,64세,경상
2015021700100602,2015년 2월 17일 21시,화요일,부산광역시 해운대구 반여동,부상신고사고,0,0,0,1,차대사람 - 횡단중,안전운전불이행,기타,기타,단일로 - 기타,이륜,남,28세,상해없음,보행자,남,12세,부상신고
2015021700100658,2015년 2월 17일 23시,화요일,부산광역시 영도구 남항동1가,중상사고,0,1,0,0,차대사람 - 횡단중,안전운전불이행,건조,맑음,단일로 - 기타,승용,남,55세,상해없음,보행자,여,56세,중상
2015021700100659,2015년 2월 17일 23시,화요일,부산광역시 부산진구 연지동,중상사고,0,1,0,0,차대차 - 기타,안전운전불이행,건조,기타,단일로 - 기타,이륜,남,33세,중상,승용,남,57세,상해없음
2015021800100006,2015년 2월 18일 00시,수요일,부산광역시 중구 부평동3가,경상사고,0,0,1,0,차대차 - 측면직각충돌,교차로운행방법위반,건조,맑음,교차로 - 교차로안,승용,남,39세,상해없음,이륜,남,24세,경상
2015021800100023,2015년 2월 18일 01시,수요일,부산광역시 부산진구 전포동,중상사고,0,2,0,0,차대차 - 기타,신호위반,건조,맑음,교차로 - 교차로안,승용,여,45세,상해없음,승용,남,59세,중상
2015021800100024,2015년 2월 18일 01시,수요일,부산광역시 사하구 하단동,경상사고,0,0,1,0,차대사람 - 기타,안전운전불이행,건조,맑음,교차로 - 교차로부근,승용,여,23세,상해없음,보행자,남,50세,상해없음
2015021800100025,2015년 2월 18일 01시,수요일,부산광역시 강서구 송정동,중상사고,0,1,0,0,차량단독 - 전도전복,안전운전불이행,건조,맑음,단일로 - 기타,원동기,남,27세,상해없음,,,,
2015021800100026,2015년 2월 18일 01시,수요일,부산광역시 사상구 모라동,경상사고,0,0,1,0,차대차 - 측면직각충돌,안전운전불이행,건조,맑음,단일로 - 기타,승용,여,30세,상해없음,승용,남,54세,경상
2015021800100045,2015년 2월 18일 02시,수요일,부산광역시 해운대구 반여동,경상사고,0,0,1,0,차량단독 - 기타,교차로운행방법위반,건조,맑음,교차로 - 교차로안,승용,남,47세,상해없음,,,,
2015021800100084,2015년 2월 18일 06시,수요일,부산광역시 연제구 연산동,경상사고,0,0,1,0,차대차 - 추돌 - 진행중,안전운전불이행,건조,맑음,단일로 - 기타,승용,남,30세,상해없음,이륜,남,48세,경상
2015021800100085,2015년 2월 18일 06시,수요일,부산광역시 강서구 생곡동,중상사고,0,2,0,0,차대차 - 추돌 - 주정차중,안전운전불이행,건조,맑음,교차로 - 교차로부근,승용,남,28세,상해없음,승용,남,39세,중상
2015021800100120,2015년 2월 18일 10시,수요일,부산광역시 해운대구 중동,중상사고,0,1,0,0,차량단독 - 기타,안전운전불이행,건조,맑음,단일로 - 기타,승합,남,54세,상해없음,,,,
2015021800100141,2015년 2월 18일 11시,수요일,부산광역시 북구 덕천동,경상사고,0,0,1,0,차대차 - 기타,교차로운행방법위반,건조,맑음,교차로 - 교차로부근,승용,남,57세,상해없음,자전거,남,56세,경상
2015021800100142,2015년 2월 18일 11시,수요일,부산광역시 동래구 사직동,경상사고,0,0,1,0,차대사람 - 기타,안전운전불이행,건조,맑음,단일로 - 기타,승합,남,52세,상해없음,보행자,남,61세,경상
2015021800100169,2015년 2월 18일 12시,수요일,부산광역시 남구 문현동,경상사고,0,0,3,1,차대차 - 측면직각충돌,안전거리미확보,건조,맑음,단일로 - 기타,승용,남,36세,상해없음,승합,남,56세,상해없음
2015021800100190,2015년 2월 18일 13시,수요일,부산광역시 북구 구포동,중상사고,0,1,0,0,차대차 - 측면직각충돌,기타,건조,맑음,단일로 - 기타,승용,남,68세,상해없음,원동기,남,53세,중상
2015021800100191,2015년 2월 18일 13시,수요일,부산광역시 사하구 하단동,중상사고,0,2,1,0,차대차 - 측면직각충돌,중앙선침범,건조,맑음,교차로 - 교차로부근,이륜,남,32세,중상,승용,여,31세,경상
2015021800100213,2015년 2월 18일 14시,수요일,부산광역시 금정구 부곡동,경상사고,0,0,1,0,차대사람 - 횡단중,안전운전불이행,건조,맑음,단일로 - 기타,화물,남,50세,상해없음,보행자,남,19세,경상