사고번호,사고일시,요일,시군구,사고내용,사망자수,중상자수,경상자수,부상신고자수,사고유형,법규위반,노면상태,기상상태,도로형태,가해운전자 차종,가해운전자 성별,가해운전자 연령,가해운전자 상해정도,피해운전자 차종,피해운전자 성별,피해운전자 연령,피해운전자 상해정도
2015021800100229,2015년 2월 18일 15시,수요일,부산광역시 해운대구 재송동,중상사고,0,1,0,0,차대차 - 측면직각충돌,신호위반,건조,맑음,교차로 - 교차로안,승용,남,29세,상해없음,승용,남,30세,중상
2015021800100298,2015년 2월 18일 19시,수요일,부산광역시 북구 구포동,경상사고,0,0,2,0,차대차 - 추돌 - 주정차중,안전운전불이행,건조,맑음,교차로 - 교차로부근,승용,여,42세,기타불명,승합,여,33세,경상
2015021800100320,2015년 2월 18일 20시,수요일,부산광역시 부산진구 당감동,경상사고,0,0,1,0,차대사람 - 기타,안전운전불이행,건조,맑음,단일로 - 기타,화물,남,51세,상해없음,보행자,남,22세,경상
2015021800100366,2015년 2월 18일 22시,수요일,부산광역시 영도구 청학동,부상신고사고,0,0,0,1,차대차 - 측면직각충돌,안전운전불이행,건조,맑음,교차로 - 교차로안,승용,남,49세,상해없음,이륜,남,18세,부상신고
2015021900100003,2015년 2월 19일 00시,목요일,부산광역시 남구 대연동,경상사고,0,0,1,0,차대사람 - 횡단중,안전운전불이행,기타,맑음,기타 - 기타,승용,남,52세,상해없음,보행자,여,18세,경상
2015021900100004,2015년 2월 19일 00시,목요일,부산광역시 부산진구 당감동,중상사고,0,3,1,0,차대차 - 측면직각충돌,교차로운행방법위반,건조,맑음,교차로 - 교차로안,승용,남,63세,상해없음,승용,남,47세,중상
2015021900100005,2015년 2월 19일 00시,목요일,부산광역시 연제구 거제동,중상사고,0,1,0,0,차대차 - 측면직각충돌,신호위반,건조,맑음,단일로 - 횡단보도부근,이륜,남,27세,중상,승용,여,36세,상해없음
2015021900100039,2015년 2월 19일 03시,목요일,부산광역시 강서구 대저1동,부상신고사고,0,0,0,1,차대차 - 기타,안전운전불이행,건조,맑음,단일로 - 기타,기타불명,기타불명,기타불명,기타불명,승용,남,31세,부상신고
2015021900100058,2015년 2월 19일 07시,목요일,부산광역시 사하구 신평동,경상사고,0,0,1,0,차대차 - 측면직각충돌,중앙선침범,건조,맑음,교차로 - 교차로안,승용,남,54세,상해없음,승용,남,45세,경상
2015021900100065,2015년 2월 19일 08시,목요일,부산광역시 사하구 신평동,중상사고,0,1,0,0,차대차 - 측면직각충돌,신호위반,건조,맑음,교차로 - 교차로안,화물,남,61세,상해없음,승용,남,38세,중상
2015021900100075,2015년 2월 19일 09시,목요일,부산광역시 북구 구포동,경상사고,0,0,3,0,차대차 - 측면직각충돌,신호위반,건조,맑음,교차로 - 교차로안,승용,남,71세,상해없음,승용,남,46세,경상
2015021900100143,2015년 2월 19일 13시,목요일,부산광역시 부산진구 당감동,경상사고,0,0,1,0,차대사람 - 횡단중,보행자보호의무위반,건조,맑음,교차로 - 교차로안,승용,남,46세,상해없음,보행자,남,63세,경상
2015021900100144,2015년 2월 19일 13시,목요일,부산광역시 수영구 수영동,경상사고,0,0,2,0,차대차 - 측면직각충돌,교차로운행방법위반,건조,맑음,교차로 - 교차로안,승용,여,52세,상해없음,이륜,남,22세,경상
2015021900100213,2015년 2월 19일 16시,목요일,부산광역시 수영구 광안동,부상신고사고,0,0,0,1,차대사람 - 길가장자리구역통행중,안전운전불이행,건조,맑음,단일로 - 기타,화물,남,46세,기타불명,보행자,남,53세,부상신고
2015021900100214,2015년 2월 19일 16시,목요일,부산광역시 동래구 온천동,경상사고,0,0,1,0,차대차 - 측면직각충돌,안전운전불이행,건조,맑음,교차로 - 교차로안,승용,남,79세,상해없음,승용,남,33세,경상
2015021900100234,2015년 2월 19일 17시,목요일,부산광역시 부산진구 부암동,경상사고,0,0,1,0,차대차 - 기타,안전운전불이행,건조,맑음,단일로 - 기타,이륜,남,53세,경상,승용,남,26세,상해없음
2015021900100249,2015년 2월 19일 18시,목요일,부산광역시 금정구 장전동,경상사고,0,0,1,0,차대사람 - 횡단중,보행자보호의무위반,건조,맑음,단일로 - 기타,원동기,남,55세,상해없음,보행자,여,64세,경상
2015021900100292,2015년 2월 19일 20시,목요일,부산광역시 해운대구 반여동,경상사고,0,0,1,0,차대사람 - 기타,신호위반,건조,맑음,교차로 - 교차로안,승용,남,45세,상해없음,보행자,남,47세,경상
2015021900100293,2015년 2월 19일 20시,목요일,부산광역시 사하구 장림동,경상사고,0,0,1,0,차대차 - 기타,안전운전불이행,건조,맑음,단일로 - 기타,승용,남,32세,경상,승용,남,68세,상해없음
2015021900100337,2015년 2월 19일 23시,목요일,부산광역시 남구 문현동,사망사고,1,0,0,0,차대차 - 측면직각충돌,안전운전불이행,건조,맑음,단일로 - 기타,승용,남,55세,상해없음,이륜,남,25세,사망
2015021900100338,2015년 2월 19일 23시,목요일,부산광역시 사하구 장림동,중상사고,0,1,1,0,차대차 - 기타,안전운전불이행,건조,맑음,단일로 - 기타,승용,남,61세,상해없음,승용,남,50세,경상
2015021900100339,2015년 2월 19일 23시,목요일,부산광역시 사상구 모라동,중상사고,0,3,0,0,차대차 - 추돌 - 진행중,안전거리미확보,건조,맑음,단일로 - 기타,승용,남,34세,상해없음,승용,여,32세,중상
2015021900100340,2015년 2월 19일 23시,목요일,부산광역시 기장군 정관면,경상사고,0,0,1,0,차대차 - 측면직각충돌,안전거리미확보,건조,맑음,교차로 - 교차로부근,승용,여,60세,상해없음,원동기,남,34세,경상
2015022000100002,2015년 2월 20일 00시,금요일,부산광역시 사하구 감천동,경상사고,0,0,4,0,차대차 - 추돌 - 주정차중,안전운전불이행,건조,맑음,단일로 - 기타,승용,남,42세,상해없음,승용,남,55세,경상
2015022000100026,2015년 2월 20일 02시,금요일,부산광역시 동래구 명륜동,경상사고,0,0,1,0,차대사람 - 차도통행중,안전운전불이행,건조,맑음,단일로 - 기타,승용,남,31세,상해없음,보행자,남,28세,경상
2015022000100030,2015년 2월 20일 03시,금요일,부산광역시 영도구 청학동,경상사고,0,0,1,0,차대사람 - 기타,안전운전불이행,건조,맑음,단일로 - 기타,승용,남,42세,상해없음,보행자,남,34세,경상
2015022000100053,2015년 2월 20일 06시,금요일,부산광역시 금정구 구서동,경상사고,0,0,4,0,차대차 - 측면직각충돌,신호위반,건조,맑음,교차로 - 교차로안,승용,남,52세,상해없음,승용,남,49세,경상
2015022000100062,2015년 2월 20일 07시,금요일,부산광역시 동래구 명륜동,경상사고,0,0,1,0,차대사람 - 횡단중,보행자보호의무위반,건조,맑음,단일로 - 횡단보도상,승용,남,51세,상해없음,보행자,여,44세,경상
2015022000100093,2015년 2월 20일 11시,금요일,부산광역시 해운대구 중동,경상사고,0,0,1,1,차대차 - 측면직각충돌,신호위반,건조,맑음,교차로 - 교차로안,승합,남,42세,상해없음,승용,남,62세,경상
2015022000100108,2015년 2월 20일 12시,금요일,부산광역시 사상구 삼락동,경상사고,0,0,4,0,차대차 - 추돌 - 주정차중,안전거리미확보,건조,맑음,교차로 - 교차로부근,승용,남,42세,상해없음,승용,여,27세,경상
2015022000100127,2015년 2월 20일 13시,금요일,부산광역시 해운대구 우동,경상사고,0,0,1,0,차대차 - 기타,안전운전불이행,건조,맑음,교차로 - 교차로부근,승용,남,35세,상해없음,승합,남,42세,상해없음
2015022000100144,2015년 2월 20일 14시,금요일,부산광역시 서구 동대신동2가,중상사고,0,2,3,1,차대차 - 측면직각충돌,신호위반,건조,맑음,교차로 - 교차로안,승용,여,61세,경상,승용,여,54세,중상
2015022000100215,2015년 2월 20일 17시,금요일,부산광역시 동구 초량동,경상사고,0,0,1,0,차대사람 - 횡단중,안전운전불이행,건조,맑음,교차로 - 교차로안,승용,여,41세,상해없음,보행자,남,62세,경상
2015022000100216,2015년 2월 20일 17시,금요일,부산광역시 수영구 민락동,중상사고,0,1,0,0,차대사람 - 횡단중,안전운전불이행,건조,맑음,교차로 - 교차로부근,승용,남,53세,상해없음,보행자,여,13세,중상
2015022000100217,2015년 2월 20일 17시,금요일,부산광역시 북구 덕천동,중상사고,0,1,4,0,차대차 - 추돌 - 진행중,안전운전불이행,건조,맑음,단일로 - 기타,화물,남,38세,기타불명,승용,남,38세,경상
2015022000100247,2015년 2월 20일 18시,금요일,부산광역시 기장군 기장읍,부상신고사고,0,0,0,4,차대차 - 추돌 - 진행중,안전운전불이행,건조,맑음,기타 - 기타,승용,남,48세,상해없음,승용,여,36세,부상신고
2015022000100270,2015년 2월 20일 19시,금요일,부산광역시 금정구 노포동,중상사고,0,1,0,0,차대사람 - 횡단중,안전운전불이행,건조,맑음,단일로 - 기타,승용,남,43세,상해없음,보행자,여,69세,중상
2015022000100271,2015년 2월 20일 19시,금요일,부산광역시 연제구 연산동,중상사고,0,1,0,0,차대사람 - 길가장자리구역통행중,안전운전불이행,건조,맑음,교차로 - 교차로부근,승용,여,49세,상해없음,보행자,여,77세,중상
2015022000100287,2015년 2월 20일 20시,금요일,부산광역시 중구 광복동1가,중상사고,0,1,0,0,차대사람 - 길가장자리구역통행중,안전운전불이행,건조,맑음,단일로 - 기타,승합,남,57세,상해없음,보행자,남,62세,중상
2015022000100323,2015년 2월 20일 22시,금요일,부산광역시 서구 남부민동,경상사고,0,0,1,0,차대차 - 추돌 - 주정차중,안전운전불이행,건조,맑음,단일로 - 기타,승용,남,45세,상해없음,승용,남,37세,경상
2015022000100346,2015년 2월 20일 23시,금요일,부산광역시 사상구 모라동,중상사고,0,1,1,0,차대차 - 측면직각충돌,신호위반,건조,맑음,교차로 - 교차로안,승용,남,54세,상해없음,승용,남,58세,경상
2015022000100347,2015년 2월 20일 23시,금요일,부산광역시 강서구 강동동,중상사고,0,1,1,0,차량단독 - 공작물충돌,안전운전불이행,습기,맑음,단일로 - 기타,승용,남,51세,경상,,,,
2015022100100008,2015년 2월 21일 00시,토요일,부산광역시 북구 화명동,경상사고,0,0,1,1,차대차 - 측면직각충돌,신호위반,건조,맑음,교차로 - 교차로안,화물,남,61세,상해없음,화물,남,45세,부상신고
2015022100100019,2015년 2월 21일 01시,토요일,부산광역시 중구 대청동3가,중상사고,0,1,1,0,차대차 - 정면충돌,신호위반,건조,맑음,교차로 - 교차로안,승용,남,73세,상해없음,승용,남,54세,중상
2015022100100020,2015년 2월 21일 01시,토요일,부산광역시 남구 문현동,경상사고,0,0,2,0,차대차 - 추돌 - 진행중,안전거리미확보,건조,맑음,단일로 - 기타,화물,남,41세,상해없음,승용,남,64세,상해없음
2015022100100032,2015년 2월 21일 02시,토요일,부산광역시 동래구 명륜동,중상사고,0,1,0,0,차대사람 - 횡단중,안전운전불이행,건조,맑음,단일로 - 기타,승용,남,61세,상해없음,보행자,남,26세,중상
2015022100100042,2015년 2월 21일 03시,토요일,부산광역시 북구 구포동,경상사고,0,0,1,0,차대사람 - 횡단중,안전운전불이행,건조,맑음,단일로 - 기타,승용,남,50세,상해없음,보행자,남,23세,경상
2015022100100054,2015년 2월 21일 04시,토요일,부산광역시 서구 토성동1가,중상사고,0,1,0,0,차대차 - 정면충돌,신호위반,건조,맑음,교차로 - 교차로안,이륜,남,51세,상해없음,승용,남,65세,중상
2015022100100069,2015년 2월 21일 06시,토요일,부산광역시 수영구 광안동,중상사고,0,1,0,0,차량단독 - 공작물충돌,안전운전불이행,건조,맑음,단일로 - 기타,자전거,남,54세,중상,,,,
2015022100100127,2015년 2월 21일 11시,토요일,부산광역시 해운대구 반여동,중상사고,0,1,0,0,차대차 - 정면충돌,중앙선침범,습기,비,단일로 - 기타,승용,여,58세,상해없음,승용,남,36세,중상
2015022100100160,2015년 2월 21일 13시,토요일,부산광역시 사하구 괴정동,경상사고,0,0,2,0,차대차 - 추돌 - 주정차중,안전운전불이행,건조,맑음,단일로 - 기타,승용,남,26세,상해없음,승용,남,26세,경상
2015022100100238,2015년 2월 21일 16시,토요일,부산광역시 강서구 명지동,중상사고,0,1,0,0,차대차 - 측면직각충돌,중앙선침범,습기,비,교차로 - 교차로부근,승용,남,32세,상해없음,승용,남,31세,상해없음
2015022100100253,2015년 2월 21일 17시,토요일,부산광역시 영도구 봉래동1가,경상사고,0,0,3,0,차대차 - 추돌 - 주정차중,안전운전불이행,습기,비,단일로 - 교량,화물,남,44세,상해없음,승용,남,60세,경상
2015022100100279,2015년 2월 21일 18시,토요일,부산광역시 수영구 광안동,중상사고,0,1,0,0,차량단독 - 전도전복,안전운전불이행,습기,비,단일로 - 기타,자전거,남,50세,중상,,,,
2015022100100280,2015년 2월 21일 18시,토요일,부산광역시 부산진구 초읍동,경상사고,0,0,1,0,차대차 - 추돌 - 주정차중,안전운전불이행,습기,비,단일로 - 기타,승용,남,48세,상해없음,승용,남,33세,경상
2015022100100304,2015년 2월 21일 19시,토요일,부산광역시 남구 문현동,중상사고,0,1,0,0,차대차 - 추돌 - 진행중,교차로운행방법위반,습기,비,교차로 - 교차로부근,승용,남,54세,상해없음,승용,남,52세,중상
2015022100100305,2015년 2월 21일 19시,토요일,부산광역시 북구 금곡동,중상사고,0,1,0,0,차대사람 - 기타,안전운전불이행,습기,비,단일로 - 기타,원동기,남,53세,상해없음,보행자,남,60세,중상
2015022100100306,2015년 2월 21일 19시,토요일,부산광역시 북구 구포동,경상사고,0,0,2,0,차대차 - 추돌 - 진행중,안전거리미확보,습기,비,단일로 - 기타,승용,남,36세,상해없음,승용,남,51세,경상
2015022100100307,2015년 2월 21일 19시,토요일,부산광역시 사하구 하단동,경상사고,0,0,1,0,차대차 - 추돌 - 주정차중,안전운전불이행,습기,비,단일로 - 기타,승용,여,29세,상해없음,승용,남,36세,경상
2015022100100351,2015년 2월 21일 20시,토요일,부산광역시 해운대구 우동,중상사고,0,1,0,0,차대사람 - 횡단중,신호위반,습기,비,단일로 - 횡단보도상,승용,여,34세,상해없음,보행자,남,48세,중상
2015022100100352,2015년 2월 21일 20시,토요일,부산광역시 사하구 구평동,경상사고,0,0,3,0,차대차 - 기타,안전운전불이행,습기,비,단일로 - 기타,화물,남,54세,상해없음,승용,남,30세,경상
2015022100100353,2015년 2월 21일 20시,토요일,부산광역시 강서구 녹산동,중상사고,0,1,0,0,차대사람 - 횡단중,신호위반,습기,비,단일로 - 횡단보도상,승합,남,54세,상해없음,보행자,여,71세,중상
2015022100100388,2015년 2월 21일 21시,토요일,부산광역시 북구 화명동,경상사고,0,0,3,0,차대차 - 추돌 - 진행중,안전운전불이행,습기,비,단일로 - 기타,승용,여,49세,상해없음,승용,여,38세,경상
2015022100100389,2015년 2월 21일 21시,토요일,부산광역시 동래구 명륜동,경상사고,0,0,1,0,차대사람 - 길가장자리구역통행중,안전운전불이행,습기,비,단일로 - 기타,승용,여,43세,상해없음,보행자,남,56세,경상
2015022100100390,2015년 2월 21일 21시,토요일,부산광역시 부산진구 범전동,중상사고,0,1,0,0,차대차 - 측면직각충돌,안전거리미확보,습기,비,단일로 - 기타,승용,남,45세,상해없음,원동기,남,16세,중상
2015022100100391,2015년 2월 21일 21시,토요일,부산광역시 부산진구 부전동,경상사고,0,0,1,0,차대사람 - 길가장자리구역통행중,안전운전불이행,건조,맑음,단일로 - 기타,승용,남,24세,상해없음,보행자,여,38세,경상
2015022100100392,2015년 2월 21일 21시,토요일,부산광역시 사상구 학장동,중상사고,0,3,2,0,차대차 - 측면직각충돌,신호위반,습기,흐림,교차로 - 교차로안,승용,남,63세,상해없음,승용,남,37세,중상
2015022100100422,2015년 2월 21일 22시,토요일,부산광역시 동래구 온천동,경상사고,0,0,1,0,차대사람 - 차도통행중,안전운전불이행,건조,맑음,단일로 - 기타,승용,여,42세,상해없음,보행자,남,51세,경상
2015022100100423,2015년 2월 21일 22시,토요일,부산광역시 사하구 괴정동,중상사고,0,1,0,0,차대사람 - 기타,안전운전불이행,습기,비,단일로 - 기타,승용,남,62세,상해없음,보행자,남,59세,중상
2015022100100424,2015년 2월 21일 22시,토요일,부산광역시 사상구 삼락동,경상사고,0,0,2,1,차대차 - 측면직각충돌,신호위반,습기,비,교차로 - 교차로안,승용,남,33세,부상신고,승용,남,22세,경상
2015022100100455,2015년 2월 21일 23시,토요일,부산광역시 해운대구 우동,사망사고,1,0,0,0,차대사람 - 횡단중,과속,습기,비,교차로 - 교차로안,승용,남,46세,상해없음,보행자,남,68세,사망
2015022100100456,2015년 2월 21일 23시,토요일,부산광역시 강서구 대저2동,경상사고,0,0,1,0,차대차 - 측면직각충돌,안전거리미확보,습기,비,단일로 - 기타,승용,남,28세,상해없음,승용,남,33세,경상
2015022200100010,2015년 2월 22일 00시,일요일,부산광역시 중구 중앙동1가,경상사고,0,0,1,0,차대차 - 측면직각충돌,직진우회전진행방해,건조,맑음,교차로 - 교차로안,승용,남,56세,상해없음,승용,남,52세,상해없음
2015022200100011,2015년 2월 22일 00시,일요일,부산광역시 금정구 부곡동,중상사고,0,1,0,0,차대차 - 추돌 - 진행중,안전운전불이행,습기,비,단일로 - 기타,승용,남,35세,상해없음,승용,남,54세,중상
2015022200100012,2015년 2월 22일 00시,일요일,부산광역시 사상구 감전동,중상사고,0,1,2,0,차대차 - 추돌 - 주정차중,안전운전불이행,습기,비,교차로 - 교차로안,승용,남,25세,상해없음,승용,남,47세,경상
2015022200100031,2015년 2월 22일 01시,일요일,부산광역시 수영구 광안동,중상사고,0,1,0,0,차대차 - 측면직각충돌,안전운전불이행,습기,비,단일로 - 기타,승용,남,63세,상해없음,승용,남,58세,상해없음
2015022200100032,2015년 2월 22일 01시,일요일,부산광역시 동래구 안락동,중상사고,0,1,0,0,차대사람 - 보도통행중,보행자보호의무위반,습기,비,단일로 - 기타,승합,남,56세,상해없음,보행자,남,24세,중상
2015022200100033,2015년 2월 22일 01시,일요일,부산광역시 해운대구 반여동,부상신고사고,0,0,0,1,차대차 - 추돌 - 진행중,안전운전불이행,건조,맑음,교차로 - 교차로부근,승용,남,53세,상해없음,승용,남,63세,부상신고
2015022200100034,2015년 2월 22일 01시,일요일,부산광역시 수영구 망미동,경상사고,0,0,1,0,차대차 - 측면직각충돌,안전운전불이행,건조,맑음,단일로 - 기타,승용,남,32세,기타불명,승용,남,63세,경상
2015022200100055,2015년 2월 22일 02시,일요일,부산광역시 부산진구 전포동,중상사고,0,1,0,0,차대사람 - 횡단중,안전운전불이행,습기,비,교차로 - 교차로안,승용,남,63세,상해없음,보행자,남,32세,중상
2015022200100056,2015년 2월 22일 02시,일요일,부산광역시 부산진구 개금동,경상사고,0,0,2,0,차대차 - 측면직각충돌,안전운전불이행,습기,비,단일로 - 기타,승용,남,32세,상해없음,승용,남,63세,경상
2015022200100078,2015년 2월 22일 04시,일요일,부산광역시 북구 화명동,중상사고,0,1,1,0,차대차 - 정면충돌,중앙선침범,건조,맑음,단일로 - 기타,승용,남,35세,상해없음,승용,여,43세,중상
2015022200100085,2015년 2월 22일 05시,일요일,부산광역시 중구 대청동2가,경상사고,0,0,2,0,차대차 - 측면직각충돌,안전운전불이행,습기,비,교차로 - 교차로안,승용,남,26세,상해없음,승용,남,67세,경상
2015022200100114,2015년 2월 22일 08시,일요일,부산광역시 부산진구 부암동,중상사고,0,1,0,0,차대차 - 측면직각충돌,신호위반,건조,맑음,교차로 - 교차로안,화물,남,42세,상해없음,이륜,여,46세,중상
2015022200100198,2015년 2월 22일 14시,일요일,부산광역시 수영구 광안동,중상사고,0,1,0,0,차대차 - 측면직각충돌,안전운전불이행,건조,맑음,단일로 - 기타,승용,남,59세,상해없음,승용,남,30세,중상
2015022200100199,2015년 2월 22일 14시,일요일,부산광역시 해운대구 우동,경상사고,0,0,1,0,차대차 - 기타,안전거리미확보,기타,맑음,단일로 - 기타,승용,남,51세,상해없음,승용,여,37세,상해없음
2015022200100221,2015년 2월 22일 15시,일요일,부산광역시 부산진구 부전동,경상사고,0,0,1,0,차대사람 - 기타,안전운전불이행,건조,맑음,단일로 - 기타,승용,남,24세,상해없음,보행자,남,25세,경상
2015022200100237,2015년 2월 22일 16시,일요일,부산광역시 서구 동대신동3가,중상사고,0,1,0,0,차대사람 - 길가장자리구역통행중,안전운전불이행,건조,맑음,단일로 - 기타,승용,여,58세,상해없음,보행자,여,90세 이상,중상
2015022200100238,2015년 2월 22일 16시,일요일,부산광역시 남구 대연동,경상사고,0,0,3,0,차대차 - 기타,안전운전불이행,건조,맑음,교차로 - 교차로부근,승용,남,20세,상해없음,승용,남,47세,경상
2015022200100327,2015년 2월 22일 20시,일요일,부산광역시 부산진구 개금동,경상사고,0,0,1,0,차대사람 - 길가장자리구역통행중,안전운전불이행,건조,맑음,단일로 - 기타,승용,남,20세,상해없음,보행자,남,34세,경상
2015022200100345,2015년 2월 22일 21시,일요일,부산광역시 남구 대연동,중상사고,0,1,0,0,차대사람 - 횡단중,신호위반,건조,맑음,단일로 - 횡단보도상,원동기,남,16세,상해없음,보행자,여,56세,중상
2015022200100346,2015년 2월 22일 21시,일요일,부산광역시 사하구 하단동,경상사고,0,0,1,0,차대차 - 기타,안전운전불이행,건조,맑음,단일로 - 기타,승용,남,53세,상해없음,승용,남,43세,경상
2015022200100347,2015년 2월 22일 21시,일요일,부산광역시 연제구 연산동,경상사고,0,0,1,0,차대사람 - 차도통행중,안전운전불이행,건조,맑음,단일로 - 기타,승용,남,57세,상해없음,보행자,남,44세,경상
2015022200100369,2015년 2월 22일 22시,일요일,부산광역시 중구 남포동5가,부상신고사고,0,0,0,1,차대사람 - 횡단중,보행자보호의무위반,건조,맑음,단일로 - 횡단보도상,승용,남,60세,상해없음,보행자,남,51세,부상신고
2015022200100370,2015년 2월 22일 22시,일요일,부산광역시 영도구 봉래동1가,경상사고,0,0,1,0,차대사람 - 횡단중,보행자보호의무위반,건조,맑음,교차로 - 교차로부근,승용,남,58세,상해없음,보행자,여,67세,경상
2015022200100381,2015년 2월 22일 23시,일요일,부산광역시 부산진구 전포동,중상사고,0,1,0,0,차대차 - 측면직각충돌,안전운전불이행,건조,맑음,단일로 - 기타,원동기,남,41세,중상,승용,남,30세,상해없음
2015022300100004,2015년 2월 23일 00시,월요일,부산광역시 연제구 연산동,부상신고사고,0,0,0,1,차대차 - 추돌 - 진행중,안전거리미확보,건조,맑음,단일로 - 기타,승용,남,60세,상해없음,승용,남,44세,부상신고
2015022300100005,2015년 2월 23일 00시,월요일,부산광역시 연제구 거제동,경상사고,0,0,1,0,차대차 - 정면충돌,안전운전불이행,건조,맑음,단일로 - 기타,승용,남,54세,상해없음,승용,남,29세,경상
2015022300100023,2015년 2월 23일 02시,월요일,부산광역시 영도구 청학동,경상사고,0,0,2,0,차대차 - 정면충돌,신호위반,건조,맑음,교차로 - 교차로안,승용,남,20세,상해없음,승용,남,31세,경상
2015022300100042,2015년 2월 23일 06시,월요일,부산광역시 사상구 엄궁동,경상사고,0,0,1,0,차대차 - 측면직각충돌,신호위반,건조,맑음,교차로 - 교차로부근,화물,남,58세,상해없음,승용,여,60세,경상
2015022300100060,2015년 2월 23일 07시,월요일,부산광역시 사상구 주례동,경상사고,0,0,1,0,차대차 - 측면직각충돌,중앙선침범,건조,흐림,단일로 - 기타,승합,남,51세,상해없음,승용,여,30세,경상
2015022300100062,2015년 2월 23일 07시,월요일,부산광역시 사상구 학장동,경상사고,0,0,1,0,차대차 - 측면직각충돌,안전운전불이행,건조,맑음,교차로 - 교차로부근,승합,남,55세,상해없음,자전거,남,44세,경상
2015022300100081,2015년 2월 23일 08시,월요일,부산광역시 부산진구 개금동,경상사고,0,0,1,0,차대차 - 측면직각충돌,안전거리미확보,건조,맑음,단일로 - 기타,승용,남,64세,상해없음,이륜,남,20세,경상
2015022300100082,2015년 2월 23일 08시,월요일,부산광역시 강서구 대저2동,중상사고,0,1,0,0,차대차 - 추돌 - 진행중,안전거리미확보,건조,맑음,단일로 - 기타,승용,여,47세,상해없음,원동기,남,55세,중상
2015022300100143,2015년 2월 23일 11시,월요일,부산광역시 금정구 금사동,부상신고사고,0,0,0,1,차대차 - 추돌 - 진행중,안전거리미확보,건조,맑음,단일로 - 기타,화물,남,48세,상해없음,승용,남,45세,부상신고
2015022300100161,2015년 2월 23일 12시,월요일,부산광역시 강서구 대저1동,중상사고,0,1,0,0,차량단독 - 기타,기타,건조,맑음,단일로 - 기타,승합,남,59세,상해없음,,,,
2015022300100195,2015년 2월 23일 13시,월요일,부산광역시 수영구 민락동,경상사고,0,0,2,0,차대차 - 추돌 - 주정차중,안전운전불이행,건조,맑음,교차로 - 교차로안,승합,남,61세,상해없음,승용,남,37세,경상
2015022300100225,2015년 2월 23일 14시,월요일,부산광역시 동구 범일동,경상사고,0,0,1,0,차대사람 - 기타,안전운전불이행,건조,맑음,단일로 - 기타,승용,남,26세,상해없음,보행자,남,47세,경상
2015022300100226,2015년 2월 23일 14시,월요일,부산광역시 부산진구 범천동,경상사고,0,0,2,0,차대차 - 추돌 - 진행중,안전운전불이행,건조,맑음,교차로 - 교차로부근,승용,여,35세,상해없음,승용,남,29세,경상
2015022300100227,2015년 2월 23일 14시,월요일,부산광역시 사하구 구평동,중상사고,0,1,0,0,차대차 - 기타,안전운전불이행,건조,맑음,교차로 - 교차로안,화물,남,38세,상해없음,승용,남,27세,중상
2015022300100228,2015년 2월 23일 14시,월요일,부산광역시 수영구 망미동,경상사고,0,0,1,1,차대차 - 추돌 - 진행중,안전거리미확보,건조,맑음,단일로 - 기타,승용,남,42세,상해없음,승용,남,43세,부상신고
2015022300100229,2015년 2월 23일 14시,월요일,부산광역시 기장군 일광면,중상사고,0,1,0,0,차대차 - 측면직각충돌,신호위반,건조,맑음,교차로 - 교차로안,승용,남,64세,상해없음,승용,여,47세,중상
2015022300100253,2015년 2월 23일 15시,월요일,부산광역시 금정구 부곡동,중상사고,0,1,0,0,차대사람 - 횡단중,보행자보호의무위반,건조,맑음,교차로 - 교차로안,화물,남,54세,상해없음,보행자,남,18세,중상
2015022300100254,2015년 2월 23일 15시,월요일,부산광역시 사하구 하단동,중상사고,0,1,6,0,차대차 - 기타,안전운전불이행,건조,맑음,단일로 - 기타,화물,남,58세,상해없음,승용,여,48세,경상
2015022300100281,2015년 2월 23일 16시,월요일,부산광역시 북구 구포동,경상사고,0,0,1,0,차대차 - 측면직각충돌,안전운전불이행,건조,맑음,교차로 - 교차로안,화물,남,50세,상해없음,승용,남,70세,경상
2015022300100282,2015년 2월 23일 16시,월요일,부산광역시 사상구 덕포동,부상신고사고,0,0,0,1,차대사람 - 차도통행중,안전운전불이행,건조,맑음,단일로 - 기타,승합,여,48세,상해없음,보행자,남,49세,부상신고
2015022300100304,2015년 2월 23일 17시,월요일,부산광역시 수영구 광안동,사망사고,1,0,0,0,차대사람 - 횡단중,안전운전불이행,건조,맑음,교차로 - 교차로안,화물,남,38세,상해없음,보행자,여,67세,사망
2015022300100305,2015년 2월 23일 17시,월요일,부산광역시 영도구 봉래동3가,경상사고,0,0,1,0,차대차 - 추돌 - 진행중,안전운전불이행,건조,맑음,교차로 - 교차로안,화물,남,66세,상해없음,이륜,남,21세,경상
2015022300100306,2015년 2월 23일 17시,월요일,부산광역시 부산진구 전포동,중상사고,0,2,0,0,차대차 - 기타,중앙선침범,건조,맑음,교차로 - 교차로부근,승용,남,44세,상해없음,원동기,남,55세,중상
2015022300100334,2015년 2월 23일 18시,월요일,부산광역시 수영구 남천동,중상사고,0,1,0,0,차대사람 - 횡단중,안전운전불이행,건조,맑음,교차로 - 교차로부근,화물,남,37세,상해없음,보행자,남,62세,중상
2015022300100372,2015년 2월 23일 19시,월요일,부산광역시 동구 좌천동,중상사고,0,1,4,0,차대차 - 추돌 - 진행중,안전거리미확보,건조,맑음,단일로 - 기타,승합,남,55세,상해없음,승용,남,56세,경상