사고번호,사고일시,요일,시군구,사고내용,사망자수,중상자수,경상자수,부상신고자수,사고유형,법규위반,노면상태,기상상태,도로형태,가해운전자 차종,가해운전자 성별,가해운전자 연령,가해운전자 상해정도,피해운전자 차종,피해운전자 성별,피해운전자 연령,피해운전자 상해정도
2015022300100373,2015년 2월 23일 19시,월요일,부산광역시 남구 대연동,중상사고,0,1,0,0,차대사람 - 횡단중,신호위반,건조,맑음,단일로 - 횡단보도상,이륜,남,26세,상해없음,보행자,여,67세,중상
2015022300100374,2015년 2월 23일 19시,월요일,부산광역시 북구 구포동,중상사고,0,1,0,0,차대사람 - 기타,안전운전불이행,건조,맑음,단일로 - 기타,승용,여,28세,상해없음,보행자,남,74세,중상
2015022300100375,2015년 2월 23일 19시,월요일,부산광역시 동래구 수안동,부상신고사고,0,0,0,1,차대차 - 측면직각충돌,안전운전불이행,건조,맑음,단일로 - 기타,자전거,남,75세,부상신고,승용,남,48세,상해없음
2015022300100409,2015년 2월 23일 20시,월요일,부산광역시 사상구 괘법동,중상사고,0,1,0,0,차대사람 - 길가장자리구역통행중,안전운전불이행,건조,맑음,교차로 - 교차로안,승용,남,57세,상해없음,보행자,여,55세,중상
2015022300100410,2015년 2월 23일 20시,월요일,부산광역시 기장군 기장읍,경상사고,0,0,1,0,차대차 - 추돌 - 진행중,안전운전불이행,건조,맑음,교차로 - 교차로안,승용,남,51세,상해없음,승용,남,29세,경상
2015022300100437,2015년 2월 23일 21시,월요일,부산광역시 남구 문현동,경상사고,0,0,1,0,차대차 - 측면직각충돌,안전운전불이행,건조,맑음,단일로 - 기타,승용,남,58세,상해없음,원동기,남,28세,경상
2015022300100465,2015년 2월 23일 22시,월요일,부산광역시 해운대구 좌동,경상사고,0,0,1,0,차대차 - 측면직각충돌,교차로운행방법위반,건조,맑음,교차로 - 교차로안,승용,여,26세,상해없음,승용,남,63세,상해없음
2015022300100466,2015년 2월 23일 22시,월요일,부산광역시 연제구 거제동,경상사고,0,0,1,0,차대차 - 추돌 - 진행중,안전운전불이행,건조,맑음,단일로 - 기타,승용,남,47세,상해없음,승용,여,51세,경상
2015022300100467,2015년 2월 23일 22시,월요일,부산광역시 사상구 학장동,중상사고,0,1,1,0,차대차 - 측면직각충돌,신호위반,건조,맑음,교차로 - 교차로안,승용,남,51세,상해없음,화물,남,60세,경상
2015022400100007,2015년 2월 24일 00시,화요일,부산광역시 동래구 사직동,경상사고,0,0,1,0,차대차 - 측면직각충돌,교차로운행방법위반,건조,맑음,교차로 - 교차로안,승용,여,50세,상해없음,승용,남,48세,경상
2015022400100016,2015년 2월 24일 01시,화요일,부산광역시 남구 대연동,경상사고,0,0,1,0,차대차 - 기타,신호위반,건조,맑음,교차로 - 교차로안,승합,남,34세,상해없음,승용,남,66세,상해없음
2015022400100088,2015년 2월 24일 08시,화요일,부산광역시 동래구 낙민동,경상사고,0,0,1,0,차대차 - 측면직각충돌,기타,건조,맑음,단일로 - 기타,승합,남,56세,상해없음,원동기,남,28세,상해없음
2015022400100106,2015년 2월 24일 09시,화요일,부산광역시 기장군 기장읍,중상사고,0,1,0,0,차대차 - 추돌 - 진행중,안전운전불이행,건조,맑음,기타 - 기타,승용,남,68세,상해없음,승용,남,22세,상해없음
2015022400100144,2015년 2월 24일 11시,화요일,부산광역시 강서구 명지동,중상사고,0,1,0,0,차대차 - 추돌 - 주정차중,안전운전불이행,건조,맑음,단일로 - 기타,화물,남,34세,상해없음,승용,남,38세,중상
2015022400100145,2015년 2월 24일 11시,화요일,부산광역시 기장군 장안읍,중상사고,0,1,0,0,차대차 - 추돌 - 진행중,안전운전불이행,건조,맑음,기타 - 기타,원동기,남,83세,중상,화물,남,34세,상해없음
2015022400100192,2015년 2월 24일 13시,화요일,부산광역시 남구 문현동,중상사고,0,1,0,2,차대차 - 기타,안전거리미확보,건조,맑음,교차로 - 교차로안,승합,남,24세,상해없음,승용,남,42세,중상
2015022400100193,2015년 2월 24일 13시,화요일,부산광역시 사하구 신평동,경상사고,0,0,2,0,차대차 - 추돌 - 진행중,안전운전불이행,건조,맑음,단일로 - 기타,화물,남,60세,상해없음,승용,여,24세,경상
2015022400100194,2015년 2월 24일 13시,화요일,부산광역시 사상구 학장동,중상사고,0,1,0,0,차대차 - 추돌 - 주정차중,안전거리미확보,건조,맑음,교차로 - 교차로부근,화물,남,46세,상해없음,승용,여,50세,중상
2015022400100226,2015년 2월 24일 14시,화요일,부산광역시 해운대구 재송동,부상신고사고,0,0,0,1,차량단독 - 기타,안전운전불이행,건조,맑음,단일로 - 기타,승합,기타불명,기타불명,기타불명,,,,
2015022400100227,2015년 2월 24일 14시,화요일,부산광역시 사하구 다대동,부상신고사고,0,0,0,2,차대사람 - 기타,안전운전불이행,건조,맑음,단일로 - 기타,화물,남,52세,상해없음,보행자,남,60세,부상신고
2015022400100228,2015년 2월 24일 14시,화요일,부산광역시 사상구 모라동,부상신고사고,0,0,0,1,차대차 - 추돌 - 진행중,안전운전불이행,건조,맑음,교차로 - 교차로안,원동기,남,64세,부상신고,승용,남,44세,상해없음
2015022400100253,2015년 2월 24일 15시,화요일,부산광역시 해운대구 중동,경상사고,0,0,1,0,차대차 - 추돌 - 진행중,안전거리미확보,건조,맑음,단일로 - 기타,이륜,남,50세,상해없음,이륜,남,42세,기타불명
2015022400100254,2015년 2월 24일 15시,화요일,부산광역시 연제구 연산동,중상사고,0,1,0,0,차대차 - 측면직각충돌,교차로운행방법위반,건조,맑음,교차로 - 교차로안,승용,남,47세,상해없음,이륜,남,62세,중상
2015022400100286,2015년 2월 24일 16시,화요일,부산광역시 동래구 온천동,경상사고,0,0,1,0,차대차 - 정면충돌,중앙선침범,건조,맑음,단일로 - 기타,자전거,남,79세,경상,승용,여,35세,상해없음
2015022400100287,2015년 2월 24일 16시,화요일,부산광역시 영도구 청학동,경상사고,0,0,1,0,차대사람 - 기타,안전운전불이행,건조,맑음,단일로 - 기타,승용,남,31세,상해없음,보행자,남,64세,경상
2015022400100288,2015년 2월 24일 16시,화요일,부산광역시 사하구 괴정동,경상사고,0,0,1,1,차대차 - 기타,중앙선침범,건조,맑음,단일로 - 기타,승용,남,30세,상해없음,승용,남,52세,부상신고
2015022400100289,2015년 2월 24일 16시,화요일,부산광역시 사하구 하단동,경상사고,0,0,1,0,차대차 - 추돌 - 주정차중,안전운전불이행,건조,맑음,단일로 - 기타,승합,여,51세,상해없음,화물,남,51세,상해없음
2015022400100323,2015년 2월 24일 17시,화요일,부산광역시 북구 덕천동,중상사고,0,1,0,0,차대사람 - 횡단중,보행자보호의무위반,건조,맑음,단일로 - 기타,승용,여,22세,상해없음,보행자,여,46세,중상
2015022400100349,2015년 2월 24일 18시,화요일,부산광역시 동래구 온천동,중상사고,0,1,0,0,차대사람 - 횡단중,보행자보호의무위반,건조,맑음,교차로 - 교차로부근,승용,남,55세,상해없음,보행자,여,72세,중상
2015022400100350,2015년 2월 24일 18시,화요일,부산광역시 해운대구 재송동,중상사고,0,1,0,0,차대차 - 기타,안전운전불이행,건조,맑음,단일로 - 기타,승용,남,60세,상해없음,자전거,남,54세,중상
2015022400100351,2015년 2월 24일 18시,화요일,부산광역시 부산진구 연지동,경상사고,0,0,1,0,차대사람 - 횡단중,보행자보호의무위반,건조,맑음,단일로 - 횡단보도상,이륜,기타불명,기타불명,기타불명,보행자,여,20세,경상
2015022400100352,2015년 2월 24일 18시,화요일,부산광역시 사상구 감전동,경상사고,0,0,1,0,차량단독 - 기타,안전운전불이행,건조,맑음,단일로 - 기타,승합,남,37세,상해없음,,,,
2015022400100392,2015년 2월 24일 19시,화요일,부산광역시 동구 좌천동,경상사고,0,0,2,0,차대차 - 추돌 - 주정차중,안전운전불이행,건조,맑음,단일로 - 기타,승용,남,61세,상해없음,승용,남,54세,경상
2015022400100393,2015년 2월 24일 19시,화요일,부산광역시 해운대구 반송동,경상사고,0,0,1,0,차대차 - 기타,기타,건조,맑음,단일로 - 기타,승용,남,58세,상해없음,이륜,남,17세,경상
2015022400100394,2015년 2월 24일 19시,화요일,부산광역시 부산진구 가야동,중상사고,0,2,0,0,차대차 - 추돌 - 진행중,안전운전불이행,건조,맑음,교차로 - 교차로부근,승용,남,59세,상해없음,승용,남,28세,중상
2015022400100454,2015년 2월 24일 21시,화요일,부산광역시 기장군 기장읍,중상사고,0,1,0,0,차대사람 - 횡단중,안전운전불이행,건조,맑음,교차로 - 교차로안,승용,남,66세,상해없음,보행자,남,48세,중상
2015022400100489,2015년 2월 24일 22시,화요일,부산광역시 남구 대연동,중상사고,0,1,0,0,차대사람 - 길가장자리구역통행중,안전운전불이행,건조,맑음,단일로 - 기타,승용,남,24세,상해없음,보행자,남,31세,중상
2015022500100005,2015년 2월 25일 00시,수요일,부산광역시 해운대구 재송동,중상사고,0,4,1,0,차대차 - 추돌 - 진행중,안전거리미확보,건조,맑음,단일로 - 기타,승용,남,63세,기타불명,승용,남,23세,상해없음
2015022500100021,2015년 2월 25일 01시,수요일,부산광역시 금정구 구서동,경상사고,0,0,1,0,차대차 - 기타,차로위반,건조,맑음,미분류 - 미분류,승용,여,31세,상해없음,승용,남,60세,경상
2015022500100037,2015년 2월 25일 03시,수요일,부산광역시 동래구 온천동,중상사고,0,1,0,0,차대차 - 측면직각충돌,과속,건조,맑음,단일로 - 터널,승용,남,25세,상해없음,이륜,남,29세,중상
2015022500100045,2015년 2월 25일 04시,수요일,부산광역시 동구 초량동,부상신고사고,0,0,0,1,차대사람 - 기타,안전운전불이행,건조,맑음,단일로 - 기타,승용,남,25세,상해없음,보행자,남,29세,부상신고
2015022500100055,2015년 2월 25일 05시,수요일,부산광역시 수영구 남천동,경상사고,0,0,2,0,차대차 - 측면직각충돌,안전운전불이행,건조,맑음,단일로 - 기타,승용,남,48세,상해없음,이륜,남,18세,경상
2015022500100071,2015년 2월 25일 07시,수요일,부산광역시 서구 남부민동,경상사고,0,0,2,0,차대차 - 정면충돌,안전운전불이행,건조,맑음,교차로 - 교차로안,승용,남,56세,상해없음,원동기,남,44세,경상
2015022500100072,2015년 2월 25일 07시,수요일,부산광역시 해운대구 재송동,경상사고,0,0,2,0,차대차 - 측면직각충돌,교차로운행방법위반,건조,맑음,교차로 - 교차로안,화물,남,49세,상해없음,승용,여,31세,경상
2015022500100073,2015년 2월 25일 07시,수요일,부산광역시 강서구 명지동,중상사고,0,3,0,0,차대차 - 측면직각충돌,안전운전불이행,건조,맑음,교차로 - 교차로부근,특수,남,51세,상해없음,화물,남,60세,중상
2015022500100093,2015년 2월 25일 08시,수요일,부산광역시 강서구 대저1동,경상사고,0,0,2,0,차대차 - 추돌 - 진행중,안전운전불이행,건조,맑음,단일로 - 기타,승용,여,33세,상해없음,승합,남,43세,경상
2015022500100147,2015년 2월 25일 10시,수요일,부산광역시 기장군 장안읍,중상사고,0,1,0,0,차대차 - 측면직각충돌,교차로운행방법위반,건조,맑음,교차로 - 교차로안,승용,남,43세,상해없음,승용,남,60세,중상
2015022500100178,2015년 2월 25일 11시,수요일,부산광역시 동래구 온천동,경상사고,0,0,1,0,차대차 - 측면직각충돌,신호위반,건조,맑음,교차로 - 교차로안,승합,남,73세,상해없음,이륜,남,64세,경상
2015022500100202,2015년 2월 25일 12시,수요일,부산광역시 금정구 부곡동,경상사고,0,0,1,0,차대차 - 측면직각충돌,기타,건조,맑음,교차로 - 교차로안,화물,남,50세,상해없음,이륜,남,25세,경상
2015022500100203,2015년 2월 25일 12시,수요일,부산광역시 사하구 괴정동,중상사고,0,1,0,0,차대사람 - 기타,안전운전불이행,건조,맑음,단일로 - 기타,승용,남,24세,상해없음,보행자,여,62세,중상
2015022500100225,2015년 2월 25일 13시,수요일,부산광역시 남구 용당동,부상신고사고,0,0,0,1,차대차 - 추돌 - 진행중,교차로운행방법위반,건조,맑음,교차로 - 교차로안,화물,남,56세,상해없음,원동기,남,23세,부상신고
2015022500100248,2015년 2월 25일 14시,수요일,부산광역시 동래구 온천동,경상사고,0,0,1,0,차대차 - 측면직각충돌,안전거리미확보,건조,맑음,단일로 - 기타,승용,여,36세,상해없음,이륜,남,38세,경상
2015022500100288,2015년 2월 25일 15시,수요일,부산광역시 북구 구포동,중상사고,0,1,0,0,차대사람 - 횡단중,안전운전불이행,건조,맑음,교차로 - 교차로안,화물,남,44세,상해없음,보행자,여,42세,중상
2015022500100313,2015년 2월 25일 16시,수요일,부산광역시 중구 중앙동4가,경상사고,0,0,1,0,차대차 - 측면직각충돌,안전운전불이행,건조,맑음,단일로 - 기타,승용,남,70세,상해없음,승용,남,59세,경상
2015022500100335,2015년 2월 25일 17시,수요일,부산광역시 중구 부평동1가,경상사고,0,0,1,0,차대차 - 측면직각충돌,교차로운행방법위반,건조,맑음,교차로 - 교차로안,승용,남,45세,상해없음,이륜,남,40세,경상
2015022500100373,2015년 2월 25일 18시,수요일,부산광역시 동래구 안락동,경상사고,0,0,1,0,차대사람 - 횡단중,안전운전불이행,건조,맑음,단일로 - 기타,기타불명,기타불명,기타불명,기타불명,보행자,남,15세,경상
2015022500100374,2015년 2월 25일 18시,수요일,부산광역시 금정구 구서동,경상사고,0,0,1,0,차대차 - 추돌 - 진행중,안전운전불이행,건조,맑음,교차로 - 교차로안,승용,남,49세,상해없음,승용,남,67세,경상
2015022500100410,2015년 2월 25일 19시,수요일,부산광역시 수영구 남천동,경상사고,0,0,1,0,차대차 - 추돌 - 진행중,안전거리미확보,건조,맑음,단일로 - 기타,승용,여,32세,상해없음,승용,남,56세,경상
2015022500100411,2015년 2월 25일 19시,수요일,부산광역시 사하구 하단동,경상사고,0,0,1,0,차대차 - 측면직각충돌,안전운전불이행,건조,맑음,단일로 - 기타,화물,남,46세,상해없음,승용,남,28세,경상
2015022500100412,2015년 2월 25일 19시,수요일,부산광역시 기장군 정관면,중상사고,0,1,0,0,차대차 - 추돌 - 진행중,안전운전불이행,건조,맑음,기타 - 기타,승용,남,48세,상해없음,원동기,남,27세,중상
2015022500100443,2015년 2월 25일 20시,수요일,부산광역시 연제구 연산동,경상사고,0,0,1,0,차대차 - 추돌 - 진행중,안전거리미확보,건조,맑음,단일로 - 기타,승용,남,50세,상해없음,승용,남,33세,경상
2015022500100444,2015년 2월 25일 20시,수요일,부산광역시 사상구 모라동,경상사고,0,0,1,1,차대차 - 측면직각충돌,교차로운행방법위반,건조,맑음,교차로 - 교차로안,승용,남,47세,경상,승용,남,60세,부상신고
2015022500100445,2015년 2월 25일 20시,수요일,부산광역시 사상구 괘법동,경상사고,0,0,1,0,차대차 - 추돌 - 진행중,안전운전불이행,건조,맑음,단일로 - 기타,승용,여,27세,상해없음,원동기,남,53세,경상
2015022500100468,2015년 2월 25일 21시,수요일,부산광역시 동래구 온천동,중상사고,0,1,0,0,차대사람 - 횡단중,안전운전불이행,건조,맑음,교차로 - 교차로부근,승용,남,20세,상해없음,보행자,여,64세,중상
2015022500100469,2015년 2월 25일 21시,수요일,부산광역시 사상구 모라동,중상사고,0,1,0,0,차대차 - 측면직각충돌,안전운전불이행,건조,맑음,교차로 - 교차로부근,승용,남,51세,기타불명,승용,남,33세,중상
2015022500100505,2015년 2월 25일 22시,수요일,부산광역시 부산진구 가야동,경상사고,0,0,2,0,차대차 - 측면직각충돌,안전거리미확보,건조,맑음,단일로 - 기타,승용,남,22세,상해없음,승용,남,57세,경상
2015022500100533,2015년 2월 25일 23시,수요일,부산광역시 강서구 범방동,중상사고,0,2,0,0,차대차 - 추돌 - 주정차중,안전운전불이행,건조,맑음,교차로 - 교차로부근,승용,남,32세,중상,특수,남,47세,상해없음
2015022600100006,2015년 2월 26일 00시,목요일,부산광역시 해운대구 반여동,경상사고,0,0,1,0,차대차 - 측면직각충돌,안전거리미확보,건조,맑음,단일로 - 기타,승용,남,50세,상해없음,승용,남,62세,경상
2015022600100031,2015년 2월 26일 01시,목요일,부산광역시 해운대구 우동,중상사고,0,1,0,0,차대차 - 측면직각충돌,안전운전불이행,건조,기타,교차로 - 교차로부근,승용,남,33세,상해없음,승용,남,38세,중상
2015022600100032,2015년 2월 26일 01시,목요일,부산광역시 부산진구 부전동,중상사고,0,1,0,0,차대차 - 기타,중앙선침범,건조,맑음,단일로 - 기타,승용,남,65세,상해없음,이륜,남,43세,중상
2015022600100052,2015년 2월 26일 03시,목요일,부산광역시 동구 초량동,중상사고,0,1,1,0,차대차 - 측면직각충돌,신호위반,건조,맑음,교차로 - 교차로안,원동기,남,16세,경상,승용,남,59세,상해없음
2015022600100053,2015년 2월 26일 03시,목요일,부산광역시 부산진구 범천동,중상사고,0,1,0,0,차대차 - 측면직각충돌,안전거리미확보,건조,맑음,단일로 - 기타,승용,남,41세,중상,승용,남,60세,상해없음
2015022600100054,2015년 2월 26일 03시,목요일,부산광역시 사상구 괘법동,경상사고,0,0,2,3,차대차 - 측면직각충돌,교차로운행방법위반,건조,맑음,단일로 - 기타,승용,남,19세,부상신고,승용,남,25세,경상
2015022600100069,2015년 2월 26일 05시,목요일,부산광역시 부산진구 개금동,중상사고,0,1,0,0,차대차 - 기타,신호위반,건조,맑음,단일로 - 기타,승용,남,50세,상해없음,이륜,남,23세,중상
2015022600100080,2015년 2월 26일 06시,목요일,부산광역시 북구 덕천동,중상사고,0,1,0,0,차대사람 - 횡단중,신호위반,건조,맑음,교차로 - 교차로안,승용,남,52세,상해없음,보행자,남,65세,중상
2015022600100097,2015년 2월 26일 07시,목요일,부산광역시 영도구 대교동1가,중상사고,0,1,0,0,차대사람 - 기타,안전운전불이행,건조,맑음,교차로 - 교차로안,승합,남,40세,상해없음,보행자,여,55세,중상
2015022600100098,2015년 2월 26일 07시,목요일,부산광역시 강서구 명지동,경상사고,0,0,4,0,차대차 - 측면직각충돌,신호위반,건조,맑음,단일로 - 기타,승용,남,40세,상해없음,승용,남,40세,경상
2015022600100119,2015년 2월 26일 08시,목요일,부산광역시 강서구 명지동,경상사고,0,0,1,0,차대차 - 추돌 - 주정차중,안전운전불이행,건조,맑음,교차로 - 교차로부근,승용,남,61세,상해없음,승용,여,46세,경상
2015022600100158,2015년 2월 26일 10시,목요일,부산광역시 사상구 감전동,중상사고,0,1,0,0,차대차 - 추돌 - 진행중,안전운전불이행,건조,맑음,단일로 - 기타,승용,남,43세,상해없음,이륜,남,42세,중상
2015022600100183,2015년 2월 26일 11시,목요일,부산광역시 서구 동대신동2가,중상사고,0,1,0,0,차대차 - 추돌 - 진행중,안전운전불이행,건조,맑음,단일로 - 기타,화물,남,45세,상해없음,승용,여,52세,중상
2015022600100184,2015년 2월 26일 11시,목요일,부산광역시 동래구 온천동,중상사고,0,1,0,0,차대사람 - 횡단중,보행자보호의무위반,건조,맑음,교차로 - 교차로부근,승용,남,35세,상해없음,보행자,여,63세,중상
2015022600100185,2015년 2월 26일 11시,목요일,부산광역시 금정구 서동,중상사고,0,1,0,0,차대사람 - 길가장자리구역통행중,안전운전불이행,건조,맑음,단일로 - 기타,화물,남,28세,상해없음,보행자,남,84세,중상
2015022600100229,2015년 2월 26일 13시,목요일,부산광역시 해운대구 우동,경상사고,0,0,1,0,차대차 - 기타,안전운전불이행,건조,맑음,단일로 - 횡단보도상,승용,남,68세,상해없음,자전거,남,23세,경상
2015022600100230,2015년 2월 26일 13시,목요일,부산광역시 금정구 남산동,중상사고,0,1,0,1,차대사람 - 횡단중,안전운전불이행,건조,맑음,단일로 - 기타,원동기,남,51세,부상신고,보행자,여,79세,중상
2015022600100263,2015년 2월 26일 14시,목요일,부산광역시 동래구 온천동,중상사고,0,1,0,0,차대차 - 측면직각충돌,안전거리미확보,건조,맑음,단일로 - 기타,승용,여,25세,상해없음,승용,남,27세,중상
2015022600100291,2015년 2월 26일 15시,목요일,부산광역시 영도구 영선동4가,중상사고,0,2,0,0,차대차 - 추돌 - 진행중,안전운전불이행,건조,맑음,기타 - 기타,승용,남,72세,상해없음,승용,남,29세,중상
2015022600100319,2015년 2월 26일 16시,목요일,부산광역시 동구 수정동,경상사고,0,0,1,0,차대차 - 측면직각충돌,신호위반,건조,맑음,교차로 - 교차로안,승합,여,55세,상해없음,승용,남,42세,경상
2015022600100320,2015년 2월 26일 16시,목요일,부산광역시 남구 용당동,경상사고,0,0,1,0,차대차 - 측면직각충돌,교차로운행방법위반,건조,맑음,교차로 - 교차로안,화물,남,50세,상해없음,승용,여,30세,경상
2015022600100321,2015년 2월 26일 16시,목요일,부산광역시 부산진구 부암동,중상사고,0,1,0,0,차대사람 - 기타,안전운전불이행,건조,맑음,교차로 - 교차로안,승용,남,40세,상해없음,보행자,남,10세,중상
2015022600100456,2015년 2월 26일 20시,목요일,부산광역시 해운대구 중동,경상사고,0,0,2,0,차대차 - 기타,안전운전불이행,건조,맑음,교차로 - 교차로부근,승용,남,55세,상해없음,승용,남,26세,경상
2015022600100457,2015년 2월 26일 20시,목요일,부산광역시 사상구 삼락동,경상사고,0,0,2,0,차대차 - 측면직각충돌,안전거리미확보,건조,맑음,단일로 - 기타,승용,남,46세,상해없음,승용,남,57세,경상
2015022600100488,2015년 2월 26일 21시,목요일,부산광역시 서구 서대신동3가,경상사고,0,0,1,0,차대차 - 측면직각충돌,중앙선침범,건조,맑음,단일로 - 기타,승용,남,22세,상해없음,이륜,남,24세,경상
2015022600100489,2015년 2월 26일 21시,목요일,부산광역시 동래구 수안동,중상사고,0,1,0,0,차대차 - 측면직각충돌,안전거리미확보,건조,맑음,단일로 - 기타,승용,남,43세,상해없음,승용,남,40세,중상
2015022600100490,2015년 2월 26일 21시,목요일,부산광역시 해운대구 송정동,중상사고,0,1,0,0,차대사람 - 횡단중,안전운전불이행,건조,흐림,교차로 - 교차로부근,승용,남,50세,상해없음,보행자,여,37세,중상
2015022600100491,2015년 2월 26일 21시,목요일,부산광역시 해운대구 우동,경상사고,0,0,2,1,차대차 - 기타,신호위반,건조,맑음,교차로 - 교차로안,원동기,남,18세,부상신고,승용,남,41세,경상
2015022600100492,2015년 2월 26일 21시,목요일,부산광역시 금정구 서동,경상사고,0,0,1,0,차대사람 - 차도통행중,안전운전불이행,건조,맑음,교차로 - 교차로안,승용,남,56세,상해없음,보행자,남,61세,경상
2015022600100507,2015년 2월 26일 22시,목요일,부산광역시 서구 부민동1가,중상사고,0,1,0,0,차대사람 - 횡단중,안전운전불이행,건조,맑음,단일로 - 기타,승용,남,31세,상해없음,보행자,남,46세,중상
2015022600100508,2015년 2월 26일 22시,목요일,부산광역시 해운대구 반여동,중상사고,0,1,0,0,차대차 - 기타,차로위반,기타,맑음,단일로 - 기타,승용,남,52세,상해없음,이륜,남,18세,중상
2015022600100509,2015년 2월 26일 22시,목요일,부산광역시 금정구 구서동,중상사고,0,2,0,0,차대사람 - 차도통행중,안전운전불이행,건조,맑음,단일로 - 기타,승용,남,47세,상해없음,보행자,여,59세,중상
2015022600100510,2015년 2월 26일 22시,목요일,부산광역시 강서구 봉림동,중상사고,0,1,0,0,차량단독 - 공작물충돌,안전운전불이행,건조,맑음,교차로 - 교차로안,이륜,남,18세,기타불명,,,,
2015022600100540,2015년 2월 26일 23시,목요일,부산광역시 동구 범일동,경상사고,0,0,2,0,차대차 - 기타,교차로운행방법위반,건조,맑음,교차로 - 교차로안,승용,남,31세,상해없음,승용,남,40세,경상
2015022600100541,2015년 2월 26일 23시,목요일,부산광역시 강서구 송정동,중상사고,0,1,0,0,차대차 - 측면직각충돌,신호위반,건조,맑음,교차로 - 교차로안,승용,남,62세,상해없음,승용,남,23세,중상
2015022600100542,2015년 2월 26일 23시,목요일,부산광역시 강서구 강동동,중상사고,0,2,0,0,차대차 - 추돌 - 진행중,안전운전불이행,건조,맑음,단일로 - 기타,승합,남,47세,상해없음,승용,남,52세,중상
2015022700100037,2015년 2월 27일 02시,금요일,부산광역시 사하구 하단동,경상사고,0,0,1,0,차대사람 - 기타,안전운전불이행,건조,맑음,단일로 - 기타,승용,남,36세,상해없음,보행자,남,34세,경상
2015022700100050,2015년 2월 27일 03시,금요일,부산광역시 중구 대청동1가,경상사고,0,0,1,0,차대차 - 추돌 - 주정차중,안전운전불이행,건조,맑음,단일로 - 기타,승용,남,36세,상해없음,승용,여,34세,경상
2015022700100051,2015년 2월 27일 03시,금요일,부산광역시 해운대구 중동,중상사고,0,1,0,0,차대사람 - 기타,안전운전불이행,건조,맑음,단일로 - 기타,승용,남,19세,상해없음,보행자,여,19세,중상
2015022700100079,2015년 2월 27일 06시,금요일,부산광역시 수영구 망미동,부상신고사고,0,0,0,1,차대사람 - 횡단중,신호위반,건조,맑음,단일로 - 횡단보도상,화물,기타불명,기타불명,기타불명,보행자,여,56세,부상신고
2015022700100106,2015년 2월 27일 08시,금요일,부산광역시 해운대구 재송동,중상사고,0,1,0,0,차대차 - 기타,안전운전불이행,기타,맑음,단일로 - 기타,승용,남,64세,상해없음,승용,남,52세,중상
2015022700100107,2015년 2월 27일 08시,금요일,부산광역시 해운대구 우동,경상사고,0,0,1,0,차대차 - 추돌 - 진행중,안전거리미확보,건조,맑음,단일로 - 기타,승용,남,28세,상해없음,화물,남,44세,경상
2015022700100108,2015년 2월 27일 08시,금요일,부산광역시 금정구 부곡동,경상사고,0,0,1,0,차대차 - 측면직각충돌,교차로운행방법위반,건조,맑음,교차로 - 교차로안,화물,남,40세,상해없음,승용,여,42세,경상
2015022700100133,2015년 2월 27일 09시,금요일,부산광역시 금정구 남산동,경상사고,0,0,1,0,차대차 - 측면직각충돌,중앙선침범,건조,맑음,교차로 - 교차로안,화물,남,45세,상해없음,승용,남,57세,경상
2015022700100153,2015년 2월 27일 10시,금요일,부산광역시 연제구 연산동,경상사고,0,0,1,0,차대차 - 측면직각충돌,교차로운행방법위반,건조,맑음,교차로 - 교차로안,화물,남,46세,상해없음,승용,남,37세,경상
2015022700100179,2015년 2월 27일 11시,금요일,부산광역시 서구 서대신동2가,경상사고,0,0,1,0,차대사람 - 보도통행중,신호위반,건조,맑음,단일로 - 기타,승용,남,68세,상해없음,보행자,여,47세,경상
2015022700100181,2015년 2월 27일 11시,금요일,부산광역시 동래구 사직동,경상사고,0,0,1,0,차대차 - 추돌 - 진행중,안전거리미확보,건조,맑음,단일로 - 기타,승합,여,52세,상해없음,승용,남,78세,경상
2015022700100208,2015년 2월 27일 12시,금요일,부산광역시 해운대구 좌동,경상사고,0,0,1,0,차대차 - 측면직각충돌,안전운전불이행,건조,맑음,단일로 - 기타,승용,여,30세,상해없음,승용,여,53세,경상
2015022700100209,2015년 2월 27일 12시,금요일,부산광역시 해운대구 좌동,중상사고,0,1,0,0,차량단독 - 기타,안전운전불이행,건조,맑음,단일로 - 기타,승합,남,49세,상해없음,,,,
2015022700100233,2015년 2월 27일 13시,금요일,부산광역시 부산진구 당감동,중상사고,0,1,1,0,차대차 - 기타,안전거리미확보,건조,맑음,단일로 - 기타,승용,남,43세,중상,승용,여,49세,경상
2015022700100234,2015년 2월 27일 13시,금요일,부산광역시 금정구 남산동,경상사고,0,0,1,0,차대사람 - 횡단중,보행자보호의무위반,건조,맑음,교차로 - 교차로부근,화물,남,60세,상해없음,보행자,여,61세,경상
2015022700100266,2015년 2월 27일 14시,금요일,부산광역시 해운대구 재송동,중상사고,0,1,1,0,차대차 - 기타,안전운전불이행,기타,맑음,단일로 - 기타,승용,남,72세,상해없음,승용,남,48세,상해없음
2015022700100338,2015년 2월 27일 16시,금요일,부산광역시 사하구 다대동,중상사고,0,1,0,0,차대차 - 기타,안전운전불이행,건조,맑음,단일로 - 기타,이륜,남,49세,중상,승용,남,29세,상해없음
2015022700100371,2015년 2월 27일 17시,금요일,부산광역시 금정구 부곡동,경상사고,0,0,1,0,차대차 - 기타,교차로운행방법위반,건조,맑음,교차로 - 교차로안,자전거,남,21세,경상,화물,남,59세,상해없음