사고번호,사고일시,요일,시군구,사고내용,사망자수,중상자수,경상자수,부상신고자수,사고유형,법규위반,노면상태,기상상태,도로형태,가해운전자 차종,가해운전자 성별,가해운전자 연령,가해운전자 상해정도,피해운전자 차종,피해운전자 성별,피해운전자 연령,피해운전자 상해정도
2015030300100306,2015년 3월 3일 16시,화요일,부산광역시 사하구 감천동,중상사고,0,1,0,0,차대차 - 측면직각충돌,직진우회전진행방해,습기,비,교차로 - 교차로안,승용,여,34세,상해없음,자전거,남,16세,중상
2015030300100338,2015년 3월 3일 17시,화요일,부산광역시 수영구 광안동,경상사고,0,0,1,0,차대차 - 측면직각충돌,안전운전불이행,건조,흐림,단일로 - 기타,승용,여,58세,상해없음,자전거,여,81세,경상
2015030300100339,2015년 3월 3일 17시,화요일,부산광역시 사하구 하단동,중상사고,0,1,0,0,차대사람 - 횡단중,안전운전불이행,습기,흐림,단일로 - 횡단보도상,승용,남,62세,상해없음,보행자,남,45세,중상
2015030300100340,2015년 3월 3일 17시,화요일,부산광역시 사상구 학장동,경상사고,0,0,1,0,차대차 - 측면직각충돌,신호위반,건조,맑음,교차로 - 교차로안,승용,여,51세,상해없음,화물,남,49세,경상
2015030300100377,2015년 3월 3일 18시,화요일,부산광역시 남구 대연동,중상사고,0,1,0,0,차대사람 - 횡단중,신호위반,건조,맑음,단일로 - 기타,승용,여,62세,상해없음,보행자,여,25세,중상
2015030300100378,2015년 3월 3일 18시,화요일,부산광역시 남구 대연동,중상사고,0,1,0,0,차대사람 - 횡단중,안전운전불이행,건조,맑음,단일로 - 기타,승용,남,58세,상해없음,보행자,남,29세,중상
2015030300100379,2015년 3월 3일 18시,화요일,부산광역시 북구 덕천동,경상사고,0,0,1,0,차대차 - 측면직각충돌,안전거리미확보,건조,맑음,단일로 - 기타,승합,남,32세,상해없음,원동기,남,42세,경상
2015030300100380,2015년 3월 3일 18시,화요일,부산광역시 부산진구 양정동,중상사고,0,1,0,0,차대차 - 측면직각충돌,안전운전불이행,건조,맑음,단일로 - 기타,승합,남,50세,상해없음,원동기,남,71세,중상
2015030300100381,2015년 3월 3일 18시,화요일,부산광역시 연제구 거제동,경상사고,0,0,1,1,차대차 - 추돌 - 주정차중,안전거리미확보,건조,맑음,단일로 - 기타,승용,남,25세,경상,승용,남,40세,상해없음
2015030300100382,2015년 3월 3일 18시,화요일,부산광역시 사상구 삼락동,경상사고,0,0,1,0,차대차 - 측면직각충돌,교차로운행방법위반,건조,맑음,단일로 - 기타,특수,남,30세,상해없음,승용,남,45세,경상
2015030300100383,2015년 3월 3일 18시,화요일,부산광역시 금정구 노포동,경상사고,0,0,1,0,차대차 - 기타,안전운전불이행,건조,맑음,단일로 - 기타,승용,남,42세,상해없음,승용,남,43세,경상
2015030300100473,2015년 3월 3일 20시,화요일,부산광역시 연제구 거제동,경상사고,0,0,2,0,차대차 - 추돌 - 주정차중,안전운전불이행,습기,비,교차로 - 교차로부근,원동기,남,40세,상해없음,승용,여,46세,경상
2015030300100500,2015년 3월 3일 21시,화요일,부산광역시 해운대구 중동,중상사고,0,1,0,0,차대차 - 기타,신호위반,건조,맑음,교차로 - 교차로부근,승용,남,55세,상해없음,이륜,남,51세,중상
2015030300100535,2015년 3월 3일 22시,화요일,부산광역시 해운대구 반여동,중상사고,0,1,0,0,차대차 - 추돌 - 주정차중,안전운전불이행,습기,기타,단일로 - 기타,화물,남,42세,상해없음,이륜,남,57세,중상
2015030300100569,2015년 3월 3일 23시,화요일,부산광역시 서구 아미동2가,중상사고,0,1,0,0,차량단독 - 공작물충돌,안전운전불이행,건조,맑음,단일로 - 기타,승용,남,59세,중상,,,,
2015030300100570,2015년 3월 3일 23시,화요일,부산광역시 북구 덕천동,경상사고,0,0,1,0,차대차 - 측면직각충돌,중앙선침범,건조,흐림,단일로 - 기타,승용,남,19세,상해없음,승용,여,37세,경상
2015030400100004,2015년 3월 4일 00시,수요일,부산광역시 남구 대연동,경상사고,0,0,1,0,차대차 - 측면직각충돌,안전운전불이행,건조,맑음,단일로 - 기타,승용,남,63세,상해없음,승용,남,50세,경상
2015030400100005,2015년 3월 4일 00시,수요일,부산광역시 강서구 명지동,중상사고,0,1,0,0,차대차 - 측면직각충돌,신호위반,건조,맑음,교차로 - 교차로안,승합,여,19세,상해없음,승용,남,43세,상해없음
2015030400100018,2015년 3월 4일 01시,수요일,부산광역시 해운대구 좌동,경상사고,0,0,2,0,차대차 - 기타,안전운전불이행,건조,맑음,교차로 - 교차로부근,승용,남,22세,상해없음,승용,남,37세,경상
2015030400100029,2015년 3월 4일 02시,수요일,부산광역시 부산진구 부전동,경상사고,0,0,1,0,차대사람 - 길가장자리구역통행중,안전운전불이행,건조,맑음,단일로 - 기타,승용,남,59세,상해없음,보행자,여,26세,경상
2015030400100035,2015년 3월 4일 03시,수요일,부산광역시 동구 초량동,경상사고,0,0,1,0,차대차 - 추돌 - 주정차중,안전거리미확보,건조,맑음,단일로 - 기타,승용,남,68세,상해없음,승용,남,58세,경상
2015030400100045,2015년 3월 4일 04시,수요일,부산광역시 해운대구 좌동,부상신고사고,0,0,0,1,차량단독 - 공작물충돌,안전운전불이행,건조,맑음,단일로 - 기타,승합,남,48세,부상신고,,,,
2015030400100046,2015년 3월 4일 04시,수요일,부산광역시 사상구 주례동,중상사고,0,1,0,0,차대차 - 측면직각충돌,안전거리미확보,건조,맑음,교차로 - 교차로부근,승용,여,55세,상해없음,승용,남,58세,중상
2015030400100061,2015년 3월 4일 06시,수요일,부산광역시 북구 만덕동,중상사고,0,1,0,0,차대사람 - 횡단중,안전운전불이행,건조,맑음,단일로 - 기타,화물,남,59세,상해없음,보행자,여,24세,중상
2015030400100071,2015년 3월 4일 07시,수요일,부산광역시 동구 초량동,경상사고,0,0,1,0,차대사람 - 횡단중,안전운전불이행,건조,맑음,교차로 - 교차로안,승용,기타불명,기타불명,기타불명,보행자,여,54세,경상
2015030400100072,2015년 3월 4일 07시,수요일,부산광역시 사하구 구평동,중상사고,0,1,0,0,차대차 - 기타,안전운전불이행,건조,맑음,단일로 - 기타,승용,남,66세,상해없음,원동기,남,58세,중상
2015030400100073,2015년 3월 4일 07시,수요일,부산광역시 사하구 괴정동,경상사고,0,0,1,0,차대사람 - 횡단중,안전운전불이행,건조,맑음,단일로 - 횡단보도상,승용,남,32세,상해없음,보행자,여,56세,경상
2015030400100074,2015년 3월 4일 07시,수요일,부산광역시 연제구 연산동,경상사고,0,0,2,0,차대차 - 측면직각충돌,안전거리미확보,건조,맑음,단일로 - 기타,승용,남,28세,상해없음,승용,남,39세,경상
2015030400100075,2015년 3월 4일 07시,수요일,부산광역시 기장군 정관면,부상신고사고,0,0,0,1,차대차 - 측면직각충돌,직진우회전진행방해,건조,맑음,교차로 - 교차로안,원동기,남,18세,부상신고,승용,남,44세,상해없음
2015030400100106,2015년 3월 4일 08시,수요일,부산광역시 해운대구 재송동,중상사고,0,1,0,0,차대사람 - 횡단중,신호위반,건조,맑음,교차로 - 교차로안,승용,여,24세,상해없음,보행자,여,39세,중상
2015030400100107,2015년 3월 4일 08시,수요일,부산광역시 사상구 덕포동,중상사고,0,1,0,0,차대사람 - 길가장자리구역통행중,안전운전불이행,건조,맑음,단일로 - 기타,승합,남,33세,상해없음,보행자,남,9세,중상
2015030400100147,2015년 3월 4일 09시,수요일,부산광역시 중구 보수동1가,중상사고,0,1,0,0,차대차 - 측면직각충돌,불법유턴,건조,맑음,단일로 - 기타,승용,여,39세,상해없음,이륜,남,36세,중상
2015030400100148,2015년 3월 4일 09시,수요일,부산광역시 영도구 대교동1가,경상사고,0,0,1,0,차대차 - 추돌 - 주정차중,안전운전불이행,건조,맑음,단일로 - 기타,승용,남,62세,상해없음,원동기,남,26세,경상
2015030400100174,2015년 3월 4일 10시,수요일,부산광역시 금정구 서동,중상사고,0,1,0,0,차대차 - 추돌 - 진행중,안전운전불이행,건조,맑음,단일로 - 기타,화물,남,51세,상해없음,이륜,남,58세,중상
2015030400100175,2015년 3월 4일 10시,수요일,부산광역시 사하구 괴정동,경상사고,0,0,1,0,차대차 - 추돌 - 주정차중,안전운전불이행,건조,맑음,단일로 - 기타,승합,남,21세,상해없음,승용,여,40세,경상
2015030400100199,2015년 3월 4일 11시,수요일,부산광역시 동래구 온천동,경상사고,0,0,1,0,차대차 - 측면직각충돌,교차로운행방법위반,건조,맑음,교차로 - 교차로안,승용,여,46세,상해없음,승용,여,29세,경상
2015030400100200,2015년 3월 4일 11시,수요일,부산광역시 사하구 괴정동,부상신고사고,0,0,0,1,차대차 - 추돌 - 진행중,안전운전불이행,건조,맑음,단일로 - 기타,승용,남,52세,상해없음,승용,남,43세,부상신고
2015030400100226,2015년 3월 4일 12시,수요일,부산광역시 중구 영주동,부상신고사고,0,0,0,1,차대차 - 추돌 - 주정차중,안전운전불이행,건조,맑음,단일로 - 기타,원동기,남,16세,부상신고,승용,남,54세,상해없음
2015030400100273,2015년 3월 4일 14시,수요일,부산광역시 동구 초량동,경상사고,0,0,1,0,차대사람 - 기타,안전운전불이행,건조,맑음,교차로 - 교차로안,승용,남,70세,상해없음,보행자,남,71세,경상
2015030400100274,2015년 3월 4일 14시,수요일,부산광역시 사상구 삼락동,경상사고,0,0,1,0,차대차 - 측면직각충돌,안전운전불이행,건조,맑음,교차로 - 교차로안,이륜,남,50세,경상,승용,여,59세,상해없음
2015030400100305,2015년 3월 4일 15시,수요일,부산광역시 수영구 광안동,경상사고,0,0,1,0,차대차 - 정면충돌,중앙선침범,건조,맑음,단일로 - 기타,승용,여,53세,상해없음,승용,남,57세,경상
2015030400100306,2015년 3월 4일 15시,수요일,부산광역시 동래구 명장동,중상사고,0,1,0,0,차대차 - 측면직각충돌,안전운전불이행,건조,맑음,단일로 - 기타,승용,여,42세,중상,승합,남,52세,상해없음
2015030400100307,2015년 3월 4일 15시,수요일,부산광역시 부산진구 초읍동,경상사고,0,0,3,0,차대차 - 기타,교차로운행방법위반,건조,맑음,교차로 - 교차로안,승용,여,22세,상해없음,화물,남,32세,경상
2015030400100330,2015년 3월 4일 16시,수요일,부산광역시 동구 좌천동,중상사고,0,1,0,0,차대사람 - 기타,안전운전불이행,건조,맑음,단일로 - 기타,화물,남,27세,상해없음,보행자,여,74세,중상
2015030400100331,2015년 3월 4일 16시,수요일,부산광역시 동구 초량동,경상사고,0,0,1,0,차대차 - 추돌 - 진행중,안전운전불이행,건조,기타,단일로 - 기타,승용,남,55세,상해없음,승용,여,20세,경상
2015030400100368,2015년 3월 4일 17시,수요일,부산광역시 해운대구 재송동,경상사고,0,0,1,0,차대차 - 기타,안전운전불이행,기타,맑음,교차로 - 교차로부근,승용,여,40세,상해없음,이륜,남,19세,경상
2015030400100402,2015년 3월 4일 18시,수요일,부산광역시 부산진구 개금동,경상사고,0,0,1,0,차대차 - 측면직각충돌,안전거리미확보,건조,맑음,단일로 - 기타,승용,여,44세,상해없음,승합,남,54세,상해없음
2015030400100452,2015년 3월 4일 19시,수요일,부산광역시 동구 수정동,중상사고,0,2,0,0,차대차 - 기타,기타,건조,맑음,단일로 - 기타,승용,남,47세,상해없음,원동기,남,66세,중상
2015030400100453,2015년 3월 4일 19시,수요일,부산광역시 동구 좌천동,경상사고,0,0,1,0,차대사람 - 기타,보행자보호의무위반,건조,맑음,단일로 - 기타,승용,남,50세,상해없음,보행자,여,21세,경상
2015030400100489,2015년 3월 4일 20시,수요일,부산광역시 해운대구 반여동,중상사고,0,1,0,0,차대차 - 기타,신호위반,기타,맑음,교차로 - 교차로안,승용,남,31세,기타불명,이륜,남,51세,중상
2015030400100490,2015년 3월 4일 20시,수요일,부산광역시 금정구 장전동,경상사고,0,0,1,0,차대차 - 측면직각충돌,기타,건조,맑음,교차로 - 교차로안,승용,여,50세,상해없음,승용,여,37세,경상
2015030400100491,2015년 3월 4일 20시,수요일,부산광역시 수영구 수영동,경상사고,0,0,1,0,차대사람 - 횡단중,신호위반,건조,맑음,단일로 - 횡단보도상,이륜,기타불명,기타불명,기타불명,보행자,여,30세,경상
2015030400100526,2015년 3월 4일 21시,수요일,부산광역시 남구 대연동,경상사고,0,0,1,0,차대차 - 추돌 - 진행중,안전거리미확보,건조,맑음,단일로 - 기타,승용,남,65세,상해없음,승용,여,40세,경상
2015030400100558,2015년 3월 4일 22시,수요일,부산광역시 북구 구포동,경상사고,0,0,2,0,차대차 - 측면직각충돌,신호위반,건조,맑음,교차로 - 교차로안,승용,남,55세,상해없음,원동기,남,24세,경상
2015030400100559,2015년 3월 4일 22시,수요일,부산광역시 강서구 명지동,경상사고,0,0,3,0,차대차 - 측면직각충돌,기타,건조,맑음,교차로 - 교차로안,승용,남,59세,상해없음,승용,여,56세,경상
2015030400100588,2015년 3월 4일 23시,수요일,부산광역시 사하구 하단동,중상사고,0,1,0,0,차대차 - 측면직각충돌,신호위반,건조,맑음,교차로 - 교차로안,화물,남,43세,상해없음,승용,남,25세,중상
2015030500100023,2015년 3월 5일 01시,목요일,부산광역시 사상구 괘법동,부상신고사고,0,0,0,1,차대차 - 추돌 - 주정차중,안전운전불이행,건조,맑음,단일로 - 기타,이륜,남,19세,부상신고,화물,남,33세,상해없음
2015030500100031,2015년 3월 5일 02시,목요일,부산광역시 연제구 연산동,경상사고,0,0,2,1,차대차 - 추돌 - 진행중,안전거리미확보,건조,맑음,단일로 - 기타,이륜,남,24세,상해없음,승용,남,51세,부상신고
2015030500100053,2015년 3월 5일 05시,목요일,부산광역시 금정구 서동,경상사고,0,0,1,0,차대사람 - 횡단중,보행자보호의무위반,건조,맑음,단일로 - 기타,승용,남,65세,상해없음,보행자,여,51세,경상
2015030500100059,2015년 3월 5일 06시,목요일,부산광역시 해운대구 송정동,중상사고,0,1,0,0,차대사람 - 길가장자리구역통행중,중앙선침범,건조,맑음,단일로 - 기타,승용,남,34세,상해없음,보행자,여,58세,중상
2015030500100082,2015년 3월 5일 07시,목요일,부산광역시 동구 초량동,경상사고,0,0,1,0,차대차 - 측면직각충돌,신호위반,건조,맑음,교차로 - 교차로안,원동기,남,17세,상해없음,승용,남,37세,경상
2015030500100101,2015년 3월 5일 08시,목요일,부산광역시 남구 용당동,경상사고,0,0,1,0,차대차 - 기타,안전운전불이행,건조,맑음,단일로 - 기타,특수,남,59세,상해없음,승용,남,59세,경상
2015030500100102,2015년 3월 5일 08시,목요일,부산광역시 사하구 하단동,경상사고,0,0,2,0,차대차 - 추돌 - 주정차중,안전운전불이행,건조,맑음,단일로 - 기타,승용,남,28세,상해없음,승용,여,33세,경상
2015030500100149,2015년 3월 5일 09시,목요일,부산광역시 동구 수정동,중상사고,0,1,0,0,차대사람 - 기타,안전운전불이행,건조,맑음,교차로 - 교차로부근,화물,남,60세,상해없음,보행자,여,64세,중상
2015030500100150,2015년 3월 5일 09시,목요일,부산광역시 동래구 온천동,중상사고,0,1,0,0,차대차 - 추돌 - 진행중,안전운전불이행,건조,맑음,단일로 - 기타,승용,남,25세,상해없음,승용,남,29세,중상
2015030500100151,2015년 3월 5일 09시,목요일,부산광역시 사하구 신평동,경상사고,0,0,2,0,차대차 - 추돌 - 주정차중,안전운전불이행,건조,맑음,단일로 - 기타,화물,남,53세,상해없음,승용,남,58세,경상
2015030500100153,2015년 3월 5일 09시,목요일,부산광역시 사상구 덕포동,경상사고,0,0,1,0,차대차 - 측면직각충돌,교차로운행방법위반,건조,맑음,단일로 - 기타,화물,남,51세,상해없음,승용,남,57세,경상
2015030500100177,2015년 3월 5일 10시,목요일,부산광역시 수영구 민락동,경상사고,0,0,2,0,차대차 - 추돌 - 주정차중,안전운전불이행,건조,맑음,단일로 - 기타,승용,남,37세,상해없음,승용,여,58세,경상
2015030500100199,2015년 3월 5일 11시,목요일,부산광역시 사하구 다대동,경상사고,0,0,1,0,차대차 - 추돌 - 진행중,안전운전불이행,건조,맑음,교차로 - 교차로부근,승용,남,54세,상해없음,이륜,남,16세,경상
2015030500100216,2015년 3월 5일 12시,목요일,부산광역시 수영구 남천동,중상사고,0,1,0,0,차대사람 - 횡단중,신호위반,건조,맑음,단일로 - 횡단보도부근,이륜,남,53세,상해없음,보행자,남,24세,중상
2015030500100248,2015년 3월 5일 13시,목요일,부산광역시 동래구 온천동,경상사고,0,0,1,0,차대차 - 측면직각충돌,안전운전불이행,건조,맑음,단일로 - 기타,승용,남,59세,상해없음,승용,남,63세,경상
2015030500100249,2015년 3월 5일 13시,목요일,부산광역시 사하구 괴정동,중상사고,0,1,0,0,차대사람 - 기타,보행자보호의무위반,건조,맑음,교차로 - 교차로부근,화물,남,79세,상해없음,보행자,남,51세,중상
2015030500100282,2015년 3월 5일 14시,목요일,부산광역시 남구 감만동,경상사고,0,0,1,0,차대사람 - 횡단중,안전운전불이행,건조,맑음,단일로 - 기타,승용,여,32세,상해없음,보행자,남,10세,경상
2015030500100283,2015년 3월 5일 14시,목요일,부산광역시 부산진구 부전동,경상사고,0,0,1,0,차대사람 - 횡단중,신호위반,건조,맑음,교차로 - 교차로부근,이륜,남,27세,상해없음,보행자,남,65세,경상
2015030500100319,2015년 3월 5일 15시,목요일,부산광역시 동구 범일동,중상사고,0,1,0,0,차대사람 - 기타,안전운전불이행,건조,맑음,단일로 - 기타,원동기,남,46세,상해없음,보행자,여,71세,중상
2015030500100320,2015년 3월 5일 15시,목요일,부산광역시 동래구 수안동,중상사고,0,1,0,0,차대차 - 측면직각충돌,신호위반,건조,맑음,교차로 - 교차로안,화물,남,56세,상해없음,승용,남,76세,중상
2015030500100321,2015년 3월 5일 15시,목요일,부산광역시 사하구 괴정동,중상사고,0,1,0,0,차대사람 - 기타,보행자보호의무위반,건조,맑음,단일로 - 기타,화물,남,55세,상해없음,보행자,여,9세,중상
2015030500100322,2015년 3월 5일 15시,목요일,부산광역시 강서구 대저1동,중상사고,0,3,0,0,차대차 - 측면직각충돌,안전거리미확보,건조,맑음,단일로 - 기타,승용,남,52세,상해없음,승용,여,44세,중상
2015030500100357,2015년 3월 5일 16시,목요일,부산광역시 수영구 남천동,경상사고,0,0,1,0,차대차 - 추돌 - 진행중,안전거리미확보,건조,맑음,단일로 - 기타,승용,남,52세,상해없음,원동기,남,38세,경상
2015030500100358,2015년 3월 5일 16시,목요일,부산광역시 북구 구포동,경상사고,0,0,1,0,차대사람 - 횡단중,안전운전불이행,건조,맑음,단일로 - 기타,승용,남,38세,상해없음,보행자,여,36세,경상
2015030500100359,2015년 3월 5일 16시,목요일,부산광역시 해운대구 반여동,경상사고,0,0,2,0,차대차 - 기타,안전거리미확보,건조,맑음,단일로 - 기타,화물,남,60세,상해없음,승용,남,59세,경상
2015030500100360,2015년 3월 5일 16시,목요일,부산광역시 사상구 주례동,경상사고,0,0,1,0,차대사람 - 기타,안전운전불이행,건조,맑음,단일로 - 기타,승용,남,25세,상해없음,보행자,여,40세,경상
2015030500100422,2015년 3월 5일 18시,목요일,부산광역시 동래구 낙민동,중상사고,0,1,0,0,차대사람 - 보도통행중,보행자보호의무위반,건조,맑음,교차로 - 교차로안,승용,남,26세,상해없음,보행자,여,64세,중상
2015030500100460,2015년 3월 5일 19시,목요일,부산광역시 사하구 다대동,경상사고,0,0,1,0,차대사람 - 기타,안전운전불이행,건조,맑음,단일로 - 기타,승용,남,49세,상해없음,보행자,남,67세,경상
2015030500100461,2015년 3월 5일 19시,목요일,부산광역시 사상구 감전동,중상사고,0,1,0,0,차대차 - 측면직각충돌,신호위반,건조,맑음,교차로 - 교차로안,승합,남,64세,상해없음,승용,남,28세,중상
2015030500100515,2015년 3월 5일 20시,목요일,부산광역시 수영구 민락동,중상사고,0,1,0,0,차대차 - 추돌 - 진행중,안전운전불이행,기타,맑음,교차로 - 교차로안,이륜,남,43세,중상,승용,남,37세,상해없음
2015030500100574,2015년 3월 5일 22시,목요일,부산광역시 기장군 기장읍,부상신고사고,0,0,0,1,차대차 - 추돌 - 진행중,신호위반,건조,맑음,교차로 - 교차로안,승용,기타불명,기타불명,기타불명,승용,여,45세,부상신고
2015030500100600,2015년 3월 5일 23시,목요일,부산광역시 수영구 민락동,부상신고사고,0,0,0,2,차대차 - 추돌 - 주정차중,안전운전불이행,건조,맑음,교차로 - 교차로부근,승용,남,24세,상해없음,승용,남,45세,부상신고
2015030500100601,2015년 3월 5일 23시,목요일,부산광역시 동래구 온천동,중상사고,0,1,0,1,차대차 - 측면직각충돌,안전거리미확보,건조,맑음,단일로 - 기타,승용,여,33세,상해없음,원동기,남,18세,중상
2015030500100602,2015년 3월 5일 23시,목요일,부산광역시 사하구 감천동,중상사고,0,1,0,1,차대차 - 기타,신호위반,건조,맑음,교차로 - 교차로안,승용,여,45세,부상신고,승용,남,58세,중상
2015030500100603,2015년 3월 5일 23시,목요일,부산광역시 연제구 연산동,중상사고,0,2,0,0,차대차 - 측면직각충돌,차로위반,건조,맑음,단일로 - 기타,승합,남,63세,상해없음,이륜,남,23세,중상
2015030600100031,2015년 3월 6일 03시,금요일,부산광역시 북구 구포동,경상사고,0,0,1,0,차대사람 - 횡단중,안전운전불이행,건조,맑음,단일로 - 횡단보도부근,승용,기타불명,기타불명,기타불명,보행자,남,44세,경상
2015030600100053,2015년 3월 6일 06시,금요일,부산광역시 강서구 강동동,중상사고,0,1,0,0,차대차 - 정면충돌,중앙선침범,건조,맑음,단일로 - 기타,승용,남,66세,상해없음,승합,남,59세,중상
2015030600100101,2015년 3월 6일 08시,금요일,부산광역시 연제구 거제동,중상사고,0,1,0,0,차대사람 - 횡단중,보행자보호의무위반,건조,맑음,교차로 - 교차로안,승용,여,46세,상해없음,보행자,남,63세,중상
2015030600100150,2015년 3월 6일 09시,금요일,부산광역시 서구 남부민동,중상사고,0,1,0,0,차대사람 - 횡단중,안전운전불이행,건조,맑음,단일로 - 기타,화물,남,49세,상해없음,보행자,여,57세,중상
2015030600100151,2015년 3월 6일 09시,금요일,부산광역시 사하구 장림동,경상사고,0,0,2,0,차대차 - 기타,교차로운행방법위반,건조,맑음,교차로 - 교차로안,승용,남,59세,경상,승용,남,43세,경상
2015030600100181,2015년 3월 6일 10시,금요일,부산광역시 사하구 장림동,중상사고,0,1,0,0,차대사람 - 기타,안전운전불이행,건조,맑음,단일로 - 기타,승용,여,30세,상해없음,보행자,남,53세,중상
2015030600100182,2015년 3월 6일 10시,금요일,부산광역시 사하구 하단동,중상사고,0,2,0,0,차대차 - 기타,신호위반,건조,맑음,교차로 - 교차로안,화물,남,60세,상해없음,승용,남,59세,중상
2015030600100183,2015년 3월 6일 10시,금요일,부산광역시 사상구 감전동,경상사고,0,0,1,0,차대차 - 측면직각충돌,안전운전불이행,건조,맑음,단일로 - 기타,승용,남,53세,상해없음,자전거,남,69세,경상
2015030600100224,2015년 3월 6일 12시,금요일,부산광역시 해운대구 우동,경상사고,0,0,2,0,차대차 - 측면직각충돌,신호위반,건조,맑음,교차로 - 교차로안,승용,남,66세,상해없음,승용,여,37세,경상
2015030600100225,2015년 3월 6일 12시,금요일,부산광역시 부산진구 부암동,중상사고,0,1,0,0,차대사람 - 횡단중,신호위반,건조,맑음,단일로 - 횡단보도상,승용,남,25세,상해없음,보행자,여,72세,중상
2015030600100226,2015년 3월 6일 12시,금요일,부산광역시 금정구 부곡동,중상사고,0,1,0,0,차대차 - 추돌 - 진행중,기타,건조,맑음,단일로 - 기타,승합,남,36세,상해없음,원동기,남,56세,상해없음
2015030600100240,2015년 3월 6일 13시,금요일,부산광역시 동래구 명장동,부상신고사고,0,0,0,1,차대사람 - 횡단중,안전운전불이행,건조,맑음,교차로 - 교차로부근,승용,여,32세,상해없음,보행자,남,24세,부상신고
2015030600100241,2015년 3월 6일 13시,금요일,부산광역시 해운대구 좌동,경상사고,0,0,1,0,차대차 - 기타,안전거리미확보,건조,맑음,단일로 - 기타,승용,남,63세,상해없음,승합,남,51세,경상
2015030600100242,2015년 3월 6일 13시,금요일,부산광역시 부산진구 가야동,중상사고,0,1,0,0,차대차 - 측면직각충돌,기타,건조,맑음,교차로 - 교차로부근,승용,남,72세,상해없음,자전거,남,21세,중상
2015030600100243,2015년 3월 6일 13시,금요일,부산광역시 강서구 송정동,중상사고,0,1,0,0,차대차 - 측면직각충돌,신호위반,건조,맑음,교차로 - 교차로안,화물,남,34세,상해없음,승용,여,24세,중상
2015030600100304,2015년 3월 6일 15시,금요일,부산광역시 금정구 부곡동,부상신고사고,0,0,0,1,차대차 - 정면충돌,기타,건조,맑음,교차로 - 교차로안,이륜,여,41세,부상신고,승용,남,64세,상해없음
2015030600100305,2015년 3월 6일 15시,금요일,부산광역시 연제구 거제동,경상사고,0,0,1,0,차대사람 - 횡단중,안전운전불이행,건조,맑음,단일로 - 기타,승용,기타불명,기타불명,기타불명,보행자,여,83세,경상
2015030600100306,2015년 3월 6일 15시,금요일,부산광역시 강서구 대저2동,중상사고,0,1,0,0,차대차 - 추돌 - 진행중,안전운전불이행,건조,맑음,단일로 - 기타,화물,남,57세,상해없음,이륜,남,75세,중상
2015030600100348,2015년 3월 6일 16시,금요일,부산광역시 부산진구 양정동,중상사고,0,1,1,0,차대차 - 기타,기타,건조,맑음,교차로 - 교차로부근,승용,남,37세,상해없음,승용,남,44세,중상
2015030600100392,2015년 3월 6일 17시,금요일,부산광역시 수영구 민락동,경상사고,0,0,1,0,차대차 - 측면직각충돌,교차로운행방법위반,건조,맑음,교차로 - 교차로안,승용,여,28세,상해없음,승용,남,29세,경상
2015030600100393,2015년 3월 6일 17시,금요일,부산광역시 북구 덕천동,중상사고,0,1,0,0,차대사람 - 기타,안전운전불이행,건조,맑음,단일로 - 기타,승합,남,64세,상해없음,보행자,남,4세,중상
2015030600100394,2015년 3월 6일 17시,금요일,부산광역시 해운대구 재송동,중상사고,0,1,1,0,차대차 - 기타,안전운전불이행,건조,맑음,교차로 - 교차로부근,건설기계,남,54세,상해없음,이륜,남,16세,중상
2015030600100395,2015년 3월 6일 17시,금요일,부산광역시 해운대구 송정동,경상사고,0,0,1,0,차대차 - 측면직각충돌,안전운전불이행,건조,맑음,단일로 - 기타,승용,남,59세,상해없음,승용,남,45세,경상
2015030600100396,2015년 3월 6일 17시,금요일,부산광역시 사상구 괘법동,경상사고,0,0,1,0,차대차 - 측면직각충돌,안전거리미확보,건조,맑음,단일로 - 기타,승용,남,20세,상해없음,이륜,남,58세,경상
2015030600100430,2015년 3월 6일 18시,금요일,부산광역시 북구 만덕동,중상사고,0,1,0,0,차대사람 - 횡단중,안전운전불이행,건조,맑음,교차로 - 교차로안,화물,남,58세,상해없음,보행자,남,86세,중상
2015030600100431,2015년 3월 6일 18시,금요일,부산광역시 사상구 괘법동,중상사고,0,1,0,0,차대사람 - 차도통행중,안전운전불이행,건조,맑음,교차로 - 교차로안,승용,남,43세,상해없음,보행자,남,48세,중상
2015030600100432,2015년 3월 6일 18시,금요일,부산광역시 기장군 기장읍,경상사고,0,0,1,0,차대사람 - 길가장자리구역통행중,안전운전불이행,건조,흐림,단일로 - 기타,승용,남,63세,상해없음,보행자,여,47세,경상
2015030600100473,2015년 3월 6일 19시,금요일,부산광역시 동구 범일동,중상사고,0,1,0,0,차대사람 - 길가장자리구역통행중,안전운전불이행,건조,맑음,단일로 - 기타,승용,여,30세,상해없음,보행자,여,50세,중상
2015030600100474,2015년 3월 6일 19시,금요일,부산광역시 북구 화명동,경상사고,0,0,1,0,차대차 - 추돌 - 진행중,중앙선침범,건조,맑음,단일로 - 기타,승용,남,39세,상해없음,원동기,남,38세,경상
2015030600100475,2015년 3월 6일 19시,금요일,부산광역시 북구 덕천동,중상사고,0,1,0,0,차대차 - 추돌 - 진행중,안전운전불이행,건조,맑음,단일로 - 기타,승용,남,77세,상해없음,이륜,남,26세,중상
2015030600100476,2015년 3월 6일 19시,금요일,부산광역시 해운대구 우동,중상사고,0,1,0,0,차대차 - 측면직각충돌,안전거리미확보,건조,맑음,단일로 - 기타,승용,남,40세,상해없음,원동기,남,20세,중상
2015030600100477,2015년 3월 6일 19시,금요일,부산광역시 사하구 신평동,중상사고,0,1,2,0,차대사람 - 횡단중,안전운전불이행,건조,맑음,단일로 - 기타,승용,남,48세,상해없음,보행자,여,72세,중상