사고번호,사고일시,요일,시군구,사고내용,사망자수,중상자수,경상자수,부상신고자수,사고유형,법규위반,노면상태,기상상태,도로형태,가해운전자 차종,가해운전자 성별,가해운전자 연령,가해운전자 상해정도,피해운전자 차종,피해운전자 성별,피해운전자 연령,피해운전자 상해정도
2015031000100380,2015년 3월 10일 18시,화요일,부산광역시 사하구 장림동,경상사고,0,0,1,0,차대차 - 기타,교차로운행방법위반,습기,비,교차로 - 교차로안,승용,남,34세,상해없음,승용,남,53세,경상
2015031000100381,2015년 3월 10일 18시,화요일,부산광역시 기장군 장안읍,경상사고,0,0,1,0,차대사람 - 보도통행중,안전운전불이행,건조,맑음,기타 - 기타,승용,남,19세,상해없음,보행자,남,34세,경상
2015031000100414,2015년 3월 10일 19시,화요일,부산광역시 서구 충무동1가,중상사고,0,1,0,0,차대사람 - 차도통행중,안전운전불이행,건조,맑음,단일로 - 기타,화물,남,45세,상해없음,보행자,여,63세,중상
2015031000100415,2015년 3월 10일 19시,화요일,부산광역시 금정구 구서동,경상사고,0,0,1,0,차대사람 - 횡단중,중앙선침범,건조,맑음,단일로 - 기타,승용,남,46세,상해없음,보행자,남,35세,경상
2015031000100454,2015년 3월 10일 20시,화요일,부산광역시 남구 문현동,경상사고,0,0,2,0,차대사람 - 횡단중,보행자보호의무위반,건조,맑음,단일로 - 횡단보도상,승용,남,55세,상해없음,보행자,여,53세,경상
2015031000100478,2015년 3월 10일 21시,화요일,부산광역시 금정구 노포동,중상사고,0,1,0,0,차대차 - 추돌 - 주정차중,안전운전불이행,건조,맑음,교차로 - 교차로부근,화물,남,61세,상해없음,승용,여,32세,중상
2015031000100498,2015년 3월 10일 22시,화요일,부산광역시 부산진구 양정동,부상신고사고,0,0,0,1,차대사람 - 횡단중,안전운전불이행,건조,맑음,단일로 - 기타,승용,남,57세,상해없음,보행자,남,18세,부상신고
2015031000100522,2015년 3월 10일 23시,화요일,부산광역시 동래구 명륜동,중상사고,0,1,0,0,차대사람 - 차도통행중,안전운전불이행,건조,맑음,단일로 - 기타,승용,남,59세,상해없음,보행자,남,22세,중상
2015031000100523,2015년 3월 10일 23시,화요일,부산광역시 동래구 안락동,중상사고,0,1,0,0,차대차 - 측면직각충돌,안전운전불이행,건조,맑음,단일로 - 기타,승용,남,56세,상해없음,원동기,남,37세,중상
2015031000100524,2015년 3월 10일 23시,화요일,부산광역시 동래구 명장동,중상사고,0,1,0,0,차대차 - 측면직각충돌,교차로운행방법위반,건조,맑음,교차로 - 교차로안,승용,남,56세,상해없음,원동기,남,18세,중상
2015031000100525,2015년 3월 10일 23시,화요일,부산광역시 사상구 덕포동,중상사고,0,1,0,0,차대차 - 측면직각충돌,안전운전불이행,건조,맑음,단일로 - 기타,승용,남,47세,상해없음,승용,남,57세,중상
2015031100100005,2015년 3월 11일 00시,수요일,부산광역시 부산진구 양정동,경상사고,0,0,2,0,차대차 - 측면직각충돌,교차로운행방법위반,건조,맑음,교차로 - 교차로안,승용,남,65세,상해없음,승용,남,58세,상해없음
2015031100100016,2015년 3월 11일 01시,수요일,부산광역시 사상구 괘법동,부상신고사고,0,0,0,1,차대차 - 측면직각충돌,안전거리미확보,건조,맑음,단일로 - 기타,이륜,여,61세,부상신고,승용,남,22세,상해없음
2015031100100038,2015년 3월 11일 03시,수요일,부산광역시 동래구 온천동,경상사고,0,0,1,0,차량단독 - 기타,안전운전불이행,건조,맑음,단일로 - 기타,승용,남,78세,상해없음,,,,
2015031100100054,2015년 3월 11일 05시,수요일,부산광역시 수영구 광안동,중상사고,0,1,0,0,차대차 - 추돌 - 진행중,안전거리미확보,기타,맑음,단일로 - 횡단보도부근,이륜,남,47세,중상,승용,남,54세,상해없음
2015031100100100,2015년 3월 11일 08시,수요일,부산광역시 중구 중앙동2가,중상사고,0,1,0,0,차대사람 - 기타,안전운전불이행,건조,맑음,단일로 - 기타,승용,남,50세,상해없음,보행자,남,69세,중상
2015031100100101,2015년 3월 11일 08시,수요일,부산광역시 서구 서대신동2가,경상사고,0,0,1,0,차대차 - 추돌 - 주정차중,안전운전불이행,건조,맑음,교차로 - 교차로안,화물,남,61세,상해없음,승용,남,59세,경상
2015031100100102,2015년 3월 11일 08시,수요일,부산광역시 남구 문현동,중상사고,0,1,0,0,차대사람 - 횡단중,안전운전불이행,건조,맑음,단일로 - 횡단보도부근,승용,남,27세,상해없음,보행자,여,31세,중상
2015031100100140,2015년 3월 11일 09시,수요일,부산광역시 남구 대연동,경상사고,0,0,1,0,차대차 - 측면직각충돌,교차로운행방법위반,건조,맑음,교차로 - 교차로안,승용,남,40세,상해없음,승용,남,71세,상해없음
2015031100100189,2015년 3월 11일 11시,수요일,부산광역시 서구 토성동5가,경상사고,0,0,1,0,차대차 - 측면직각충돌,교차로운행방법위반,건조,맑음,교차로 - 교차로안,승용,남,59세,상해없음,승용,남,67세,상해없음
2015031100100190,2015년 3월 11일 11시,수요일,부산광역시 북구 구포동,중상사고,0,1,0,1,차대차 - 기타,안전거리미확보,건조,맑음,단일로 - 기타,자전거,남,80세,상해없음,승용,남,61세,중상
2015031100100191,2015년 3월 11일 11시,수요일,부산광역시 동래구 온천동,경상사고,0,0,2,0,차대차 - 추돌 - 주정차중,안전운전불이행,건조,맑음,단일로 - 기타,화물,남,38세,상해없음,승용,남,67세,경상
2015031100100203,2015년 3월 11일 12시,수요일,부산광역시 해운대구 석대동,부상신고사고,0,0,0,1,차량단독 - 기타,안전운전불이행,건조,맑음,단일로 - 기타,승합,남,51세,상해없음,,,,
2015031100100225,2015년 3월 11일 13시,수요일,부산광역시 서구 서대신동1가,경상사고,0,0,1,0,차대사람 - 횡단중,신호위반,건조,맑음,교차로 - 교차로안,승용,여,25세,상해없음,보행자,여,43세,경상
2015031100100226,2015년 3월 11일 13시,수요일,부산광역시 연제구 거제동,중상사고,0,1,0,0,차대사람 - 횡단중,신호위반,건조,맑음,단일로 - 기타,승용,여,58세,상해없음,보행자,남,72세,중상
2015031100100322,2015년 3월 11일 16시,수요일,부산광역시 북구 화명동,경상사고,0,0,1,0,차대차 - 추돌 - 진행중,안전거리미확보,건조,맑음,단일로 - 기타,승용,남,60세,상해없음,승용,남,29세,경상
2015031100100323,2015년 3월 11일 16시,수요일,부산광역시 부산진구 부전동,중상사고,0,1,0,0,차대차 - 기타,안전운전불이행,건조,맑음,단일로 - 기타,승용,남,50세,상해없음,이륜,남,67세,중상
2015031100100352,2015년 3월 11일 17시,수요일,부산광역시 동래구 명장동,중상사고,0,1,0,0,차량단독 - 전도전복,안전운전불이행,건조,맑음,교차로 - 교차로부근,이륜,남,17세,상해없음,,,,
2015031100100353,2015년 3월 11일 17시,수요일,부산광역시 사하구 하단동,부상신고사고,0,0,0,1,차대차 - 기타,교차로운행방법위반,건조,맑음,교차로 - 교차로안,화물,남,27세,상해없음,자전거,남,53세,부상신고
2015031100100383,2015년 3월 11일 18시,수요일,부산광역시 동구 초량동,경상사고,0,0,1,0,차대사람 - 횡단중,안전운전불이행,건조,맑음,교차로 - 교차로부근,승용,남,60세,상해없음,보행자,여,33세,경상
2015031100100385,2015년 3월 11일 18시,수요일,부산광역시 수영구 광안동,경상사고,0,0,1,0,차대차 - 기타,안전운전불이행,건조,맑음,단일로 - 기타,승용,남,72세,상해없음,이륜,남,28세,경상
2015031100100416,2015년 3월 11일 19시,수요일,부산광역시 부산진구 양정동,경상사고,0,0,1,0,차대사람 - 횡단중,안전운전불이행,건조,맑음,단일로 - 기타,이륜,남,43세,상해없음,보행자,여,61세,경상
2015031100100417,2015년 3월 11일 19시,수요일,부산광역시 사상구 괘법동,중상사고,0,1,0,0,차대사람 - 길가장자리구역통행중,안전운전불이행,건조,맑음,교차로 - 교차로안,승용,남,30세,상해없음,보행자,남,42세,중상
2015031100100485,2015년 3월 11일 21시,수요일,부산광역시 동래구 사직동,경상사고,0,0,1,0,차대사람 - 길가장자리구역통행중,안전운전불이행,건조,맑음,단일로 - 기타,승용,여,42세,상해없음,보행자,남,30세,경상
2015031100100486,2015년 3월 11일 21시,수요일,부산광역시 사하구 당리동,경상사고,0,0,1,0,차대차 - 기타,교차로운행방법위반,건조,맑음,교차로 - 교차로안,승합,남,25세,상해없음,이륜,남,17세,경상
2015031100100487,2015년 3월 11일 21시,수요일,부산광역시 연제구 연산동,경상사고,0,0,1,0,차대차 - 추돌 - 주정차중,안전거리미확보,건조,맑음,교차로 - 교차로부근,승용,남,46세,상해없음,승용,남,19세,경상
2015031100100523,2015년 3월 11일 22시,수요일,부산광역시 수영구 민락동,경상사고,0,0,1,0,차대차 - 추돌 - 진행중,안전운전불이행,건조,맑음,교차로 - 교차로부근,이륜,남,22세,경상,이륜,남,28세,상해없음
2015031100100524,2015년 3월 11일 22시,수요일,부산광역시 수영구 민락동,중상사고,0,2,0,0,차대차 - 측면직각충돌,안전운전불이행,건조,맑음,단일로 - 기타,승용,남,63세,상해없음,이륜,남,65세,중상
2015031100100556,2015년 3월 11일 23시,수요일,부산광역시 동구 범일동,경상사고,0,0,1,0,차대사람 - 기타,안전운전불이행,건조,맑음,단일로 - 기타,승용,남,34세,상해없음,보행자,여,53세,경상
2015031100100557,2015년 3월 11일 23시,수요일,부산광역시 영도구 신선동1가,부상신고사고,0,0,0,1,차대사람 - 기타,안전운전불이행,건조,맑음,단일로 - 기타,승용,기타불명,기타불명,기타불명,보행자,여,44세,부상신고
2015031100100558,2015년 3월 11일 23시,수요일,부산광역시 사하구 신평동,중상사고,0,1,0,1,차대차 - 기타,신호위반,건조,맑음,교차로 - 교차로안,승용,남,51세,상해없음,이륜,남,16세,중상
2015031100100559,2015년 3월 11일 23시,수요일,부산광역시 사상구 학장동,경상사고,0,0,1,0,차대차 - 추돌 - 진행중,안전운전불이행,건조,맑음,단일로 - 기타,승용,남,32세,상해없음,승합,여,50세,상해없음
2015031200100004,2015년 3월 12일 00시,목요일,부산광역시 해운대구 좌동,경상사고,0,0,1,0,차량단독 - 공작물충돌,안전운전불이행,건조,맑음,단일로 - 기타,승용,남,45세,상해없음,,,,
2015031200100005,2015년 3월 12일 00시,목요일,부산광역시 연제구 연산동,경상사고,0,0,1,0,차대사람 - 횡단중,안전운전불이행,건조,맑음,단일로 - 기타,승용,남,29세,상해없음,보행자,남,29세,경상
2015031200100022,2015년 3월 12일 01시,목요일,부산광역시 기장군 일광면,경상사고,0,0,1,0,차대차 - 측면직각충돌,안전운전불이행,건조,맑음,교차로 - 교차로안,승용,남,55세,상해없음,화물,남,45세,경상
2015031200100037,2015년 3월 12일 02시,목요일,부산광역시 북구 덕천동,경상사고,0,0,2,0,차대차 - 추돌 - 주정차중,안전운전불이행,건조,맑음,교차로 - 교차로부근,승용,남,35세,상해없음,승용,남,57세,경상
2015031200100038,2015년 3월 12일 02시,목요일,부산광역시 동래구 온천동,경상사고,0,0,1,0,차대사람 - 길가장자리구역통행중,안전운전불이행,건조,맑음,단일로 - 기타,승용,남,33세,상해없음,보행자,남,59세,경상
2015031200100052,2015년 3월 12일 04시,목요일,부산광역시 서구 충무동2가,부상신고사고,0,0,0,1,차대차 - 측면직각충돌,중앙선침범,건조,맑음,단일로 - 기타,원동기,남,28세,부상신고,승용,남,22세,상해없음
2015031200100061,2015년 3월 12일 05시,목요일,부산광역시 해운대구 좌동,중상사고,0,1,0,0,차대차 - 기타,신호위반,건조,맑음,교차로 - 교차로안,승합,남,66세,상해없음,이륜,남,41세,중상
2015031200100171,2015년 3월 12일 09시,목요일,부산광역시 서구 아미동2가,경상사고,0,0,1,0,차대사람 - 차도통행중,안전운전불이행,건조,맑음,단일로 - 기타,승용,남,58세,상해없음,보행자,여,32세,경상
2015031200100200,2015년 3월 12일 10시,목요일,부산광역시 영도구 남항동1가,중상사고,0,1,0,0,차대사람 - 횡단중,보행자보호의무위반,건조,맑음,단일로 - 횡단보도상,건설기계,남,61세,상해없음,보행자,여,72세,중상
2015031200100201,2015년 3월 12일 10시,목요일,부산광역시 연제구 연산동,경상사고,0,0,2,0,차대차 - 추돌 - 진행중,안전거리미확보,건조,맑음,단일로 - 기타,화물,남,37세,상해없음,승용,남,63세,경상
2015031200100256,2015년 3월 12일 12시,목요일,부산광역시 서구 서대신동3가,중상사고,0,1,1,0,차대차 - 정면충돌,중앙선침범,건조,맑음,단일로 - 기타,승용,남,68세,상해없음,승용,여,53세,중상
2015031200100257,2015년 3월 12일 12시,목요일,부산광역시 남구 문현동,중상사고,0,1,1,0,차대차 - 추돌 - 진행중,안전거리미확보,건조,맑음,단일로 - 기타,승용,남,51세,상해없음,원동기,남,20세,중상
2015031200100258,2015년 3월 12일 12시,목요일,부산광역시 동래구 수안동,중상사고,0,1,0,0,차대차 - 측면직각충돌,안전운전불이행,건조,맑음,단일로 - 기타,화물,남,57세,상해없음,자전거,여,25세,중상
2015031200100285,2015년 3월 12일 13시,목요일,부산광역시 해운대구 우동,경상사고,0,0,1,0,차대사람 - 횡단중,신호위반,건조,맑음,단일로 - 횡단보도상,승용,여,53세,상해없음,보행자,남,65세,경상
2015031200100309,2015년 3월 12일 14시,목요일,부산광역시 영도구 대교동1가,중상사고,0,1,0,0,차대차 - 추돌 - 진행중,안전운전불이행,건조,맑음,단일로 - 기타,승용,남,58세,상해없음,이륜,남,35세,중상
2015031200100310,2015년 3월 12일 14시,목요일,부산광역시 부산진구 가야동,경상사고,0,0,1,0,차대차 - 기타,안전운전불이행,건조,맑음,단일로 - 기타,승합,남,60세,상해없음,승용,남,47세,경상
2015031200100340,2015년 3월 12일 15시,목요일,부산광역시 영도구 동삼동,경상사고,0,0,2,0,차대차 - 정면충돌,기타,기타,맑음,기타 - 기타,승용,기타불명,기타불명,기타불명,승용,남,63세,상해없음
2015031200100341,2015년 3월 12일 15시,목요일,부산광역시 기장군 정관면,경상사고,0,0,2,0,차대차 - 추돌 - 진행중,안전운전불이행,건조,맑음,단일로 - 기타,건설기계,남,53세,상해없음,승용,여,42세,경상
2015031200100364,2015년 3월 12일 16시,목요일,부산광역시 남구 문현동,중상사고,0,1,0,0,차대사람 - 횡단중,보행자보호의무위반,건조,맑음,단일로 - 횡단보도상,화물,남,46세,상해없음,보행자,남,73세,중상
2015031200100365,2015년 3월 12일 16시,목요일,부산광역시 북구 덕천동,중상사고,0,1,0,0,차대차 - 측면직각충돌,신호위반,건조,맑음,교차로 - 교차로안,승용,남,65세,상해없음,화물,남,45세,중상
2015031200100366,2015년 3월 12일 16시,목요일,부산광역시 동래구 낙민동,중상사고,0,1,0,0,차대사람 - 횡단중,안전운전불이행,건조,맑음,교차로 - 교차로부근,특수,남,36세,상해없음,보행자,여,65세,중상
2015031200100397,2015년 3월 12일 17시,목요일,부산광역시 중구 남포동1가,경상사고,0,0,2,0,차대차 - 측면직각충돌,차로위반,건조,맑음,단일로 - 기타,승용,남,35세,상해없음,승용,남,60세,경상
2015031200100398,2015년 3월 12일 17시,목요일,부산광역시 영도구 남항동1가,경상사고,0,0,1,0,차대차 - 추돌 - 진행중,안전운전불이행,건조,맑음,단일로 - 기타,화물,남,32세,상해없음,원동기,남,28세,경상
2015031200100399,2015년 3월 12일 17시,목요일,부산광역시 금정구 청룡동,경상사고,0,0,1,0,차대사람 - 횡단중,안전운전불이행,건조,맑음,교차로 - 교차로부근,화물,남,37세,상해없음,보행자,남,47세,경상
2015031200100400,2015년 3월 12일 17시,목요일,부산광역시 연제구 연산동,중상사고,0,1,0,0,차대차 - 측면직각충돌,안전운전불이행,건조,맑음,단일로 - 기타,승용,남,71세,상해없음,화물,남,29세,기타불명
2015031200100533,2015년 3월 12일 20시,목요일,부산광역시 남구 용당동,부상신고사고,0,0,0,1,차대사람 - 차도통행중,안전운전불이행,건조,맑음,단일로 - 기타,승합,남,44세,상해없음,보행자,남,55세,부상신고
2015031200100534,2015년 3월 12일 20시,목요일,부산광역시 사하구 괴정동,경상사고,0,0,1,0,차대사람 - 기타,안전운전불이행,건조,맑음,단일로 - 기타,승용,남,62세,상해없음,보행자,남,55세,경상
2015031200100567,2015년 3월 12일 21시,목요일,부산광역시 동구 수정동,경상사고,0,0,1,0,차대사람 - 횡단중,안전운전불이행,건조,맑음,단일로 - 기타,승용,남,52세,상해없음,보행자,남,14세,경상
2015031200100568,2015년 3월 12일 21시,목요일,부산광역시 남구 대연동,경상사고,0,0,1,0,차대차 - 측면직각충돌,안전운전불이행,건조,맑음,단일로 - 기타,원동기,남,20세,경상,승용,남,23세,상해없음
2015031200100569,2015년 3월 12일 21시,목요일,부산광역시 연제구 연산동,중상사고,0,1,0,0,차대사람 - 길가장자리구역통행중,안전운전불이행,건조,맑음,단일로 - 기타,승용,남,68세,상해없음,보행자,여,48세,중상
2015031200100606,2015년 3월 12일 22시,목요일,부산광역시 남구 대연동,부상신고사고,0,0,0,1,차대차 - 측면직각충돌,안전운전불이행,건조,맑음,단일로 - 기타,이륜,남,19세,부상신고,승용,남,39세,상해없음
2015031200100607,2015년 3월 12일 22시,목요일,부산광역시 부산진구 양정동,중상사고,0,1,1,0,차대차 - 추돌 - 주정차중,안전운전불이행,건조,맑음,단일로 - 기타,승용,남,48세,상해없음,승용,남,27세,경상
2015031200100635,2015년 3월 12일 23시,목요일,부산광역시 서구 암남동,경상사고,0,0,1,0,차대사람 - 차도통행중,안전운전불이행,건조,맑음,단일로 - 기타,승용,여,43세,상해없음,보행자,남,29세,경상
2015031200100636,2015년 3월 12일 23시,목요일,부산광역시 사하구 하단동,경상사고,0,0,1,0,차대사람 - 횡단중,안전운전불이행,건조,맑음,단일로 - 횡단보도상,승용,남,54세,상해없음,보행자,남,36세,경상
2015031300100032,2015년 3월 13일 02시,금요일,부산광역시 동래구 명륜동,경상사고,0,0,2,0,차대차 - 측면직각충돌,안전운전불이행,건조,맑음,단일로 - 기타,승용,남,35세,상해없음,승용,남,59세,경상
2015031300100063,2015년 3월 13일 05시,금요일,부산광역시 서구 아미동2가,중상사고,0,1,0,0,차대사람 - 차도통행중,안전운전불이행,건조,맑음,단일로 - 기타,승용,남,65세,상해없음,보행자,여,74세,중상
2015031300100087,2015년 3월 13일 07시,금요일,부산광역시 해운대구 중동,경상사고,0,0,1,0,차대차 - 측면직각충돌,안전운전불이행,건조,맑음,단일로 - 기타,승용,여,50세,상해없음,승용,남,65세,경상
2015031300100088,2015년 3월 13일 07시,금요일,부산광역시 금정구 부곡동,경상사고,0,0,1,1,차대차 - 측면직각충돌,직진우회전진행방해,건조,맑음,교차로 - 교차로안,승용,남,45세,경상,승용,남,26세,부상신고
2015031300100119,2015년 3월 13일 08시,금요일,부산광역시 동래구 사직동,중상사고,0,1,0,0,차대차 - 측면직각충돌,신호위반,건조,맑음,단일로 - 기타,자전거,남,45세,상해없음,승합,남,53세,상해없음
2015031300100120,2015년 3월 13일 08시,금요일,부산광역시 부산진구 양정동,경상사고,0,0,1,0,차대차 - 측면직각충돌,중앙선침범,건조,맑음,단일로 - 기타,승용,여,57세,상해없음,이륜,남,27세,경상
2015031300100121,2015년 3월 13일 08시,금요일,부산광역시 강서구 대저2동,경상사고,0,0,1,0,차대차 - 측면직각충돌,신호위반,건조,맑음,교차로 - 교차로안,승용,여,38세,상해없음,승용,남,30세,경상
2015031300100166,2015년 3월 13일 09시,금요일,부산광역시 부산진구 부전동,부상신고사고,0,0,0,1,차대차 - 측면직각충돌,안전운전불이행,건조,맑음,단일로 - 기타,이륜,남,58세,부상신고,승용,여,37세,상해없음
2015031300100167,2015년 3월 13일 09시,금요일,부산광역시 수영구 망미동,중상사고,0,1,0,0,차대차 - 측면직각충돌,안전운전불이행,건조,맑음,교차로 - 교차로부근,승용,남,59세,상해없음,이륜,남,57세,중상
2015031300100196,2015년 3월 13일 10시,금요일,부산광역시 동구 초량동,중상사고,0,1,1,0,차대차 - 측면직각충돌,안전거리미확보,건조,맑음,단일로 - 기타,승합,남,51세,상해없음,승용,남,64세,중상
2015031300100197,2015년 3월 13일 10시,금요일,부산광역시 북구 금곡동,중상사고,0,2,0,0,차대사람 - 횡단중,안전운전불이행,건조,맑음,단일로 - 횡단보도상,화물,남,52세,상해없음,보행자,남,82세,중상
2015031300100198,2015년 3월 13일 10시,금요일,부산광역시 동래구 수안동,경상사고,0,0,1,0,차대사람 - 횡단중,안전운전불이행,건조,맑음,단일로 - 기타,승용,남,76세,상해없음,보행자,여,52세,경상
2015031300100199,2015년 3월 13일 10시,금요일,부산광역시 연제구 연산동,경상사고,0,0,1,0,차량단독 - 공작물충돌,안전운전불이행,건조,맑음,단일로 - 기타,승용,여,53세,경상,,,,
2015031300100228,2015년 3월 13일 11시,금요일,부산광역시 수영구 망미동,중상사고,0,1,0,0,차대차 - 측면직각충돌,안전거리미확보,건조,맑음,단일로 - 기타,승용,남,58세,상해없음,이륜,여,22세,중상
2015031300100260,2015년 3월 13일 12시,금요일,부산광역시 남구 대연동,중상사고,0,1,1,0,차대차 - 추돌 - 주정차중,안전운전불이행,건조,맑음,단일로 - 기타,승용,남,50세,상해없음,건설기계,남,62세,상해없음
2015031300100261,2015년 3월 13일 12시,금요일,부산광역시 부산진구 부전동,부상신고사고,0,0,0,1,차대사람 - 기타,안전운전불이행,건조,맑음,단일로 - 기타,화물,남,33세,상해없음,보행자,남,59세,부상신고
2015031300100262,2015년 3월 13일 12시,금요일,부산광역시 연제구 거제동,중상사고,0,1,0,0,차대사람 - 길가장자리구역통행중,안전운전불이행,건조,맑음,단일로 - 기타,승용,남,60세,상해없음,보행자,남,76세,중상
2015031300100297,2015년 3월 13일 13시,금요일,부산광역시 서구 부민동1가,경상사고,0,0,1,0,차대차 - 추돌 - 주정차중,안전운전불이행,건조,맑음,교차로 - 교차로부근,승용,남,49세,상해없음,승용,남,56세,경상
2015031300100319,2015년 3월 13일 14시,금요일,부산광역시 남구 대연동,중상사고,0,1,0,0,차대차 - 측면직각충돌,신호위반,건조,맑음,단일로 - 횡단보도상,원동기,남,21세,상해없음,원동기,남,54세,중상
2015031300100351,2015년 3월 13일 15시,금요일,부산광역시 서구 부용동2가,경상사고,0,0,1,0,차대사람 - 횡단중,기타,건조,맑음,단일로 - 횡단보도상,이륜,남,57세,상해없음,보행자,여,22세,경상
2015031300100352,2015년 3월 13일 15시,금요일,부산광역시 수영구 광안동,중상사고,0,1,0,0,차대차 - 추돌 - 진행중,안전운전불이행,습기,비,교차로 - 교차로안,승합,남,61세,상해없음,원동기,남,21세,중상
2015031300100353,2015년 3월 13일 15시,금요일,부산광역시 수영구 수영동,중상사고,0,1,0,0,차대차 - 측면직각충돌,안전운전불이행,건조,맑음,교차로 - 교차로부근,승용,여,51세,상해없음,자전거,남,60세,중상
2015031300100354,2015년 3월 13일 15시,금요일,부산광역시 금정구 구서동,중상사고,0,1,0,0,차대사람 - 길가장자리구역통행중,안전운전불이행,건조,흐림,단일로 - 기타,승용,남,64세,상해없음,보행자,남,85세,중상
2015031300100355,2015년 3월 13일 15시,금요일,부산광역시 연제구 연산동,경상사고,0,0,1,0,차대차 - 측면직각충돌,안전운전불이행,건조,맑음,단일로 - 기타,화물,남,45세,상해없음,자전거,남,76세,경상
2015031300100431,2015년 3월 13일 17시,금요일,부산광역시 남구 용호동,경상사고,0,0,1,0,차대차 - 측면직각충돌,직진우회전진행방해,건조,맑음,교차로 - 교차로안,승용,남,58세,상해없음,이륜,남,40세,경상
2015031300100432,2015년 3월 13일 17시,금요일,부산광역시 해운대구 좌동,경상사고,0,0,2,0,차대차 - 추돌 - 진행중,안전거리미확보,건조,맑음,단일로 - 기타,승용,남,61세,상해없음,승용,남,28세,경상
2015031300100464,2015년 3월 13일 18시,금요일,부산광역시 남구 감만동,경상사고,0,0,1,0,차대차 - 추돌 - 주정차중,안전운전불이행,건조,맑음,단일로 - 기타,승용,남,73세,상해없음,승용,여,32세,경상
2015031300100465,2015년 3월 13일 18시,금요일,부산광역시 북구 화명동,경상사고,0,0,1,0,차대차 - 측면직각충돌,안전운전불이행,건조,맑음,단일로 - 기타,화물,남,47세,상해없음,이륜,남,21세,경상
2015031300100466,2015년 3월 13일 18시,금요일,부산광역시 동래구 명장동,경상사고,0,0,1,0,차대사람 - 횡단중,안전운전불이행,건조,맑음,교차로 - 교차로부근,승용,남,35세,상해없음,보행자,여,15세,경상
2015031300100467,2015년 3월 13일 18시,금요일,부산광역시 사상구 감전동,중상사고,0,1,0,0,차대사람 - 길가장자리구역통행중,안전운전불이행,습기,흐림,단일로 - 기타,승용,남,21세,상해없음,보행자,남,54세,중상
2015031300100503,2015년 3월 13일 19시,금요일,부산광역시 부산진구 양정동,경상사고,0,0,1,0,차량단독 - 기타,기타,습기,비,단일로 - 기타,승합,남,36세,상해없음,,,,
2015031300100555,2015년 3월 13일 20시,금요일,부산광역시 북구 덕천동,경상사고,0,0,1,0,차대차 - 기타,교차로운행방법위반,건조,흐림,교차로 - 교차로안,승용,여,31세,상해없음,이륜,남,19세,경상
2015031300100556,2015년 3월 13일 20시,금요일,부산광역시 부산진구 부전동,중상사고,0,1,3,0,차대차 - 측면직각충돌,안전거리미확보,습기,비,단일로 - 기타,승용,남,30세,상해없음,승용,남,23세,경상
2015031300100557,2015년 3월 13일 20시,금요일,부산광역시 부산진구 부전동,경상사고,0,0,2,0,차대차 - 측면직각충돌,교차로운행방법위반,습기,비,교차로 - 교차로안,승용,남,23세,상해없음,승용,남,34세,경상
2015031300100558,2015년 3월 13일 20시,금요일,부산광역시 연제구 거제동,경상사고,0,0,1,0,차대사람 - 횡단중,신호위반,건조,맑음,단일로 - 기타,원동기,남,18세,상해없음,보행자,여,20세,경상
2015031300100559,2015년 3월 13일 20시,금요일,부산광역시 사상구 주례동,경상사고,0,0,1,0,차대사람 - 횡단중,보행자보호의무위반,습기,비,교차로 - 교차로부근,승용,기타불명,기타불명,기타불명,보행자,남,36세,경상
2015031300100598,2015년 3월 13일 21시,금요일,부산광역시 동구 초량동,중상사고,0,1,0,0,차대차 - 측면직각충돌,신호위반,습기,비,교차로 - 교차로안,승용,남,63세,상해없음,승용,남,50세,상해없음
2015031300100599,2015년 3월 13일 21시,금요일,부산광역시 남구 대연동,중상사고,0,1,0,0,차대사람 - 횡단중,보행자보호의무위반,건조,맑음,교차로 - 교차로안,승용,남,22세,상해없음,보행자,여,54세,중상
2015031300100600,2015년 3월 13일 21시,금요일,부산광역시 해운대구 우동,경상사고,0,0,6,0,차대차 - 추돌 - 진행중,안전거리미확보,습기,비,단일로 - 기타,승용,남,31세,경상,승용,남,36세,경상
2015031300100602,2015년 3월 13일 21시,금요일,부산광역시 부산진구 부전동,경상사고,0,0,3,0,차대차 - 측면직각충돌,신호위반,습기,비,교차로 - 교차로안,승용,남,75세,상해없음,승용,남,57세,경상
2015031300100603,2015년 3월 13일 21시,금요일,부산광역시 금정구 부곡동,경상사고,0,0,1,0,차대차 - 기타,기타,습기,비,교차로 - 교차로안,원동기,남,40세,경상,승용,남,46세,상해없음
2015031300100604,2015년 3월 13일 21시,금요일,부산광역시 기장군 기장읍,경상사고,0,0,1,0,차대사람 - 기타,안전운전불이행,건조,맑음,단일로 - 기타,승용,기타불명,기타불명,기타불명,보행자,여,45세,경상
2015031300100642,2015년 3월 13일 22시,금요일,부산광역시 해운대구 중동,중상사고,0,1,0,0,차대사람 - 횡단중,보행자보호의무위반,습기,비,교차로 - 교차로안,승용,남,75세,상해없음,보행자,남,17세,중상
2015031300100643,2015년 3월 13일 22시,금요일,부산광역시 연제구 연산동,부상신고사고,0,0,0,1,차대차 - 측면직각충돌,안전운전불이행,건조,맑음,단일로 - 기타,원동기,남,17세,부상신고,승용,남,55세,상해없음
2015031300100673,2015년 3월 13일 23시,금요일,부산광역시 북구 화명동,경상사고,0,0,3,0,차대차 - 추돌 - 진행중,안전운전불이행,건조,맑음,교차로 - 교차로안,승용,남,51세,상해없음,승용,남,60세,경상