사고번호,사고일시,요일,시군구,사고내용,사망자수,중상자수,경상자수,부상신고자수,사고유형,법규위반,노면상태,기상상태,도로형태,가해운전자 차종,가해운전자 성별,가해운전자 연령,가해운전자 상해정도,피해운전자 차종,피해운전자 성별,피해운전자 연령,피해운전자 상해정도
2015031700100116,2015년 3월 17일 08시,화요일,부산광역시 사상구 주례동,경상사고,0,0,1,0,차대차 - 추돌 - 진행중,안전운전불이행,건조,맑음,단일로 - 기타,승용,남,33세,상해없음,승용,남,59세,경상
2015031700100157,2015년 3월 17일 09시,화요일,부산광역시 동래구 명륜동,중상사고,0,1,1,0,차량단독 - 공작물충돌,기타,건조,맑음,단일로 - 기타,승합,남,55세,상해없음,,,,
2015031700100158,2015년 3월 17일 09시,화요일,부산광역시 부산진구 당감동,경상사고,0,0,1,0,차대차 - 기타,안전운전불이행,건조,맑음,단일로 - 기타,승용,여,41세,상해없음,이륜,남,42세,경상
2015031700100159,2015년 3월 17일 09시,화요일,부산광역시 기장군 기장읍,중상사고,0,1,0,0,차대차 - 추돌 - 진행중,안전거리미확보,건조,맑음,교차로 - 교차로부근,건설기계,남,51세,상해없음,승용,남,58세,중상
2015031700100238,2015년 3월 17일 12시,화요일,부산광역시 서구 남부민동,경상사고,0,0,1,0,차량단독 - 기타,안전운전불이행,건조,맑음,단일로 - 기타,승합,남,50세,상해없음,,,,
2015031700100239,2015년 3월 17일 12시,화요일,부산광역시 남구 대연동,경상사고,0,0,1,0,차대차 - 측면직각충돌,신호위반,건조,맑음,교차로 - 교차로안,원동기,남,64세,상해없음,승용,여,59세,경상
2015031700100240,2015년 3월 17일 12시,화요일,부산광역시 사하구 장림동,부상신고사고,0,0,0,1,차대차 - 기타,교차로운행방법위반,건조,맑음,교차로 - 교차로안,화물,남,50세,부상신고,화물,남,67세,상해없음
2015031700100241,2015년 3월 17일 12시,화요일,부산광역시 사하구 하단동,중상사고,0,1,0,0,차대차 - 측면직각충돌,신호위반,건조,맑음,교차로 - 교차로안,화물,남,55세,상해없음,승용,남,30세,중상
2015031700100298,2015년 3월 17일 14시,화요일,부산광역시 금정구 금사동,중상사고,0,1,0,0,차대차 - 측면직각충돌,교차로운행방법위반,건조,맑음,교차로 - 교차로안,승용,남,28세,상해없음,원동기,남,69세,중상
2015031700100333,2015년 3월 17일 15시,화요일,부산광역시 북구 만덕동,경상사고,0,0,1,0,차대차 - 기타,안전거리미확보,건조,맑음,단일로 - 기타,승용,여,37세,상해없음,승용,남,53세,경상
2015031700100357,2015년 3월 17일 16시,화요일,부산광역시 동구 초량동,경상사고,0,0,2,0,차대차 - 측면직각충돌,직진우회전진행방해,건조,맑음,교차로 - 교차로안,승용,남,56세,상해없음,화물,남,50세,상해없음
2015031700100358,2015년 3월 17일 16시,화요일,부산광역시 남구 용호동,부상신고사고,0,0,0,1,차대차 - 추돌 - 진행중,교차로운행방법위반,건조,맑음,교차로 - 교차로안,건설기계,남,49세,상해없음,승용,여,65세,부상신고
2015031700100359,2015년 3월 17일 16시,화요일,부산광역시 연제구 연산동,중상사고,0,1,0,0,차대차 - 추돌 - 진행중,안전거리미확보,건조,맑음,단일로 - 기타,승용,남,43세,상해없음,승용,남,59세,중상
2015031700100383,2015년 3월 17일 17시,화요일,부산광역시 금정구 노포동,경상사고,0,0,1,0,차대사람 - 기타,안전운전불이행,건조,맑음,단일로 - 기타,승용,기타불명,기타불명,기타불명,보행자,여,61세,경상
2015031700100384,2015년 3월 17일 17시,화요일,부산광역시 강서구 명지동,경상사고,0,0,4,1,차대차 - 정면충돌,중앙선침범,건조,맑음,단일로 - 기타,승용,남,32세,부상신고,승용,여,18세,경상
2015031700100422,2015년 3월 17일 18시,화요일,부산광역시 동구 초량동,경상사고,0,0,1,0,차대사람 - 길가장자리구역통행중,안전운전불이행,건조,기타,단일로 - 기타,승용,남,23세,상해없음,보행자,남,63세,경상
2015031700100423,2015년 3월 17일 18시,화요일,부산광역시 금정구 남산동,중상사고,0,1,0,0,차대차 - 추돌 - 주정차중,안전운전불이행,건조,맑음,교차로 - 교차로부근,승용,남,71세,상해없음,승용,여,47세,중상
2015031700100424,2015년 3월 17일 18시,화요일,부산광역시 사상구 괘법동,경상사고,0,0,1,1,차대차 - 추돌 - 주정차중,안전거리미확보,건조,맑음,단일로 - 기타,승용,남,60세,상해없음,승용,남,55세,경상
2015031700100425,2015년 3월 17일 18시,화요일,부산광역시 사상구 주례동,경상사고,0,0,2,0,차대차 - 추돌 - 진행중,안전거리미확보,건조,맑음,교차로 - 교차로부근,화물,남,64세,상해없음,승용,남,43세,경상
2015031700100468,2015년 3월 17일 19시,화요일,부산광역시 금정구 회동동,중상사고,0,1,0,0,차대차 - 추돌 - 진행중,안전거리미확보,건조,맑음,단일로 - 기타,승용,남,50세,상해없음,화물,남,36세,중상
2015031700100469,2015년 3월 17일 19시,화요일,부산광역시 사상구 모라동,경상사고,0,0,1,0,차대차 - 추돌 - 진행중,안전거리미확보,건조,맑음,단일로 - 기타,승용,남,63세,상해없음,승용,남,27세,경상
2015031700100508,2015년 3월 17일 20시,화요일,부산광역시 부산진구 부전동,중상사고,0,1,0,0,차대차 - 추돌 - 진행중,안전거리미확보,건조,맑음,교차로 - 교차로부근,승용,남,43세,상해없음,승용,남,46세,상해없음
2015031700100509,2015년 3월 17일 20시,화요일,부산광역시 연제구 연산동,경상사고,0,0,1,0,차대사람 - 차도통행중,안전운전불이행,건조,맑음,교차로 - 교차로부근,승용,남,43세,상해없음,보행자,남,54세,경상
2015031700100536,2015년 3월 17일 21시,화요일,부산광역시 수영구 남천동,경상사고,0,0,1,0,차대차 - 추돌 - 진행중,안전운전불이행,건조,맑음,단일로 - 기타,화물,남,26세,상해없음,승용,여,47세,경상
2015031700100537,2015년 3월 17일 21시,화요일,부산광역시 영도구 남항동1가,경상사고,0,0,1,0,차대사람 - 횡단중,안전운전불이행,건조,맑음,교차로 - 교차로안,승합,남,30세,상해없음,보행자,남,53세,경상
2015031700100538,2015년 3월 17일 21시,화요일,부산광역시 해운대구 재송동,경상사고,0,0,1,0,차대차 - 추돌 - 진행중,중앙선침범,건조,맑음,단일로 - 기타,승용,남,55세,상해없음,이륜,남,22세,경상
2015031700100539,2015년 3월 17일 21시,화요일,부산광역시 사상구 모라동,부상신고사고,0,0,0,1,차대차 - 측면직각충돌,신호위반,건조,맑음,교차로 - 교차로안,이륜,남,17세,부상신고,승용,남,36세,상해없음
2015031700100567,2015년 3월 17일 22시,화요일,부산광역시 동래구 명장동,중상사고,0,1,0,0,차대사람 - 차도통행중,안전운전불이행,건조,맑음,단일로 - 기타,승용,남,60세,상해없음,보행자,남,46세,중상
2015031700100568,2015년 3월 17일 22시,화요일,부산광역시 연제구 연산동,중상사고,0,1,0,0,차대사람 - 횡단중,보행자보호의무위반,건조,맑음,단일로 - 횡단보도상,승용,남,58세,상해없음,보행자,남,60세,중상
2015031700100597,2015년 3월 17일 23시,화요일,부산광역시 금정구 장전동,경상사고,0,0,1,0,차대사람 - 횡단중,안전운전불이행,건조,맑음,단일로 - 기타,승용,남,62세,상해없음,보행자,여,30세,경상
2015031700100598,2015년 3월 17일 23시,화요일,부산광역시 사하구 괴정동,중상사고,0,1,0,0,차대차 - 측면직각충돌,안전운전불이행,건조,맑음,단일로 - 기타,승용,남,49세,상해없음,이륜,남,31세,중상
2015031800100004,2015년 3월 18일 00시,수요일,부산광역시 해운대구 송정동,중상사고,0,1,2,0,차대차 - 추돌 - 진행중,안전운전불이행,건조,맑음,단일로 - 기타,승용,남,45세,경상,승용,남,29세,경상
2015031800100066,2015년 3월 18일 06시,수요일,부산광역시 동구 범일동,중상사고,0,1,0,0,차대차 - 추돌 - 주정차중,안전운전불이행,건조,맑음,단일로 - 기타,승용,남,64세,중상,화물,남,55세,상해없음
2015031800100093,2015년 3월 18일 07시,수요일,부산광역시 사상구 모라동,중상사고,0,1,0,0,차대사람 - 기타,안전운전불이행,기타,비,단일로 - 기타,화물,여,32세,상해없음,보행자,여,64세,중상
2015031800100155,2015년 3월 18일 09시,수요일,부산광역시 북구 만덕동,경상사고,0,0,1,0,차대차 - 기타,안전운전불이행,습기,비,교차로 - 교차로부근,승용,남,32세,상해없음,승용,여,26세,경상
2015031800100156,2015년 3월 18일 09시,수요일,부산광역시 사하구 하단동,경상사고,0,0,1,0,차대차 - 측면직각충돌,안전운전불이행,습기,비,단일로 - 기타,화물,남,52세,상해없음,승용,남,50세,경상
2015031800100249,2015년 3월 18일 13시,수요일,부산광역시 서구 서대신동2가,중상사고,0,1,0,0,차대차 - 측면직각충돌,교차로운행방법위반,습기,비,교차로 - 교차로안,원동기,남,46세,중상,승용,여,39세,상해없음
2015031800100250,2015년 3월 18일 13시,수요일,부산광역시 해운대구 송정동,경상사고,0,0,2,0,차대차 - 추돌 - 진행중,안전운전불이행,습기,비,교차로 - 교차로부근,승용,남,42세,상해없음,승용,여,44세,경상
2015031800100251,2015년 3월 18일 13시,수요일,부산광역시 사하구 괴정동,경상사고,0,0,1,0,차대차 - 추돌 - 진행중,안전거리미확보,습기,비,단일로 - 기타,승합,남,50세,상해없음,승용,여,43세,경상
2015031800100285,2015년 3월 18일 14시,수요일,부산광역시 서구 동대신동3가,경상사고,0,0,2,0,차대차 - 측면직각충돌,교차로운행방법위반,습기,비,교차로 - 교차로안,승용,남,31세,상해없음,화물,남,51세,경상
2015031800100286,2015년 3월 18일 14시,수요일,부산광역시 남구 대연동,경상사고,0,0,1,0,차대차 - 측면직각충돌,안전거리미확보,습기,비,단일로 - 기타,화물,남,26세,상해없음,화물,남,60세,상해없음
2015031800100287,2015년 3월 18일 14시,수요일,부산광역시 사하구 신평동,경상사고,0,0,1,0,차대차 - 기타,안전운전불이행,건조,맑음,교차로 - 교차로안,화물,남,34세,상해없음,승용,남,56세,경상
2015031800100317,2015년 3월 18일 15시,수요일,부산광역시 동구 초량동,경상사고,0,0,1,0,차대차 - 측면직각충돌,교차로운행방법위반,습기,비,교차로 - 교차로안,화물,남,47세,경상,승합,남,55세,상해없음
2015031800100318,2015년 3월 18일 15시,수요일,부산광역시 영도구 동삼동,경상사고,0,0,1,0,차대차 - 정면충돌,중앙선침범,습기,비,단일로 - 기타,승용,남,36세,상해없음,승용,남,31세,경상
2015031800100319,2015년 3월 18일 15시,수요일,부산광역시 부산진구 부전동,중상사고,0,1,0,0,차대사람 - 기타,안전운전불이행,습기,비,단일로 - 기타,화물,남,53세,상해없음,보행자,남,76세,중상
2015031800100320,2015년 3월 18일 15시,수요일,부산광역시 연제구 거제동,경상사고,0,0,1,0,차대차 - 측면직각충돌,안전거리미확보,습기,비,단일로 - 기타,승용,남,71세,상해없음,승용,여,34세,경상
2015031800100362,2015년 3월 18일 16시,수요일,부산광역시 해운대구 석대동,경상사고,0,0,1,0,차대차 - 기타,안전운전불이행,습기,비,교차로 - 교차로부근,승합,남,72세,상해없음,승용,남,63세,경상
2015031800100363,2015년 3월 18일 16시,수요일,부산광역시 사하구 하단동,경상사고,0,0,1,0,차대차 - 측면직각충돌,교차로운행방법위반,습기,비,단일로 - 기타,승용,여,38세,상해없음,화물,남,30세,경상
2015031800100399,2015년 3월 18일 17시,수요일,부산광역시 부산진구 양정동,경상사고,0,0,1,0,차대사람 - 횡단중,안전운전불이행,습기,비,단일로 - 기타,승용,여,66세,상해없음,보행자,여,63세,경상
2015031800100442,2015년 3월 18일 18시,수요일,부산광역시 동래구 온천동,경상사고,0,0,1,0,차대차 - 추돌 - 주정차중,안전거리미확보,습기,비,단일로 - 기타,승용,여,51세,상해없음,승합,남,52세,상해없음
2015031800100488,2015년 3월 18일 19시,수요일,부산광역시 중구 중앙동2가,경상사고,0,0,1,0,차대차 - 추돌 - 주정차중,안전운전불이행,습기,비,단일로 - 기타,승용,남,44세,상해없음,승용,여,59세,경상
2015031800100489,2015년 3월 18일 19시,수요일,부산광역시 서구 서대신동1가,경상사고,0,0,1,0,차대차 - 추돌 - 진행중,안전거리미확보,습기,비,단일로 - 횡단보도부근,승용,남,25세,상해없음,승용,남,33세,경상
2015031800100490,2015년 3월 18일 19시,수요일,부산광역시 남구 대연동,경상사고,0,0,1,0,차대차 - 추돌 - 진행중,차로위반,습기,비,기타 - 기타,승용,남,51세,상해없음,승용,남,72세,상해없음
2015031800100491,2015년 3월 18일 19시,수요일,부산광역시 사하구 장림동,경상사고,0,0,1,0,차대차 - 기타,교차로운행방법위반,습기,비,교차로 - 교차로안,승합,남,37세,상해없음,이륜,남,61세,경상
2015031800100552,2015년 3월 18일 20시,수요일,부산광역시 영도구 청학동,중상사고,0,1,0,0,차대사람 - 횡단중,안전운전불이행,습기,비,단일로 - 기타,승용,남,48세,상해없음,보행자,남,38세,중상
2015031800100553,2015년 3월 18일 20시,수요일,부산광역시 금정구 금사동,경상사고,0,0,1,0,차대차 - 측면직각충돌,신호위반,건조,맑음,교차로 - 교차로안,승용,남,65세,상해없음,승용,남,28세,경상
2015031800100554,2015년 3월 18일 20시,수요일,부산광역시 부산진구 양정동,경상사고,0,0,2,0,차대차 - 기타,안전운전불이행,습기,비,교차로 - 교차로부근,승용,남,49세,상해없음,승용,남,63세,경상
2015031800100555,2015년 3월 18일 20시,수요일,부산광역시 강서구 명지동,경상사고,0,0,1,0,차대차 - 측면직각충돌,교차로운행방법위반,습기,비,교차로 - 교차로안,화물,남,24세,상해없음,이륜,남,18세,경상
2015031800100556,2015년 3월 18일 20시,수요일,부산광역시 사상구 감전동,경상사고,0,0,1,0,차대차 - 추돌 - 진행중,안전거리미확보,습기,비,단일로 - 기타,승용,여,52세,상해없음,화물,남,25세,상해없음
2015031800100642,2015년 3월 18일 22시,수요일,부산광역시 금정구 부곡동,경상사고,0,0,1,0,차대차 - 측면직각충돌,기타,습기,비,교차로 - 교차로안,승용,남,42세,상해없음,승용,남,37세,경상
2015031800100643,2015년 3월 18일 22시,수요일,부산광역시 사상구 괘법동,중상사고,0,1,0,0,차대사람 - 차도통행중,안전운전불이행,습기,비,교차로 - 교차로안,승합,남,53세,상해없음,보행자,남,54세,중상
2015031800100644,2015년 3월 18일 22시,수요일,부산광역시 사상구 괘법동,중상사고,0,1,0,0,차대사람 - 길가장자리구역통행중,안전운전불이행,습기,비,단일로 - 기타,화물,남,38세,상해없음,보행자,남,55세,중상
2015031800100676,2015년 3월 18일 23시,수요일,부산광역시 해운대구 송정동,중상사고,0,1,0,0,차대사람 - 횡단중,안전운전불이행,습기,비,단일로 - 횡단보도상,승용,남,38세,상해없음,보행자,여,70세,중상
2015031900100006,2015년 3월 19일 00시,목요일,부산광역시 해운대구 송정동,중상사고,0,1,0,0,차대차 - 추돌 - 주정차중,안전운전불이행,습기,비,교차로 - 교차로부근,승용,남,34세,상해없음,승합,남,48세,중상
2015031900100007,2015년 3월 19일 00시,목요일,부산광역시 해운대구 재송동,부상신고사고,0,0,0,1,차대사람 - 횡단중,안전운전불이행,습기,비,단일로 - 기타,승용,남,25세,상해없음,보행자,남,56세,부상신고
2015031900100032,2015년 3월 19일 01시,목요일,부산광역시 동래구 명륜동,경상사고,0,0,1,0,차대사람 - 길가장자리구역통행중,안전운전불이행,습기,비,교차로 - 교차로부근,화물,남,52세,상해없음,보행자,남,53세,경상
2015031900100033,2015년 3월 19일 01시,목요일,부산광역시 금정구 구서동,중상사고,0,1,0,0,차대차 - 측면직각충돌,차로위반,건조,맑음,교차로 - 교차로부근,승용,남,58세,상해없음,화물,남,49세,상해없음
2015031900100048,2015년 3월 19일 02시,목요일,부산광역시 동래구 온천동,경상사고,0,0,1,0,차대사람 - 횡단중,안전운전불이행,습기,비,단일로 - 횡단보도상,승용,남,62세,상해없음,보행자,남,34세,경상
2015031900100060,2015년 3월 19일 04시,목요일,부산광역시 연제구 연산동,중상사고,0,1,0,0,차대사람 - 차도통행중,안전운전불이행,습기,비,단일로 - 기타,승용,남,30세,상해없음,보행자,남,26세,중상
2015031900100070,2015년 3월 19일 05시,목요일,부산광역시 연제구 거제동,중상사고,0,1,0,0,차대사람 - 차도통행중,안전운전불이행,습기,비,단일로 - 기타,승용,남,35세,상해없음,보행자,여,66세,중상
2015031900100076,2015년 3월 19일 06시,목요일,부산광역시 동래구 온천동,중상사고,0,1,2,0,차대차 - 측면직각충돌,교차로운행방법위반,습기,비,교차로 - 교차로안,승용,남,29세,상해없음,승용,남,55세,경상
2015031900100077,2015년 3월 19일 06시,목요일,부산광역시 금정구 남산동,중상사고,0,1,0,0,차대차 - 측면직각충돌,기타,건조,맑음,교차로 - 교차로안,승용,남,71세,상해없음,승용,남,34세,중상
2015031900100078,2015년 3월 19일 06시,목요일,부산광역시 연제구 연산동,중상사고,0,1,0,0,차대사람 - 차도통행중,안전운전불이행,습기,비,교차로 - 교차로부근,승용,남,49세,상해없음,보행자,여,62세,중상
2015031900100114,2015년 3월 19일 08시,목요일,부산광역시 중구 영주동,경상사고,0,0,1,0,차대차 - 추돌 - 진행중,안전운전불이행,건조,맑음,미분류 - 미분류,특수,남,60세,상해없음,승용,남,34세,경상
2015031900100162,2015년 3월 19일 09시,목요일,부산광역시 해운대구 송정동,중상사고,0,1,0,0,차량단독 - 전도전복,안전운전불이행,기타,맑음,단일로 - 기타,승용,남,29세,중상,,,,
2015031900100163,2015년 3월 19일 09시,목요일,부산광역시 연제구 연산동,경상사고,0,0,1,0,차대차 - 추돌 - 진행중,안전운전불이행,습기,비,교차로 - 교차로부근,승용,남,54세,상해없음,승용,여,44세,경상
2015031900100164,2015년 3월 19일 09시,목요일,부산광역시 강서구 명지동,중상사고,0,2,2,1,차대차 - 추돌 - 주정차중,안전운전불이행,건조,흐림,교차로 - 교차로안,승용,남,25세,상해없음,승용,남,25세,경상
2015031900100222,2015년 3월 19일 11시,목요일,부산광역시 수영구 남천동,사망사고,1,0,0,0,차량단독 - 공작물충돌,안전운전불이행,건조,맑음,단일로 - 기타,승용,남,76세,상해없음,,,,
2015031900100223,2015년 3월 19일 11시,목요일,부산광역시 연제구 연산동,경상사고,0,0,1,0,차대차 - 측면직각충돌,안전운전불이행,습기,비,단일로 - 기타,승합,남,51세,상해없음,승용,여,53세,경상
2015031900100255,2015년 3월 19일 12시,목요일,부산광역시 수영구 수영동,중상사고,0,1,0,0,차대사람 - 횡단중,안전운전불이행,건조,맑음,교차로 - 교차로안,승용,여,36세,상해없음,보행자,여,66세,중상
2015031900100287,2015년 3월 19일 13시,목요일,부산광역시 중구 남포동6가,경상사고,0,0,1,0,차대사람 - 기타,안전운전불이행,건조,맑음,단일로 - 기타,승용,여,43세,상해없음,보행자,남,71세,경상
2015031900100288,2015년 3월 19일 13시,목요일,부산광역시 수영구 광안동,경상사고,0,0,1,0,차대사람 - 차도통행중,안전운전불이행,건조,맑음,교차로 - 교차로안,승용,여,54세,상해없음,보행자,여,30세,경상
2015031900100330,2015년 3월 19일 14시,목요일,부산광역시 동래구 안락동,사망사고,1,0,0,0,차대사람 - 횡단중,안전운전불이행,건조,맑음,교차로 - 교차로안,승용,여,55세,상해없음,보행자,남,82세,사망
2015031900100331,2015년 3월 19일 14시,목요일,부산광역시 해운대구 좌동,경상사고,0,0,1,0,차대사람 - 횡단중,보행자보호의무위반,건조,맑음,교차로 - 교차로안,승용,남,36세,상해없음,보행자,여,85세,경상
2015031900100332,2015년 3월 19일 14시,목요일,부산광역시 기장군 정관면,경상사고,0,0,2,0,차대차 - 측면직각충돌,신호위반,건조,맑음,교차로 - 교차로안,승용,여,42세,경상,화물,남,31세,경상
2015031900100400,2015년 3월 19일 16시,목요일,부산광역시 남구 대연동,경상사고,0,0,1,0,차대사람 - 횡단중,안전운전불이행,건조,맑음,단일로 - 기타,승합,여,41세,상해없음,보행자,남,14세,경상
2015031900100429,2015년 3월 19일 17시,목요일,부산광역시 서구 암남동,중상사고,0,1,1,0,차량단독 - 기타,안전운전불이행,건조,맑음,단일로 - 기타,승용,남,60세,상해없음,,,,
2015031900100430,2015년 3월 19일 17시,목요일,부산광역시 수영구 남천동,중상사고,0,1,0,0,차대차 - 기타,안전운전불이행,건조,맑음,단일로 - 기타,승용,남,25세,상해없음,승용,남,62세,중상
2015031900100431,2015년 3월 19일 17시,목요일,부산광역시 남구 대연동,경상사고,0,0,1,0,차대차 - 측면직각충돌,교차로운행방법위반,건조,맑음,교차로 - 교차로안,승합,여,39세,상해없음,승용,여,43세,경상
2015031900100432,2015년 3월 19일 17시,목요일,부산광역시 연제구 거제동,경상사고,0,0,1,0,차대차 - 추돌 - 진행중,안전운전불이행,건조,맑음,단일로 - 기타,이륜,남,38세,경상,승용,남,60세,상해없음
2015031900100434,2015년 3월 19일 17시,목요일,부산광역시 수영구 망미동,부상신고사고,0,0,0,1,차대차 - 추돌 - 진행중,안전운전불이행,건조,맑음,단일로 - 기타,원동기,남,19세,부상신고,승용,남,62세,상해없음
2015031900100494,2015년 3월 19일 19시,목요일,부산광역시 중구 중앙동7가,경상사고,0,0,1,0,차대차 - 측면직각충돌,안전운전불이행,건조,맑음,교차로 - 교차로부근,승용,기타불명,기타불명,기타불명,이륜,남,25세,상해없음
2015031900100495,2015년 3월 19일 19시,목요일,부산광역시 해운대구 우동,경상사고,0,0,2,0,차대차 - 측면직각충돌,교차로운행방법위반,건조,맑음,교차로 - 교차로안,승용,여,27세,경상,승용,여,54세,경상
2015031900100496,2015년 3월 19일 19시,목요일,부산광역시 부산진구 부전동,부상신고사고,0,0,0,1,차대차 - 기타,차로위반,건조,맑음,단일로 - 기타,승용,여,56세,상해없음,승용,남,58세,부상신고
2015031900100497,2015년 3월 19일 19시,목요일,부산광역시 사하구 신평동,중상사고,0,1,0,0,차대사람 - 횡단중,안전운전불이행,건조,맑음,단일로 - 기타,화물,남,31세,상해없음,보행자,여,48세,중상
2015031900100546,2015년 3월 19일 20시,목요일,부산광역시 부산진구 부전동,경상사고,0,0,1,0,차대차 - 기타,신호위반,건조,맑음,교차로 - 교차로안,승용,여,48세,상해없음,이륜,남,24세,경상
2015031900100575,2015년 3월 19일 21시,목요일,부산광역시 서구 암남동,중상사고,0,1,0,0,차대사람 - 차도통행중,안전운전불이행,건조,맑음,단일로 - 기타,승용,남,55세,상해없음,보행자,여,16세,중상
2015031900100576,2015년 3월 19일 21시,목요일,부산광역시 서구 암남동,경상사고,0,0,1,0,차대차 - 측면직각충돌,안전운전불이행,건조,맑음,단일로 - 기타,원동기,남,56세,경상,승용,남,57세,상해없음
2015031900100612,2015년 3월 19일 22시,목요일,부산광역시 동래구 명장동,중상사고,0,1,0,0,차대사람 - 횡단중,안전운전불이행,건조,맑음,단일로 - 기타,원동기,남,18세,상해없음,보행자,남,17세,중상
2015031900100613,2015년 3월 19일 22시,목요일,부산광역시 부산진구 개금동,중상사고,0,1,0,0,차대차 - 기타,신호위반,건조,맑음,교차로 - 교차로안,승용,남,19세,상해없음,승용,여,49세,중상
2015031900100643,2015년 3월 19일 23시,목요일,부산광역시 동래구 온천동,경상사고,0,0,3,1,차대차 - 측면직각충돌,교차로운행방법위반,건조,맑음,교차로 - 교차로안,승용,남,56세,상해없음,승용,여,26세,경상
2015032000100018,2015년 3월 20일 01시,금요일,부산광역시 동구 초량동,경상사고,0,0,1,0,차대차 - 기타,안전운전불이행,건조,맑음,단일로 - 기타,승용,남,58세,상해없음,승용,남,60세,경상
2015032000100019,2015년 3월 20일 01시,금요일,부산광역시 부산진구 부전동,중상사고,0,1,1,0,차대차 - 추돌 - 주정차중,안전운전불이행,건조,맑음,단일로 - 기타,승용,남,24세,상해없음,승용,남,54세,중상
2015032000100020,2015년 3월 20일 01시,금요일,부산광역시 사상구 주례동,경상사고,0,0,1,0,차대차 - 측면직각충돌,교차로운행방법위반,건조,맑음,교차로 - 교차로안,승용,남,34세,상해없음,승용,남,49세,경상
2015032000100055,2015년 3월 20일 04시,금요일,부산광역시 해운대구 반송동,중상사고,0,1,0,0,차대차 - 측면직각충돌,안전운전불이행,건조,맑음,단일로 - 기타,승용,남,58세,상해없음,이륜,남,54세,중상
2015032000100065,2015년 3월 20일 05시,금요일,부산광역시 서구 충무동2가,경상사고,0,0,1,0,차대사람 - 보도통행중,안전운전불이행,건조,맑음,단일로 - 기타,원동기,남,17세,상해없음,보행자,여,55세,경상
2015032000100126,2015년 3월 20일 08시,금요일,부산광역시 사상구 괘법동,중상사고,0,1,0,0,차대차 - 측면직각충돌,교차로운행방법위반,건조,맑음,교차로 - 교차로안,승용,남,26세,상해없음,자전거,여,47세,중상
2015032000100127,2015년 3월 20일 08시,금요일,부산광역시 사상구 주례동,경상사고,0,0,1,0,차대차 - 측면직각충돌,신호위반,건조,맑음,교차로 - 교차로안,승용,남,51세,상해없음,이륜,남,24세,경상
2015032000100162,2015년 3월 20일 09시,금요일,부산광역시 동구 범일동,중상사고,0,1,1,0,차대차 - 측면직각충돌,신호위반,건조,맑음,교차로 - 교차로안,승용,여,53세,상해없음,원동기,남,61세,경상
2015032000100163,2015년 3월 20일 09시,금요일,부산광역시 영도구 봉래동1가,경상사고,0,0,3,0,차대차 - 추돌 - 진행중,안전거리미확보,건조,맑음,단일로 - 기타,승합,남,54세,상해없음,승합,남,49세,경상
2015032000100164,2015년 3월 20일 09시,금요일,부산광역시 사하구 하단동,중상사고,0,1,0,0,차량단독 - 기타,안전운전불이행,건조,맑음,단일로 - 기타,승용,남,68세,상해없음,,,,
2015032000100183,2015년 3월 20일 10시,금요일,부산광역시 금정구 부곡동,중상사고,0,1,0,0,차대사람 - 횡단중,보행자보호의무위반,건조,맑음,교차로 - 교차로안,화물,남,51세,상해없음,보행자,여,65세,중상
2015032000100248,2015년 3월 20일 12시,금요일,부산광역시 사하구 괴정동,중상사고,0,1,0,0,차대사람 - 기타,안전운전불이행,건조,맑음,교차로 - 교차로부근,화물,남,32세,상해없음,보행자,여,85세,중상
2015032000100273,2015년 3월 20일 13시,금요일,부산광역시 기장군 기장읍,경상사고,0,0,3,0,차대차 - 측면직각충돌,안전운전불이행,건조,맑음,단일로 - 기타,승용,남,43세,상해없음,승용,남,52세,경상
2015032000100304,2015년 3월 20일 14시,금요일,부산광역시 동구 수정동,중상사고,0,1,0,0,차대사람 - 기타,안전운전불이행,건조,맑음,단일로 - 기타,승용,남,78세,상해없음,보행자,여,33세,중상
2015032000100370,2015년 3월 20일 16시,금요일,부산광역시 서구 암남동,경상사고,0,0,1,0,차대차 - 측면직각충돌,안전운전불이행,건조,맑음,단일로 - 기타,화물,남,60세,상해없음,화물,남,48세,경상
2015032000100371,2015년 3월 20일 16시,금요일,부산광역시 연제구 거제동,중상사고,0,1,0,0,차대차 - 측면직각충돌,불법유턴,건조,맑음,단일로 - 횡단보도상,원동기,여,35세,중상,승용,남,66세,상해없음
2015032000100423,2015년 3월 20일 17시,금요일,부산광역시 동구 범일동,경상사고,0,0,1,0,차대차 - 측면직각충돌,교차로운행방법위반,건조,맑음,교차로 - 교차로안,원동기,남,60세,상해없음,승용,여,46세,경상
2015032000100424,2015년 3월 20일 17시,금요일,부산광역시 동래구 명장동,경상사고,0,0,1,0,차대차 - 추돌 - 진행중,안전운전불이행,건조,맑음,단일로 - 기타,승용,남,42세,상해없음,승용,남,74세,경상
2015032000100425,2015년 3월 20일 17시,금요일,부산광역시 사상구 학장동,중상사고,0,1,0,0,차대사람 - 횡단중,안전운전불이행,건조,맑음,단일로 - 기타,승용,여,35세,상해없음,보행자,남,82세,중상
2015032000100456,2015년 3월 20일 18시,금요일,부산광역시 금정구 금사동,중상사고,0,1,0,0,차대차 - 정면충돌,중앙선침범,건조,맑음,단일로 - 기타,승용,남,55세,상해없음,승용,여,44세,중상