사고번호,사고일시,요일,시군구,사고내용,사망자수,중상자수,경상자수,부상신고자수,사고유형,법규위반,노면상태,기상상태,도로형태,가해운전자 차종,가해운전자 성별,가해운전자 연령,가해운전자 상해정도,피해운전자 차종,피해운전자 성별,피해운전자 연령,피해운전자 상해정도
2015032000100457,2015년 3월 20일 18시,금요일,부산광역시 사하구 하단동,중상사고,0,2,0,2,차대차 - 기타,안전운전불이행,건조,맑음,단일로 - 기타,승용,남,28세,상해없음,승용,남,58세,부상신고
2015032000100537,2015년 3월 20일 20시,금요일,부산광역시 동래구 명륜동,중상사고,0,2,1,0,차대차 - 측면직각충돌,직진우회전진행방해,건조,맑음,교차로 - 교차로부근,승용,남,19세,상해없음,승합,남,55세,경상
2015032000100578,2015년 3월 20일 21시,금요일,부산광역시 서구 암남동,경상사고,0,0,1,0,차대사람 - 차도통행중,신호위반,건조,맑음,단일로 - 횡단보도부근,자전거,남,17세,상해없음,보행자,남,59세,경상
2015032000100579,2015년 3월 20일 21시,금요일,부산광역시 사상구 모라동,중상사고,0,1,0,0,차대사람 - 차도통행중,안전운전불이행,건조,맑음,단일로 - 기타,승합,남,71세,상해없음,보행자,여,49세,중상
2015032000100580,2015년 3월 20일 21시,금요일,부산광역시 사상구 주례동,경상사고,0,0,1,0,차대차 - 추돌 - 주정차중,안전운전불이행,건조,맑음,단일로 - 기타,승용,여,57세,경상,승용,남,58세,상해없음
2015032000100581,2015년 3월 20일 21시,금요일,부산광역시 사상구 덕포동,경상사고,0,0,1,0,차대차 - 측면직각충돌,신호위반,건조,맑음,교차로 - 교차로안,승용,여,31세,상해없음,승용,남,56세,경상
2015032000100616,2015년 3월 20일 22시,금요일,부산광역시 남구 문현동,경상사고,0,0,3,0,차대차 - 추돌 - 진행중,안전운전불이행,건조,맑음,교차로 - 교차로부근,승용,남,64세,상해없음,승용,남,44세,상해없음
2015032000100617,2015년 3월 20일 22시,금요일,부산광역시 사상구 괘법동,경상사고,0,0,1,0,차대차 - 측면직각충돌,안전운전불이행,건조,맑음,교차로 - 교차로안,승용,남,58세,상해없음,이륜,남,22세,경상
2015032000100654,2015년 3월 20일 23시,금요일,부산광역시 동래구 온천동,경상사고,0,0,1,0,차대차 - 측면직각충돌,안전거리미확보,건조,맑음,교차로 - 교차로안,승용,남,60세,상해없음,이륜,남,19세,경상
2015032000100655,2015년 3월 20일 23시,금요일,부산광역시 부산진구 전포동,경상사고,0,0,1,0,차대차 - 측면직각충돌,안전거리미확보,건조,맑음,단일로 - 기타,승용,남,55세,상해없음,승용,남,34세,상해없음
2015032000100656,2015년 3월 20일 23시,금요일,부산광역시 금정구 장전동,부상신고사고,0,0,0,1,차대사람 - 기타,안전운전불이행,건조,맑음,단일로 - 기타,승용,기타불명,기타불명,기타불명,보행자,남,42세,부상신고
2015032000100657,2015년 3월 20일 23시,금요일,부산광역시 금정구 노포동,경상사고,0,0,1,0,차대차 - 기타,안전운전불이행,건조,맑음,단일로 - 기타,화물,남,43세,상해없음,승용,여,61세,경상
2015032100100024,2015년 3월 21일 01시,토요일,부산광역시 수영구 민락동,중상사고,0,1,1,0,차대차 - 기타,신호위반,건조,맑음,교차로 - 교차로부근,원동기,남,22세,경상,이륜,남,33세,상해없음
2015032100100043,2015년 3월 21일 02시,토요일,부산광역시 사상구 학장동,경상사고,0,0,2,0,차대차 - 측면직각충돌,신호위반,건조,맑음,교차로 - 교차로안,승용,남,61세,상해없음,승용,남,58세,경상
2015032100100094,2015년 3월 21일 06시,토요일,부산광역시 동구 범일동,경상사고,0,0,2,0,차대사람 - 횡단중,안전운전불이행,건조,기타,단일로 - 기타,승용,남,59세,경상,보행자,남,66세,경상
2015032100100095,2015년 3월 21일 06시,토요일,부산광역시 사하구 괴정동,경상사고,0,0,1,0,차대차 - 측면직각충돌,안전거리미확보,건조,맑음,단일로 - 기타,승합,남,60세,상해없음,승합,남,67세,상해없음
2015032100100187,2015년 3월 21일 11시,토요일,부산광역시 동구 범일동,중상사고,0,1,0,0,차대차 - 측면직각충돌,신호위반,건조,맑음,교차로 - 교차로안,원동기,남,39세,중상,승용,남,67세,상해없음
2015032100100188,2015년 3월 21일 11시,토요일,부산광역시 동래구 온천동,경상사고,0,0,1,0,차대차 - 측면직각충돌,안전운전불이행,건조,맑음,단일로 - 기타,승용,여,53세,상해없음,승용,남,40세,경상
2015032100100212,2015년 3월 21일 12시,토요일,부산광역시 영도구 동삼동,경상사고,0,0,1,0,차대차 - 측면직각충돌,신호위반,건조,맑음,교차로 - 교차로안,승용,남,61세,상해없음,승용,남,30세,경상
2015032100100213,2015년 3월 21일 12시,토요일,부산광역시 부산진구 연지동,중상사고,0,1,0,0,차대차 - 측면직각충돌,신호위반,건조,맑음,단일로 - 기타,승용,남,35세,상해없음,이륜,남,40세,중상
2015032100100214,2015년 3월 21일 12시,토요일,부산광역시 금정구 금사동,부상신고사고,0,0,0,1,차대차 - 측면직각충돌,안전운전불이행,건조,맑음,교차로 - 교차로안,이륜,남,27세,부상신고,화물,남,60세,상해없음
2015032100100272,2015년 3월 21일 14시,토요일,부산광역시 해운대구 반여동,경상사고,0,0,1,0,차대차 - 측면직각충돌,안전운전불이행,건조,맑음,교차로 - 교차로안,자전거,남,8세,경상,승용,남,43세,상해없음
2015032100100319,2015년 3월 21일 15시,토요일,부산광역시 해운대구 석대동,경상사고,0,0,1,0,차대차 - 기타,안전거리미확보,건조,맑음,단일로 - 기타,승용,남,65세,상해없음,이륜,남,57세,경상
2015032100100320,2015년 3월 21일 15시,토요일,부산광역시 금정구 서동,사망사고,1,0,2,0,차대차 - 추돌 - 진행중,안전운전불이행,건조,맑음,단일로 - 기타,승용,남,65세,사망,승용,남,55세,경상
2015032100100361,2015년 3월 21일 16시,토요일,부산광역시 남구 용당동,중상사고,0,1,0,0,차량단독 - 기타,안전운전불이행,건조,맑음,단일로 - 기타,승용,남,34세,상해없음,,,,
2015032100100362,2015년 3월 21일 16시,토요일,부산광역시 부산진구 부암동,중상사고,0,1,5,0,차대차 - 추돌 - 진행중,안전운전불이행,건조,맑음,단일로 - 기타,승용,남,29세,상해없음,승용,여,49세,중상
2015032100100397,2015년 3월 21일 17시,토요일,부산광역시 금정구 구서동,경상사고,0,0,2,0,차대차 - 추돌 - 주정차중,안전거리미확보,건조,맑음,교차로 - 교차로부근,승용,남,38세,상해없음,승용,남,49세,경상
2015032100100435,2015년 3월 21일 18시,토요일,부산광역시 해운대구 반송동,경상사고,0,0,1,0,차대차 - 추돌 - 진행중,안전운전불이행,건조,맑음,단일로 - 기타,화물,남,46세,상해없음,원동기,남,18세,경상
2015032100100436,2015년 3월 21일 18시,토요일,부산광역시 수영구 망미동,경상사고,0,0,1,0,차대사람 - 길가장자리구역통행중,안전운전불이행,건조,맑음,단일로 - 기타,자전거,남,38세,상해없음,보행자,여,60세,경상
2015032100100437,2015년 3월 21일 18시,토요일,부산광역시 사상구 학장동,경상사고,0,0,1,0,차대차 - 측면직각충돌,차로위반,건조,맑음,교차로 - 교차로부근,승용,남,43세,상해없음,승용,남,33세,경상
2015032100100475,2015년 3월 21일 19시,토요일,부산광역시 동구 범일동,경상사고,0,0,1,0,차대차 - 측면직각충돌,신호위반,건조,맑음,교차로 - 교차로안,승용,남,29세,상해없음,원동기,남,52세,경상
2015032100100476,2015년 3월 21일 19시,토요일,부산광역시 부산진구 부전동,경상사고,0,0,1,0,차대차 - 기타,신호위반,건조,맑음,교차로 - 교차로안,승용,남,51세,상해없음,이륜,남,35세,경상
2015032100100518,2015년 3월 21일 20시,토요일,부산광역시 서구 동대신동1가,경상사고,0,0,1,0,차대차 - 추돌 - 진행중,차로위반,건조,맑음,단일로 - 기타,승용,남,46세,상해없음,원동기,남,18세,경상
2015032100100519,2015년 3월 21일 20시,토요일,부산광역시 동래구 온천동,경상사고,0,0,1,0,차대차 - 추돌 - 진행중,안전운전불이행,건조,맑음,단일로 - 기타,승용,남,26세,상해없음,승용,남,64세,경상
2015032100100546,2015년 3월 21일 21시,토요일,부산광역시 부산진구 부전동,경상사고,0,0,1,0,차대차 - 추돌 - 진행중,차로위반,건조,맑음,단일로 - 기타,승용,남,18세,상해없음,원동기,남,26세,경상
2015032100100547,2015년 3월 21일 21시,토요일,부산광역시 금정구 구서동,경상사고,0,0,1,0,차량단독 - 공작물충돌,안전운전불이행,건조,맑음,단일로 - 기타,승용,여,58세,경상,,,,
2015032100100548,2015년 3월 21일 21시,토요일,부산광역시 연제구 연산동,경상사고,0,0,1,0,차대차 - 추돌 - 주정차중,안전거리미확보,건조,맑음,단일로 - 기타,승용,여,49세,상해없음,승용,여,45세,경상
2015032100100571,2015년 3월 21일 22시,토요일,부산광역시 해운대구 우동,중상사고,0,1,2,0,차대차 - 정면충돌,신호위반,건조,맑음,교차로 - 교차로안,승용,여,44세,경상,승용,남,60세,중상
2015032100100572,2015년 3월 21일 22시,토요일,부산광역시 사상구 주례동,사망사고,1,0,0,0,차량단독 - 전도전복,안전운전불이행,건조,맑음,단일로 - 기타,이륜,남,26세,사망,,,,
2015032100100600,2015년 3월 21일 23시,토요일,부산광역시 동구 수정동,경상사고,0,0,1,0,차대사람 - 기타,안전운전불이행,건조,맑음,단일로 - 기타,승용,남,30세,상해없음,보행자,남,52세,경상
2015032100100601,2015년 3월 21일 23시,토요일,부산광역시 수영구 남천동,경상사고,0,0,1,0,차대차 - 측면직각충돌,교차로운행방법위반,건조,맑음,교차로 - 교차로안,승용,남,21세,상해없음,승용,남,49세,경상
2015032100100602,2015년 3월 21일 23시,토요일,부산광역시 영도구 청학동,중상사고,0,1,0,0,차대사람 - 기타,안전운전불이행,건조,맑음,단일로 - 기타,승용,여,39세,상해없음,보행자,여,49세,중상
2015032100100603,2015년 3월 21일 23시,토요일,부산광역시 해운대구 송정동,부상신고사고,0,0,0,1,차대사람 - 기타,안전운전불이행,건조,맑음,단일로 - 기타,승용,남,58세,상해없음,보행자,여,27세,부상신고
2015032100100604,2015년 3월 21일 23시,토요일,부산광역시 금정구 부곡동,중상사고,0,1,0,0,차대사람 - 횡단중,안전운전불이행,건조,맑음,단일로 - 기타,승용,남,50세,상해없음,보행자,남,63세,중상
2015032200100004,2015년 3월 22일 00시,일요일,부산광역시 사하구 신평동,경상사고,0,0,1,0,차대차 - 기타,안전운전불이행,건조,맑음,단일로 - 기타,승합,남,55세,상해없음,승용,남,60세,경상
2015032200100032,2015년 3월 22일 01시,일요일,부산광역시 부산진구 양정동,중상사고,0,1,1,0,차대차 - 측면직각충돌,신호위반,건조,맑음,교차로 - 교차로부근,승용,남,56세,상해없음,승용,남,46세,경상
2015032200100033,2015년 3월 22일 01시,일요일,부산광역시 사상구 삼락동,경상사고,0,0,1,0,차대차 - 추돌 - 진행중,교차로운행방법위반,건조,맑음,교차로 - 교차로안,승용,남,59세,상해없음,자전거,남,26세,경상
2015032200100066,2015년 3월 22일 03시,일요일,부산광역시 사상구 모라동,중상사고,0,1,0,0,차대차 - 기타,신호위반,건조,맑음,단일로 - 기타,승용,기타불명,기타불명,기타불명,승용,남,54세,상해없음
2015032200100080,2015년 3월 22일 04시,일요일,부산광역시 부산진구 부전동,경상사고,0,0,2,0,차대차 - 기타,안전운전불이행,건조,맑음,단일로 - 기타,승용,남,25세,상해없음,화물,남,27세,경상
2015032200100081,2015년 3월 22일 04시,일요일,부산광역시 기장군 일광면,경상사고,0,0,2,0,차대차 - 기타,안전운전불이행,건조,맑음,단일로 - 기타,승용,남,29세,상해없음,승용,남,29세,경상
2015032200100122,2015년 3월 22일 07시,일요일,부산광역시 금정구 구서동,중상사고,0,1,0,1,차대차 - 추돌 - 주정차중,안전운전불이행,건조,맑음,단일로 - 횡단보도부근,승용,남,30세,부상신고,승용,남,55세,중상
2015032200100134,2015년 3월 22일 08시,일요일,부산광역시 영도구 남항동1가,중상사고,0,2,0,0,차대차 - 정면충돌,중앙선침범,건조,맑음,단일로 - 기타,승용,남,70세,상해없음,화물,남,44세,중상
2015032200100164,2015년 3월 22일 10시,일요일,부산광역시 해운대구 좌동,경상사고,0,0,1,0,차대차 - 추돌 - 진행중,안전운전불이행,건조,맑음,교차로 - 교차로부근,승용,남,61세,상해없음,승용,여,32세,경상
2015032200100165,2015년 3월 22일 10시,일요일,부산광역시 사상구 감전동,경상사고,0,0,3,0,차대차 - 측면직각충돌,직진우회전진행방해,건조,맑음,교차로 - 교차로안,이륜,남,57세,경상,승용,남,49세,경상
2015032200100205,2015년 3월 22일 12시,일요일,부산광역시 남구 대연동,경상사고,0,0,2,0,차대차 - 측면직각충돌,안전거리미확보,건조,맑음,단일로 - 기타,승용,남,64세,상해없음,승용,남,31세,경상
2015032200100226,2015년 3월 22일 13시,일요일,부산광역시 동래구 사직동,경상사고,0,0,1,0,차대사람 - 길가장자리구역통행중,안전운전불이행,건조,맑음,단일로 - 기타,자전거,남,15세,상해없음,보행자,남,63세,경상
2015032200100227,2015년 3월 22일 13시,일요일,부산광역시 금정구 장전동,경상사고,0,0,1,0,차대차 - 정면충돌,안전운전불이행,건조,맑음,단일로 - 기타,원동기,남,46세,경상,승용,여,26세,상해없음
2015032200100258,2015년 3월 22일 14시,일요일,부산광역시 강서구 송정동,중상사고,0,3,0,0,차대차 - 측면직각충돌,교차로운행방법위반,건조,맑음,교차로 - 교차로안,승용,남,47세,상해없음,화물,남,50세,중상
2015032200100297,2015년 3월 22일 15시,일요일,부산광역시 남구 용호동,중상사고,0,1,0,0,차량단독 - 공작물충돌,안전운전불이행,건조,맑음,교차로 - 교차로부근,자전거,남,16세,중상,,,,
2015032200100298,2015년 3월 22일 15시,일요일,부산광역시 사상구 모라동,부상신고사고,0,0,0,1,차대차 - 측면직각충돌,중앙선침범,건조,맑음,단일로 - 기타,원동기,남,69세,부상신고,승용,남,48세,상해없음
2015032200100342,2015년 3월 22일 16시,일요일,부산광역시 수영구 민락동,중상사고,0,1,0,0,차대사람 - 횡단중,보행자보호의무위반,건조,맑음,단일로 - 횡단보도상,자전거,남,25세,상해없음,보행자,여,25세,중상
2015032200100344,2015년 3월 22일 16시,일요일,부산광역시 영도구 대교동1가,경상사고,0,0,2,0,차대차 - 추돌 - 진행중,안전거리미확보,건조,맑음,교차로 - 교차로안,승용,남,36세,상해없음,승용,남,29세,경상
2015032200100385,2015년 3월 22일 17시,일요일,부산광역시 강서구 봉림동,중상사고,0,3,0,0,차대차 - 측면직각충돌,안전운전불이행,건조,맑음,교차로 - 교차로안,화물,남,53세,상해없음,화물,남,57세,중상
2015032200100386,2015년 3월 22일 17시,일요일,부산광역시 강서구 송정동,중상사고,0,4,0,0,차대차 - 정면충돌,신호위반,건조,맑음,교차로 - 교차로안,승용,남,66세,상해없음,승용,남,31세,중상
2015032200100419,2015년 3월 22일 18시,일요일,부산광역시 부산진구 부암동,중상사고,0,1,0,0,차대차 - 측면직각충돌,신호위반,건조,맑음,교차로 - 교차로안,승용,여,37세,상해없음,이륜,남,45세,중상
2015032200100446,2015년 3월 22일 19시,일요일,부산광역시 북구 금곡동,경상사고,0,0,1,1,차대차 - 측면직각충돌,안전운전불이행,건조,맑음,단일로 - 기타,건설기계,남,59세,상해없음,승용,남,23세,경상
2015032200100447,2015년 3월 22일 19시,일요일,부산광역시 부산진구 부전동,중상사고,0,1,0,0,차대차 - 기타,신호위반,건조,맑음,교차로 - 교차로안,승용,남,52세,상해없음,이륜,남,32세,중상
2015032200100486,2015년 3월 22일 20시,일요일,부산광역시 금정구 부곡동,중상사고,0,1,0,0,차대사람 - 차도통행중,안전운전불이행,건조,맑음,단일로 - 기타,승합,남,34세,상해없음,보행자,남,78세,중상
2015032200100487,2015년 3월 22일 20시,일요일,부산광역시 사하구 다대동,경상사고,0,0,1,0,차대차 - 추돌 - 주정차중,안전운전불이행,건조,맑음,교차로 - 교차로부근,승용,여,49세,상해없음,승용,여,51세,경상
2015032200100513,2015년 3월 22일 21시,일요일,부산광역시 금정구 구서동,중상사고,0,1,2,0,차대차 - 측면직각충돌,신호위반,건조,맑음,교차로 - 교차로안,승합,남,43세,상해없음,승용,남,54세,중상
2015032200100530,2015년 3월 22일 22시,일요일,부산광역시 동래구 낙민동,경상사고,0,0,1,0,차대사람 - 길가장자리구역통행중,안전운전불이행,건조,맑음,단일로 - 기타,승용,남,30세,상해없음,보행자,남,15세,경상
2015032200100546,2015년 3월 22일 23시,일요일,부산광역시 동래구 낙민동,중상사고,0,1,2,0,차대차 - 추돌 - 주정차중,안전운전불이행,건조,맑음,단일로 - 기타,승용,남,24세,상해없음,승용,남,45세,중상
2015032300100011,2015년 3월 23일 01시,월요일,부산광역시 부산진구 부암동,사망사고,1,0,0,0,차량단독 - 공작물충돌,신호위반,건조,맑음,단일로 - 기타,승용,남,24세,사망,,,,
2015032300100025,2015년 3월 23일 04시,월요일,부산광역시 해운대구 반여동,경상사고,0,0,1,0,차대사람 - 횡단중,안전운전불이행,건조,맑음,단일로 - 기타,승용,여,61세,상해없음,보행자,남,61세,경상
2015032300100042,2015년 3월 23일 06시,월요일,부산광역시 중구 중앙동4가,경상사고,0,0,1,0,차대차 - 기타,안전운전불이행,건조,맑음,교차로 - 교차로안,승용,남,48세,상해없음,승용,남,61세,상해없음
2015032300100059,2015년 3월 23일 07시,월요일,부산광역시 수영구 남천동,경상사고,0,0,1,0,차대차 - 추돌 - 진행중,안전운전불이행,건조,맑음,교차로 - 교차로부근,승용,여,52세,상해없음,자전거,여,53세,경상
2015032300100096,2015년 3월 23일 08시,월요일,부산광역시 동래구 사직동,경상사고,0,0,2,1,차대차 - 추돌 - 진행중,안전운전불이행,건조,맑음,단일로 - 기타,승용,남,73세,상해없음,승용,여,33세,경상
2015032300100097,2015년 3월 23일 08시,월요일,부산광역시 해운대구 재송동,중상사고,0,1,0,0,차대사람 - 기타,안전운전불이행,건조,맑음,단일로 - 기타,승용,여,40세,상해없음,보행자,남,62세,중상
2015032300100138,2015년 3월 23일 09시,월요일,부산광역시 연제구 연산동,중상사고,0,1,2,0,차대차 - 측면직각충돌,안전거리미확보,건조,맑음,단일로 - 기타,승용,남,39세,상해없음,승용,남,67세,경상
2015032300100161,2015년 3월 23일 10시,월요일,부산광역시 기장군 기장읍,사망사고,1,0,0,0,차대사람 - 횡단중,안전운전불이행,건조,맑음,단일로 - 기타,승용,여,37세,상해없음,보행자,여,78세,사망
2015032300100198,2015년 3월 23일 11시,월요일,부산광역시 동래구 명륜동,중상사고,0,1,0,0,차대차 - 추돌 - 진행중,교차로운행방법위반,건조,맑음,교차로 - 교차로부근,승용,남,73세,상해없음,승용,남,45세,중상
2015032300100199,2015년 3월 23일 11시,월요일,부산광역시 부산진구 부전동,중상사고,0,1,1,0,차대차 - 기타,안전운전불이행,건조,맑음,교차로 - 교차로부근,승용,여,58세,상해없음,이륜,남,62세,경상
2015032300100200,2015년 3월 23일 11시,월요일,부산광역시 사하구 괴정동,경상사고,0,0,1,0,차대차 - 기타,안전운전불이행,건조,맑음,단일로 - 기타,승용,남,31세,상해없음,이륜,남,24세,경상
2015032300100201,2015년 3월 23일 11시,월요일,부산광역시 연제구 연산동,경상사고,0,0,1,0,차대차 - 추돌 - 주정차중,안전거리미확보,건조,맑음,교차로 - 교차로안,승용,남,63세,상해없음,화물,남,40세,경상
2015032300100202,2015년 3월 23일 11시,월요일,부산광역시 강서구 대저2동,중상사고,0,1,1,0,차대차 - 측면직각충돌,중앙선침범,건조,맑음,단일로 - 횡단보도상,이륜,남,39세,중상,승합,남,50세,상해없음
2015032300100203,2015년 3월 23일 11시,월요일,부산광역시 사상구 삼락동,경상사고,0,0,1,0,차대차 - 측면직각충돌,교차로운행방법위반,건조,맑음,교차로 - 교차로부근,화물,남,30세,상해없음,승용,남,37세,경상
2015032300100231,2015년 3월 23일 12시,월요일,부산광역시 동래구 온천동,중상사고,0,1,0,0,차대차 - 측면직각충돌,안전거리미확보,건조,맑음,단일로 - 기타,이륜,남,44세,상해없음,이륜,남,73세,중상
2015032300100232,2015년 3월 23일 12시,월요일,부산광역시 부산진구 당감동,중상사고,0,1,0,0,차대차 - 기타,안전거리미확보,건조,맑음,단일로 - 기타,승용,남,47세,상해없음,이륜,남,30세,중상
2015032300100255,2015년 3월 23일 13시,월요일,부산광역시 중구 대창동2가,부상신고사고,0,0,0,1,차량단독 - 공작물충돌,안전운전불이행,건조,맑음,단일로 - 기타,특수,남,61세,부상신고,,,,
2015032300100256,2015년 3월 23일 13시,월요일,부산광역시 남구 우암동,경상사고,0,0,2,0,차대차 - 추돌 - 진행중,안전운전불이행,기타,맑음,단일로 - 횡단보도부근,승합,남,28세,상해없음,승용,여,53세,경상
2015032300100257,2015년 3월 23일 13시,월요일,부산광역시 사상구 감전동,경상사고,0,0,1,0,차대차 - 측면직각충돌,신호위반,건조,맑음,교차로 - 교차로안,승용,남,58세,기타불명,승용,남,44세,경상
2015032300100280,2015년 3월 23일 14시,월요일,부산광역시 해운대구 재송동,경상사고,0,0,1,0,차대차 - 기타,안전운전불이행,건조,맑음,단일로 - 기타,승용,남,36세,상해없음,승용,남,54세,경상
2015032300100281,2015년 3월 23일 14시,월요일,부산광역시 사상구 덕포동,중상사고,0,1,0,1,차대차 - 측면직각충돌,안전거리미확보,건조,맑음,단일로 - 기타,화물,남,35세,부상신고,화물,남,51세,중상
2015032300100316,2015년 3월 23일 15시,월요일,부산광역시 동구 범일동,중상사고,0,1,1,0,차대차 - 추돌 - 진행중,안전거리미확보,건조,맑음,단일로 - 기타,승용,남,60세,상해없음,승용,남,31세,경상
2015032300100347,2015년 3월 23일 16시,월요일,부산광역시 영도구 청학동,경상사고,0,0,2,0,차대차 - 측면직각충돌,안전운전불이행,건조,맑음,단일로 - 기타,승용,남,50세,상해없음,승용,여,29세,경상
2015032300100348,2015년 3월 23일 16시,월요일,부산광역시 영도구 청학동,경상사고,0,0,1,0,차대차 - 기타,안전운전불이행,건조,맑음,교차로 - 교차로부근,승용,남,49세,상해없음,승용,남,48세,경상
2015032300100401,2015년 3월 23일 17시,월요일,부산광역시 남구 대연동,부상신고사고,0,0,0,1,차대사람 - 횡단중,보행자보호의무위반,건조,맑음,교차로 - 교차로부근,승용,여,41세,상해없음,보행자,남,17세,부상신고
2015032300100402,2015년 3월 23일 17시,월요일,부산광역시 남구 감만동,경상사고,0,0,1,0,차대차 - 추돌 - 진행중,안전거리미확보,건조,맑음,단일로 - 기타,화물,남,31세,상해없음,승용,여,39세,경상
2015032300100425,2015년 3월 23일 18시,월요일,부산광역시 해운대구 우동,경상사고,0,0,1,0,차대차 - 추돌 - 주정차중,안전운전불이행,건조,맑음,교차로 - 교차로부근,승용,남,67세,상해없음,승용,여,54세,경상
2015032300100426,2015년 3월 23일 18시,월요일,부산광역시 해운대구 석대동,경상사고,0,0,3,0,차대차 - 정면충돌,안전운전불이행,건조,맑음,교차로 - 교차로안,화물,남,62세,경상,승용,남,58세,경상
2015032300100467,2015년 3월 23일 19시,월요일,부산광역시 해운대구 재송동,중상사고,0,1,0,0,차대차 - 기타,교차로운행방법위반,건조,맑음,교차로 - 교차로안,승용,남,41세,상해없음,원동기,남,56세,중상
2015032300100495,2015년 3월 23일 20시,월요일,부산광역시 해운대구 재송동,중상사고,0,1,2,0,차대차 - 정면충돌,신호위반,건조,맑음,교차로 - 교차로안,승용,여,42세,상해없음,승용,남,71세,중상
2015032300100563,2015년 3월 23일 22시,월요일,부산광역시 남구 용당동,부상신고사고,0,0,0,2,차대차 - 기타,안전운전불이행,건조,맑음,단일로 - 기타,승용,여,53세,부상신고,특수,남,43세,부상신고
2015032400100004,2015년 3월 24일 00시,화요일,부산광역시 동래구 안락동,경상사고,0,0,1,0,차대차 - 추돌 - 진행중,안전운전불이행,건조,맑음,단일로 - 기타,승용,남,56세,상해없음,원동기,남,22세,경상
2015032400100022,2015년 3월 24일 01시,화요일,부산광역시 서구 충무동1가,부상신고사고,0,0,0,2,차대차 - 측면직각충돌,안전거리미확보,건조,맑음,교차로 - 교차로부근,승용,여,49세,상해없음,승용,남,43세,부상신고
2015032400100038,2015년 3월 24일 03시,화요일,부산광역시 강서구 대저2동,중상사고,0,1,0,1,차량단독 - 공작물충돌,안전운전불이행,건조,맑음,단일로 - 기타,승용,남,33세,부상신고,,,,
2015032400100043,2015년 3월 24일 04시,화요일,부산광역시 사하구 하단동,중상사고,0,2,0,0,차대차 - 추돌 - 주정차중,안전운전불이행,건조,맑음,교차로 - 교차로부근,이륜,남,31세,중상,화물,남,34세,기타불명
2015032400100044,2015년 3월 24일 04시,화요일,부산광역시 사상구 주례동,경상사고,0,0,1,0,차대차 - 측면직각충돌,신호위반,건조,맑음,교차로 - 교차로부근,승용,기타불명,기타불명,기타불명,승용,여,44세,상해없음
2015032400100066,2015년 3월 24일 06시,화요일,부산광역시 강서구 신호동,중상사고,0,1,0,0,차대사람 - 차도통행중,중앙선침범,건조,맑음,단일로 - 기타,화물,남,50세,상해없음,보행자,여,65세,중상
2015032400100067,2015년 3월 24일 06시,화요일,부산광역시 강서구 송정동,중상사고,0,1,1,0,차대차 - 추돌 - 주정차중,안전운전불이행,건조,맑음,교차로 - 교차로부근,승합,남,67세,상해없음,승용,남,57세,경상
2015032400100157,2015년 3월 24일 09시,화요일,부산광역시 해운대구 좌동,부상신고사고,0,0,0,1,차대사람 - 기타,안전운전불이행,기타,맑음,교차로 - 교차로안,화물,남,33세,상해없음,보행자,남,68세,부상신고
2015032400100158,2015년 3월 24일 09시,화요일,부산광역시 연제구 연산동,중상사고,0,1,0,0,차대차 - 측면직각충돌,안전운전불이행,건조,맑음,단일로 - 기타,승용,여,59세,상해없음,승용,기타불명,기타불명,기타불명
2015032400100201,2015년 3월 24일 11시,화요일,부산광역시 금정구 노포동,중상사고,0,3,0,0,차대차 - 추돌 - 주정차중,안전운전불이행,건조,맑음,단일로 - 기타,승용,남,38세,상해없음,승용,여,45세,중상
2015032400100202,2015년 3월 24일 11시,화요일,부산광역시 금정구 금사동,경상사고,0,0,2,0,차대차 - 측면직각충돌,신호위반,건조,맑음,교차로 - 교차로안,승용,여,56세,상해없음,승용,남,55세,경상
2015032400100203,2015년 3월 24일 11시,화요일,부산광역시 강서구 녹산동,부상신고사고,0,0,0,1,차대차 - 측면직각충돌,안전운전불이행,건조,맑음,교차로 - 교차로안,승용,남,63세,상해없음,이륜,남,32세,부상신고
2015032400100227,2015년 3월 24일 12시,화요일,부산광역시 사하구 당리동,경상사고,0,0,1,0,차대사람 - 기타,기타,건조,맑음,단일로 - 기타,승합,남,52세,상해없음,보행자,여,50세,경상
2015032400100228,2015년 3월 24일 12시,화요일,부산광역시 사상구 모라동,중상사고,0,1,1,0,차대차 - 측면직각충돌,안전운전불이행,건조,맑음,교차로 - 교차로안,화물,남,49세,상해없음,승용,남,44세,경상
2015032400100253,2015년 3월 24일 13시,화요일,부산광역시 부산진구 전포동,경상사고,0,0,1,0,차대사람 - 기타,기타,건조,맑음,단일로 - 기타,승용,남,44세,상해없음,보행자,남,6세,경상
2015032400100254,2015년 3월 24일 13시,화요일,부산광역시 기장군 기장읍,중상사고,0,1,0,0,차대사람 - 차도통행중,안전운전불이행,건조,맑음,단일로 - 기타,화물,남,53세,상해없음,보행자,남,50세,중상
2015032400100314,2015년 3월 24일 15시,화요일,부산광역시 동구 초량동,부상신고사고,0,0,0,1,차대사람 - 기타,안전운전불이행,건조,맑음,단일로 - 기타,화물,남,41세,상해없음,보행자,남,46세,부상신고
2015032400100315,2015년 3월 24일 15시,화요일,부산광역시 남구 문현동,경상사고,0,0,1,1,차대차 - 추돌 - 주정차중,안전운전불이행,건조,맑음,단일로 - 기타,화물,남,33세,상해없음,승용,여,37세,경상