사고번호,사고일시,요일,시군구,사고내용,사망자수,중상자수,경상자수,부상신고자수,사고유형,법규위반,노면상태,기상상태,도로형태,가해운전자 차종,가해운전자 성별,가해운전자 연령,가해운전자 상해정도,피해운전자 차종,피해운전자 성별,피해운전자 연령,피해운전자 상해정도
2015032400100336,2015년 3월 24일 16시,화요일,부산광역시 동래구 온천동,경상사고,0,0,1,0,차대차 - 측면직각충돌,안전운전불이행,건조,맑음,단일로 - 기타,승합,남,44세,상해없음,승용,여,36세,경상
2015032400100369,2015년 3월 24일 17시,화요일,부산광역시 남구 용당동,중상사고,0,1,0,0,차대사람 - 횡단중,신호위반,건조,맑음,단일로 - 횡단보도상,승용,남,46세,상해없음,보행자,여,23세,중상
2015032400100411,2015년 3월 24일 18시,화요일,부산광역시 동구 초량동,경상사고,0,0,1,0,차대차 - 추돌 - 진행중,안전운전불이행,건조,맑음,단일로 - 기타,승용,남,30세,상해없음,승용,여,32세,경상
2015032400100412,2015년 3월 24일 18시,화요일,부산광역시 강서구 대저2동,중상사고,0,1,1,0,차대차 - 측면직각충돌,신호위반,건조,맑음,교차로 - 교차로안,승용,남,49세,상해없음,승용,남,41세,중상
2015032400100413,2015년 3월 24일 18시,화요일,부산광역시 강서구 대저2동,중상사고,0,1,0,0,차대사람 - 기타,안전운전불이행,건조,맑음,단일로 - 기타,화물,남,30세,기타불명,보행자,남,55세,중상
2015032400100455,2015년 3월 24일 19시,화요일,부산광역시 남구 우암동,중상사고,0,1,0,0,차대차 - 추돌 - 진행중,안전운전불이행,기타,맑음,미분류 - 미분류,특수,남,41세,상해없음,승용,여,46세,중상
2015032400100456,2015년 3월 24일 19시,화요일,부산광역시 부산진구 부전동,경상사고,0,0,1,0,차대사람 - 기타,안전운전불이행,건조,맑음,기타 - 기타,승용,여,21세,상해없음,보행자,남,48세,경상
2015032400100457,2015년 3월 24일 19시,화요일,부산광역시 금정구 부곡동,중상사고,0,1,0,0,차대차 - 추돌 - 주정차중,안전운전불이행,건조,맑음,단일로 - 기타,승용,여,65세,상해없음,승용,남,61세,중상
2015032400100458,2015년 3월 24일 19시,화요일,부산광역시 사상구 주례동,경상사고,0,0,3,0,차대차 - 측면직각충돌,교차로운행방법위반,건조,맑음,교차로 - 교차로안,승용,여,51세,경상,승용,남,64세,경상
2015032400100459,2015년 3월 24일 19시,화요일,부산광역시 기장군 기장읍,중상사고,0,1,0,0,차대사람 - 차도통행중,안전운전불이행,건조,맑음,교차로 - 교차로안,승용,남,60세,상해없음,보행자,남,72세,중상
2015032400100507,2015년 3월 24일 20시,화요일,부산광역시 금정구 부곡동,중상사고,0,4,1,1,차대차 - 추돌 - 주정차중,안전거리미확보,건조,맑음,교차로 - 교차로부근,승용,남,68세,상해없음,승용,남,45세,상해없음
2015032400100532,2015년 3월 24일 21시,화요일,부산광역시 사상구 괘법동,중상사고,0,1,0,0,차대차 - 측면직각충돌,신호위반,건조,맑음,교차로 - 교차로안,승용,여,53세,상해없음,원동기,남,26세,중상
2015032400100576,2015년 3월 24일 22시,화요일,부산광역시 남구 대연동,중상사고,0,1,1,0,차대사람 - 횡단중,신호위반,건조,맑음,단일로 - 횡단보도상,승용,여,47세,상해없음,보행자,여,19세,중상
2015032400100577,2015년 3월 24일 22시,화요일,부산광역시 영도구 남항동1가,중상사고,0,1,1,1,차대차 - 추돌 - 주정차중,안전운전불이행,건조,맑음,단일로 - 교량,승용,남,77세,상해없음,승용,남,37세,중상
2015032400100578,2015년 3월 24일 22시,화요일,부산광역시 부산진구 범천동,경상사고,0,0,2,0,차대차 - 기타,신호위반,기타,맑음,단일로 - 기타,승용,남,30세,상해없음,승용,남,35세,경상
2015032400100579,2015년 3월 24일 22시,화요일,부산광역시 금정구 남산동,경상사고,0,0,1,0,차대사람 - 길가장자리구역통행중,안전운전불이행,건조,맑음,단일로 - 기타,승용,남,34세,상해없음,보행자,남,18세,경상
2015032400100580,2015년 3월 24일 22시,화요일,부산광역시 사상구 학장동,경상사고,0,0,1,0,차대차 - 측면직각충돌,안전운전불이행,건조,맑음,단일로 - 기타,원동기,남,17세,경상,승용,남,49세,상해없음
2015032400100610,2015년 3월 24일 23시,화요일,부산광역시 부산진구 부암동,중상사고,0,1,1,0,차대차 - 기타,신호위반,건조,맑음,교차로 - 교차로안,승용,남,53세,상해없음,승용,남,58세,경상
2015032500100010,2015년 3월 25일 00시,수요일,부산광역시 동구 범일동,중상사고,0,1,0,0,차대사람 - 기타,안전운전불이행,건조,맑음,단일로 - 기타,승용,남,41세,상해없음,보행자,남,61세,중상
2015032500100011,2015년 3월 25일 00시,수요일,부산광역시 금정구 구서동,경상사고,0,0,2,0,차대차 - 정면충돌,중앙선침범,건조,맑음,교차로 - 교차로부근,승용,남,64세,상해없음,승용,남,49세,경상
2015032500100021,2015년 3월 25일 01시,수요일,부산광역시 사하구 하단동,경상사고,0,0,1,0,차대차 - 측면직각충돌,안전운전불이행,건조,맑음,단일로 - 기타,승용,남,55세,상해없음,승용,남,22세,경상
2015032500100043,2015년 3월 25일 03시,수요일,부산광역시 부산진구 개금동,중상사고,0,1,0,0,차대차 - 추돌 - 주정차중,안전운전불이행,건조,맑음,미분류 - 미분류,화물,남,57세,상해없음,화물,남,33세,중상
2015032500100071,2015년 3월 25일 07시,수요일,부산광역시 사하구 신평동,부상신고사고,0,0,0,1,차대사람 - 횡단중,안전운전불이행,건조,맑음,단일로 - 기타,승용,기타불명,기타불명,기타불명,보행자,여,19세,부상신고
2015032500100098,2015년 3월 25일 08시,수요일,부산광역시 수영구 민락동,경상사고,0,0,1,0,차대차 - 추돌 - 진행중,안전운전불이행,건조,맑음,교차로 - 교차로부근,승용,남,26세,상해없음,승용,남,46세,경상
2015032500100099,2015년 3월 25일 08시,수요일,부산광역시 사상구 감전동,경상사고,0,0,1,0,차대차 - 측면직각충돌,중앙선침범,건조,맑음,단일로 - 기타,승용,여,36세,상해없음,승용,남,30세,경상
2015032500100146,2015년 3월 25일 09시,수요일,부산광역시 남구 대연동,경상사고,0,0,1,0,차대차 - 측면직각충돌,안전운전불이행,건조,맑음,단일로 - 기타,승용,남,26세,상해없음,자전거,남,20세,경상
2015032500100147,2015년 3월 25일 09시,수요일,부산광역시 해운대구 반송동,중상사고,0,1,0,0,차대사람 - 차도통행중,안전운전불이행,건조,맑음,단일로 - 기타,승용,여,20세,상해없음,보행자,여,18세,중상
2015032500100148,2015년 3월 25일 09시,수요일,부산광역시 연제구 거제동,경상사고,0,0,1,0,차대사람 - 보도통행중,안전운전불이행,건조,맑음,교차로 - 교차로부근,승용,여,38세,상해없음,보행자,남,73세,경상
2015032500100149,2015년 3월 25일 09시,수요일,부산광역시 강서구 강동동,중상사고,0,1,0,0,차대사람 - 횡단중,안전운전불이행,건조,맑음,단일로 - 기타,승용,남,36세,상해없음,보행자,여,54세,중상
2015032500100183,2015년 3월 25일 10시,수요일,부산광역시 동구 초량동,중상사고,0,1,0,0,차대차 - 기타,안전운전불이행,건조,맑음,교차로 - 교차로부근,승용,남,65세,상해없음,승용,남,50세,중상
2015032500100219,2015년 3월 25일 11시,수요일,부산광역시 중구 남포동5가,중상사고,0,1,0,0,차대차 - 측면직각충돌,안전운전불이행,건조,맑음,단일로 - 기타,승용,여,56세,상해없음,이륜,여,67세,중상
2015032500100220,2015년 3월 25일 11시,수요일,부산광역시 남구 감만동,중상사고,0,1,0,0,차량단독 - 공작물충돌,안전운전불이행,건조,맑음,단일로 - 기타,건설기계,남,53세,중상,,,,
2015032500100221,2015년 3월 25일 11시,수요일,부산광역시 부산진구 부전동,중상사고,0,1,0,0,차대사람 - 기타,보행자보호의무위반,건조,맑음,단일로 - 횡단보도상,화물,남,54세,상해없음,보행자,남,46세,중상
2015032500100222,2015년 3월 25일 11시,수요일,부산광역시 부산진구 부암동,경상사고,0,0,1,0,차대차 - 측면직각충돌,안전운전불이행,건조,맑음,단일로 - 기타,건설기계,남,57세,상해없음,승용,남,65세,경상
2015032500100253,2015년 3월 25일 12시,수요일,부산광역시 영도구 청학동,중상사고,0,1,0,0,차량단독 - 기타,안전운전불이행,건조,맑음,단일로 - 기타,승합,남,48세,상해없음,,,,
2015032500100254,2015년 3월 25일 12시,수요일,부산광역시 해운대구 중동,경상사고,0,0,1,0,차대차 - 기타,안전운전불이행,건조,맑음,교차로 - 교차로안,승용,여,48세,상해없음,이륜,남,24세,경상
2015032500100291,2015년 3월 25일 13시,수요일,부산광역시 남구 대연동,경상사고,0,0,1,0,차대차 - 측면직각충돌,불법유턴,건조,맑음,단일로 - 기타,승용,남,32세,상해없음,원동기,남,60세,경상
2015032500100360,2015년 3월 25일 15시,수요일,부산광역시 중구 부평동4가,중상사고,0,1,0,0,차대사람 - 횡단중,중앙선침범,건조,맑음,단일로 - 기타,승용,여,57세,상해없음,보행자,남,74세,중상
2015032500100361,2015년 3월 25일 15시,수요일,부산광역시 금정구 장전동,경상사고,0,0,1,0,차대차 - 추돌 - 진행중,안전운전불이행,건조,맑음,단일로 - 기타,이륜,남,44세,경상,승용,여,49세,상해없음
2015032500100388,2015년 3월 25일 16시,수요일,부산광역시 동래구 수안동,중상사고,0,1,0,0,차대사람 - 길가장자리구역통행중,안전운전불이행,건조,맑음,단일로 - 기타,승용,남,77세,상해없음,보행자,남,60세,중상
2015032500100389,2015년 3월 25일 16시,수요일,부산광역시 기장군 기장읍,중상사고,0,1,0,0,차대사람 - 횡단중,보행자보호의무위반,건조,맑음,단일로 - 횡단보도상,승용,남,59세,상해없음,보행자,여,32세,중상
2015032500100418,2015년 3월 25일 17시,수요일,부산광역시 영도구 청학동,경상사고,0,0,1,0,차대사람 - 횡단중,신호위반,건조,맑음,교차로 - 교차로안,승합,남,60세,상해없음,보행자,남,8세,경상
2015032500100458,2015년 3월 25일 18시,수요일,부산광역시 서구 암남동,중상사고,0,1,0,0,차대차 - 측면직각충돌,안전거리미확보,건조,맑음,단일로 - 기타,승용,남,54세,상해없음,승용,여,41세,중상
2015032500100459,2015년 3월 25일 18시,수요일,부산광역시 동래구 낙민동,중상사고,0,2,0,0,차대사람 - 횡단중,보행자보호의무위반,건조,맑음,단일로 - 횡단보도상,승용,남,48세,상해없음,보행자,남,42세,중상
2015032500100460,2015년 3월 25일 18시,수요일,부산광역시 기장군 기장읍,중상사고,0,1,0,0,차량단독 - 기타,기타,건조,맑음,단일로 - 기타,승합,남,33세,상해없음,,,,
2015032500100508,2015년 3월 25일 19시,수요일,부산광역시 해운대구 재송동,부상신고사고,0,0,0,1,차대사람 - 차도통행중,안전운전불이행,건조,맑음,단일로 - 기타,원동기,남,37세,상해없음,보행자,남,51세,부상신고
2015032500100550,2015년 3월 25일 20시,수요일,부산광역시 사상구 모라동,중상사고,0,1,1,0,차대사람 - 횡단중,신호위반,건조,맑음,단일로 - 횡단보도상,승용,남,50세,상해없음,보행자,여,80세,중상
2015032500100580,2015년 3월 25일 21시,수요일,부산광역시 수영구 광안동,경상사고,0,0,1,0,차대사람 - 길가장자리구역통행중,안전운전불이행,건조,맑음,단일로 - 기타,승용,남,66세,상해없음,보행자,남,58세,경상
2015032500100581,2015년 3월 25일 21시,수요일,부산광역시 부산진구 부전동,경상사고,0,0,1,0,차대사람 - 기타,안전운전불이행,건조,맑음,단일로 - 기타,승용,남,29세,상해없음,보행자,남,36세,경상
2015032500100611,2015년 3월 25일 22시,수요일,부산광역시 북구 구포동,중상사고,0,1,0,0,차대사람 - 기타,안전운전불이행,건조,맑음,교차로 - 교차로부근,승용,남,70세,상해없음,보행자,남,44세,중상
2015032500100612,2015년 3월 25일 22시,수요일,부산광역시 사하구 당리동,중상사고,0,1,1,0,차대차 - 기타,기타,건조,맑음,단일로 - 기타,승용,남,45세,상해없음,승용,여,57세,상해없음
2015032500100646,2015년 3월 25일 23시,수요일,부산광역시 사상구 괘법동,경상사고,0,0,1,0,차대차 - 측면직각충돌,안전거리미확보,건조,맑음,단일로 - 기타,승용,남,77세,상해없음,승용,남,50세,경상
2015032600100028,2015년 3월 26일 01시,목요일,부산광역시 중구 중앙동2가,경상사고,0,0,3,0,차대차 - 추돌 - 주정차중,안전운전불이행,건조,맑음,단일로 - 기타,승용,남,63세,상해없음,승용,남,71세,경상
2015032600100029,2015년 3월 26일 01시,목요일,부산광역시 해운대구 반여동,중상사고,0,1,0,0,차대차 - 기타,안전운전불이행,기타,맑음,단일로 - 기타,화물,남,43세,상해없음,화물,남,36세,중상
2015032600100047,2015년 3월 26일 03시,목요일,부산광역시 수영구 남천동,경상사고,0,0,1,0,차대차 - 측면직각충돌,신호위반,건조,맑음,교차로 - 교차로안,승용,남,63세,상해없음,승용,남,57세,경상
2015032600100060,2015년 3월 26일 05시,목요일,부산광역시 남구 문현동,경상사고,0,0,1,1,차대차 - 추돌 - 진행중,안전운전불이행,기타,맑음,교차로 - 교차로안,승용,남,52세,상해없음,승용,남,56세,부상신고
2015032600100061,2015년 3월 26일 05시,목요일,부산광역시 연제구 거제동,중상사고,0,1,0,0,차대차 - 측면직각충돌,신호위반,건조,맑음,교차로 - 교차로부근,승용,여,52세,상해없음,승용,여,50세,중상
2015032600100093,2015년 3월 26일 07시,목요일,부산광역시 해운대구 좌동,경상사고,0,0,1,0,차대차 - 측면직각충돌,신호위반,건조,맑음,교차로 - 교차로안,승용,남,58세,상해없음,원동기,남,60세,경상
2015032600100129,2015년 3월 26일 08시,목요일,부산광역시 해운대구 반송동,중상사고,0,1,0,0,차대사람 - 기타,안전운전불이행,건조,맑음,단일로 - 기타,승용,여,50세,상해없음,보행자,여,31세,중상
2015032600100130,2015년 3월 26일 08시,목요일,부산광역시 부산진구 연지동,경상사고,0,0,1,0,차대사람 - 기타,안전운전불이행,건조,맑음,단일로 - 기타,승용,여,42세,상해없음,보행자,여,66세,경상
2015032600100132,2015년 3월 26일 08시,목요일,부산광역시 사하구 감천동,중상사고,0,1,0,0,차대차 - 기타,교차로운행방법위반,건조,맑음,교차로 - 교차로안,이륜,남,20세,중상,승합,남,55세,상해없음
2015032600100133,2015년 3월 26일 08시,목요일,부산광역시 강서구 명지동,경상사고,0,0,1,4,차대차 - 측면직각충돌,안전거리미확보,건조,맑음,단일로 - 기타,승용,여,43세,상해없음,승합,남,38세,경상
2015032600100176,2015년 3월 26일 09시,목요일,부산광역시 수영구 남천동,경상사고,0,0,1,0,차대차 - 기타,안전운전불이행,건조,맑음,단일로 - 기타,승용,여,55세,상해없음,승용,여,29세,경상
2015032600100177,2015년 3월 26일 09시,목요일,부산광역시 금정구 남산동,경상사고,0,0,1,0,차대차 - 측면직각충돌,교차로운행방법위반,건조,맑음,교차로 - 교차로안,승용,남,42세,상해없음,원동기,남,54세,경상
2015032600100211,2015년 3월 26일 10시,목요일,부산광역시 동래구 명륜동,중상사고,0,1,0,0,차대사람 - 횡단중,보행자보호의무위반,건조,맑음,교차로 - 교차로부근,승용,여,43세,상해없음,보행자,여,40세,중상
2015032600100212,2015년 3월 26일 10시,목요일,부산광역시 해운대구 중동,중상사고,0,1,0,0,차대차 - 추돌 - 주정차중,안전거리미확보,건조,맑음,단일로 - 기타,승용,여,51세,상해없음,승합,남,66세,중상
2015032600100213,2015년 3월 26일 10시,목요일,부산광역시 기장군 정관면,중상사고,0,1,1,0,차대차 - 측면직각충돌,안전운전불이행,건조,맑음,교차로 - 교차로부근,건설기계,남,61세,상해없음,승용,남,42세,중상
2015032600100243,2015년 3월 26일 11시,목요일,부산광역시 영도구 남항동1가,중상사고,0,1,0,0,차대사람 - 횡단중,안전운전불이행,건조,맑음,단일로 - 횡단보도부근,승용,남,49세,상해없음,보행자,여,78세,중상
2015032600100244,2015년 3월 26일 11시,목요일,부산광역시 사상구 삼락동,중상사고,0,1,0,0,차대차 - 측면직각충돌,교차로운행방법위반,건조,맑음,교차로 - 교차로안,화물,남,46세,상해없음,자전거,남,67세,중상
2015032600100268,2015년 3월 26일 12시,목요일,부산광역시 연제구 거제동,경상사고,0,0,1,0,차대사람 - 길가장자리구역통행중,안전운전불이행,건조,맑음,단일로 - 기타,승용,남,53세,상해없음,보행자,여,51세,경상
2015032600100296,2015년 3월 26일 13시,목요일,부산광역시 해운대구 우동,경상사고,0,0,1,0,차량단독 - 기타,안전운전불이행,건조,맑음,단일로 - 기타,승합,여,57세,상해없음,,,,
2015032600100297,2015년 3월 26일 13시,목요일,부산광역시 부산진구 범천동,중상사고,0,1,0,0,차대사람 - 기타,안전운전불이행,건조,맑음,단일로 - 기타,승용,남,30세,상해없음,보행자,남,82세,중상
2015032600100298,2015년 3월 26일 13시,목요일,부산광역시 연제구 연산동,경상사고,0,0,1,0,차대차 - 추돌 - 진행중,안전운전불이행,건조,맑음,단일로 - 기타,승용,남,65세,상해없음,승합,남,41세,상해없음
2015032600100369,2015년 3월 26일 15시,목요일,부산광역시 부산진구 부전동,경상사고,0,0,1,0,차대사람 - 횡단중,안전운전불이행,건조,맑음,단일로 - 기타,승합,여,35세,상해없음,보행자,여,23세,경상
2015032600100440,2015년 3월 26일 17시,목요일,부산광역시 금정구 부곡동,부상신고사고,0,0,0,1,차대차 - 기타,안전운전불이행,건조,맑음,단일로 - 기타,원동기,기타불명,기타불명,기타불명,원동기,남,23세,부상신고
2015032600100473,2015년 3월 26일 18시,목요일,부산광역시 부산진구 연지동,경상사고,0,0,3,0,차대차 - 기타,안전운전불이행,건조,맑음,단일로 - 기타,화물,남,48세,상해없음,승용,여,40세,경상
2015032600100474,2015년 3월 26일 18시,목요일,부산광역시 사하구 괴정동,경상사고,0,0,1,0,차대차 - 기타,안전거리미확보,건조,맑음,단일로 - 기타,승용,남,55세,상해없음,승합,남,43세,상해없음
2015032600100475,2015년 3월 26일 18시,목요일,부산광역시 강서구 송정동,중상사고,0,2,0,0,차대차 - 정면충돌,직진우회전진행방해,건조,맑음,교차로 - 교차로안,승용,남,30세,상해없음,화물,남,44세,중상
2015032600100476,2015년 3월 26일 18시,목요일,부산광역시 사상구 모라동,경상사고,0,0,1,0,차대사람 - 횡단중,보행자보호의무위반,건조,맑음,단일로 - 횡단보도상,화물,기타불명,기타불명,기타불명,보행자,남,16세,경상
2015032600100514,2015년 3월 26일 19시,목요일,부산광역시 북구 구포동,중상사고,0,1,0,0,차대차 - 측면직각충돌,안전운전불이행,건조,맑음,단일로 - 기타,승용,여,30세,상해없음,이륜,남,36세,중상
2015032600100515,2015년 3월 26일 19시,목요일,부산광역시 사하구 장림동,경상사고,0,0,1,0,차대차 - 기타,안전운전불이행,건조,맑음,단일로 - 기타,승용,남,60세,상해없음,승합,남,41세,경상
2015032600100563,2015년 3월 26일 20시,목요일,부산광역시 동구 초량동,중상사고,0,1,0,0,차대사람 - 차도통행중,안전운전불이행,건조,맑음,교차로 - 교차로부근,승합,남,68세,상해없음,보행자,남,45세,중상
2015032600100564,2015년 3월 26일 20시,목요일,부산광역시 해운대구 중동,경상사고,0,0,2,0,차대차 - 측면직각충돌,중앙선침범,건조,맑음,단일로 - 기타,자전거,남,15세,상해없음,승합,남,51세,상해없음
2015032600100565,2015년 3월 26일 20시,목요일,부산광역시 사하구 다대동,중상사고,0,3,0,0,차대차 - 정면충돌,신호위반,건조,맑음,교차로 - 교차로안,승용,여,45세,상해없음,승합,남,27세,중상
2015032600100600,2015년 3월 26일 21시,목요일,부산광역시 연제구 연산동,경상사고,0,0,1,0,차대차 - 측면직각충돌,교차로운행방법위반,건조,맑음,교차로 - 교차로안,승용,남,29세,상해없음,승용,남,56세,경상
2015032600100635,2015년 3월 26일 22시,목요일,부산광역시 사하구 장림동,중상사고,0,1,0,0,차대차 - 추돌 - 진행중,안전거리미확보,건조,맑음,단일로 - 기타,승용,여,70세,상해없음,승용,남,36세,중상
2015032600100663,2015년 3월 26일 23시,목요일,부산광역시 동구 초량동,경상사고,0,0,1,0,차대차 - 정면충돌,안전운전불이행,건조,맑음,교차로 - 교차로안,승용,남,60세,상해없음,원동기,남,33세,경상
2015032600100664,2015년 3월 26일 23시,목요일,부산광역시 동래구 안락동,경상사고,0,0,1,0,차대사람 - 횡단중,신호위반,건조,맑음,단일로 - 횡단보도상,승용,남,50세,상해없음,보행자,남,25세,경상
2015032600100665,2015년 3월 26일 23시,목요일,부산광역시 사상구 엄궁동,경상사고,0,0,1,1,차대차 - 기타,기타,건조,맑음,단일로 - 기타,건설기계,남,41세,상해없음,승용,남,29세,상해없음
2015032700100006,2015년 3월 27일 00시,금요일,부산광역시 해운대구 재송동,경상사고,0,0,1,0,차대차 - 정면충돌,신호위반,건조,맑음,교차로 - 교차로안,승용,남,63세,상해없음,승용,남,36세,경상
2015032700100076,2015년 3월 27일 07시,금요일,부산광역시 동래구 안락동,중상사고,0,1,3,0,차대차 - 측면직각충돌,안전거리미확보,건조,맑음,단일로 - 기타,승용,남,52세,상해없음,승합,남,42세,상해없음
2015032700100112,2015년 3월 27일 08시,금요일,부산광역시 동래구 온천동,중상사고,0,1,1,0,차대차 - 측면직각충돌,직진우회전진행방해,건조,맑음,교차로 - 교차로안,승용,남,41세,상해없음,승용,남,71세,중상
2015032700100113,2015년 3월 27일 08시,금요일,부산광역시 기장군 정관면,중상사고,0,1,2,1,차대차 - 측면직각충돌,신호위반,건조,맑음,교차로 - 교차로안,화물,남,46세,경상,화물,남,53세,부상신고
2015032700100151,2015년 3월 27일 09시,금요일,부산광역시 금정구 부곡동,경상사고,0,0,1,0,차대차 - 정면충돌,신호위반,건조,맑음,교차로 - 교차로안,화물,남,53세,상해없음,승용,남,30세,경상
2015032700100197,2015년 3월 27일 11시,금요일,부산광역시 남구 문현동,중상사고,0,1,0,0,차대차 - 측면직각충돌,신호위반,건조,맑음,단일로 - 횡단보도상,승용,여,41세,상해없음,원동기,남,66세,중상
2015032700100198,2015년 3월 27일 11시,금요일,부산광역시 수영구 광안동,경상사고,0,0,1,0,차대차 - 추돌 - 주정차중,안전운전불이행,건조,맑음,교차로 - 교차로안,승용,남,54세,상해없음,화물,남,36세,경상
2015032700100218,2015년 3월 27일 12시,금요일,부산광역시 수영구 남천동,경상사고,0,0,1,0,차대차 - 추돌 - 진행중,안전운전불이행,건조,맑음,단일로 - 기타,건설기계,남,53세,상해없음,승용,여,34세,경상
2015032700100219,2015년 3월 27일 12시,금요일,부산광역시 사하구 다대동,중상사고,0,1,0,0,차대차 - 측면직각충돌,중앙선침범,건조,맑음,단일로 - 기타,승용,남,51세,상해없음,이륜,남,45세,중상
2015032700100245,2015년 3월 27일 13시,금요일,부산광역시 서구 충무동1가,부상신고사고,0,0,0,1,차대차 - 측면직각충돌,안전운전불이행,건조,맑음,교차로 - 교차로부근,승용,남,56세,상해없음,원동기,남,31세,부상신고
2015032700100246,2015년 3월 27일 13시,금요일,부산광역시 남구 대연동,경상사고,0,0,1,0,차대사람 - 길가장자리구역통행중,안전운전불이행,건조,맑음,단일로 - 기타,승용,여,61세,상해없음,보행자,남,29세,경상
2015032700100247,2015년 3월 27일 13시,금요일,부산광역시 동래구 온천동,중상사고,0,1,0,0,차대차 - 측면직각충돌,안전운전불이행,건조,맑음,단일로 - 기타,승용,여,55세,상해없음,이륜,남,37세,중상
2015032700100248,2015년 3월 27일 13시,금요일,부산광역시 금정구 회동동,경상사고,0,0,1,0,차대차 - 측면직각충돌,직진우회전진행방해,건조,맑음,교차로 - 교차로안,승용,남,66세,상해없음,승합,남,38세,상해없음
2015032700100275,2015년 3월 27일 14시,금요일,부산광역시 중구 남포동5가,경상사고,0,0,1,0,차대사람 - 기타,기타,건조,맑음,단일로 - 기타,승합,남,55세,상해없음,보행자,남,66세,경상
2015032700100276,2015년 3월 27일 14시,금요일,부산광역시 동구 범일동,중상사고,0,1,0,0,차대사람 - 기타,안전운전불이행,건조,맑음,단일로 - 횡단보도상,화물,남,53세,상해없음,보행자,여,55세,중상
2015032700100277,2015년 3월 27일 14시,금요일,부산광역시 사상구 모라동,중상사고,0,1,0,0,차대사람 - 횡단중,안전운전불이행,건조,맑음,단일로 - 기타,승용,여,36세,상해없음,보행자,남,58세,중상
2015032700100278,2015년 3월 27일 14시,금요일,부산광역시 사상구 학장동,중상사고,0,1,0,0,차대차 - 기타,안전거리미확보,건조,맑음,단일로 - 기타,승용,남,60세,상해없음,승합,남,46세,상해없음
2015032700100318,2015년 3월 27일 15시,금요일,부산광역시 동래구 명륜동,경상사고,0,0,1,0,차대차 - 측면직각충돌,안전운전불이행,건조,맑음,단일로 - 횡단보도상,승용,남,64세,상해없음,자전거,남,33세,경상
2015032700100347,2015년 3월 27일 16시,금요일,부산광역시 금정구 남산동,경상사고,0,0,1,0,차대사람 - 횡단중,안전운전불이행,건조,맑음,교차로 - 교차로안,승용,여,45세,상해없음,보행자,남,7세,경상
2015032700100348,2015년 3월 27일 16시,금요일,부산광역시 사상구 감전동,경상사고,0,0,1,0,차대차 - 측면직각충돌,안전거리미확보,건조,맑음,단일로 - 기타,화물,남,61세,상해없음,승용,남,33세,경상
2015032700100395,2015년 3월 27일 17시,금요일,부산광역시 서구 암남동,경상사고,0,0,1,0,차대차 - 추돌 - 진행중,안전거리미확보,건조,맑음,단일로 - 교량,승용,남,56세,상해없음,승용,남,33세,경상
2015032700100396,2015년 3월 27일 17시,금요일,부산광역시 금정구 구서동,경상사고,0,0,1,0,차대차 - 추돌 - 진행중,안전거리미확보,건조,맑음,교차로 - 교차로부근,승용,남,63세,상해없음,자전거,남,62세,경상
2015032700100435,2015년 3월 27일 18시,금요일,부산광역시 서구 동대신동1가,경상사고,0,0,1,0,차대사람 - 길가장자리구역통행중,안전운전불이행,건조,맑음,단일로 - 기타,승용,남,34세,상해없음,보행자,남,58세,경상
2015032700100436,2015년 3월 27일 18시,금요일,부산광역시 부산진구 당감동,중상사고,0,1,0,0,차대차 - 측면직각충돌,신호위반,건조,맑음,교차로 - 교차로안,승용,남,55세,상해없음,이륜,남,49세,중상
2015032700100437,2015년 3월 27일 18시,금요일,부산광역시 금정구 구서동,경상사고,0,0,1,0,차대차 - 측면직각충돌,안전운전불이행,건조,맑음,단일로 - 기타,승용,여,58세,상해없음,원동기,남,31세,경상
2015032700100438,2015년 3월 27일 18시,금요일,부산광역시 금정구 장전동,중상사고,0,1,3,0,차대차 - 추돌 - 주정차중,안전운전불이행,건조,맑음,단일로 - 기타,승용,남,23세,경상,승용,남,57세,중상
2015032700100484,2015년 3월 27일 19시,금요일,부산광역시 연제구 거제동,중상사고,0,1,0,0,차량단독 - 전도전복,안전운전불이행,건조,맑음,교차로 - 교차로부근,이륜,남,16세,중상,,,,
2015032700100542,2015년 3월 27일 20시,금요일,부산광역시 해운대구 우동,경상사고,0,0,1,0,차대사람 - 횡단중,보행자보호의무위반,건조,맑음,교차로 - 교차로부근,승용,남,40세,상해없음,보행자,여,55세,경상
2015032700100543,2015년 3월 27일 20시,금요일,부산광역시 금정구 구서동,부상신고사고,0,0,0,1,차대사람 - 차도통행중,안전운전불이행,건조,맑음,단일로 - 기타,승용,남,39세,상해없음,보행자,여,22세,부상신고
2015032700100570,2015년 3월 27일 21시,금요일,부산광역시 금정구 부곡동,경상사고,0,0,2,1,차대차 - 측면직각충돌,중앙선침범,건조,맑음,단일로 - 기타,승용,남,34세,상해없음,승합,남,53세,부상신고
2015032700100571,2015년 3월 27일 21시,금요일,부산광역시 연제구 연산동,경상사고,0,0,1,0,차대차 - 측면직각충돌,안전운전불이행,건조,맑음,단일로 - 터널,승합,남,48세,상해없음,원동기,남,18세,상해없음
2015032700100612,2015년 3월 27일 22시,금요일,부산광역시 북구 만덕동,경상사고,0,0,1,0,차대차 - 측면직각충돌,안전운전불이행,건조,맑음,단일로 - 기타,승용,남,36세,기타불명,승용,남,51세,경상