사고번호,사고일시,요일,시군구,사고내용,사망자수,중상자수,경상자수,부상신고자수,사고유형,법규위반,노면상태,기상상태,도로형태,가해운전자 차종,가해운전자 성별,가해운전자 연령,가해운전자 상해정도,피해운전자 차종,피해운전자 성별,피해운전자 연령,피해운전자 상해정도
2015032700100613,2015년 3월 27일 22시,금요일,부산광역시 부산진구 범천동,경상사고,0,0,1,0,차대차 - 추돌 - 주정차중,안전운전불이행,건조,맑음,교차로 - 교차로부근,승용,남,63세,상해없음,승용,남,28세,경상
2015032700100614,2015년 3월 27일 22시,금요일,부산광역시 사하구 감천동,부상신고사고,0,0,0,1,차대차 - 기타,교차로운행방법위반,건조,맑음,단일로 - 기타,승용,남,59세,상해없음,승용,남,63세,부상신고
2015032700100615,2015년 3월 27일 22시,금요일,부산광역시 사상구 괘법동,경상사고,0,0,1,0,차대사람 - 차도통행중,안전운전불이행,건조,맑음,교차로 - 교차로안,원동기,기타불명,기타불명,기타불명,보행자,여,22세,경상
2015032700100650,2015년 3월 27일 23시,금요일,부산광역시 사상구 삼락동,사망사고,1,0,0,0,차대사람 - 횡단중,안전운전불이행,건조,맑음,단일로 - 기타,승용,여,52세,상해없음,보행자,남,59세,사망
2015032800100008,2015년 3월 28일 00시,토요일,부산광역시 동래구 수안동,중상사고,0,1,0,0,차대사람 - 횡단중,보행자보호의무위반,건조,맑음,단일로 - 기타,승용,남,68세,상해없음,보행자,남,48세,중상
2015032800100032,2015년 3월 28일 01시,토요일,부산광역시 수영구 망미동,중상사고,0,1,0,0,차대사람 - 횡단중,안전운전불이행,건조,맑음,단일로 - 횡단보도상,원동기,남,16세,상해없음,보행자,여,59세,중상
2015032800100068,2015년 3월 28일 03시,토요일,부산광역시 연제구 거제동,중상사고,0,2,0,0,차대차 - 측면직각충돌,안전운전불이행,건조,맑음,단일로 - 기타,승합,남,25세,상해없음,승용,여,27세,중상
2015032800100069,2015년 3월 28일 03시,토요일,부산광역시 사상구 삼락동,경상사고,0,0,1,0,차대차 - 측면직각충돌,직진우회전진행방해,건조,맑음,교차로 - 교차로안,승용,남,29세,경상,승용,남,50세,상해없음
2015032800100083,2015년 3월 28일 04시,토요일,부산광역시 남구 대연동,부상신고사고,0,0,0,5,차대차 - 추돌 - 주정차중,안전운전불이행,건조,맑음,단일로 - 기타,화물,남,33세,상해없음,승용,남,40세,부상신고
2015032800100113,2015년 3월 28일 06시,토요일,부산광역시 동구 범일동,경상사고,0,0,3,0,차대차 - 기타,신호위반,건조,맑음,교차로 - 교차로안,승용,남,54세,상해없음,승용,남,49세,경상
2015032800100132,2015년 3월 28일 07시,토요일,부산광역시 연제구 연산동,경상사고,0,0,1,0,차대차 - 측면직각충돌,교차로운행방법위반,건조,맑음,교차로 - 교차로안,승용,남,63세,상해없음,원동기,남,62세,경상
2015032800100169,2015년 3월 28일 09시,토요일,부산광역시 수영구 민락동,중상사고,0,1,0,0,차대차 - 추돌 - 진행중,안전운전불이행,건조,맑음,단일로 - 기타,건설기계,남,54세,상해없음,승용,남,29세,중상
2015032800100192,2015년 3월 28일 10시,토요일,부산광역시 동구 초량동,경상사고,0,0,1,0,차대사람 - 기타,안전운전불이행,건조,맑음,단일로 - 기타,승용,남,67세,상해없음,보행자,남,62세,경상
2015032800100193,2015년 3월 28일 10시,토요일,부산광역시 서구 남부민동,경상사고,0,0,1,0,차대차 - 정면충돌,안전거리미확보,건조,맑음,단일로 - 기타,승용,남,59세,상해없음,원동기,남,56세,경상
2015032800100194,2015년 3월 28일 10시,토요일,부산광역시 수영구 광안동,경상사고,0,0,1,0,차대차 - 추돌 - 진행중,기타,건조,맑음,단일로 - 기타,승용,남,33세,상해없음,승용,남,68세,상해없음
2015032800100195,2015년 3월 28일 10시,토요일,부산광역시 동래구 온천동,중상사고,0,1,3,2,차대차 - 추돌 - 진행중,안전거리미확보,건조,맑음,단일로 - 터널,승용,남,29세,상해없음,화물,남,27세,상해없음
2015032800100196,2015년 3월 28일 10시,토요일,부산광역시 부산진구 당감동,중상사고,0,1,0,0,차대차 - 기타,기타,건조,맑음,단일로 - 기타,특수,남,62세,상해없음,승용,남,48세,중상
2015032800100197,2015년 3월 28일 10시,토요일,부산광역시 강서구 대저2동,중상사고,0,1,0,0,차대차 - 측면직각충돌,신호위반,건조,맑음,교차로 - 교차로안,화물,남,64세,상해없음,화물,남,55세,중상
2015032800100230,2015년 3월 28일 11시,토요일,부산광역시 금정구 부곡동,중상사고,0,1,0,2,차대차 - 정면충돌,안전거리미확보,건조,맑음,단일로 - 기타,승용,남,55세,상해없음,승용,남,60세,상해없음
2015032800100231,2015년 3월 28일 11시,토요일,부산광역시 사하구 하단동,경상사고,0,0,3,0,차대차 - 측면직각충돌,교차로운행방법위반,건조,맑음,교차로 - 교차로부근,승용,남,60세,경상,승용,남,69세,경상
2015032800100274,2015년 3월 28일 12시,토요일,부산광역시 남구 대연동,중상사고,0,1,0,0,차대사람 - 차도통행중,안전운전불이행,기타,맑음,단일로 - 기타,원동기,남,57세,상해없음,보행자,남,14세,중상
2015032800100275,2015년 3월 28일 12시,토요일,부산광역시 영도구 동삼동,경상사고,0,0,1,0,차대차 - 정면충돌,중앙선침범,건조,맑음,단일로 - 기타,이륜,남,24세,기타불명,승용,남,32세,경상
2015032800100276,2015년 3월 28일 12시,토요일,부산광역시 부산진구 부전동,중상사고,0,1,0,0,차대사람 - 기타,기타,건조,맑음,기타 - 기타,원동기,남,71세,상해없음,보행자,여,79세,중상
2015032800100312,2015년 3월 28일 13시,토요일,부산광역시 동구 좌천동,중상사고,0,1,0,0,차대차 - 측면직각충돌,신호위반,건조,맑음,단일로 - 기타,승용,여,58세,상해없음,원동기,남,24세,중상
2015032800100363,2015년 3월 28일 14시,토요일,부산광역시 수영구 민락동,경상사고,0,0,1,0,차대차 - 추돌 - 진행중,안전운전불이행,건조,맑음,교차로 - 교차로안,승용,여,42세,상해없음,자전거,남,26세,경상
2015032800100364,2015년 3월 28일 14시,토요일,부산광역시 사하구 신평동,중상사고,0,1,0,0,차대사람 - 기타,안전운전불이행,건조,맑음,교차로 - 교차로안,화물,남,65세,상해없음,보행자,남,53세,중상
2015032800100365,2015년 3월 28일 14시,토요일,부산광역시 수영구 수영동,경상사고,0,0,1,0,차대차 - 측면직각충돌,안전운전불이행,건조,맑음,교차로 - 교차로안,승용,여,18세,상해없음,이륜,남,55세,경상
2015032800100398,2015년 3월 28일 15시,토요일,부산광역시 부산진구 범천동,중상사고,0,1,0,0,차대차 - 측면직각충돌,불법유턴,건조,맑음,단일로 - 기타,원동기,남,74세,중상,승용,여,53세,상해없음
2015032800100399,2015년 3월 28일 15시,토요일,부산광역시 부산진구 양정동,경상사고,0,0,2,0,차대차 - 추돌 - 진행중,안전운전불이행,건조,맑음,단일로 - 기타,승용,남,53세,상해없음,승용,여,37세,경상
2015032800100432,2015년 3월 28일 16시,토요일,부산광역시 남구 대연동,경상사고,0,0,1,0,차대차 - 측면직각충돌,신호위반,건조,맑음,교차로 - 교차로안,승용,여,40세,상해없음,승용,남,53세,경상
2015032800100433,2015년 3월 28일 16시,토요일,부산광역시 부산진구 가야동,중상사고,0,1,0,0,차대사람 - 기타,안전운전불이행,건조,맑음,단일로 - 기타,화물,남,66세,상해없음,보행자,남,75세,중상
2015032800100474,2015년 3월 28일 17시,토요일,부산광역시 북구 만덕동,중상사고,0,1,0,0,차대차 - 추돌 - 진행중,안전운전불이행,건조,맑음,교차로 - 교차로안,건설기계,남,63세,상해없음,승용,여,64세,중상
2015032800100475,2015년 3월 28일 17시,토요일,부산광역시 연제구 연산동,경상사고,0,0,1,0,차대사람 - 보도통행중,안전운전불이행,건조,맑음,단일로 - 기타,승용,여,49세,상해없음,보행자,여,43세,경상
2015032800100476,2015년 3월 28일 17시,토요일,부산광역시 기장군 기장읍,중상사고,0,1,0,0,차대차 - 추돌 - 진행중,안전운전불이행,건조,맑음,단일로 - 기타,승용,남,62세,상해없음,원동기,남,39세,중상
2015032800100518,2015년 3월 28일 18시,토요일,부산광역시 서구 암남동,경상사고,0,0,1,0,차대차 - 추돌 - 진행중,안전운전불이행,건조,맑음,단일로 - 기타,승용,남,46세,상해없음,원동기,남,57세,경상
2015032800100550,2015년 3월 28일 19시,토요일,부산광역시 서구 아미동2가,중상사고,0,1,0,0,차대사람 - 차도통행중,안전운전불이행,건조,맑음,교차로 - 교차로부근,승용,남,47세,상해없음,보행자,여,77세,중상
2015032800100593,2015년 3월 28일 20시,토요일,부산광역시 북구 금곡동,중상사고,0,1,0,0,차대사람 - 기타,차로위반,건조,맑음,단일로 - 기타,승용,남,46세,상해없음,보행자,여,73세,중상
2015032800100594,2015년 3월 28일 20시,토요일,부산광역시 사하구 당리동,중상사고,0,1,0,0,차대차 - 기타,안전운전불이행,건조,맑음,단일로 - 기타,원동기,남,73세,중상,승용,남,37세,상해없음
2015032800100649,2015년 3월 28일 22시,토요일,부산광역시 남구 대연동,중상사고,0,1,0,0,차대사람 - 횡단중,보행자보호의무위반,건조,맑음,단일로 - 횡단보도상,승용,남,22세,상해없음,보행자,남,32세,중상
2015032800100650,2015년 3월 28일 22시,토요일,부산광역시 동래구 안락동,중상사고,0,1,0,0,차대차 - 측면직각충돌,안전운전불이행,건조,맑음,교차로 - 교차로부근,승용,남,34세,상해없음,승합,남,50세,중상
2015032800100651,2015년 3월 28일 22시,토요일,부산광역시 동래구 명륜동,경상사고,0,0,1,0,차대사람 - 횡단중,보행자보호의무위반,건조,맑음,단일로 - 기타,승용,남,36세,상해없음,보행자,남,19세,경상
2015032800100677,2015년 3월 28일 23시,토요일,부산광역시 강서구 강동동,경상사고,0,0,1,0,차대차 - 추돌 - 주정차중,안전운전불이행,건조,맑음,단일로 - 기타,화물,남,52세,상해없음,이륜,남,34세,기타불명
2015032800100678,2015년 3월 28일 23시,토요일,부산광역시 강서구 대저2동,부상신고사고,0,0,0,1,차대차 - 기타,차로위반,건조,맑음,단일로 - 기타,기타불명,기타불명,기타불명,기타불명,특수,남,40세,부상신고
2015032900100007,2015년 3월 29일 00시,일요일,부산광역시 금정구 장전동,중상사고,0,1,0,0,차대사람 - 길가장자리구역통행중,보행자보호의무위반,건조,맑음,교차로 - 교차로부근,승용,남,24세,상해없음,보행자,남,33세,중상
2015032900100043,2015년 3월 29일 02시,일요일,부산광역시 부산진구 개금동,중상사고,0,1,0,0,차대차 - 기타,중앙선침범,건조,맑음,단일로 - 기타,승용,남,65세,상해없음,자전거,남,61세,중상
2015032900100044,2015년 3월 29일 02시,일요일,부산광역시 사하구 괴정동,중상사고,0,1,0,0,차대차 - 측면직각충돌,차로위반,건조,맑음,단일로 - 기타,승용,남,56세,상해없음,이륜,남,19세,중상
2015032900100076,2015년 3월 29일 05시,일요일,부산광역시 동래구 명륜동,부상신고사고,0,0,0,1,차대사람 - 차도통행중,안전운전불이행,건조,맑음,교차로 - 교차로안,승용,남,62세,상해없음,보행자,남,41세,부상신고
2015032900100110,2015년 3월 29일 08시,일요일,부산광역시 연제구 연산동,경상사고,0,0,1,0,차대차 - 측면직각충돌,교차로운행방법위반,건조,맑음,교차로 - 교차로부근,자전거,남,25세,경상,승용,남,50세,상해없음
2015032900100111,2015년 3월 29일 08시,일요일,부산광역시 강서구 지사동,경상사고,0,0,1,0,차대차 - 추돌 - 진행중,신호위반,건조,맑음,교차로 - 교차로안,승용,남,30세,상해없음,화물,남,65세,경상
2015032900100159,2015년 3월 29일 11시,일요일,부산광역시 강서구 대저1동,부상신고사고,0,0,0,1,차대차 - 추돌 - 주정차중,안전운전불이행,건조,맑음,단일로 - 기타,승용,여,23세,기타불명,승용,여,48세,부상신고
2015032900100227,2015년 3월 29일 14시,일요일,부산광역시 해운대구 우동,경상사고,0,0,1,0,차대사람 - 기타,안전운전불이행,건조,맑음,기타 - 기타,승용,남,54세,상해없음,보행자,여,46세,경상
2015032900100259,2015년 3월 29일 15시,일요일,부산광역시 해운대구 반여동,경상사고,0,0,1,0,차대차 - 추돌 - 주정차중,안전운전불이행,건조,맑음,교차로 - 교차로부근,화물,남,49세,상해없음,승용,남,46세,상해없음
2015032900100260,2015년 3월 29일 15시,일요일,부산광역시 부산진구 양정동,중상사고,0,1,0,0,차대차 - 기타,안전거리미확보,건조,맑음,단일로 - 기타,이륜,남,55세,중상,승용,남,48세,상해없음
2015032900100261,2015년 3월 29일 15시,일요일,부산광역시 연제구 연산동,경상사고,0,0,1,0,차대사람 - 길가장자리구역통행중,기타,습기,맑음,단일로 - 횡단보도상,이륜,남,56세,상해없음,보행자,여,7세,경상
2015032900100292,2015년 3월 29일 16시,일요일,부산광역시 연제구 거제동,경상사고,0,0,1,0,차대차 - 측면직각충돌,안전운전불이행,건조,맑음,교차로 - 교차로부근,화물,남,48세,상해없음,자전거,남,68세,경상
2015032900100293,2015년 3월 29일 16시,일요일,부산광역시 사상구 감전동,경상사고,0,0,5,1,차대차 - 추돌 - 진행중,안전거리미확보,건조,맑음,단일로 - 기타,승합,남,59세,상해없음,승용,여,46세,경상
2015032900100331,2015년 3월 29일 17시,일요일,부산광역시 중구 대청동4가,경상사고,0,0,1,0,차대차 - 측면직각충돌,중앙선침범,건조,맑음,단일로 - 기타,승용,남,44세,상해없음,승용,남,46세,경상
2015032900100366,2015년 3월 29일 18시,일요일,부산광역시 서구 암남동,중상사고,0,1,0,0,차대차 - 측면직각충돌,안전운전불이행,건조,맑음,단일로 - 기타,승용,남,26세,상해없음,원동기,남,43세,중상
2015032900100386,2015년 3월 29일 19시,일요일,부산광역시 북구 구포동,경상사고,0,0,1,0,차대차 - 측면직각충돌,안전운전불이행,건조,맑음,단일로 - 기타,승합,남,64세,상해없음,승용,남,41세,경상
2015032900100387,2015년 3월 29일 19시,일요일,부산광역시 해운대구 반여동,경상사고,0,0,1,0,차대차 - 추돌 - 진행중,안전운전불이행,건조,맑음,교차로 - 교차로부근,승용,남,52세,상해없음,승용,남,41세,경상
2015032900100421,2015년 3월 29일 20시,일요일,부산광역시 서구 충무동1가,중상사고,0,1,0,0,차대사람 - 횡단중,안전운전불이행,건조,맑음,단일로 - 횡단보도부근,승용,남,45세,상해없음,보행자,남,47세,중상
2015032900100422,2015년 3월 29일 20시,일요일,부산광역시 동래구 온천동,중상사고,0,1,0,0,차량단독 - 전도전복,안전운전불이행,건조,맑음,단일로 - 기타,자전거,남,52세,중상,,,,
2015032900100423,2015년 3월 29일 20시,일요일,부산광역시 사상구 학장동,중상사고,0,1,1,0,차대차 - 추돌 - 주정차중,안전운전불이행,건조,맑음,교차로 - 교차로부근,승용,남,58세,상해없음,승용,남,31세,경상
2015032900100466,2015년 3월 29일 22시,일요일,부산광역시 수영구 남천동,경상사고,0,0,1,0,차대사람 - 길가장자리구역통행중,교차로운행방법위반,건조,맑음,교차로 - 교차로안,승합,여,60세,상해없음,보행자,남,30세,경상
2015032900100467,2015년 3월 29일 22시,일요일,부산광역시 동래구 명장동,경상사고,0,0,1,0,차대차 - 측면직각충돌,신호위반,건조,맑음,교차로 - 교차로안,승용,남,60세,상해없음,원동기,남,18세,경상
2015033000100011,2015년 3월 30일 01시,월요일,부산광역시 동래구 온천동,부상신고사고,0,0,0,1,차량단독 - 공작물충돌,안전운전불이행,건조,맑음,단일로 - 기타,승용,남,21세,상해없음,,,,
2015033000100041,2015년 3월 30일 06시,월요일,부산광역시 사하구 다대동,경상사고,0,0,1,0,차대차 - 기타,안전운전불이행,건조,맑음,단일로 - 기타,승용,남,49세,상해없음,승용,남,33세,경상
2015033000100062,2015년 3월 30일 07시,월요일,부산광역시 남구 용당동,경상사고,0,0,1,2,차대차 - 측면직각충돌,교차로운행방법위반,건조,맑음,교차로 - 교차로안,승용,남,49세,상해없음,승용,남,42세,경상
2015033000100085,2015년 3월 30일 08시,월요일,부산광역시 북구 만덕동,경상사고,0,0,1,1,차대차 - 기타,안전거리미확보,건조,맑음,단일로 - 기타,승용,남,66세,부상신고,화물,남,42세,경상
2015033000100086,2015년 3월 30일 08시,월요일,부산광역시 연제구 연산동,경상사고,0,0,1,0,차대사람 - 보도통행중,안전운전불이행,건조,맑음,단일로 - 기타,승용,남,32세,상해없음,보행자,남,32세,경상
2015033000100155,2015년 3월 30일 10시,월요일,부산광역시 동구 초량동,중상사고,0,1,0,0,차대사람 - 기타,보행자보호의무위반,건조,맑음,단일로 - 횡단보도상,승용,남,56세,상해없음,보행자,여,73세,중상
2015033000100156,2015년 3월 30일 10시,월요일,부산광역시 동구 범일동,경상사고,0,0,2,0,차대차 - 기타,안전운전불이행,건조,맑음,단일로 - 기타,승용,남,23세,상해없음,승용,남,56세,경상
2015033000100157,2015년 3월 30일 10시,월요일,부산광역시 강서구 대저1동,중상사고,0,2,0,0,차대차 - 추돌 - 진행중,안전거리미확보,건조,맑음,단일로 - 기타,승용,여,44세,상해없음,승용,남,78세,중상
2015033000100225,2015년 3월 30일 12시,월요일,부산광역시 동구 범일동,경상사고,0,0,1,0,차대차 - 추돌 - 주정차중,안전운전불이행,건조,맑음,단일로 - 기타,승용,여,49세,상해없음,승용,여,31세,경상
2015033000100226,2015년 3월 30일 12시,월요일,부산광역시 남구 감만동,부상신고사고,0,0,0,1,차대차 - 측면직각충돌,안전운전불이행,건조,맑음,단일로 - 기타,승용,남,21세,상해없음,원동기,남,76세,부상신고
2015033000100227,2015년 3월 30일 12시,월요일,부산광역시 동래구 명륜동,중상사고,0,1,0,0,차대차 - 측면직각충돌,중앙선침범,건조,맑음,교차로 - 교차로부근,승용,남,63세,상해없음,원동기,남,19세,중상
2015033000100228,2015년 3월 30일 12시,월요일,부산광역시 기장군 철마면,중상사고,0,1,0,1,차대차 - 측면직각충돌,안전운전불이행,건조,맑음,교차로 - 교차로부근,승용,여,46세,상해없음,화물,남,25세,중상
2015033000100254,2015년 3월 30일 13시,월요일,부산광역시 남구 대연동,중상사고,0,2,1,6,차대차 - 추돌 - 진행중,안전거리미확보,건조,맑음,단일로 - 기타,승용,여,52세,중상,승용,여,57세,부상신고
2015033000100255,2015년 3월 30일 13시,월요일,부산광역시 해운대구 재송동,경상사고,0,0,1,0,차대사람 - 횡단중,기타,건조,맑음,교차로 - 교차로안,승용,남,30세,상해없음,보행자,남,7세,경상
2015033000100256,2015년 3월 30일 13시,월요일,부산광역시 부산진구 당감동,경상사고,0,0,1,0,차대차 - 추돌 - 진행중,안전운전불이행,건조,맑음,단일로 - 기타,승용,남,39세,상해없음,승용,여,55세,경상
2015033000100290,2015년 3월 30일 14시,월요일,부산광역시 서구 동대신동3가,경상사고,0,0,1,0,차대사람 - 횡단중,안전운전불이행,건조,맑음,단일로 - 기타,승용,여,45세,상해없음,보행자,남,70세,경상
2015033000100291,2015년 3월 30일 14시,월요일,부산광역시 기장군 일광면,경상사고,0,0,2,0,차대차 - 측면직각충돌,교차로운행방법위반,건조,맑음,교차로 - 교차로안,승용,남,32세,상해없음,승용,남,29세,경상
2015033000100333,2015년 3월 30일 15시,월요일,부산광역시 부산진구 부전동,경상사고,0,0,1,0,차대사람 - 기타,안전운전불이행,건조,맑음,단일로 - 기타,화물,남,63세,상해없음,보행자,남,28세,경상
2015033000100334,2015년 3월 30일 15시,월요일,부산광역시 사하구 감천동,경상사고,0,0,1,0,차대사람 - 기타,안전운전불이행,건조,맑음,단일로 - 기타,화물,남,34세,상해없음,보행자,남,71세,경상
2015033000100374,2015년 3월 30일 16시,월요일,부산광역시 해운대구 우동,중상사고,0,1,0,0,차량단독 - 공작물충돌,안전운전불이행,건조,맑음,단일로 - 기타,승용,남,71세,상해없음,,,,
2015033000100375,2015년 3월 30일 16시,월요일,부산광역시 금정구 구서동,중상사고,0,1,0,0,차대차 - 측면직각충돌,중앙선침범,건조,맑음,단일로 - 기타,원동기,남,68세,상해없음,승용,남,22세,중상
2015033000100456,2015년 3월 30일 18시,월요일,부산광역시 동구 범일동,경상사고,0,0,1,1,차대차 - 기타,안전거리미확보,건조,맑음,단일로 - 기타,승합,남,54세,상해없음,승용,여,36세,경상
2015033000100457,2015년 3월 30일 18시,월요일,부산광역시 사하구 감천동,중상사고,0,1,0,0,차대사람 - 횡단중,안전운전불이행,건조,맑음,단일로 - 기타,이륜,남,49세,상해없음,보행자,남,47세,중상
2015033000100491,2015년 3월 30일 19시,월요일,부산광역시 북구 구포동,부상신고사고,0,0,0,1,차대사람 - 기타,안전운전불이행,건조,맑음,단일로 - 기타,승용,남,52세,상해없음,보행자,남,49세,부상신고
2015033000100531,2015년 3월 30일 20시,월요일,부산광역시 서구 서대신동2가,중상사고,0,1,0,0,차대차 - 측면직각충돌,신호위반,건조,맑음,교차로 - 교차로안,승용,여,58세,상해없음,승용,남,64세,중상
2015033000100532,2015년 3월 30일 20시,월요일,부산광역시 동래구 온천동,중상사고,0,1,2,0,차대차 - 측면직각충돌,교차로운행방법위반,건조,맑음,교차로 - 교차로안,승용,남,27세,상해없음,승용,남,50세,경상
2015033000100533,2015년 3월 30일 20시,월요일,부산광역시 동래구 온천동,경상사고,0,0,1,0,차대차 - 정면충돌,안전운전불이행,건조,맑음,단일로 - 기타,원동기,남,49세,경상,승용,남,48세,상해없음
2015033000100534,2015년 3월 30일 20시,월요일,부산광역시 수영구 망미동,중상사고,0,1,0,0,차대사람 - 기타,안전운전불이행,건조,맑음,단일로 - 기타,승합,남,60세,상해없음,보행자,남,59세,중상
2015033000100565,2015년 3월 30일 21시,월요일,부산광역시 동구 초량동,경상사고,0,0,1,0,차대차 - 기타,교차로운행방법위반,건조,맑음,교차로 - 교차로안,승용,남,62세,상해없음,승용,남,66세,경상
2015033000100566,2015년 3월 30일 21시,월요일,부산광역시 부산진구 개금동,경상사고,0,0,1,0,차대차 - 측면직각충돌,안전거리미확보,건조,맑음,단일로 - 기타,승용,남,54세,상해없음,이륜,남,25세,경상
2015033000100567,2015년 3월 30일 21시,월요일,부산광역시 금정구 청룡동,중상사고,0,1,0,0,차대사람 - 횡단중,기타,건조,맑음,단일로 - 기타,승용,남,62세,상해없음,보행자,남,14세,중상
2015033000100568,2015년 3월 30일 21시,월요일,부산광역시 사하구 하단동,중상사고,0,1,0,0,차대사람 - 기타,신호위반,건조,맑음,단일로 - 기타,승용,여,40세,상해없음,보행자,여,61세,중상
2015033000100596,2015년 3월 30일 22시,월요일,부산광역시 북구 구포동,중상사고,0,1,0,0,차대사람 - 횡단중,안전운전불이행,건조,맑음,단일로 - 기타,승용,여,34세,상해없음,보행자,남,21세,중상
2015033000100597,2015년 3월 30일 22시,월요일,부산광역시 동래구 안락동,경상사고,0,0,1,0,차대사람 - 길가장자리구역통행중,신호위반,건조,맑음,교차로 - 교차로부근,승용,남,58세,상해없음,보행자,여,65세,경상
2015033000100598,2015년 3월 30일 22시,월요일,부산광역시 사하구 장림동,부상신고사고,0,0,0,1,차대차 - 측면직각충돌,안전운전불이행,건조,맑음,교차로 - 교차로부근,이륜,남,20세,부상신고,승용,남,53세,상해없음
2015033000100613,2015년 3월 30일 23시,월요일,부산광역시 동래구 온천동,중상사고,0,1,0,0,차대차 - 측면직각충돌,차로위반,건조,맑음,교차로 - 교차로부근,화물,남,35세,상해없음,특수,남,42세,중상
2015033000100614,2015년 3월 30일 23시,월요일,부산광역시 금정구 구서동,중상사고,0,1,4,1,차대차 - 정면충돌,중앙선침범,건조,맑음,교차로 - 교차로부근,승용,여,45세,부상신고,승용,남,49세,경상
2015033100100059,2015년 3월 31일 05시,화요일,부산광역시 강서구 명지동,중상사고,0,1,1,0,차대차 - 추돌 - 진행중,안전거리미확보,건조,맑음,단일로 - 기타,건설기계,남,45세,상해없음,승용,남,44세,경상
2015033100100070,2015년 3월 31일 06시,화요일,부산광역시 중구 중앙동4가,경상사고,0,0,1,0,차대차 - 측면직각충돌,신호위반,건조,맑음,교차로 - 교차로안,승용,남,47세,상해없음,승용,남,52세,경상
2015033100100071,2015년 3월 31일 06시,화요일,부산광역시 사하구 장림동,경상사고,0,0,2,0,차대차 - 기타,안전운전불이행,습기,비,단일로 - 기타,승용,남,59세,상해없음,승용,남,42세,경상
2015033100100105,2015년 3월 31일 08시,화요일,부산광역시 서구 서대신동3가,중상사고,0,1,0,0,차대사람 - 보도통행중,안전운전불이행,건조,흐림,단일로 - 기타,승용,여,41세,상해없음,보행자,여,13세,중상
2015033100100135,2015년 3월 31일 09시,화요일,부산광역시 해운대구 우동,경상사고,0,0,1,0,차대사람 - 기타,안전운전불이행,건조,맑음,기타 - 기타,자전거,남,62세,상해없음,보행자,남,41세,경상
2015033100100157,2015년 3월 31일 10시,화요일,부산광역시 서구 암남동,경상사고,0,0,1,1,차대사람 - 횡단중,중앙선침범,습기,비,단일로 - 기타,승용,남,41세,상해없음,보행자,여,67세,경상
2015033100100203,2015년 3월 31일 12시,화요일,부산광역시 동구 초량동,중상사고,0,1,0,0,차대차 - 추돌 - 주정차중,안전운전불이행,습기,비,교차로 - 교차로부근,화물,남,56세,상해없음,화물,남,71세,상해없음
2015033100100204,2015년 3월 31일 12시,화요일,부산광역시 사하구 다대동,경상사고,0,0,2,0,차대차 - 추돌 - 주정차중,안전운전불이행,건조,맑음,단일로 - 기타,승용,여,48세,상해없음,승용,남,42세,경상
2015033100100224,2015년 3월 31일 13시,화요일,부산광역시 남구 문현동,중상사고,0,1,0,0,차대사람 - 횡단중,보행자보호의무위반,습기,비,교차로 - 교차로부근,승용,남,60세,상해없음,보행자,여,51세,중상
2015033100100225,2015년 3월 31일 13시,화요일,부산광역시 금정구 노포동,중상사고,0,1,0,0,차량단독 - 공작물충돌,안전운전불이행,건조,맑음,단일로 - 기타,원동기,남,15세,상해없음,,,,
2015033100100226,2015년 3월 31일 13시,화요일,부산광역시 사하구 신평동,경상사고,0,0,1,0,차대차 - 기타,신호위반,건조,맑음,교차로 - 교차로안,승용,남,35세,상해없음,이륜,남,68세,경상
2015033100100227,2015년 3월 31일 13시,화요일,부산광역시 기장군 정관면,경상사고,0,0,2,0,차대차 - 정면충돌,중앙선침범,건조,맑음,단일로 - 기타,승용,남,28세,경상,승합,여,37세,경상
2015033100100267,2015년 3월 31일 14시,화요일,부산광역시 해운대구 중동,경상사고,0,0,1,0,차대차 - 기타,기타,습기,비,교차로 - 교차로안,승용,여,36세,상해없음,이륜,남,43세,경상
2015033100100268,2015년 3월 31일 14시,화요일,부산광역시 사하구 당리동,경상사고,0,0,1,0,차대사람 - 횡단중,보행자보호의무위반,습기,비,교차로 - 교차로부근,승용,남,58세,상해없음,보행자,남,8세,경상
2015033100100307,2015년 3월 31일 15시,화요일,부산광역시 기장군 일광면,경상사고,0,0,3,0,차대차 - 추돌 - 진행중,안전거리미확보,건조,맑음,단일로 - 기타,승용,남,58세,상해없음,승용,여,64세,경상
2015033100100355,2015년 3월 31일 17시,화요일,부산광역시 사하구 하단동,경상사고,0,0,1,0,차대차 - 기타,교차로운행방법위반,습기,비,교차로 - 교차로안,이륜,남,44세,상해없음,이륜,남,45세,경상
2015033100100356,2015년 3월 31일 17시,화요일,부산광역시 강서구 대저1동,경상사고,0,0,1,0,차대차 - 측면직각충돌,안전운전불이행,건조,맑음,교차로 - 교차로부근,화물,남,60세,상해없음,승용,남,49세,경상
2015033100100357,2015년 3월 31일 17시,화요일,부산광역시 기장군 기장읍,경상사고,0,0,1,0,차대차 - 측면직각충돌,신호위반,습기,비,교차로 - 교차로안,화물,남,48세,상해없음,이륜,남,55세,경상
2015033100100395,2015년 3월 31일 18시,화요일,부산광역시 북구 덕천동,중상사고,0,1,0,0,차대사람 - 기타,안전운전불이행,습기,비,단일로 - 기타,이륜,남,18세,상해없음,보행자,남,63세,중상
2015033100100436,2015년 3월 31일 19시,화요일,부산광역시 수영구 남천동,부상신고사고,0,0,0,1,차대차 - 추돌 - 진행중,안전거리미확보,건조,맑음,단일로 - 기타,승용,남,52세,상해없음,승용,남,34세,부상신고