사고번호,사고일시,요일,시군구,사고내용,사망자수,중상자수,경상자수,부상신고자수,사고유형,법규위반,노면상태,기상상태,도로형태,가해운전자 차종,가해운전자 성별,가해운전자 연령,가해운전자 상해정도,피해운전자 차종,피해운전자 성별,피해운전자 연령,피해운전자 상해정도
2015033100100437,2015년 3월 31일 19시,화요일,부산광역시 북구 화명동,경상사고,0,0,1,0,차대차 - 기타,신호위반,습기,비,교차로 - 교차로안,승합,남,74세,상해없음,원동기,남,48세,경상
2015033100100438,2015년 3월 31일 19시,화요일,부산광역시 북구 덕천동,경상사고,0,0,1,0,차대사람 - 기타,안전운전불이행,습기,비,단일로 - 횡단보도부근,승용,여,45세,상해없음,보행자,남,45세,경상
2015033100100439,2015년 3월 31일 19시,화요일,부산광역시 동래구 안락동,경상사고,0,0,1,0,차대사람 - 횡단중,신호위반,습기,비,단일로 - 기타,승용,남,46세,상해없음,보행자,남,53세,경상
2015033100100440,2015년 3월 31일 19시,화요일,부산광역시 영도구 동삼동,중상사고,0,1,0,0,차대사람 - 횡단중,보행자보호의무위반,건조,맑음,단일로 - 횡단보도상,승용,남,59세,상해없음,보행자,여,74세,중상
2015033100100490,2015년 3월 31일 20시,화요일,부산광역시 금정구 장전동,경상사고,0,0,1,0,차대차 - 추돌 - 진행중,안전운전불이행,습기,비,단일로 - 기타,승용,여,44세,상해없음,화물,남,47세,경상
2015033100100491,2015년 3월 31일 20시,화요일,부산광역시 사하구 감천동,부상신고사고,0,0,0,1,차대차 - 기타,안전거리미확보,습기,비,단일로 - 기타,승용,남,48세,상해없음,원동기,남,40세,부상신고
2015033100100538,2015년 3월 31일 21시,화요일,부산광역시 동래구 온천동,중상사고,0,1,1,0,차대차 - 추돌 - 주정차중,안전운전불이행,결빙,흐림,단일로 - 기타,승용,남,37세,상해없음,승용,남,44세,중상
2015033100100539,2015년 3월 31일 21시,화요일,부산광역시 동래구 명장동,중상사고,0,1,0,0,차대사람 - 횡단중,신호위반,습기,비,단일로 - 횡단보도상,승용,남,43세,상해없음,보행자,남,45세,중상
2015033100100540,2015년 3월 31일 21시,화요일,부산광역시 부산진구 전포동,중상사고,0,1,1,0,차대차 - 추돌 - 진행중,안전운전불이행,습기,비,단일로 - 기타,승용,남,36세,상해없음,승용,여,49세,중상
2015033100100541,2015년 3월 31일 21시,화요일,부산광역시 금정구 서동,중상사고,0,1,0,0,차대사람 - 횡단중,보행자보호의무위반,습기,비,교차로 - 교차로부근,화물,남,33세,상해없음,보행자,여,55세,중상
2015033100100596,2015년 3월 31일 22시,화요일,부산광역시 중구 대청동4가,경상사고,0,0,1,0,차대사람 - 길가장자리구역통행중,안전운전불이행,습기,비,단일로 - 기타,승용,기타불명,기타불명,기타불명,보행자,여,17세,경상
2015033100100597,2015년 3월 31일 22시,화요일,부산광역시 남구 용호동,경상사고,0,0,1,0,차대사람 - 횡단중,보행자보호의무위반,습기,비,교차로 - 교차로안,승용,남,30세,상해없음,보행자,여,50세,경상
2015033100100645,2015년 3월 31일 23시,화요일,부산광역시 해운대구 우동,경상사고,0,0,1,0,차대사람 - 기타,안전운전불이행,건조,맑음,단일로 - 기타,승용,여,52세,상해없음,보행자,여,59세,경상
2015033100100646,2015년 3월 31일 23시,화요일,부산광역시 해운대구 반여동,경상사고,0,0,2,0,차대차 - 기타,안전운전불이행,습기,비,단일로 - 기타,승용,남,45세,상해없음,승용,여,36세,경상
2015040100100032,2015년 4월 1일 01시,수요일,부산광역시 남구 문현동,경상사고,0,0,2,0,차대차 - 추돌 - 주정차중,안전운전불이행,습기,흐림,단일로 - 기타,승용,남,46세,상해없음,승용,남,33세,경상
2015040100100033,2015년 4월 1일 01시,수요일,부산광역시 기장군 기장읍,경상사고,0,0,1,0,차량단독 - 공작물충돌,안전운전불이행,습기,비,단일로 - 기타,승용,남,48세,경상,,,,
2015040100100071,2015년 4월 1일 04시,수요일,부산광역시 동구 수정동,중상사고,0,1,0,0,차대사람 - 기타,안전운전불이행,건조,맑음,교차로 - 교차로부근,승용,남,64세,상해없음,보행자,남,49세,중상
2015040100100103,2015년 4월 1일 07시,수요일,부산광역시 북구 덕천동,중상사고,0,2,0,0,차대차 - 기타,안전운전불이행,건조,맑음,교차로 - 교차로안,승용,여,55세,상해없음,승용,남,32세,중상
2015040100100104,2015년 4월 1일 07시,수요일,부산광역시 기장군 기장읍,경상사고,0,0,1,0,차대차 - 측면직각충돌,안전운전불이행,습기,기타,단일로 - 기타,승용,남,45세,경상,화물,남,43세,상해없음
2015040100100126,2015년 4월 1일 08시,수요일,부산광역시 남구 용호동,경상사고,0,0,1,0,차대사람 - 길가장자리구역통행중,안전운전불이행,건조,맑음,단일로 - 기타,승용,기타불명,기타불명,기타불명,보행자,남,20세,경상
2015040100100127,2015년 4월 1일 08시,수요일,부산광역시 남구 대연동,경상사고,0,0,1,0,차대차 - 측면직각충돌,안전운전불이행,건조,맑음,교차로 - 교차로안,승용,남,58세,경상,승용,남,51세,상해없음
2015040100100128,2015년 4월 1일 08시,수요일,부산광역시 동래구 명장동,중상사고,0,1,0,0,차대차 - 측면직각충돌,신호위반,습기,흐림,교차로 - 교차로안,승용,남,61세,상해없음,이륜,남,24세,중상
2015040100100129,2015년 4월 1일 08시,수요일,부산광역시 부산진구 개금동,중상사고,0,1,1,0,차대차 - 측면직각충돌,신호위반,건조,맑음,교차로 - 교차로부근,승용,남,65세,상해없음,승합,남,58세,상해없음
2015040100100130,2015년 4월 1일 08시,수요일,부산광역시 사하구 하단동,부상신고사고,0,0,0,1,차대차 - 기타,안전운전불이행,건조,흐림,단일로 - 기타,이륜,여,39세,부상신고,승용,남,35세,상해없음
2015040100100131,2015년 4월 1일 08시,수요일,부산광역시 수영구 망미동,부상신고사고,0,0,0,1,차대차 - 측면직각충돌,신호위반,습기,흐림,교차로 - 교차로안,원동기,남,54세,부상신고,승합,남,47세,상해없음
2015040100100278,2015년 4월 1일 13시,수요일,부산광역시 북구 덕천동,경상사고,0,0,1,0,차대차 - 추돌 - 진행중,안전운전불이행,건조,맑음,단일로 - 기타,승합,남,49세,상해없음,승용,남,56세,경상
2015040100100279,2015년 4월 1일 13시,수요일,부산광역시 부산진구 전포동,중상사고,0,1,0,0,차대사람 - 기타,기타,건조,맑음,단일로 - 기타,승합,남,51세,상해없음,보행자,남,7세,중상
2015040100100280,2015년 4월 1일 13시,수요일,부산광역시 금정구 장전동,중상사고,0,1,0,0,차대사람 - 횡단중,안전운전불이행,건조,맑음,단일로 - 기타,승용,여,22세,상해없음,보행자,여,70세,중상
2015040100100281,2015년 4월 1일 13시,수요일,부산광역시 기장군 일광면,경상사고,0,0,1,0,차대차 - 측면직각충돌,교차로운행방법위반,건조,맑음,교차로 - 교차로안,승용,남,46세,상해없음,승용,여,54세,경상
2015040100100312,2015년 4월 1일 14시,수요일,부산광역시 남구 문현동,경상사고,0,0,1,0,차대사람 - 횡단중,보행자보호의무위반,건조,흐림,단일로 - 횡단보도상,승용,남,70세,상해없음,보행자,여,8세,경상
2015040100100313,2015년 4월 1일 14시,수요일,부산광역시 영도구 대교동1가,중상사고,0,1,0,0,차대차 - 추돌 - 주정차중,안전운전불이행,건조,맑음,단일로 - 교량,승용,여,55세,상해없음,원동기,남,64세,중상
2015040100100347,2015년 4월 1일 15시,수요일,부산광역시 서구 부민동3가,경상사고,0,0,1,0,차대차 - 측면직각충돌,안전운전불이행,습기,흐림,단일로 - 기타,승용,남,55세,상해없음,승용,남,30세,경상
2015040100100348,2015년 4월 1일 15시,수요일,부산광역시 부산진구 전포동,경상사고,0,0,2,0,차대사람 - 길가장자리구역통행중,안전운전불이행,건조,맑음,교차로 - 교차로부근,화물,남,43세,상해없음,보행자,여,13세,경상
2015040100100382,2015년 4월 1일 16시,수요일,부산광역시 부산진구 가야동,중상사고,0,1,0,0,차대사람 - 횡단중,보행자보호의무위반,건조,맑음,단일로 - 기타,승용,남,73세,상해없음,보행자,남,9세,중상
2015040100100383,2015년 4월 1일 16시,수요일,부산광역시 금정구 두구동,중상사고,0,1,2,0,차대차 - 측면직각충돌,안전운전불이행,건조,맑음,단일로 - 기타,승합,남,35세,상해없음,승용,남,57세,중상
2015040100100421,2015년 4월 1일 17시,수요일,부산광역시 사하구 신평동,경상사고,0,0,1,0,차대차 - 기타,안전운전불이행,건조,맑음,단일로 - 기타,승용,남,29세,상해없음,이륜,남,42세,경상
2015040100100454,2015년 4월 1일 18시,수요일,부산광역시 동래구 온천동,중상사고,0,1,0,0,차대차 - 측면직각충돌,안전운전불이행,건조,맑음,단일로 - 기타,승용,여,56세,상해없음,승용,여,41세,중상
2015040100100455,2015년 4월 1일 18시,수요일,부산광역시 강서구 강동동,경상사고,0,0,1,0,차대차 - 측면직각충돌,기타,건조,맑음,단일로 - 기타,화물,남,52세,상해없음,승용,남,36세,경상
2015040100100484,2015년 4월 1일 19시,수요일,부산광역시 금정구 남산동,경상사고,0,0,3,0,차대차 - 추돌 - 주정차중,안전거리미확보,건조,맑음,교차로 - 교차로부근,승용,남,53세,상해없음,승용,여,44세,경상
2015040100100485,2015년 4월 1일 19시,수요일,부산광역시 기장군 정관면,경상사고,0,0,1,0,차대차 - 측면직각충돌,중앙선침범,건조,맑음,단일로 - 기타,승용,남,46세,상해없음,이륜,남,37세,경상
2015040100100551,2015년 4월 1일 21시,수요일,부산광역시 서구 토성동5가,부상신고사고,0,0,0,1,차대차 - 측면직각충돌,안전운전불이행,건조,맑음,단일로 - 기타,승용,여,45세,상해없음,이륜,남,32세,부상신고
2015040100100552,2015년 4월 1일 21시,수요일,부산광역시 연제구 거제동,중상사고,0,1,1,0,차대차 - 측면직각충돌,신호위반,건조,맑음,교차로 - 교차로안,자전거,여,25세,중상,승용,남,71세,상해없음
2015040100100576,2015년 4월 1일 22시,수요일,부산광역시 북구 덕천동,경상사고,0,0,1,0,차대사람 - 기타,안전운전불이행,건조,맑음,단일로 - 기타,이륜,남,36세,상해없음,보행자,남,45세,경상
2015040100100577,2015년 4월 1일 22시,수요일,부산광역시 강서구 성북동,중상사고,0,1,0,0,차대차 - 추돌 - 주정차중,안전운전불이행,건조,맑음,교차로 - 교차로부근,특수,남,38세,상해없음,승용,남,48세,중상
2015040100100612,2015년 4월 1일 23시,수요일,부산광역시 부산진구 개금동,중상사고,0,1,0,0,차대차 - 기타,신호위반,건조,맑음,교차로 - 교차로부근,승용,남,31세,상해없음,이륜,남,42세,중상
2015040200100010,2015년 4월 2일 00시,목요일,부산광역시 서구 동대신동1가,경상사고,0,0,1,0,차대사람 - 길가장자리구역통행중,안전운전불이행,건조,맑음,단일로 - 기타,승용,여,21세,상해없음,보행자,여,39세,경상
2015040200100011,2015년 4월 2일 00시,목요일,부산광역시 부산진구 범천동,중상사고,0,1,1,0,차대차 - 기타,중앙선침범,건조,맑음,단일로 - 기타,승용,여,57세,상해없음,승용,남,48세,중상
2015040200100039,2015년 4월 2일 02시,목요일,부산광역시 금정구 서동,경상사고,0,0,1,0,차대사람 - 길가장자리구역통행중,안전운전불이행,건조,맑음,단일로 - 기타,승용,남,45세,상해없음,보행자,남,27세,경상
2015040200100040,2015년 4월 2일 02시,목요일,부산광역시 기장군 일광면,중상사고,0,1,0,0,차대사람 - 길가장자리구역통행중,안전운전불이행,건조,흐림,단일로 - 기타,승용,남,37세,상해없음,보행자,남,62세,중상
2015040200100068,2015년 4월 2일 05시,목요일,부산광역시 해운대구 반여동,경상사고,0,0,1,0,차대차 - 측면직각충돌,안전운전불이행,건조,맑음,교차로 - 교차로부근,자전거,남,75세,경상,승용,남,62세,상해없음
2015040200100093,2015년 4월 2일 07시,목요일,부산광역시 강서구 대저2동,경상사고,0,0,1,0,차대사람 - 길가장자리구역통행중,안전운전불이행,건조,맑음,교차로 - 교차로부근,승용,남,25세,상해없음,보행자,남,43세,경상
2015040200100117,2015년 4월 2일 08시,목요일,부산광역시 부산진구 부암동,중상사고,0,1,0,0,차대사람 - 횡단중,보행자보호의무위반,건조,맑음,단일로 - 기타,승용,남,43세,상해없음,보행자,여,51세,중상
2015040200100170,2015년 4월 2일 10시,목요일,부산광역시 부산진구 범천동,중상사고,0,1,0,0,차대사람 - 기타,안전운전불이행,건조,맑음,단일로 - 기타,승용,남,40세,상해없음,보행자,남,40세,중상
2015040200100202,2015년 4월 2일 11시,목요일,부산광역시 동구 초량동,경상사고,0,0,1,0,차대차 - 기타,안전거리미확보,건조,맑음,단일로 - 기타,승용,남,72세,상해없음,승용,남,68세,경상
2015040200100203,2015년 4월 2일 11시,목요일,부산광역시 남구 대연동,중상사고,0,1,0,0,차대차 - 추돌 - 진행중,안전거리미확보,건조,맑음,단일로 - 기타,승용,남,66세,상해없음,승용,여,49세,중상
2015040200100250,2015년 4월 2일 13시,목요일,부산광역시 영도구 동삼동,경상사고,0,0,1,0,차대차 - 측면직각충돌,중앙선침범,건조,맑음,단일로 - 기타,화물,남,51세,기타불명,이륜,남,17세,경상
2015040200100251,2015년 4월 2일 13시,목요일,부산광역시 부산진구 부전동,경상사고,0,0,1,0,차대차 - 기타,안전운전불이행,건조,맑음,단일로 - 기타,승용,남,65세,상해없음,승용,남,63세,경상
2015040200100252,2015년 4월 2일 13시,목요일,부산광역시 강서구 대저1동,부상신고사고,0,0,0,1,차대차 - 추돌 - 진행중,안전운전불이행,건조,맑음,단일로 - 기타,이륜,남,81세,부상신고,승용,여,50세,상해없음
2015040200100282,2015년 4월 2일 14시,목요일,부산광역시 동래구 온천동,중상사고,0,2,0,0,차대차 - 추돌 - 진행중,안전거리미확보,건조,맑음,단일로 - 기타,승용,여,29세,상해없음,승용,여,29세,중상
2015040200100283,2015년 4월 2일 14시,목요일,부산광역시 동래구 수안동,경상사고,0,0,1,0,차대사람 - 횡단중,보행자보호의무위반,건조,맑음,단일로 - 기타,화물,남,50세,기타불명,보행자,여,56세,경상
2015040200100307,2015년 4월 2일 15시,목요일,부산광역시 동래구 온천동,중상사고,0,2,0,0,차대차 - 측면직각충돌,교차로운행방법위반,건조,맑음,교차로 - 교차로안,승용,남,54세,상해없음,승용,여,59세,중상
2015040200100337,2015년 4월 2일 16시,목요일,부산광역시 강서구 녹산동,중상사고,0,1,0,0,차대차 - 추돌 - 주정차중,안전거리미확보,건조,맑음,교차로 - 교차로부근,승합,남,55세,상해없음,승용,남,25세,중상
2015040200100366,2015년 4월 2일 17시,목요일,부산광역시 부산진구 범천동,부상신고사고,0,0,0,1,차대차 - 기타,교차로운행방법위반,건조,맑음,교차로 - 교차로안,승용,남,54세,상해없음,승용,남,41세,부상신고
2015040200100413,2015년 4월 2일 18시,목요일,부산광역시 부산진구 전포동,중상사고,0,2,0,0,차대사람 - 기타,교차로운행방법위반,건조,맑음,교차로 - 교차로안,화물,남,52세,상해없음,보행자,남,22세,중상
2015040200100414,2015년 4월 2일 18시,목요일,부산광역시 기장군 기장읍,부상신고사고,0,0,0,2,차대차 - 추돌 - 진행중,안전운전불이행,습기,비,단일로 - 기타,승용,남,24세,상해없음,승용,남,45세,부상신고
2015040200100460,2015년 4월 2일 19시,목요일,부산광역시 동구 범일동,경상사고,0,0,1,0,차대차 - 기타,차로위반,건조,맑음,단일로 - 기타,기타불명,기타불명,기타불명,기타불명,승용,남,70세,상해없음
2015040200100461,2015년 4월 2일 19시,목요일,부산광역시 금정구 구서동,중상사고,0,1,0,0,차대사람 - 횡단중,안전운전불이행,습기,비,단일로 - 기타,승용,여,56세,상해없음,보행자,여,10세,중상
2015040200100511,2015년 4월 2일 20시,목요일,부산광역시 남구 문현동,경상사고,0,0,3,0,차대사람 - 횡단중,안전운전불이행,습기,비,교차로 - 교차로안,승용,남,39세,상해없음,보행자,여,59세,경상
2015040200100512,2015년 4월 2일 20시,목요일,부산광역시 사하구 신평동,경상사고,0,0,1,0,차대차 - 추돌 - 주정차중,안전운전불이행,습기,비,단일로 - 기타,승용,남,46세,상해없음,승용,남,47세,경상
2015040200100560,2015년 4월 2일 21시,목요일,부산광역시 사하구 신평동,중상사고,0,1,0,0,차대차 - 측면직각충돌,안전거리미확보,습기,비,단일로 - 기타,승용,기타불명,기타불명,기타불명,이륜,남,27세,중상
2015040200100561,2015년 4월 2일 21시,목요일,부산광역시 사하구 괴정동,중상사고,0,1,0,0,차대차 - 추돌 - 진행중,안전거리미확보,습기,비,단일로 - 기타,승용,남,52세,상해없음,이륜,남,32세,중상
2015040200100626,2015년 4월 2일 22시,목요일,부산광역시 부산진구 가야동,경상사고,0,0,1,0,차대차 - 정면충돌,중앙선침범,습기,비,교차로 - 교차로부근,승용,남,45세,상해없음,승용,남,45세,경상
2015040200100627,2015년 4월 2일 22시,목요일,부산광역시 사상구 주례동,경상사고,0,0,2,0,차대차 - 추돌 - 진행중,안전운전불이행,습기,비,교차로 - 교차로안,승용,남,50세,상해없음,승용,남,65세,경상
2015040200100671,2015년 4월 2일 23시,목요일,부산광역시 서구 암남동,경상사고,0,0,3,0,차대차 - 측면직각충돌,신호위반,습기,비,교차로 - 교차로안,이륜,남,54세,경상,승용,남,57세,경상
2015040200100672,2015년 4월 2일 23시,목요일,부산광역시 서구 서대신동2가,사망사고,1,0,1,0,차량단독 - 공작물충돌,안전운전불이행,습기,비,단일로 - 기타,승용,남,35세,경상,,,,
2015040200100673,2015년 4월 2일 23시,목요일,부산광역시 북구 덕천동,중상사고,0,1,0,0,차대차 - 측면직각충돌,안전운전불이행,습기,비,단일로 - 횡단보도부근,승합,남,60세,상해없음,승용,남,44세,중상
2015040300100014,2015년 4월 3일 00시,금요일,부산광역시 남구 용당동,경상사고,0,0,1,0,차대차 - 기타,안전운전불이행,습기,비,교차로 - 교차로부근,승용,남,57세,상해없음,승용,남,32세,경상
2015040300100015,2015년 4월 3일 00시,금요일,부산광역시 동래구 명륜동,중상사고,0,3,1,0,차대차 - 측면직각충돌,교차로운행방법위반,습기,흐림,교차로 - 교차로안,승용,남,47세,상해없음,승용,남,38세,경상
2015040300100016,2015년 4월 3일 00시,금요일,부산광역시 동래구 온천동,경상사고,0,0,1,0,차대차 - 추돌 - 진행중,안전운전불이행,습기,비,단일로 - 터널,승용,남,49세,상해없음,승용,남,60세,경상
2015040300100017,2015년 4월 3일 00시,금요일,부산광역시 금정구 장전동,경상사고,0,0,1,0,차대사람 - 길가장자리구역통행중,안전운전불이행,습기,비,단일로 - 기타,승용,기타불명,기타불명,기타불명,보행자,남,26세,경상
2015040300100047,2015년 4월 3일 01시,금요일,부산광역시 금정구 오륜동,경상사고,0,0,1,0,차량단독 - 공작물충돌,과속,습기,비,단일로 - 기타,승용,남,53세,상해없음,,,,
2015040300100076,2015년 4월 3일 02시,금요일,부산광역시 수영구 망미동,중상사고,0,1,1,0,차대차 - 추돌 - 주정차중,안전거리미확보,습기,비,단일로 - 기타,승용,남,57세,상해없음,승용,남,48세,경상
2015040300100085,2015년 4월 3일 03시,금요일,부산광역시 동구 초량동,경상사고,0,0,2,0,차대차 - 추돌 - 주정차중,안전운전불이행,습기,비,단일로 - 횡단보도부근,승용,기타불명,기타불명,기타불명,승용,남,54세,경상
2015040300100086,2015년 4월 3일 03시,금요일,부산광역시 부산진구 범천동,중상사고,0,1,0,0,차대사람 - 횡단중,신호위반,습기,비,단일로 - 횡단보도상,승용,남,26세,상해없음,보행자,남,56세,중상
2015040300100103,2015년 4월 3일 05시,금요일,부산광역시 사하구 감천동,경상사고,0,0,1,0,차대차 - 측면직각충돌,안전거리미확보,습기,비,단일로 - 기타,승용,남,58세,상해없음,승용,남,32세,경상
2015040300100104,2015년 4월 3일 05시,금요일,부산광역시 기장군 정관면,중상사고,0,1,0,0,차량단독 - 공작물충돌,안전운전불이행,습기,비,단일로 - 기타,화물,남,54세,중상,,,,
2015040300100117,2015년 4월 3일 06시,금요일,부산광역시 부산진구 부전동,경상사고,0,0,1,0,차대차 - 기타,중앙선침범,건조,맑음,단일로 - 기타,기타불명,남,15세,기타불명,승용,남,39세,경상
2015040300100118,2015년 4월 3일 06시,금요일,부산광역시 연제구 연산동,경상사고,0,0,2,0,차대차 - 측면직각충돌,안전거리미확보,건조,맑음,단일로 - 기타,승용,남,51세,상해없음,승용,남,53세,경상
2015040300100119,2015년 4월 3일 06시,금요일,부산광역시 기장군 정관면,경상사고,0,0,1,0,차대차 - 추돌 - 진행중,안전운전불이행,건조,맑음,단일로 - 기타,화물,남,63세,상해없음,승용,남,61세,경상
2015040300100137,2015년 4월 3일 07시,금요일,부산광역시 금정구 구서동,부상신고사고,0,0,0,1,차대차 - 측면직각충돌,안전운전불이행,습기,비,교차로 - 교차로안,승용,남,39세,부상신고,화물,남,63세,상해없음
2015040300100163,2015년 4월 3일 08시,금요일,부산광역시 금정구 서동,중상사고,0,1,0,0,차대사람 - 횡단중,보행자보호의무위반,건조,맑음,단일로 - 횡단보도상,화물,남,64세,상해없음,보행자,여,70세,중상
2015040300100164,2015년 4월 3일 08시,금요일,부산광역시 사상구 모라동,경상사고,0,0,1,0,차대사람 - 횡단중,신호위반,건조,맑음,단일로 - 횡단보도상,화물,남,28세,상해없음,보행자,남,16세,경상
2015040300100196,2015년 4월 3일 09시,금요일,부산광역시 남구 문현동,경상사고,0,0,2,0,차대차 - 정면충돌,중앙선침범,습기,흐림,미분류 - 미분류,승용,남,23세,경상,승용,남,32세,경상
2015040300100215,2015년 4월 3일 10시,금요일,부산광역시 사하구 구평동,중상사고,0,1,1,0,차대차 - 기타,기타,건조,맑음,교차로 - 교차로부근,화물,남,59세,상해없음,화물,남,41세,경상
2015040300100237,2015년 4월 3일 11시,금요일,부산광역시 동구 범일동,경상사고,0,0,1,0,차대사람 - 기타,안전운전불이행,건조,맑음,단일로 - 기타,화물,남,41세,상해없음,보행자,남,33세,경상
2015040300100238,2015년 4월 3일 11시,금요일,부산광역시 사하구 하단동,경상사고,0,0,1,0,차대차 - 측면직각충돌,직진우회전진행방해,건조,맑음,교차로 - 교차로안,승용,기타불명,기타불명,기타불명,승용,여,57세,경상
2015040300100239,2015년 4월 3일 11시,금요일,부산광역시 사상구 주례동,중상사고,0,1,0,0,차대차 - 측면직각충돌,안전운전불이행,건조,맑음,단일로 - 기타,승용,남,51세,상해없음,이륜,남,31세,중상
2015040300100279,2015년 4월 3일 12시,금요일,부산광역시 서구 아미동2가,부상신고사고,0,0,0,1,차량단독 - 공작물충돌,안전운전불이행,건조,맑음,단일로 - 기타,원동기,남,59세,부상신고,,,,
2015040300100280,2015년 4월 3일 12시,금요일,부산광역시 북구 화명동,경상사고,0,0,1,0,차대사람 - 기타,기타,건조,맑음,단일로 - 기타,승합,남,54세,상해없음,보행자,여,82세,경상
2015040300100281,2015년 4월 3일 12시,금요일,부산광역시 해운대구 재송동,사망사고,2,3,0,0,차대사람 - 기타,안전운전불이행,건조,맑음,단일로 - 기타,승용,여,41세,중상,보행자,남,57세,사망
2015040300100305,2015년 4월 3일 13시,금요일,부산광역시 서구 부용동2가,부상신고사고,0,0,0,1,차대차 - 측면직각충돌,교차로운행방법위반,건조,맑음,교차로 - 교차로안,자전거,남,18세,부상신고,승용,남,57세,상해없음
2015040300100364,2015년 4월 3일 15시,금요일,부산광역시 부산진구 가야동,경상사고,0,0,1,0,차대차 - 기타,기타,건조,맑음,단일로 - 기타,이륜,남,61세,상해없음,승합,남,52세,상해없음
2015040300100365,2015년 4월 3일 15시,금요일,부산광역시 강서구 대저2동,경상사고,0,0,1,0,차대사람 - 횡단중,안전운전불이행,건조,맑음,단일로 - 교량,승용,여,60세,상해없음,보행자,남,9세,경상
2015040300100394,2015년 4월 3일 16시,금요일,부산광역시 동래구 온천동,경상사고,0,0,2,0,차대차 - 추돌 - 주정차중,안전운전불이행,건조,맑음,교차로 - 교차로부근,화물,남,39세,상해없음,승용,여,38세,경상
2015040300100395,2015년 4월 3일 16시,금요일,부산광역시 부산진구 전포동,중상사고,0,1,0,0,차대사람 - 횡단중,중앙선침범,건조,맑음,단일로 - 횡단보도상,이륜,남,27세,상해없음,보행자,여,58세,중상
2015040300100396,2015년 4월 3일 16시,금요일,부산광역시 부산진구 가야동,중상사고,0,1,0,0,차대사람 - 기타,안전운전불이행,건조,맑음,단일로 - 기타,화물,남,44세,상해없음,보행자,여,72세,중상
2015040300100437,2015년 4월 3일 17시,금요일,부산광역시 남구 대연동,부상신고사고,0,0,0,1,차대사람 - 길가장자리구역통행중,안전운전불이행,건조,맑음,단일로 - 기타,승용,여,31세,상해없음,보행자,여,18세,부상신고
2015040300100438,2015년 4월 3일 17시,금요일,부산광역시 동래구 명륜동,경상사고,0,0,2,4,차대차 - 추돌 - 주정차중,안전운전불이행,건조,흐림,단일로 - 기타,승합,남,47세,상해없음,승합,남,56세,상해없음
2015040300100439,2015년 4월 3일 17시,금요일,부산광역시 금정구 부곡동,경상사고,0,0,1,0,차대차 - 정면충돌,중앙선침범,습기,비,교차로 - 교차로안,원동기,남,22세,경상,승용,여,65세,상해없음
2015040300100488,2015년 4월 3일 18시,금요일,부산광역시 남구 대연동,경상사고,0,0,1,0,차대사람 - 길가장자리구역통행중,안전운전불이행,건조,맑음,단일로 - 기타,승용,여,48세,기타불명,보행자,여,22세,경상
2015040300100489,2015년 4월 3일 18시,금요일,부산광역시 영도구 봉래동1가,경상사고,0,0,2,0,차대차 - 추돌 - 진행중,안전운전불이행,건조,맑음,단일로 - 교량,이륜,남,70세,상해없음,승용,여,34세,경상
2015040300100490,2015년 4월 3일 18시,금요일,부산광역시 사하구 감천동,경상사고,0,0,1,0,차대차 - 추돌 - 진행중,안전운전불이행,건조,맑음,단일로 - 기타,승용,남,70세,상해없음,승용,여,47세,경상
2015040300100527,2015년 4월 3일 19시,금요일,부산광역시 북구 만덕동,중상사고,0,1,0,0,차량단독 - 기타,기타,습기,비,단일로 - 기타,승합,남,39세,상해없음,,,,
2015040300100528,2015년 4월 3일 19시,금요일,부산광역시 금정구 노포동,중상사고,0,2,2,1,차대차 - 추돌 - 진행중,안전운전불이행,건조,맑음,단일로 - 기타,승용,남,26세,상해없음,승용,남,34세,중상
2015040300100529,2015년 4월 3일 19시,금요일,부산광역시 사하구 감천동,경상사고,0,0,2,0,차량단독 - 공작물충돌,안전운전불이행,건조,맑음,단일로 - 기타,승용,남,73세,경상,,,,
2015040300100567,2015년 4월 3일 20시,금요일,부산광역시 서구 동대신동2가,중상사고,0,1,0,0,차대사람 - 횡단중,안전운전불이행,건조,맑음,단일로 - 횡단보도부근,승용,남,55세,상해없음,보행자,남,62세,중상
2015040300100568,2015년 4월 3일 20시,금요일,부산광역시 북구 구포동,경상사고,0,0,1,0,차대차 - 추돌 - 주정차중,안전운전불이행,건조,맑음,교차로 - 교차로부근,승용,남,23세,상해없음,승용,남,47세,경상
2015040300100569,2015년 4월 3일 20시,금요일,부산광역시 사상구 괘법동,경상사고,0,0,1,0,차대사람 - 횡단중,안전운전불이행,건조,흐림,교차로 - 교차로안,승용,남,48세,상해없음,보행자,남,62세,경상
2015040300100602,2015년 4월 3일 21시,금요일,부산광역시 동구 초량동,중상사고,0,1,0,0,차대차 - 측면직각충돌,안전운전불이행,건조,흐림,교차로 - 교차로부근,원동기,남,18세,상해없음,원동기,남,48세,중상
2015040300100603,2015년 4월 3일 21시,금요일,부산광역시 동구 초량동,경상사고,0,0,1,0,차대사람 - 길가장자리구역통행중,안전운전불이행,건조,흐림,단일로 - 기타,승용,남,51세,상해없음,보행자,남,36세,경상
2015040300100604,2015년 4월 3일 21시,금요일,부산광역시 사하구 감천동,중상사고,0,1,0,0,차대차 - 기타,안전운전불이행,건조,맑음,단일로 - 기타,승용,남,45세,상해없음,승용,여,38세,중상
2015040300100643,2015년 4월 3일 22시,금요일,부산광역시 수영구 남천동,부상신고사고,0,0,0,1,차대차 - 추돌 - 주정차중,안전운전불이행,건조,맑음,교차로 - 교차로부근,승용,남,37세,상해없음,이륜,남,53세,부상신고