사고번호,사고일시,요일,시군구,사고내용,사망자수,중상자수,경상자수,부상신고자수,사고유형,법규위반,노면상태,기상상태,도로형태,가해운전자 차종,가해운전자 성별,가해운전자 연령,가해운전자 상해정도,피해운전자 차종,피해운전자 성별,피해운전자 연령,피해운전자 상해정도
2015040300100644,2015년 4월 3일 22시,금요일,부산광역시 사하구 하단동,경상사고,0,0,1,0,차대차 - 측면직각충돌,교차로운행방법위반,건조,맑음,교차로 - 교차로안,승용,남,38세,상해없음,원동기,남,17세,경상
2015040300100645,2015년 4월 3일 22시,금요일,부산광역시 연제구 연산동,경상사고,0,0,2,0,차대차 - 측면직각충돌,안전거리미확보,건조,맑음,단일로 - 기타,이륜,남,51세,기타불명,승용,남,30세,경상
2015040300100690,2015년 4월 3일 23시,금요일,부산광역시 해운대구 반송동,경상사고,0,0,1,0,차대차 - 추돌 - 주정차중,안전운전불이행,건조,맑음,단일로 - 기타,승용,남,36세,상해없음,승용,남,27세,경상
2015040300100691,2015년 4월 3일 23시,금요일,부산광역시 해운대구 우동,중상사고,0,1,5,1,차대차 - 추돌 - 진행중,안전운전불이행,건조,맑음,단일로 - 기타,승용,남,35세,상해없음,승용,여,25세,중상
2015040400100005,2015년 4월 4일 00시,토요일,부산광역시 북구 구포동,부상신고사고,0,0,0,1,차대사람 - 기타,안전운전불이행,건조,맑음,단일로 - 기타,승용,남,67세,상해없음,보행자,여,26세,부상신고
2015040400100006,2015년 4월 4일 00시,토요일,부산광역시 금정구 부곡동,부상신고사고,0,0,0,1,차대차 - 측면직각충돌,안전운전불이행,건조,맑음,단일로 - 기타,자전거,남,43세,부상신고,승용,남,42세,상해없음
2015040400100007,2015년 4월 4일 00시,토요일,부산광역시 연제구 거제동,중상사고,0,1,0,0,차대사람 - 횡단중,안전운전불이행,건조,맑음,교차로 - 교차로부근,승용,남,39세,상해없음,보행자,남,22세,중상
2015040400100075,2015년 4월 4일 03시,토요일,부산광역시 중구 신창동1가,중상사고,0,1,4,0,차대차 - 측면직각충돌,교차로운행방법위반,건조,맑음,교차로 - 교차로안,승용,남,24세,상해없음,승용,남,43세,경상
2015040400100076,2015년 4월 4일 03시,토요일,부산광역시 북구 만덕동,경상사고,0,0,1,0,차량단독 - 공작물충돌,안전운전불이행,건조,맑음,교차로 - 교차로부근,승용,남,60세,상해없음,,,,
2015040400100077,2015년 4월 4일 03시,토요일,부산광역시 부산진구 양정동,중상사고,0,1,0,0,차대사람 - 기타,보행자보호의무위반,건조,맑음,단일로 - 기타,승용,남,57세,상해없음,보행자,남,63세,중상
2015040400100093,2015년 4월 4일 04시,토요일,부산광역시 서구 남부민동,경상사고,0,0,1,0,차대사람 - 횡단중,안전운전불이행,건조,맑음,교차로 - 교차로안,승용,남,56세,상해없음,보행자,남,56세,경상
2015040400100125,2015년 4월 4일 07시,토요일,부산광역시 사하구 하단동,경상사고,0,0,1,0,차대차 - 측면직각충돌,교차로운행방법위반,건조,맑음,교차로 - 교차로안,승용,남,33세,상해없음,승용,남,44세,경상
2015040400100146,2015년 4월 4일 08시,토요일,부산광역시 강서구 명지동,중상사고,0,1,0,0,차대차 - 측면직각충돌,과속,건조,맑음,단일로 - 기타,화물,남,52세,상해없음,승용,남,29세,중상
2015040400100192,2015년 4월 4일 10시,토요일,부산광역시 사하구 감천동,중상사고,0,1,0,0,차대차 - 기타,안전운전불이행,건조,맑음,단일로 - 기타,화물,남,45세,상해없음,승용,남,57세,상해없음
2015040400100193,2015년 4월 4일 10시,토요일,부산광역시 사상구 모라동,중상사고,0,1,0,0,차량단독 - 기타,기타,건조,맑음,단일로 - 기타,승합,남,52세,상해없음,,,,
2015040400100230,2015년 4월 4일 11시,토요일,부산광역시 동래구 안락동,경상사고,0,0,1,0,차대사람 - 횡단중,기타,건조,맑음,단일로 - 기타,승용,여,55세,상해없음,보행자,여,4세,경상
2015040400100231,2015년 4월 4일 11시,토요일,부산광역시 사상구 삼락동,경상사고,0,0,1,0,차대차 - 측면직각충돌,안전운전불이행,건조,맑음,단일로 - 기타,승용,남,65세,상해없음,자전거,남,13세,경상
2015040400100302,2015년 4월 4일 13시,토요일,부산광역시 북구 구포동,중상사고,0,1,0,0,차대차 - 측면직각충돌,중앙선침범,건조,맑음,단일로 - 기타,원동기,남,80세,중상,승용,여,37세,상해없음
2015040400100303,2015년 4월 4일 13시,토요일,부산광역시 북구 만덕동,경상사고,0,0,1,0,차대차 - 추돌 - 진행중,안전운전불이행,건조,맑음,단일로 - 기타,승합,남,56세,상해없음,승용,남,42세,경상
2015040400100304,2015년 4월 4일 13시,토요일,부산광역시 금정구 장전동,중상사고,0,1,0,0,차대차 - 측면직각충돌,안전운전불이행,습기,흐림,단일로 - 기타,승용,남,43세,상해없음,원동기,남,46세,중상
2015040400100305,2015년 4월 4일 13시,토요일,부산광역시 사상구 덕포동,중상사고,0,1,0,0,차대사람 - 횡단중,안전운전불이행,건조,맑음,단일로 - 기타,화물,남,33세,상해없음,보행자,여,56세,중상
2015040400100330,2015년 4월 4일 14시,토요일,부산광역시 남구 대연동,중상사고,0,1,0,0,차대사람 - 길가장자리구역통행중,안전운전불이행,건조,맑음,단일로 - 기타,승용,여,39세,상해없음,보행자,남,43세,중상
2015040400100331,2015년 4월 4일 14시,토요일,부산광역시 수영구 망미동,중상사고,0,1,0,0,차대사람 - 차도통행중,안전운전불이행,건조,맑음,단일로 - 기타,승용,남,40세,상해없음,보행자,여,64세,중상
2015040400100376,2015년 4월 4일 15시,토요일,부산광역시 사상구 괘법동,경상사고,0,0,5,0,차대차 - 측면직각충돌,직진우회전진행방해,건조,맑음,교차로 - 교차로안,승용,여,46세,상해없음,승용,남,59세,경상
2015040400100402,2015년 4월 4일 16시,토요일,부산광역시 부산진구 부전동,경상사고,0,0,1,0,차대사람 - 횡단중,안전운전불이행,습기,비,단일로 - 기타,승용,남,64세,상해없음,보행자,여,18세,경상
2015040400100403,2015년 4월 4일 16시,토요일,부산광역시 강서구 대저1동,경상사고,0,0,1,0,차대차 - 추돌 - 진행중,안전운전불이행,습기,비,교차로 - 교차로안,승용,남,54세,상해없음,자전거,여,71세,경상
2015040400100440,2015년 4월 4일 17시,토요일,부산광역시 강서구 대저1동,중상사고,0,1,0,0,차대차 - 추돌 - 진행중,안전거리미확보,습기,흐림,단일로 - 기타,승용,여,46세,상해없음,원동기,남,70세,중상
2015040400100441,2015년 4월 4일 17시,토요일,부산광역시 강서구 대저1동,중상사고,0,1,0,0,차대차 - 추돌 - 진행중,안전거리미확보,습기,맑음,단일로 - 기타,승용,여,46세,상해없음,원동기,남,70세,중상
2015040400100481,2015년 4월 4일 18시,토요일,부산광역시 사상구 덕포동,경상사고,0,0,1,0,차대사람 - 횡단중,신호위반,습기,비,교차로 - 교차로안,승용,남,60세,상해없음,보행자,여,61세,경상
2015040400100482,2015년 4월 4일 18시,토요일,부산광역시 사상구 괘법동,경상사고,0,0,1,0,차대차 - 기타,안전운전불이행,건조,맑음,단일로 - 기타,승용,남,49세,상해없음,승용,남,32세,상해없음
2015040400100483,2015년 4월 4일 18시,토요일,부산광역시 기장군 기장읍,경상사고,0,0,1,0,차대차 - 측면직각충돌,직진우회전진행방해,습기,비,교차로 - 교차로안,승용,남,67세,상해없음,승용,남,56세,경상
2015040400100523,2015년 4월 4일 19시,토요일,부산광역시 동래구 온천동,부상신고사고,0,0,0,1,차대차 - 정면충돌,신호위반,습기,비,교차로 - 교차로안,원동기,남,24세,부상신고,승합,남,51세,상해없음
2015040400100524,2015년 4월 4일 19시,토요일,부산광역시 해운대구 반송동,경상사고,0,0,1,0,차대사람 - 기타,안전운전불이행,습기,비,단일로 - 기타,이륜,남,59세,상해없음,보행자,남,74세,경상
2015040400100525,2015년 4월 4일 19시,토요일,부산광역시 부산진구 개금동,중상사고,0,1,0,0,차대사람 - 기타,보행자보호의무위반,습기,비,단일로 - 기타,승용,여,45세,상해없음,보행자,여,62세,중상
2015040400100582,2015년 4월 4일 20시,토요일,부산광역시 서구 암남동,중상사고,0,1,0,0,차대사람 - 횡단중,안전운전불이행,습기,비,단일로 - 기타,원동기,남,20세,상해없음,보행자,여,44세,중상
2015040400100583,2015년 4월 4일 20시,토요일,부산광역시 부산진구 범천동,경상사고,0,0,1,0,차대차 - 추돌 - 진행중,안전거리미확보,습기,비,단일로 - 기타,승용,남,59세,상해없음,이륜,남,57세,경상
2015040400100584,2015년 4월 4일 20시,토요일,부산광역시 연제구 거제동,중상사고,0,1,0,0,차대사람 - 횡단중,중앙선침범,습기,비,단일로 - 기타,승용,남,48세,상해없음,보행자,남,73세,중상
2015040400100585,2015년 4월 4일 20시,토요일,부산광역시 기장군 장안읍,경상사고,0,0,3,0,차대차 - 기타,안전운전불이행,건조,맑음,단일로 - 기타,승용,남,25세,경상,승용,여,38세,경상
2015040400100623,2015년 4월 4일 21시,토요일,부산광역시 동구 범일동,중상사고,0,1,0,0,차대사람 - 기타,신호위반,습기,비,단일로 - 횡단보도부근,원동기,남,25세,상해없음,보행자,여,66세,중상
2015040400100624,2015년 4월 4일 21시,토요일,부산광역시 북구 덕천동,경상사고,0,0,2,0,차대차 - 추돌 - 주정차중,안전운전불이행,습기,비,단일로 - 기타,승용,남,38세,상해없음,승용,남,31세,경상
2015040400100625,2015년 4월 4일 21시,토요일,부산광역시 동래구 온천동,경상사고,0,0,1,0,차대차 - 추돌 - 진행중,안전운전불이행,습기,비,단일로 - 기타,승용,여,50세,상해없음,승용,남,50세,경상
2015040400100626,2015년 4월 4일 21시,토요일,부산광역시 부산진구 범천동,경상사고,0,0,1,0,차대차 - 측면직각충돌,신호위반,습기,비,교차로 - 교차로안,승용,남,56세,상해없음,승용,남,69세,경상
2015040400100675,2015년 4월 4일 22시,토요일,부산광역시 동래구 사직동,부상신고사고,0,0,0,1,차대차 - 기타,안전거리미확보,습기,비,단일로 - 기타,승용,남,39세,상해없음,이륜,남,28세,부상신고
2015040400100676,2015년 4월 4일 22시,토요일,부산광역시 부산진구 양정동,경상사고,0,0,1,0,차대차 - 기타,차로위반,습기,비,단일로 - 기타,승용,남,55세,상해없음,승용,남,46세,경상
2015040400100677,2015년 4월 4일 22시,토요일,부산광역시 사상구 엄궁동,중상사고,0,1,0,0,차량단독 - 기타,안전운전불이행,기타,비,단일로 - 기타,승용,남,41세,중상,,,,
2015040400100711,2015년 4월 4일 23시,토요일,부산광역시 남구 용당동,경상사고,0,0,1,0,차대차 - 추돌 - 주정차중,안전운전불이행,습기,비,교차로 - 교차로부근,승합,남,47세,상해없음,승용,남,62세,경상
2015040400100712,2015년 4월 4일 23시,토요일,부산광역시 남구 대연동,경상사고,0,0,2,0,차대차 - 추돌 - 진행중,안전거리미확보,습기,비,단일로 - 기타,승용,남,29세,상해없음,승용,남,44세,경상
2015040400100713,2015년 4월 4일 23시,토요일,부산광역시 북구 구포동,중상사고,0,2,0,0,차대차 - 측면직각충돌,신호위반,습기,비,교차로 - 교차로안,승용,남,19세,상해없음,승용,남,59세,중상
2015040400100714,2015년 4월 4일 23시,토요일,부산광역시 해운대구 우동,경상사고,0,0,2,0,차대차 - 측면직각충돌,안전거리미확보,습기,비,교차로 - 교차로안,승용,남,28세,상해없음,승용,남,53세,경상
2015040500100007,2015년 4월 5일 00시,일요일,부산광역시 동구 좌천동,중상사고,0,1,0,0,차대차 - 기타,안전거리미확보,습기,비,단일로 - 기타,승합,남,41세,상해없음,승용,남,21세,중상
2015040500100008,2015년 4월 5일 00시,일요일,부산광역시 동래구 안락동,경상사고,0,0,1,0,차대차 - 추돌 - 주정차중,안전운전불이행,습기,맑음,단일로 - 기타,승용,남,46세,상해없음,승용,남,61세,상해없음
2015040500100054,2015년 4월 5일 02시,일요일,부산광역시 동래구 온천동,경상사고,0,0,1,0,차대차 - 추돌 - 주정차중,안전운전불이행,습기,비,교차로 - 교차로안,승용,남,34세,상해없음,승용,남,63세,상해없음
2015040500100055,2015년 4월 5일 02시,일요일,부산광역시 기장군 기장읍,경상사고,0,0,1,0,차대차 - 추돌 - 주정차중,안전운전불이행,건조,맑음,단일로 - 기타,승용,남,55세,경상,화물,남,43세,상해없음
2015040500100073,2015년 4월 5일 03시,일요일,부산광역시 사상구 감전동,중상사고,0,2,0,0,차대차 - 측면직각충돌,신호위반,습기,비,교차로 - 교차로안,승용,남,50세,중상,승용,남,23세,중상
2015040500100086,2015년 4월 5일 04시,일요일,부산광역시 해운대구 반여동,중상사고,0,1,0,0,차량단독 - 공작물충돌,안전운전불이행,습기,비,단일로 - 기타,승용,남,49세,상해없음,,,,
2015040500100117,2015년 4월 5일 06시,일요일,부산광역시 강서구 신호동,중상사고,0,1,1,0,차대차 - 측면직각충돌,신호위반,건조,흐림,교차로 - 교차로안,승용,남,41세,상해없음,승용,여,40세,중상
2015040500100173,2015년 4월 5일 10시,일요일,부산광역시 수영구 광안동,경상사고,0,0,1,0,차대사람 - 길가장자리구역통행중,안전운전불이행,건조,흐림,단일로 - 기타,승용,여,41세,상해없음,보행자,여,60세,경상
2015040500100174,2015년 4월 5일 10시,일요일,부산광역시 해운대구 우동,경상사고,0,0,1,0,차대사람 - 기타,안전운전불이행,건조,맑음,교차로 - 교차로부근,승용,남,39세,상해없음,보행자,남,56세,경상
2015040500100200,2015년 4월 5일 12시,일요일,부산광역시 영도구 청학동,경상사고,0,0,2,0,차대차 - 추돌 - 진행중,차로위반,건조,맑음,단일로 - 기타,승용,남,70세,상해없음,승용,여,27세,경상
2015040500100223,2015년 4월 5일 13시,일요일,부산광역시 수영구 광안동,중상사고,0,1,0,0,차대사람 - 길가장자리구역통행중,안전운전불이행,건조,맑음,단일로 - 기타,승용,남,57세,상해없음,보행자,남,71세,중상
2015040500100248,2015년 4월 5일 14시,일요일,부산광역시 해운대구 우동,경상사고,0,0,2,0,차대차 - 추돌 - 주정차중,안전운전불이행,건조,맑음,단일로 - 기타,승용,여,40세,상해없음,승용,여,25세,경상
2015040500100318,2015년 4월 5일 16시,일요일,부산광역시 금정구 노포동,경상사고,0,0,1,0,차대차 - 추돌 - 주정차중,안전거리미확보,건조,맑음,단일로 - 기타,승용,여,30세,상해없음,승용,여,47세,경상
2015040500100343,2015년 4월 5일 17시,일요일,부산광역시 영도구 동삼동,중상사고,0,2,1,0,차량단독 - 공작물충돌,안전운전불이행,건조,맑음,교차로 - 교차로안,승용,남,67세,중상,,,,
2015040500100344,2015년 4월 5일 17시,일요일,부산광역시 금정구 부곡동,경상사고,0,0,1,0,차대사람 - 길가장자리구역통행중,안전운전불이행,건조,맑음,단일로 - 기타,승용,남,60세,상해없음,보행자,남,44세,경상
2015040500100365,2015년 4월 5일 18시,일요일,부산광역시 북구 화명동,중상사고,0,1,0,0,차량단독 - 공작물충돌,안전운전불이행,건조,맑음,단일로 - 기타,원동기,남,34세,중상,,,,
2015040500100397,2015년 4월 5일 19시,일요일,부산광역시 남구 용호동,중상사고,0,1,0,0,차대사람 - 횡단중,안전운전불이행,건조,맑음,단일로 - 기타,승용,기타불명,기타불명,기타불명,보행자,남,14세,중상
2015040500100398,2015년 4월 5일 19시,일요일,부산광역시 부산진구 개금동,중상사고,0,1,0,0,차대사람 - 기타,안전운전불이행,건조,맑음,단일로 - 기타,승용,여,47세,상해없음,보행자,여,62세,중상
2015040500100435,2015년 4월 5일 20시,일요일,부산광역시 서구 서대신동2가,중상사고,0,1,0,0,차대사람 - 차도통행중,신호위반,건조,맑음,단일로 - 기타,승용,남,42세,상해없음,보행자,남,57세,중상
2015040500100436,2015년 4월 5일 20시,일요일,부산광역시 북구 만덕동,경상사고,0,0,2,0,차대차 - 측면직각충돌,안전거리미확보,건조,맑음,교차로 - 교차로부근,특수,남,58세,상해없음,승용,남,34세,경상
2015040500100437,2015년 4월 5일 20시,일요일,부산광역시 동래구 사직동,중상사고,0,1,0,0,차대사람 - 횡단중,보행자보호의무위반,건조,맑음,단일로 - 횡단보도상,승용,남,74세,상해없음,보행자,여,61세,중상
2015040500100438,2015년 4월 5일 20시,일요일,부산광역시 해운대구 우동,경상사고,0,0,1,0,차대사람 - 기타,안전운전불이행,건조,맑음,단일로 - 기타,승용,남,33세,상해없음,보행자,남,49세,경상
2015040500100439,2015년 4월 5일 20시,일요일,부산광역시 강서구 명지동,경상사고,0,0,1,0,차대차 - 측면직각충돌,안전운전불이행,건조,맑음,교차로 - 교차로부근,승용,남,25세,상해없음,원동기,남,17세,경상
2015040500100441,2015년 4월 5일 20시,일요일,부산광역시 사상구 감전동,중상사고,0,1,0,0,차대차 - 추돌 - 주정차중,안전운전불이행,건조,흐림,단일로 - 기타,원동기,남,63세,중상,화물,남,54세,상해없음
2015040500100473,2015년 4월 5일 21시,일요일,부산광역시 수영구 민락동,경상사고,0,0,2,0,차대차 - 추돌 - 주정차중,안전운전불이행,건조,맑음,단일로 - 기타,화물,남,54세,상해없음,승용,여,22세,경상
2015040500100513,2015년 4월 5일 22시,일요일,부산광역시 해운대구 우동,경상사고,0,0,2,0,차대차 - 기타,안전운전불이행,습기,비,교차로 - 교차로부근,승용,남,57세,상해없음,승용,남,26세,경상
2015040500100514,2015년 4월 5일 22시,일요일,부산광역시 강서구 녹산동,부상신고사고,0,0,0,1,차대차 - 추돌 - 주정차중,기타,습기,비,단일로 - 기타,승합,남,63세,상해없음,승용,남,29세,상해없음
2015040600100005,2015년 4월 6일 00시,월요일,부산광역시 부산진구 부전동,경상사고,0,0,1,0,차대차 - 측면직각충돌,교차로운행방법위반,건조,맑음,교차로 - 교차로안,승용,남,57세,상해없음,승용,남,62세,상해없음
2015040600100033,2015년 4월 6일 03시,월요일,부산광역시 남구 용호동,경상사고,0,0,1,0,차대차 - 측면직각충돌,신호위반,습기,비,교차로 - 교차로안,이륜,남,38세,경상,승용,남,47세,상해없음
2015040600100056,2015년 4월 6일 05시,월요일,부산광역시 해운대구 우동,중상사고,0,1,0,0,차대사람 - 횡단중,안전운전불이행,습기,비,단일로 - 기타,승용,여,47세,상해없음,보행자,남,62세,중상
2015040600100085,2015년 4월 6일 07시,월요일,부산광역시 서구 서대신동2가,경상사고,0,0,1,0,차대차 - 측면직각충돌,안전거리미확보,습기,비,단일로 - 기타,승용,여,38세,상해없음,화물,남,51세,경상
2015040600100086,2015년 4월 6일 07시,월요일,부산광역시 동래구 명장동,중상사고,0,1,0,0,차대사람 - 횡단중,안전운전불이행,습기,비,교차로 - 교차로안,승합,남,58세,상해없음,보행자,여,56세,중상
2015040600100112,2015년 4월 6일 08시,월요일,부산광역시 동구 초량동,경상사고,0,0,2,0,차대차 - 추돌 - 진행중,안전거리미확보,건조,기타,단일로 - 기타,화물,남,53세,상해없음,승용,여,53세,경상
2015040600100113,2015년 4월 6일 08시,월요일,부산광역시 남구 용호동,중상사고,0,1,0,0,차대사람 - 횡단중,안전운전불이행,건조,맑음,단일로 - 기타,승용,남,55세,상해없음,보행자,남,31세,중상
2015040600100114,2015년 4월 6일 08시,월요일,부산광역시 남구 대연동,경상사고,0,0,1,0,차대차 - 추돌 - 진행중,차로위반,습기,비,단일로 - 기타,승용,여,53세,상해없음,승용,남,60세,상해없음
2015040600100157,2015년 4월 6일 09시,월요일,부산광역시 남구 문현동,경상사고,0,0,1,0,차량단독 - 공작물충돌,안전운전불이행,건조,맑음,단일로 - 기타,승용,남,61세,상해없음,,,,
2015040600100158,2015년 4월 6일 09시,월요일,부산광역시 금정구 부곡동,부상신고사고,0,0,0,1,차대차 - 기타,안전운전불이행,건조,맑음,단일로 - 횡단보도상,화물,기타불명,기타불명,기타불명,자전거,남,68세,부상신고
2015040600100159,2015년 4월 6일 09시,월요일,부산광역시 사상구 괘법동,중상사고,0,2,8,0,차대차 - 추돌 - 주정차중,안전운전불이행,습기,비,단일로 - 기타,승합,남,47세,상해없음,승용,남,34세,중상
2015040600100160,2015년 4월 6일 09시,월요일,부산광역시 사상구 학장동,경상사고,0,0,1,0,차대차 - 측면직각충돌,신호위반,습기,비,교차로 - 교차로안,승용,남,66세,상해없음,승용,여,27세,경상
2015040600100195,2015년 4월 6일 10시,월요일,부산광역시 수영구 남천동,부상신고사고,0,0,0,2,차대차 - 측면직각충돌,안전거리미확보,습기,비,단일로 - 교량,화물,남,31세,상해없음,승용,남,30세,부상신고
2015040600100196,2015년 4월 6일 10시,월요일,부산광역시 사상구 주례동,경상사고,0,0,1,0,차대사람 - 횡단중,안전운전불이행,건조,맑음,단일로 - 기타,승용,여,34세,상해없음,보행자,여,65세,경상
2015040600100226,2015년 4월 6일 11시,월요일,부산광역시 해운대구 중동,중상사고,0,1,0,0,차대차 - 측면직각충돌,안전운전불이행,건조,맑음,단일로 - 기타,승용,여,57세,상해없음,승용,여,57세,중상
2015040600100289,2015년 4월 6일 13시,월요일,부산광역시 수영구 망미동,중상사고,0,1,0,0,차대차 - 측면직각충돌,안전운전불이행,건조,맑음,단일로 - 기타,건설기계,남,49세,상해없음,원동기,남,34세,중상
2015040600100322,2015년 4월 6일 14시,월요일,부산광역시 해운대구 좌동,중상사고,0,1,0,0,차대차 - 추돌 - 주정차중,안전운전불이행,습기,비,단일로 - 기타,승용,여,46세,상해없음,승용,남,35세,중상
2015040600100364,2015년 4월 6일 15시,월요일,부산광역시 동구 초량동,경상사고,0,0,1,0,차대차 - 추돌 - 주정차중,안전거리미확보,습기,비,교차로 - 교차로부근,승합,남,46세,상해없음,승용,남,59세,경상
2015040600100365,2015년 4월 6일 15시,월요일,부산광역시 남구 용당동,경상사고,0,0,1,0,차대차 - 측면직각충돌,안전운전불이행,습기,비,교차로 - 교차로부근,승용,여,42세,상해없음,승용,남,54세,경상
2015040600100366,2015년 4월 6일 15시,월요일,부산광역시 동래구 명륜동,경상사고,0,0,1,0,차대차 - 측면직각충돌,교차로운행방법위반,습기,비,교차로 - 교차로안,승용,남,47세,상해없음,자전거,여,62세,경상
2015040600100367,2015년 4월 6일 15시,월요일,부산광역시 부산진구 당감동,경상사고,0,0,2,0,차량단독 - 기타,안전운전불이행,습기,비,단일로 - 기타,승용,남,55세,상해없음,,,,
2015040600100368,2015년 4월 6일 15시,월요일,부산광역시 부산진구 양정동,경상사고,0,0,1,0,차대차 - 기타,중앙선침범,습기,비,교차로 - 교차로부근,화물,기타불명,기타불명,기타불명,이륜,남,39세,경상
2015040600100369,2015년 4월 6일 15시,월요일,부산광역시 부산진구 가야동,부상신고사고,0,0,0,1,차대차 - 추돌 - 진행중,안전운전불이행,건조,맑음,단일로 - 기타,승합,남,37세,상해없음,승용,남,55세,상해없음
2015040600100397,2015년 4월 6일 16시,월요일,부산광역시 동구 초량동,경상사고,0,0,1,0,차대차 - 기타,차로위반,습기,비,교차로 - 교차로부근,화물,남,56세,상해없음,원동기,남,45세,경상
2015040600100398,2015년 4월 6일 16시,월요일,부산광역시 동구 범일동,경상사고,0,0,1,0,차대차 - 기타,안전운전불이행,습기,비,미분류 - 미분류,화물,남,59세,상해없음,승용,여,28세,경상
2015040600100399,2015년 4월 6일 16시,월요일,부산광역시 동래구 낙민동,중상사고,0,1,3,0,차대차 - 추돌 - 진행중,안전운전불이행,건조,맑음,교차로 - 교차로안,화물,남,48세,상해없음,승용,남,20세,중상
2015040600100400,2015년 4월 6일 16시,월요일,부산광역시 금정구 구서동,경상사고,0,0,1,0,차대차 - 추돌 - 주정차중,안전거리미확보,습기,비,교차로 - 교차로부근,화물,남,44세,상해없음,화물,남,57세,경상
2015040600100401,2015년 4월 6일 16시,월요일,부산광역시 금정구 구서동,경상사고,0,0,2,0,차대차 - 추돌 - 주정차중,안전운전불이행,습기,비,단일로 - 기타,승용,여,60세,상해없음,승합,여,41세,경상
2015040600100402,2015년 4월 6일 16시,월요일,부산광역시 사상구 주례동,경상사고,0,0,3,0,차대차 - 추돌 - 주정차중,안전운전불이행,건조,흐림,교차로 - 교차로부근,화물,남,42세,상해없음,화물,남,53세,상해없음
2015040600100445,2015년 4월 6일 17시,월요일,부산광역시 부산진구 가야동,경상사고,0,0,2,0,차대차 - 측면직각충돌,신호위반,건조,맑음,교차로 - 교차로안,이륜,남,19세,경상,승용,여,31세,경상
2015040600100446,2015년 4월 6일 17시,월요일,부산광역시 금정구 구서동,경상사고,0,0,1,0,차대차 - 측면직각충돌,안전운전불이행,건조,맑음,단일로 - 기타,화물,남,32세,상해없음,승용,여,36세,상해없음
2015040600100506,2015년 4월 6일 19시,월요일,부산광역시 영도구 남항동2가,중상사고,0,1,0,0,차대사람 - 횡단중,안전운전불이행,습기,흐림,단일로 - 기타,승용,남,23세,상해없음,보행자,남,73세,중상
2015040600100544,2015년 4월 6일 20시,월요일,부산광역시 부산진구 양정동,경상사고,0,0,1,0,차대사람 - 기타,보행자보호의무위반,습기,비,교차로 - 교차로안,승용,여,40세,상해없음,보행자,여,44세,경상
2015040600100545,2015년 4월 6일 20시,월요일,부산광역시 연제구 연산동,경상사고,0,0,1,0,차대차 - 측면직각충돌,안전운전불이행,건조,맑음,단일로 - 횡단보도부근,원동기,남,18세,경상,승용,남,41세,상해없음
2015040600100576,2015년 4월 6일 21시,월요일,부산광역시 서구 부용동2가,경상사고,0,0,1,0,차대차 - 정면충돌,안전운전불이행,건조,맑음,교차로 - 교차로안,승용,남,57세,상해없음,원동기,남,18세,경상
2015040600100577,2015년 4월 6일 21시,월요일,부산광역시 부산진구 범천동,경상사고,0,0,1,0,차대차 - 기타,안전거리미확보,건조,맑음,단일로 - 기타,승용,남,41세,상해없음,이륜,남,23세,경상
2015040600100578,2015년 4월 6일 21시,월요일,부산광역시 사하구 괴정동,경상사고,0,0,1,0,차대차 - 추돌 - 주정차중,안전운전불이행,건조,맑음,단일로 - 기타,승용,여,58세,상해없음,화물,남,42세,경상
2015040600100579,2015년 4월 6일 21시,월요일,부산광역시 강서구 신호동,중상사고,0,1,0,0,차대차 - 추돌 - 주정차중,안전운전불이행,습기,비,단일로 - 기타,승용,남,48세,상해없음,승용,남,49세,중상
2015040600100619,2015년 4월 6일 22시,월요일,부산광역시 동래구 사직동,중상사고,0,1,0,0,차대차 - 정면충돌,중앙선침범,건조,흐림,교차로 - 교차로부근,승용,남,47세,상해없음,승용,남,58세,중상
2015040600100620,2015년 4월 6일 22시,월요일,부산광역시 연제구 연산동,경상사고,0,0,2,0,차대차 - 측면직각충돌,안전운전불이행,습기,비,단일로 - 기타,승용,남,39세,상해없음,승용,남,32세,경상
2015040700100004,2015년 4월 7일 00시,화요일,부산광역시 부산진구 부전동,경상사고,0,0,1,0,차대사람 - 기타,안전운전불이행,건조,맑음,단일로 - 기타,승용,남,31세,상해없음,보행자,남,24세,경상
2015040700100005,2015년 4월 7일 00시,화요일,부산광역시 금정구 서동,경상사고,0,0,1,0,차대사람 - 차도통행중,안전운전불이행,습기,맑음,단일로 - 기타,승용,남,58세,상해없음,보행자,남,15세,경상
2015040700100006,2015년 4월 7일 00시,화요일,부산광역시 사상구 감전동,경상사고,0,0,1,0,차대차 - 측면직각충돌,안전거리미확보,건조,맑음,교차로 - 교차로부근,승용,남,51세,상해없음,승용,여,41세,경상
2015040700100037,2015년 4월 7일 02시,화요일,부산광역시 사하구 하단동,중상사고,0,1,0,0,차대사람 - 기타,안전운전불이행,건조,맑음,단일로 - 기타,승용,남,30세,상해없음,보행자,남,25세,중상
2015040700100044,2015년 4월 7일 03시,화요일,부산광역시 해운대구 석대동,중상사고,0,1,1,0,차대차 - 측면직각충돌,신호위반,습기,흐림,교차로 - 교차로안,화물,남,54세,상해없음,승용,남,64세,중상
2015040700100062,2015년 4월 7일 05시,화요일,부산광역시 연제구 거제동,중상사고,0,1,0,1,차대차 - 측면직각충돌,신호위반,건조,맑음,교차로 - 교차로안,승용,남,66세,상해없음,원동기,남,36세,중상
2015040700100082,2015년 4월 7일 07시,화요일,부산광역시 기장군 기장읍,중상사고,0,1,1,0,차대차 - 정면충돌,안전운전불이행,건조,흐림,교차로 - 교차로부근,승용,남,33세,경상,승용,남,72세,중상