사고번호,사고일시,요일,시군구,사고내용,사망자수,중상자수,경상자수,부상신고자수,사고유형,법규위반,노면상태,기상상태,도로형태,가해운전자 차종,가해운전자 성별,가해운전자 연령,가해운전자 상해정도,피해운전자 차종,피해운전자 성별,피해운전자 연령,피해운전자 상해정도
2015041000100590,2015년 4월 10일 21시,금요일,부산광역시 동구 범일동,중상사고,0,1,0,0,차대사람 - 기타,안전운전불이행,건조,맑음,단일로 - 횡단보도부근,승용,여,52세,상해없음,보행자,남,58세,중상
2015041000100591,2015년 4월 10일 21시,금요일,부산광역시 남구 용호동,중상사고,0,1,0,0,차대차 - 측면직각충돌,교차로운행방법위반,건조,맑음,교차로 - 교차로안,화물,남,28세,상해없음,이륜,남,18세,중상
2015041000100592,2015년 4월 10일 21시,금요일,부산광역시 금정구 서동,경상사고,0,0,1,0,차대차 - 정면충돌,안전운전불이행,건조,맑음,교차로 - 교차로부근,승용,남,46세,상해없음,이륜,남,29세,경상
2015041000100593,2015년 4월 10일 21시,금요일,부산광역시 금정구 구서동,중상사고,0,1,1,0,차대차 - 정면충돌,신호위반,건조,맑음,교차로 - 교차로안,승용,남,59세,상해없음,승용,여,32세,중상
2015041000100594,2015년 4월 10일 21시,금요일,부산광역시 사하구 괴정동,경상사고,0,0,1,0,차대차 - 기타,교차로운행방법위반,건조,맑음,교차로 - 교차로안,원동기,남,16세,상해없음,승용,남,42세,상해없음
2015041000100595,2015년 4월 10일 21시,금요일,부산광역시 사하구 하단동,중상사고,0,1,0,0,차대차 - 측면직각충돌,신호위반,건조,맑음,교차로 - 교차로안,승용,남,53세,상해없음,이륜,남,20세,중상
2015041000100638,2015년 4월 10일 22시,금요일,부산광역시 중구 남포동2가,중상사고,0,1,0,0,차대사람 - 횡단중,신호위반,건조,맑음,단일로 - 횡단보도상,이륜,남,16세,상해없음,보행자,여,18세,중상
2015041100100008,2015년 4월 11일 00시,토요일,부산광역시 동래구 온천동,중상사고,0,1,0,0,차대사람 - 차도통행중,안전운전불이행,건조,맑음,단일로 - 기타,승용,남,29세,상해없음,보행자,남,44세,중상
2015041100100009,2015년 4월 11일 00시,토요일,부산광역시 해운대구 우동,중상사고,0,1,1,0,차대차 - 추돌 - 진행중,안전운전불이행,건조,맑음,단일로 - 기타,승용,남,41세,상해없음,승용,남,50세,중상
2015041100100010,2015년 4월 11일 00시,토요일,부산광역시 연제구 거제동,경상사고,0,0,1,0,차대차 - 측면직각충돌,안전운전불이행,건조,맑음,단일로 - 기타,승용,남,22세,상해없음,승용,남,55세,경상
2015041100100040,2015년 4월 11일 01시,토요일,부산광역시 남구 대연동,중상사고,0,1,0,0,차량단독 - 공작물충돌,안전운전불이행,건조,맑음,단일로 - 기타,승용,남,44세,중상,,,,
2015041100100053,2015년 4월 11일 02시,토요일,부산광역시 북구 만덕동,사망사고,1,0,0,0,차량단독 - 공작물충돌,안전운전불이행,건조,맑음,단일로 - 기타,이륜,남,22세,사망,,,,
2015041100100071,2015년 4월 11일 03시,토요일,부산광역시 서구 암남동,경상사고,0,0,1,0,차대차 - 정면충돌,중앙선침범,건조,맑음,단일로 - 기타,승용,남,73세,상해없음,화물,남,46세,경상
2015041100100072,2015년 4월 11일 03시,토요일,부산광역시 수영구 수영동,중상사고,0,1,1,0,차대사람 - 횡단중,과속,건조,맑음,단일로 - 횡단보도상,승용,남,50세,상해없음,보행자,여,61세,중상
2015041100100106,2015년 4월 11일 05시,토요일,부산광역시 사상구 주례동,부상신고사고,0,0,0,1,차대차 - 정면충돌,중앙선침범,건조,맑음,단일로 - 기타,승용,남,24세,부상신고,승용,남,49세,상해없음
2015041100100122,2015년 4월 11일 06시,토요일,부산광역시 동래구 안락동,중상사고,0,1,1,0,차대차 - 정면충돌,안전운전불이행,건조,맑음,단일로 - 기타,자전거,여,60세,중상,자전거,남,14세,경상
2015041100100141,2015년 4월 11일 07시,토요일,부산광역시 남구 감만동,경상사고,0,0,1,0,차대차 - 측면직각충돌,안전운전불이행,건조,맑음,교차로 - 교차로안,자전거,남,17세,경상,승용,남,42세,상해없음
2015041100100142,2015년 4월 11일 07시,토요일,부산광역시 남구 문현동,중상사고,0,1,0,0,차대차 - 측면직각충돌,안전운전불이행,건조,맑음,단일로 - 기타,특수,남,46세,상해없음,승용,여,46세,중상
2015041100100143,2015년 4월 11일 07시,토요일,부산광역시 금정구 부곡동,중상사고,0,1,0,0,차대사람 - 횡단중,안전운전불이행,건조,맑음,교차로 - 교차로안,화물,남,51세,상해없음,보행자,여,48세,중상
2015041100100183,2015년 4월 11일 09시,토요일,부산광역시 서구 동대신동3가,부상신고사고,0,0,0,1,차대차 - 측면직각충돌,중앙선침범,건조,맑음,단일로 - 기타,자전거,남,14세,부상신고,승용,기타불명,기타불명,기타불명
2015041100100184,2015년 4월 11일 09시,토요일,부산광역시 남구 대연동,경상사고,0,0,1,0,차대차 - 측면직각충돌,안전운전불이행,건조,맑음,단일로 - 기타,승용,여,48세,상해없음,승용,남,44세,경상
2015041100100185,2015년 4월 11일 09시,토요일,부산광역시 사하구 장림동,경상사고,0,0,1,0,차대차 - 기타,안전운전불이행,건조,맑음,단일로 - 기타,승용,남,45세,상해없음,이륜,남,72세,경상
2015041100100204,2015년 4월 11일 10시,토요일,부산광역시 남구 대연동,경상사고,0,0,1,0,차대차 - 측면직각충돌,기타,건조,맑음,교차로 - 교차로부근,승용,여,39세,상해없음,자전거,남,7세,경상
2015041100100244,2015년 4월 11일 11시,토요일,부산광역시 남구 대연동,중상사고,0,1,0,0,차대사람 - 기타,안전운전불이행,건조,맑음,단일로 - 기타,승용,여,51세,상해없음,보행자,남,65세,중상
2015041100100280,2015년 4월 11일 12시,토요일,부산광역시 북구 만덕동,경상사고,0,0,1,0,차대차 - 추돌 - 주정차중,안전운전불이행,건조,맑음,단일로 - 기타,승용,여,27세,상해없음,원동기,남,58세,경상
2015041100100281,2015년 4월 11일 12시,토요일,부산광역시 금정구 두구동,중상사고,0,2,1,0,차대차 - 추돌 - 주정차중,안전운전불이행,건조,맑음,단일로 - 기타,승용,남,49세,상해없음,승용,남,64세,경상
2015041100100314,2015년 4월 11일 13시,토요일,부산광역시 기장군 철마면,경상사고,0,0,1,0,차대차 - 추돌 - 주정차중,안전거리미확보,건조,맑음,단일로 - 터널,승용,남,44세,상해없음,승용,남,28세,경상
2015041100100348,2015년 4월 11일 14시,토요일,부산광역시 북구 덕천동,경상사고,0,0,2,0,차대차 - 기타,안전거리미확보,건조,맑음,단일로 - 기타,승용,기타불명,기타불명,기타불명,승합,남,54세,상해없음
2015041100100349,2015년 4월 11일 14시,토요일,부산광역시 부산진구 당감동,중상사고,0,1,0,0,차대차 - 측면직각충돌,신호위반,건조,맑음,교차로 - 교차로안,승용,남,38세,상해없음,승합,남,24세,중상
2015041100100350,2015년 4월 11일 14시,토요일,부산광역시 연제구 연산동,중상사고,0,2,0,0,차대차 - 측면직각충돌,교차로운행방법위반,건조,맑음,교차로 - 교차로부근,승용,여,54세,상해없음,승합,남,36세,상해없음
2015041100100351,2015년 4월 11일 14시,토요일,부산광역시 강서구 강동동,경상사고,0,0,1,0,차대차 - 정면충돌,중앙선침범,건조,맑음,단일로 - 기타,승용,남,26세,상해없음,승용,여,23세,경상
2015041100100390,2015년 4월 11일 15시,토요일,부산광역시 부산진구 범전동,중상사고,0,1,1,0,차대차 - 기타,안전운전불이행,건조,맑음,단일로 - 기타,승용,남,31세,상해없음,화물,남,38세,상해없음
2015041100100391,2015년 4월 11일 15시,토요일,부산광역시 금정구 구서동,부상신고사고,0,0,0,1,차대차 - 측면직각충돌,안전운전불이행,건조,맑음,교차로 - 교차로부근,승용,여,35세,부상신고,건설기계,남,55세,상해없음
2015041100100428,2015년 4월 11일 16시,토요일,부산광역시 남구 대연동,부상신고사고,0,0,0,1,차대사람 - 길가장자리구역통행중,기타,건조,맑음,단일로 - 기타,승합,남,54세,상해없음,보행자,남,62세,부상신고
2015041100100429,2015년 4월 11일 16시,토요일,부산광역시 북구 화명동,중상사고,0,1,0,0,차대차 - 기타,안전운전불이행,건조,맑음,교차로 - 교차로안,이륜,남,15세,중상,승용,남,46세,상해없음
2015041100100430,2015년 4월 11일 16시,토요일,부산광역시 북구 덕천동,중상사고,0,1,0,0,차대차 - 추돌 - 진행중,안전운전불이행,건조,맑음,교차로 - 교차로부근,승용,남,67세,상해없음,화물,여,54세,중상
2015041100100431,2015년 4월 11일 16시,토요일,부산광역시 금정구 남산동,사망사고,1,0,0,0,차대사람 - 횡단중,보행자보호의무위반,건조,맑음,교차로 - 교차로안,승합,남,52세,상해없음,보행자,여,79세,사망
2015041100100432,2015년 4월 11일 16시,토요일,부산광역시 금정구 구서동,경상사고,0,0,3,0,차대차 - 추돌 - 주정차중,안전운전불이행,건조,맑음,교차로 - 교차로부근,승용,여,61세,상해없음,승용,남,54세,경상
2015041100100433,2015년 4월 11일 16시,토요일,부산광역시 사하구 감천동,경상사고,0,0,1,0,차대차 - 측면직각충돌,안전운전불이행,건조,맑음,단일로 - 기타,화물,남,51세,상해없음,승용,남,52세,경상
2015041100100434,2015년 4월 11일 16시,토요일,부산광역시 사하구 신평동,중상사고,0,1,0,0,차대차 - 측면직각충돌,신호위반,건조,맑음,교차로 - 교차로안,승용,남,25세,상해없음,승용,남,52세,중상
2015041100100435,2015년 4월 11일 16시,토요일,부산광역시 기장군 정관면,경상사고,0,0,2,0,차대차 - 측면직각충돌,신호위반,건조,맑음,교차로 - 교차로부근,승용,남,55세,상해없음,승용,남,37세,경상
2015041100100514,2015년 4월 11일 18시,토요일,부산광역시 남구 문현동,경상사고,0,0,1,0,차대차 - 측면직각충돌,신호위반,건조,맑음,단일로 - 횡단보도상,승용,여,39세,상해없음,원동기,남,17세,경상
2015041100100515,2015년 4월 11일 18시,토요일,부산광역시 남구 용당동,중상사고,0,1,5,0,차대차 - 측면직각충돌,교차로운행방법위반,건조,맑음,교차로 - 교차로안,승용,남,36세,경상,승용,남,53세,경상
2015041100100516,2015년 4월 11일 18시,토요일,부산광역시 사상구 모라동,중상사고,0,1,0,0,차대사람 - 횡단중,안전운전불이행,건조,맑음,교차로 - 교차로부근,승용,남,64세,상해없음,보행자,남,61세,중상
2015041100100561,2015년 4월 11일 19시,토요일,부산광역시 북구 금곡동,중상사고,0,1,0,0,차대사람 - 횡단중,보행자보호의무위반,건조,맑음,단일로 - 기타,승용,남,30세,상해없음,보행자,여,57세,중상
2015041100100563,2015년 4월 11일 19시,토요일,부산광역시 금정구 노포동,경상사고,0,0,1,0,차대차 - 측면직각충돌,차로위반,건조,맑음,단일로 - 기타,승용,남,59세,상해없음,이륜,남,52세,경상
2015041100100600,2015년 4월 11일 20시,토요일,부산광역시 중구 중앙동1가,경상사고,0,0,3,0,차대차 - 측면직각충돌,신호위반,습기,비,교차로 - 교차로안,승용,남,55세,상해없음,승용,남,47세,경상
2015041100100601,2015년 4월 11일 20시,토요일,부산광역시 서구 암남동,경상사고,0,0,2,0,차대차 - 측면직각충돌,교차로운행방법위반,건조,맑음,교차로 - 교차로안,승용,여,45세,상해없음,승용,남,24세,경상
2015041100100602,2015년 4월 11일 20시,토요일,부산광역시 수영구 망미동,중상사고,0,1,0,0,차대차 - 추돌 - 진행중,안전거리미확보,건조,맑음,교차로 - 교차로부근,승용,여,32세,상해없음,승용,여,40세,중상
2015041100100631,2015년 4월 11일 21시,토요일,부산광역시 수영구 민락동,경상사고,0,0,1,0,차대사람 - 길가장자리구역통행중,안전운전불이행,건조,맑음,단일로 - 기타,승용,남,50세,상해없음,보행자,여,19세,경상
2015041100100632,2015년 4월 11일 21시,토요일,부산광역시 해운대구 반여동,경상사고,0,0,1,0,차대차 - 추돌 - 진행중,안전거리미확보,건조,맑음,단일로 - 기타,승용,여,47세,상해없음,승용,남,23세,경상
2015041100100633,2015년 4월 11일 21시,토요일,부산광역시 해운대구 반여동,경상사고,0,0,2,0,차대차 - 측면직각충돌,신호위반,건조,맑음,교차로 - 교차로안,승용,남,43세,상해없음,승용,남,56세,경상
2015041100100634,2015년 4월 11일 21시,토요일,부산광역시 사하구 다대동,중상사고,0,1,0,0,차대사람 - 기타,안전운전불이행,건조,맑음,교차로 - 교차로안,승용,남,35세,상해없음,보행자,남,39세,중상
2015041200100003,2015년 4월 12일 00시,일요일,부산광역시 동래구 사직동,중상사고,0,1,0,0,차대사람 - 횡단중,안전운전불이행,건조,맑음,단일로 - 기타,승용,남,67세,상해없음,보행자,남,56세,중상
2015041200100028,2015년 4월 12일 01시,일요일,부산광역시 부산진구 개금동,중상사고,0,1,0,0,차대차 - 추돌 - 진행중,과속,건조,맑음,단일로 - 터널,승용,남,54세,중상,승용,남,51세,상해없음
2015041200100044,2015년 4월 12일 02시,일요일,부산광역시 금정구 구서동,경상사고,0,0,1,1,차대차 - 측면직각충돌,안전운전불이행,건조,맑음,교차로 - 교차로안,승용,남,30세,부상신고,승용,남,30세,경상
2015041200100059,2015년 4월 12일 03시,일요일,부산광역시 해운대구 중동,경상사고,0,0,3,0,차대차 - 측면직각충돌,신호위반,건조,맑음,교차로 - 교차로안,승용,여,35세,상해없음,승용,남,21세,경상
2015041200100060,2015년 4월 12일 03시,일요일,부산광역시 해운대구 우동,경상사고,0,0,1,0,차량단독 - 기타,안전운전불이행,건조,맑음,교차로 - 교차로부근,이륜,남,21세,상해없음,,,,
2015041200100074,2015년 4월 12일 04시,일요일,부산광역시 사상구 주례동,사망사고,1,0,0,0,차대사람 - 차도통행중,안전운전불이행,건조,맑음,단일로 - 기타,승용,남,48세,상해없음,보행자,남,64세,사망
2015041200100102,2015년 4월 12일 07시,일요일,부산광역시 수영구 광안동,중상사고,0,1,0,0,차대차 - 측면직각충돌,안전운전불이행,건조,맑음,교차로 - 교차로부근,화물,남,43세,상해없음,자전거,남,61세,중상
2015041200100103,2015년 4월 12일 07시,일요일,부산광역시 남구 문현동,경상사고,0,0,1,0,차대차 - 측면직각충돌,안전운전불이행,건조,맑음,단일로 - 기타,승용,남,45세,상해없음,승용,남,63세,경상
2015041200100130,2015년 4월 12일 09시,일요일,부산광역시 금정구 부곡동,경상사고,0,0,1,0,차대차 - 추돌 - 주정차중,안전운전불이행,건조,맑음,단일로 - 기타,이륜,남,25세,경상,승합,남,64세,상해없음
2015041200100143,2015년 4월 12일 10시,일요일,부산광역시 금정구 서동,경상사고,0,0,1,0,차대차 - 측면직각충돌,기타,건조,맑음,교차로 - 교차로부근,승용,남,60세,상해없음,자전거,남,56세,경상
2015041200100144,2015년 4월 12일 10시,일요일,부산광역시 사하구 당리동,경상사고,0,0,1,0,차대차 - 측면직각충돌,직진우회전진행방해,건조,맑음,교차로 - 교차로안,승용,남,27세,상해없음,자전거,남,33세,경상
2015041200100163,2015년 4월 12일 11시,일요일,부산광역시 기장군 기장읍,경상사고,0,0,1,0,차대사람 - 횡단중,안전운전불이행,건조,맑음,교차로 - 교차로부근,자전거,남,15세,상해없음,보행자,여,56세,경상
2015041200100193,2015년 4월 12일 12시,일요일,부산광역시 수영구 망미동,부상신고사고,0,0,0,2,차대차 - 측면직각충돌,교차로운행방법위반,건조,맑음,교차로 - 교차로안,자전거,남,14세,부상신고,승용,남,55세,상해없음
2015041200100218,2015년 4월 12일 13시,일요일,부산광역시 기장군 정관면,중상사고,0,1,2,2,차대차 - 측면직각충돌,직진우회전진행방해,건조,맑음,교차로 - 교차로안,승용,남,21세,상해없음,승용,남,28세,중상
2015041200100260,2015년 4월 12일 14시,일요일,부산광역시 사상구 주례동,경상사고,0,0,1,0,차량단독 - 기타,안전운전불이행,건조,맑음,단일로 - 기타,승합,남,56세,상해없음,,,,
2015041200100294,2015년 4월 12일 15시,일요일,부산광역시 수영구 남천동,경상사고,0,0,1,0,차대차 - 측면직각충돌,안전운전불이행,건조,맑음,단일로 - 기타,승용,남,33세,상해없음,자전거,남,15세,경상
2015041200100295,2015년 4월 12일 15시,일요일,부산광역시 남구 용호동,경상사고,0,0,1,0,차대차 - 기타,기타,건조,맑음,교차로 - 교차로부근,승용,여,56세,상해없음,승용,여,51세,경상
2015041200100296,2015년 4월 12일 15시,일요일,부산광역시 부산진구 부암동,경상사고,0,0,1,0,차대사람 - 기타,안전운전불이행,건조,흐림,교차로 - 교차로안,승용,남,26세,상해없음,보행자,여,60세,경상
2015041200100322,2015년 4월 12일 16시,일요일,부산광역시 남구 대연동,경상사고,0,0,1,0,차대사람 - 횡단중,보행자보호의무위반,기타,맑음,단일로 - 횡단보도상,원동기,남,23세,상해없음,보행자,남,74세,경상
2015041200100323,2015년 4월 12일 16시,일요일,부산광역시 수영구 망미동,경상사고,0,0,1,0,차량단독 - 기타,기타,건조,맑음,단일로 - 기타,승합,남,42세,상해없음,,,,
2015041200100410,2015년 4월 12일 19시,일요일,부산광역시 중구 부평동3가,중상사고,0,1,0,0,차량단독 - 기타,기타,건조,맑음,단일로 - 기타,승용,남,57세,상해없음,,,,
2015041200100411,2015년 4월 12일 19시,일요일,부산광역시 수영구 광안동,경상사고,0,0,1,0,차대차 - 추돌 - 진행중,교차로운행방법위반,건조,맑음,교차로 - 교차로안,승용,여,55세,상해없음,이륜,남,60세,경상
2015041200100445,2015년 4월 12일 20시,일요일,부산광역시 해운대구 재송동,중상사고,0,1,0,0,차대차 - 기타,안전운전불이행,건조,맑음,단일로 - 기타,승용,남,58세,상해없음,승용,여,32세,중상
2015041200100446,2015년 4월 12일 20시,일요일,부산광역시 연제구 거제동,경상사고,0,0,1,0,차대차 - 추돌 - 진행중,안전운전불이행,건조,맑음,단일로 - 기타,원동기,남,16세,상해없음,원동기,남,17세,경상
2015041200100447,2015년 4월 12일 20시,일요일,부산광역시 강서구 신호동,경상사고,0,0,1,0,차대사람 - 횡단중,안전운전불이행,습기,비,단일로 - 횡단보도상,원동기,남,41세,상해없음,보행자,여,63세,경상
2015041200100448,2015년 4월 12일 20시,일요일,부산광역시 사상구 학장동,경상사고,0,0,1,0,차대차 - 추돌 - 주정차중,안전운전불이행,건조,맑음,교차로 - 교차로부근,승용,남,20세,상해없음,승용,여,25세,경상
2015041200100481,2015년 4월 12일 21시,일요일,부산광역시 해운대구 좌동,중상사고,0,1,0,0,차대차 - 추돌 - 진행중,안전거리미확보,습기,흐림,단일로 - 기타,이륜,남,29세,상해없음,이륜,남,23세,중상
2015041200100482,2015년 4월 12일 21시,일요일,부산광역시 금정구 장전동,경상사고,0,0,1,0,차대차 - 기타,안전운전불이행,건조,맑음,교차로 - 교차로안,승용,기타불명,기타불명,기타불명,원동기,남,19세,경상
2015041200100483,2015년 4월 12일 21시,일요일,부산광역시 사하구 장림동,중상사고,0,1,0,0,차대차 - 기타,안전운전불이행,습기,맑음,교차로 - 교차로안,승용,남,28세,상해없음,승용,남,38세,상해없음
2015041200100513,2015년 4월 12일 22시,일요일,부산광역시 사상구 주례동,중상사고,0,1,0,0,차대차 - 측면직각충돌,교차로운행방법위반,건조,맑음,교차로 - 교차로안,승용,남,49세,상해없음,자전거,남,36세,중상
2015041200100528,2015년 4월 12일 23시,일요일,부산광역시 동구 초량동,경상사고,0,0,2,0,차대차 - 기타,안전운전불이행,건조,맑음,교차로 - 교차로부근,승용,남,55세,상해없음,승용,남,32세,경상
2015041200100529,2015년 4월 12일 23시,일요일,부산광역시 서구 암남동,경상사고,0,0,4,0,차대차 - 측면직각충돌,신호위반,습기,비,교차로 - 교차로안,승용,남,27세,경상,승용,남,32세,경상
2015041200100530,2015년 4월 12일 23시,일요일,부산광역시 금정구 장전동,부상신고사고,0,0,0,1,차대차 - 측면직각충돌,교차로운행방법위반,습기,비,교차로 - 교차로안,승용,남,56세,상해없음,원동기,남,19세,부상신고
2015041200100531,2015년 4월 12일 23시,일요일,부산광역시 사하구 신평동,중상사고,0,1,0,0,차대사람 - 기타,안전운전불이행,습기,맑음,단일로 - 기타,승용,남,50세,상해없음,보행자,여,49세,중상
2015041300100007,2015년 4월 13일 00시,월요일,부산광역시 중구 광복동1가,경상사고,0,0,1,0,차대사람 - 횡단중,안전운전불이행,습기,비,단일로 - 기타,승용,남,29세,상해없음,보행자,남,20세,경상
2015041300100008,2015년 4월 13일 00시,월요일,부산광역시 연제구 연산동,경상사고,0,0,1,0,차대사람 - 차도통행중,불법유턴,습기,비,단일로 - 기타,승용,여,51세,상해없음,보행자,여,71세,경상
2015041300100009,2015년 4월 13일 00시,월요일,부산광역시 사상구 감전동,사망사고,1,0,0,0,차대사람 - 횡단중,안전운전불이행,습기,비,단일로 - 기타,승용,남,62세,상해없음,보행자,여,42세,사망
2015041300100022,2015년 4월 13일 01시,월요일,부산광역시 중구 남포동3가,부상신고사고,0,0,0,1,차대차 - 추돌 - 진행중,안전거리미확보,습기,비,단일로 - 기타,승합,남,21세,상해없음,승용,남,51세,부상신고
2015041300100023,2015년 4월 13일 01시,월요일,부산광역시 부산진구 부전동,경상사고,0,0,1,0,차대사람 - 기타,안전운전불이행,습기,비,단일로 - 기타,이륜,남,28세,상해없음,보행자,남,27세,경상
2015041300100035,2015년 4월 13일 04시,월요일,부산광역시 수영구 망미동,경상사고,0,0,3,0,차대차 - 측면직각충돌,신호위반,습기,비,교차로 - 교차로안,승용,남,66세,상해없음,승용,남,22세,경상
2015041300100043,2015년 4월 13일 05시,월요일,부산광역시 서구 서대신동2가,경상사고,0,0,3,0,차대차 - 추돌 - 진행중,안전거리미확보,습기,비,단일로 - 터널,승용,남,26세,상해없음,승용,남,69세,상해없음
2015041300100044,2015년 4월 13일 05시,월요일,부산광역시 해운대구 우동,중상사고,0,1,0,0,차대사람 - 기타,안전운전불이행,습기,비,단일로 - 기타,승용,남,31세,기타불명,보행자,남,28세,중상
2015041300100061,2015년 4월 13일 07시,월요일,부산광역시 서구 암남동,경상사고,0,0,2,0,차대차 - 추돌 - 주정차중,안전운전불이행,습기,비,단일로 - 기타,승용,남,45세,상해없음,승용,남,33세,경상
2015041300100085,2015년 4월 13일 08시,월요일,부산광역시 남구 대연동,경상사고,0,0,1,0,차대사람 - 길가장자리구역통행중,안전운전불이행,건조,맑음,단일로 - 기타,승용,여,41세,상해없음,보행자,남,25세,경상
2015041300100121,2015년 4월 13일 09시,월요일,부산광역시 동구 범일동,경상사고,0,0,1,0,차대차 - 측면직각충돌,안전운전불이행,습기,비,교차로 - 교차로안,승용,남,63세,상해없음,원동기,남,31세,경상
2015041300100122,2015년 4월 13일 09시,월요일,부산광역시 동래구 온천동,중상사고,0,1,0,0,차대차 - 추돌 - 진행중,안전거리미확보,건조,맑음,교차로 - 교차로부근,승합,남,41세,기타불명,승용,여,56세,중상
2015041300100150,2015년 4월 13일 10시,월요일,부산광역시 동구 좌천동,경상사고,0,0,1,0,차대차 - 기타,신호위반,습기,흐림,교차로 - 교차로안,승용,남,55세,상해없음,원동기,남,20세,경상
2015041300100151,2015년 4월 13일 10시,월요일,부산광역시 해운대구 좌동,중상사고,0,1,0,0,차대사람 - 횡단중,보행자보호의무위반,습기,비,교차로 - 교차로부근,승합,남,61세,상해없음,보행자,여,64세,중상
2015041300100204,2015년 4월 13일 12시,월요일,부산광역시 동구 초량동,중상사고,0,1,2,0,차대차 - 기타,안전거리미확보,건조,맑음,단일로 - 기타,승용,남,70세,상해없음,승용,남,70세,중상
2015041300100205,2015년 4월 13일 12시,월요일,부산광역시 사상구 엄궁동,경상사고,0,0,2,0,차대차 - 측면직각충돌,안전거리미확보,습기,비,교차로 - 교차로부근,원동기,남,57세,경상,승용,남,62세,경상
2015041300100227,2015년 4월 13일 13시,월요일,부산광역시 남구 대연동,경상사고,0,0,1,0,차대사람 - 횡단중,신호위반,습기,비,교차로 - 교차로부근,승용,남,71세,상해없음,보행자,여,40세,경상
2015041300100228,2015년 4월 13일 13시,월요일,부산광역시 해운대구 우동,경상사고,0,0,1,0,차대차 - 기타,교차로운행방법위반,기타,맑음,교차로 - 교차로안,승용,남,40세,상해없음,승용,남,35세,경상
2015041300100312,2015년 4월 13일 16시,월요일,부산광역시 부산진구 부전동,경상사고,0,0,1,0,차대사람 - 기타,안전운전불이행,건조,맑음,단일로 - 기타,승용,여,31세,상해없음,보행자,남,45세,경상
2015041300100313,2015년 4월 13일 16시,월요일,부산광역시 금정구 부곡동,중상사고,0,1,0,0,차대차 - 측면직각충돌,신호위반,건조,맑음,교차로 - 교차로안,승용,여,52세,상해없음,원동기,남,35세,중상
2015041300100314,2015년 4월 13일 16시,월요일,부산광역시 강서구 대저1동,경상사고,0,0,1,0,차대차 - 기타,차로위반,건조,맑음,단일로 - 기타,승용,여,59세,상해없음,승용,남,32세,경상
2015041300100351,2015년 4월 13일 17시,월요일,부산광역시 해운대구 우동,중상사고,0,1,0,2,차대차 - 추돌 - 주정차중,안전운전불이행,기타,맑음,단일로 - 기타,승합,남,59세,상해없음,승용,남,61세,중상
2015041300100352,2015년 4월 13일 17시,월요일,부산광역시 연제구 연산동,경상사고,0,0,1,0,차대차 - 측면직각충돌,안전운전불이행,건조,맑음,단일로 - 기타,원동기,남,22세,상해없음,승용,남,46세,경상
2015041300100353,2015년 4월 13일 17시,월요일,부산광역시 사상구 주례동,경상사고,0,0,1,0,차대사람 - 길가장자리구역통행중,안전운전불이행,건조,맑음,단일로 - 기타,승합,남,37세,상해없음,보행자,여,13세,경상
2015041300100398,2015년 4월 13일 18시,월요일,부산광역시 동래구 사직동,중상사고,0,1,0,0,차대차 - 정면충돌,안전운전불이행,습기,비,단일로 - 기타,이륜,남,49세,중상,승용,남,50세,상해없음
2015041300100400,2015년 4월 13일 18시,월요일,부산광역시 강서구 지사동,중상사고,0,1,0,0,차대사람 - 보도통행중,안전운전불이행,건조,흐림,단일로 - 기타,승용,여,54세,상해없음,보행자,여,76세,중상
2015041300100401,2015년 4월 13일 18시,월요일,부산광역시 사상구 학장동,경상사고,0,0,1,0,차대차 - 측면직각충돌,직진우회전진행방해,건조,맑음,교차로 - 교차로안,화물,남,55세,상해없음,승용,남,35세,경상
2015041300100437,2015년 4월 13일 19시,월요일,부산광역시 수영구 민락동,경상사고,0,0,3,0,차대차 - 추돌 - 진행중,안전운전불이행,건조,맑음,단일로 - 기타,승용,남,44세,상해없음,승용,여,50세,경상
2015041300100438,2015년 4월 13일 19시,월요일,부산광역시 동래구 온천동,중상사고,0,1,0,0,차대차 - 측면직각충돌,안전운전불이행,습기,비,단일로 - 기타,승용,남,65세,상해없음,승용,남,32세,중상
2015041300100487,2015년 4월 13일 20시,월요일,부산광역시 중구 남포동1가,경상사고,0,0,1,0,차대사람 - 차도통행중,안전운전불이행,습기,비,단일로 - 기타,승용,남,51세,상해없음,보행자,남,64세,경상
2015041300100488,2015년 4월 13일 20시,월요일,부산광역시 중구 부평동1가,중상사고,0,1,0,0,차대사람 - 횡단중,안전운전불이행,습기,비,단일로 - 횡단보도상,승용,남,35세,상해없음,보행자,남,72세,중상
2015041300100489,2015년 4월 13일 20시,월요일,부산광역시 북구 금곡동,경상사고,0,0,1,0,차대사람 - 횡단중,신호위반,건조,맑음,단일로 - 기타,승용,남,65세,상해없음,보행자,여,33세,경상
2015041300100490,2015년 4월 13일 20시,월요일,부산광역시 북구 만덕동,경상사고,0,0,1,0,차대차 - 기타,안전거리미확보,건조,맑음,단일로 - 기타,승용,남,56세,상해없음,승용,여,40세,경상
2015041300100529,2015년 4월 13일 21시,월요일,부산광역시 동래구 온천동,경상사고,0,0,1,0,차대차 - 측면직각충돌,안전거리미확보,건조,맑음,교차로 - 교차로부근,승용,여,57세,상해없음,승용,여,43세,경상
2015041300100530,2015년 4월 13일 21시,월요일,부산광역시 해운대구 반송동,중상사고,0,1,0,0,차대사람 - 횡단중,보행자보호의무위반,습기,비,단일로 - 기타,승용,남,44세,상해없음,보행자,여,59세,중상