사고번호,사고일시,요일,시군구,사고내용,사망자수,중상자수,경상자수,부상신고자수,사고유형,법규위반,노면상태,기상상태,도로형태,가해운전자 차종,가해운전자 성별,가해운전자 연령,가해운전자 상해정도,피해운전자 차종,피해운전자 성별,피해운전자 연령,피해운전자 상해정도
2015041300100531,2015년 4월 13일 21시,월요일,부산광역시 연제구 거제동,경상사고,0,0,1,0,차대차 - 측면직각충돌,안전거리미확보,습기,비,교차로 - 교차로부근,이륜,남,18세,경상,승용,남,60세,상해없음
2015041300100578,2015년 4월 13일 22시,월요일,부산광역시 해운대구 재송동,중상사고,0,1,0,0,차대사람 - 횡단중,안전운전불이행,습기,비,단일로 - 기타,이륜,남,25세,상해없음,보행자,남,60세,중상
2015041300100579,2015년 4월 13일 22시,월요일,부산광역시 부산진구 당감동,경상사고,0,0,1,0,차대사람 - 기타,신호위반,건조,맑음,단일로 - 횡단보도상,승용,남,59세,상해없음,보행자,남,66세,경상
2015041300100580,2015년 4월 13일 22시,월요일,부산광역시 연제구 연산동,중상사고,0,1,0,0,차대차 - 추돌 - 진행중,안전운전불이행,건조,맑음,단일로 - 기타,승용,남,53세,상해없음,승용,여,57세,중상
2015041400100040,2015년 4월 14일 01시,화요일,부산광역시 부산진구 양정동,경상사고,0,0,1,0,차대차 - 추돌 - 진행중,안전운전불이행,건조,맑음,교차로 - 교차로안,승용,남,45세,상해없음,승용,남,48세,경상
2015041400100041,2015년 4월 14일 01시,화요일,부산광역시 수영구 망미동,중상사고,0,1,0,0,차대사람 - 차도통행중,신호위반,습기,비,교차로 - 교차로안,승용,남,60세,상해없음,보행자,여,29세,중상
2015041400100058,2015년 4월 14일 02시,화요일,부산광역시 해운대구 우동,부상신고사고,0,0,0,1,차대차 - 추돌 - 진행중,교차로운행방법위반,습기,비,교차로 - 교차로부근,승용,남,21세,상해없음,이륜,남,29세,부상신고
2015041400100059,2015년 4월 14일 02시,화요일,부산광역시 수영구 망미동,경상사고,0,0,3,0,차대차 - 추돌 - 진행중,신호위반,습기,맑음,교차로 - 교차로안,승용,여,49세,상해없음,승용,남,22세,경상
2015041400100075,2015년 4월 14일 03시,화요일,부산광역시 해운대구 석대동,중상사고,0,1,0,0,차량단독 - 공작물충돌,안전운전불이행,습기,비,단일로 - 기타,승용,남,32세,상해없음,,,,
2015041400100094,2015년 4월 14일 05시,화요일,부산광역시 중구 부평동1가,중상사고,0,1,0,0,차대사람 - 횡단중,안전운전불이행,습기,비,단일로 - 기타,승용,남,63세,상해없음,보행자,남,82세,중상
2015041400100120,2015년 4월 14일 07시,화요일,부산광역시 동구 좌천동,중상사고,0,1,0,0,차대차 - 추돌 - 진행중,안전운전불이행,습기,맑음,단일로 - 기타,승용,여,26세,상해없음,승용,여,49세,중상
2015041400100121,2015년 4월 14일 07시,화요일,부산광역시 북구 금곡동,경상사고,0,0,1,0,차대사람 - 횡단중,보행자보호의무위반,습기,흐림,단일로 - 횡단보도상,화물,남,53세,상해없음,보행자,남,18세,경상
2015041400100122,2015년 4월 14일 07시,화요일,부산광역시 기장군 철마면,중상사고,0,1,0,0,차대사람 - 차도통행중,안전운전불이행,습기,맑음,단일로 - 기타,승용,남,43세,상해없음,보행자,남,56세,중상
2015041400100148,2015년 4월 14일 08시,화요일,부산광역시 중구 중앙동4가,경상사고,0,0,1,0,차대사람 - 기타,안전운전불이행,건조,맑음,단일로 - 기타,승용,기타불명,기타불명,기타불명,보행자,여,21세,경상
2015041400100149,2015년 4월 14일 08시,화요일,부산광역시 북구 금곡동,중상사고,0,1,0,0,차대사람 - 차도통행중,기타,습기,흐림,단일로 - 기타,승용,남,49세,상해없음,보행자,여,9세,중상
2015041400100191,2015년 4월 14일 09시,화요일,부산광역시 수영구 광안동,부상신고사고,0,0,0,1,차대차 - 추돌 - 주정차중,안전거리미확보,건조,맑음,단일로 - 기타,승용,남,51세,기타불명,승합,남,60세,상해없음
2015041400100224,2015년 4월 14일 10시,화요일,부산광역시 동구 초량동,사망사고,1,0,0,0,차대사람 - 기타,안전운전불이행,건조,맑음,교차로 - 교차로안,화물,남,75세,상해없음,보행자,여,85세,사망
2015041400100225,2015년 4월 14일 10시,화요일,부산광역시 북구 만덕동,경상사고,0,0,1,0,차량단독 - 기타,기타,건조,맑음,단일로 - 기타,승합,남,48세,상해없음,,,,
2015041400100226,2015년 4월 14일 10시,화요일,부산광역시 동래구 안락동,중상사고,0,1,0,0,차대사람 - 횡단중,보행자보호의무위반,건조,맑음,단일로 - 횡단보도상,화물,남,35세,상해없음,보행자,여,61세,중상
2015041400100227,2015년 4월 14일 10시,화요일,부산광역시 연제구 연산동,경상사고,0,0,1,0,차대차 - 측면직각충돌,안전거리미확보,건조,맑음,교차로 - 교차로부근,승용,남,58세,상해없음,승용,남,29세,상해없음
2015041400100248,2015년 4월 14일 11시,화요일,부산광역시 남구 용호동,경상사고,0,0,1,0,차대사람 - 횡단중,안전운전불이행,건조,맑음,교차로 - 교차로안,승용,남,65세,상해없음,보행자,여,51세,경상
2015041400100249,2015년 4월 14일 11시,화요일,부산광역시 사상구 엄궁동,경상사고,0,0,2,0,차대차 - 기타,안전운전불이행,건조,맑음,단일로 - 기타,승용,남,57세,상해없음,승용,남,65세,상해없음
2015041400100278,2015년 4월 14일 12시,화요일,부산광역시 영도구 청학동,경상사고,0,0,4,0,차대차 - 측면직각충돌,안전운전불이행,건조,맑음,단일로 - 기타,승용,남,34세,상해없음,승용,남,62세,경상
2015041400100279,2015년 4월 14일 12시,화요일,부산광역시 부산진구 부전동,중상사고,0,1,0,0,차대사람 - 기타,안전운전불이행,건조,맑음,단일로 - 기타,이륜,남,23세,상해없음,보행자,남,36세,중상
2015041400100280,2015년 4월 14일 12시,화요일,부산광역시 부산진구 범천동,중상사고,0,1,0,1,차대차 - 측면직각충돌,신호위반,건조,맑음,교차로 - 교차로안,승용,남,70세,상해없음,승용,남,35세,중상
2015041400100301,2015년 4월 14일 13시,화요일,부산광역시 동구 초량동,중상사고,0,1,0,0,차대차 - 추돌 - 진행중,차로위반,건조,맑음,단일로 - 기타,승용,남,61세,상해없음,승용,여,26세,중상
2015041400100302,2015년 4월 14일 13시,화요일,부산광역시 서구 아미동1가,경상사고,0,0,1,0,차대차 - 추돌 - 진행중,안전운전불이행,건조,맑음,단일로 - 기타,승용,남,68세,상해없음,자전거,남,40세,경상
2015041400100332,2015년 4월 14일 14시,화요일,부산광역시 수영구 민락동,중상사고,0,1,0,0,차대차 - 추돌 - 주정차중,안전운전불이행,건조,맑음,교차로 - 교차로부근,승용,남,43세,상해없음,승용,여,44세,중상
2015041400100333,2015년 4월 14일 14시,화요일,부산광역시 기장군 기장읍,중상사고,0,1,0,0,차대사람 - 횡단중,보행자보호의무위반,건조,맑음,단일로 - 횡단보도상,승용,남,73세,상해없음,보행자,여,54세,중상
2015041400100352,2015년 4월 14일 15시,화요일,부산광역시 수영구 광안동,중상사고,0,1,0,0,차대사람 - 횡단중,신호위반,건조,맑음,단일로 - 횡단보도상,승용,남,62세,상해없음,보행자,여,50세,중상
2015041400100374,2015년 4월 14일 16시,화요일,부산광역시 금정구 부곡동,중상사고,0,1,0,0,차대사람 - 기타,보행자보호의무위반,건조,맑음,단일로 - 기타,승용,기타불명,기타불명,기타불명,보행자,남,11세,중상
2015041400100375,2015년 4월 14일 16시,화요일,부산광역시 사상구 모라동,중상사고,0,1,0,0,차대사람 - 횡단중,보행자보호의무위반,건조,맑음,교차로 - 교차로안,화물,남,58세,상해없음,보행자,여,66세,중상
2015041400100429,2015년 4월 14일 18시,화요일,부산광역시 해운대구 재송동,경상사고,0,0,1,0,차대사람 - 횡단중,안전운전불이행,건조,맑음,단일로 - 기타,이륜,남,17세,상해없음,보행자,남,24세,경상
2015041400100430,2015년 4월 14일 18시,화요일,부산광역시 사하구 신평동,중상사고,0,1,0,0,차대차 - 추돌 - 진행중,안전운전불이행,건조,맑음,단일로 - 기타,승용,남,58세,상해없음,승용,여,48세,중상
2015041400100431,2015년 4월 14일 18시,화요일,부산광역시 사상구 학장동,경상사고,0,0,1,2,차대차 - 측면직각충돌,안전운전불이행,건조,맑음,단일로 - 기타,승용,남,58세,상해없음,이륜,남,51세,부상신고
2015041400100462,2015년 4월 14일 19시,화요일,부산광역시 남구 용호동,경상사고,0,0,1,0,차대사람 - 보도통행중,기타,건조,맑음,교차로 - 교차로부근,자전거,남,66세,상해없음,보행자,남,77세,경상
2015041400100463,2015년 4월 14일 19시,화요일,부산광역시 연제구 거제동,중상사고,0,1,1,1,차대차 - 측면직각충돌,신호위반,건조,맑음,교차로 - 교차로안,승용,여,46세,부상신고,승용,남,57세,경상
2015041400100464,2015년 4월 14일 19시,화요일,부산광역시 기장군 기장읍,중상사고,0,1,1,0,차대차 - 추돌 - 주정차중,안전운전불이행,건조,맑음,교차로 - 교차로안,화물,남,65세,중상,화물,남,60세,경상
2015041400100545,2015년 4월 14일 21시,화요일,부산광역시 수영구 광안동,경상사고,0,0,1,0,차대차 - 추돌 - 진행중,안전운전불이행,건조,맑음,교차로 - 교차로안,승용,여,45세,상해없음,이륜,남,52세,경상
2015041400100546,2015년 4월 14일 21시,화요일,부산광역시 북구 구포동,경상사고,0,0,6,0,차대차 - 측면직각충돌,신호위반,건조,맑음,교차로 - 교차로안,승용,남,72세,상해없음,승용,남,28세,상해없음
2015041400100547,2015년 4월 14일 21시,화요일,부산광역시 동래구 안락동,경상사고,0,0,3,0,차대차 - 측면직각충돌,신호위반,건조,맑음,교차로 - 교차로안,승용,남,61세,상해없음,승용,여,25세,경상
2015041400100548,2015년 4월 14일 21시,화요일,부산광역시 수영구 망미동,경상사고,0,0,1,0,차대사람 - 횡단중,보행자보호의무위반,건조,맑음,단일로 - 횡단보도상,승용,여,29세,상해없음,보행자,여,16세,경상
2015041400100584,2015년 4월 14일 22시,화요일,부산광역시 남구 대연동,경상사고,0,0,1,0,차대차 - 측면직각충돌,차로위반,건조,맑음,교차로 - 교차로부근,승용,남,22세,상해없음,승용,남,50세,경상
2015041400100585,2015년 4월 14일 22시,화요일,부산광역시 동래구 온천동,중상사고,0,2,0,0,차대차 - 측면직각충돌,안전거리미확보,건조,맑음,단일로 - 기타,승용,남,41세,상해없음,승용,남,76세,상해없음
2015041400100586,2015년 4월 14일 22시,화요일,부산광역시 동래구 낙민동,경상사고,0,0,2,0,차대차 - 측면직각충돌,신호위반,건조,맑음,교차로 - 교차로안,승용,남,54세,상해없음,승용,여,57세,경상
2015041400100587,2015년 4월 14일 22시,화요일,부산광역시 부산진구 양정동,경상사고,0,0,2,0,차대차 - 추돌 - 진행중,안전운전불이행,건조,맑음,교차로 - 교차로부근,승용,남,36세,상해없음,승용,남,45세,경상
2015041400100620,2015년 4월 14일 23시,화요일,부산광역시 금정구 구서동,중상사고,0,1,1,1,차대차 - 추돌 - 주정차중,안전거리미확보,건조,맑음,교차로 - 교차로부근,원동기,남,25세,중상,승용,남,46세,상해없음
2015041400100621,2015년 4월 14일 23시,화요일,부산광역시 금정구 금사동,경상사고,0,0,2,0,차대차 - 측면직각충돌,안전운전불이행,건조,맑음,단일로 - 기타,승용,기타불명,기타불명,기타불명,승합,여,29세,경상
2015041400100622,2015년 4월 14일 23시,화요일,부산광역시 기장군 정관면,경상사고,0,0,1,0,차대차 - 추돌 - 진행중,신호위반,건조,맑음,교차로 - 교차로안,승용,남,40세,상해없음,승용,남,26세,경상
2015041500100058,2015년 4월 15일 03시,수요일,부산광역시 동구 초량동,부상신고사고,0,0,0,1,차대사람 - 기타,안전운전불이행,건조,맑음,단일로 - 기타,승용,남,18세,상해없음,보행자,남,33세,부상신고
2015041500100059,2015년 4월 15일 03시,수요일,부산광역시 부산진구 부전동,경상사고,0,0,3,0,차대차 - 측면직각충돌,안전운전불이행,건조,맑음,단일로 - 기타,이륜,남,33세,상해없음,이륜,남,18세,경상
2015041500100060,2015년 4월 15일 03시,수요일,부산광역시 금정구 장전동,경상사고,0,0,1,0,차대차 - 측면직각충돌,교차로운행방법위반,건조,맑음,교차로 - 교차로안,승용,남,19세,상해없음,승용,남,57세,경상
2015041500100115,2015년 4월 15일 07시,수요일,부산광역시 연제구 연산동,중상사고,0,2,0,0,차대차 - 측면직각충돌,중앙선침범,건조,맑음,단일로 - 기타,승용,남,65세,상해없음,승용,남,49세,상해없음
2015041500100116,2015년 4월 15일 07시,수요일,부산광역시 강서구 강동동,경상사고,0,0,1,0,차대차 - 측면직각충돌,안전운전불이행,건조,맑음,교차로 - 교차로안,화물,남,38세,상해없음,화물,남,38세,상해없음
2015041500100141,2015년 4월 15일 08시,수요일,부산광역시 동구 수정동,중상사고,0,1,0,0,차대차 - 측면직각충돌,안전거리미확보,건조,맑음,단일로 - 기타,승용,남,41세,상해없음,승용,여,28세,중상
2015041500100142,2015년 4월 15일 08시,수요일,부산광역시 사상구 괘법동,부상신고사고,0,0,0,1,차대차 - 측면직각충돌,교차로운행방법위반,건조,맑음,교차로 - 교차로안,승용,남,32세,부상신고,승용,남,65세,상해없음
2015041500100212,2015년 4월 15일 10시,수요일,부산광역시 금정구 남산동,경상사고,0,0,1,0,차대차 - 측면직각충돌,안전거리미확보,건조,맑음,단일로 - 기타,승용,여,45세,상해없음,승용,남,47세,경상
2015041500100262,2015년 4월 15일 12시,수요일,부산광역시 부산진구 양정동,경상사고,0,0,1,0,차대사람 - 길가장자리구역통행중,안전운전불이행,건조,맑음,단일로 - 기타,승용,남,19세,상해없음,보행자,여,20세,경상
2015041500100263,2015년 4월 15일 12시,수요일,부산광역시 사하구 괴정동,경상사고,0,0,1,0,차대차 - 측면직각충돌,안전거리미확보,건조,맑음,단일로 - 기타,승용,남,63세,상해없음,승용,여,25세,경상
2015041500100295,2015년 4월 15일 13시,수요일,부산광역시 중구 남포동4가,경상사고,0,0,1,0,차대차 - 기타,신호위반,건조,맑음,교차로 - 교차로안,승용,남,47세,상해없음,승용,여,47세,경상
2015041500100296,2015년 4월 15일 13시,수요일,부산광역시 해운대구 우동,경상사고,0,0,1,0,차대차 - 측면직각충돌,교차로운행방법위반,건조,맑음,교차로 - 교차로안,승용,남,35세,상해없음,승용,남,29세,경상
2015041500100297,2015년 4월 15일 13시,수요일,부산광역시 금정구 부곡동,중상사고,0,1,0,0,차대사람 - 길가장자리구역통행중,안전운전불이행,건조,맑음,단일로 - 기타,승용,여,45세,상해없음,보행자,여,64세,상해없음
2015041500100298,2015년 4월 15일 13시,수요일,부산광역시 강서구 대저1동,경상사고,0,0,2,0,차대차 - 기타,안전운전불이행,건조,맑음,단일로 - 기타,화물,남,46세,상해없음,승용,여,49세,경상
2015041500100328,2015년 4월 15일 14시,수요일,부산광역시 사상구 주례동,경상사고,0,0,1,0,차대차 - 측면직각충돌,직진우회전진행방해,건조,맑음,교차로 - 교차로안,승용,남,67세,상해없음,자전거,남,20세,경상
2015041500100361,2015년 4월 15일 15시,수요일,부산광역시 수영구 광안동,경상사고,0,0,1,0,차대차 - 추돌 - 주정차중,안전운전불이행,건조,맑음,단일로 - 기타,승용,남,77세,상해없음,승용,여,36세,경상
2015041500100362,2015년 4월 15일 15시,수요일,부산광역시 부산진구 부전동,중상사고,0,1,0,0,차대차 - 기타,안전운전불이행,건조,맑음,교차로 - 교차로안,이륜,남,62세,중상,승용,남,41세,상해없음
2015041500100363,2015년 4월 15일 15시,수요일,부산광역시 강서구 범방동,경상사고,0,0,2,0,차대차 - 측면직각충돌,안전운전불이행,건조,맑음,단일로 - 기타,건설기계,남,45세,상해없음,승용,남,50세,경상
2015041500100364,2015년 4월 15일 15시,수요일,부산광역시 사상구 학장동,경상사고,0,0,2,0,차대차 - 추돌 - 진행중,안전운전불이행,건조,맑음,단일로 - 기타,승용,남,68세,상해없음,승용,남,59세,상해없음
2015041500100404,2015년 4월 15일 16시,수요일,부산광역시 동구 좌천동,중상사고,0,1,0,0,차대차 - 기타,안전운전불이행,건조,맑음,단일로 - 기타,승용,여,25세,상해없음,이륜,남,67세,중상
2015041500100405,2015년 4월 15일 16시,수요일,부산광역시 서구 암남동,경상사고,0,0,1,0,차대차 - 측면직각충돌,불법유턴,건조,맑음,단일로 - 기타,이륜,남,58세,경상,승용,남,58세,상해없음
2015041500100439,2015년 4월 15일 17시,수요일,부산광역시 남구 대연동,중상사고,0,1,0,0,차대차 - 측면직각충돌,기타,건조,맑음,단일로 - 기타,건설기계,남,55세,상해없음,자전거,남,7세,중상
2015041500100440,2015년 4월 15일 17시,수요일,부산광역시 북구 화명동,중상사고,0,1,0,0,차대차 - 측면직각충돌,안전운전불이행,건조,맑음,단일로 - 기타,승용,여,53세,상해없음,자전거,여,46세,중상
2015041500100441,2015년 4월 15일 17시,수요일,부산광역시 해운대구 반여동,중상사고,0,1,0,0,차대차 - 기타,중앙선침범,건조,맑음,교차로 - 교차로부근,원동기,남,16세,상해없음,승용,남,41세,중상
2015041500100442,2015년 4월 15일 17시,수요일,부산광역시 부산진구 초읍동,경상사고,0,0,1,0,차대사람 - 기타,보행자보호의무위반,건조,맑음,교차로 - 교차로안,승용,여,59세,상해없음,보행자,남,46세,경상
2015041500100480,2015년 4월 15일 18시,수요일,부산광역시 부산진구 양정동,경상사고,0,0,1,0,차대사람 - 횡단중,신호위반,건조,맑음,단일로 - 횡단보도상,승용,여,29세,상해없음,보행자,남,14세,경상
2015041500100481,2015년 4월 15일 18시,수요일,부산광역시 사하구 괴정동,경상사고,0,0,1,0,차대사람 - 길가장자리구역통행중,안전운전불이행,건조,맑음,단일로 - 기타,승용,여,52세,상해없음,보행자,여,36세,경상
2015041500100482,2015년 4월 15일 18시,수요일,부산광역시 연제구 거제동,중상사고,0,1,0,0,차대차 - 측면직각충돌,교차로운행방법위반,건조,맑음,교차로 - 교차로부근,승용,남,57세,상해없음,이륜,남,25세,중상
2015041500100483,2015년 4월 15일 18시,수요일,부산광역시 연제구 연산동,경상사고,0,0,1,0,차대사람 - 횡단중,보행자보호의무위반,건조,맑음,단일로 - 횡단보도상,이륜,남,19세,상해없음,보행자,남,6세,경상
2015041500100517,2015년 4월 15일 19시,수요일,부산광역시 수영구 광안동,경상사고,0,0,1,0,차대차 - 추돌 - 진행중,안전운전불이행,건조,맑음,단일로 - 횡단보도부근,승용,남,63세,상해없음,승용,남,30세,경상
2015041500100518,2015년 4월 15일 19시,수요일,부산광역시 부산진구 전포동,경상사고,0,0,2,0,차대사람 - 기타,안전운전불이행,건조,맑음,단일로 - 기타,승용,여,25세,상해없음,보행자,남,52세,경상
2015041500100546,2015년 4월 15일 20시,수요일,부산광역시 서구 서대신동1가,경상사고,0,0,1,0,차대사람 - 차도통행중,안전운전불이행,건조,맑음,단일로 - 기타,화물,남,55세,상해없음,보행자,남,6세,경상
2015041500100547,2015년 4월 15일 20시,수요일,부산광역시 동래구 명륜동,중상사고,0,1,0,0,차대사람 - 차도통행중,안전운전불이행,건조,맑음,단일로 - 기타,승용,여,62세,상해없음,보행자,여,77세,중상
2015041500100548,2015년 4월 15일 20시,수요일,부산광역시 해운대구 우동,경상사고,0,0,1,0,차대차 - 측면직각충돌,기타,기타,기타,단일로 - 기타,승용,남,27세,상해없음,이륜,남,59세,경상
2015041500100584,2015년 4월 15일 21시,수요일,부산광역시 중구 대청동4가,중상사고,0,1,0,0,차대차 - 측면직각충돌,안전운전불이행,건조,맑음,단일로 - 기타,승용,남,44세,상해없음,이륜,남,16세,중상
2015041500100585,2015년 4월 15일 21시,수요일,부산광역시 부산진구 개금동,경상사고,0,0,1,0,차대사람 - 기타,안전운전불이행,건조,맑음,기타 - 기타,승용,남,37세,상해없음,보행자,남,50세,경상
2015041500100586,2015년 4월 15일 21시,수요일,부산광역시 부산진구 부암동,중상사고,0,1,2,0,차대차 - 기타,안전운전불이행,건조,맑음,교차로 - 교차로안,승합,남,31세,상해없음,승용,남,53세,중상
2015041500100587,2015년 4월 15일 21시,수요일,부산광역시 금정구 노포동,중상사고,0,1,0,0,차대사람 - 횡단중,안전운전불이행,건조,맑음,단일로 - 기타,승용,남,41세,상해없음,보행자,남,50세,중상
2015041500100588,2015년 4월 15일 21시,수요일,부산광역시 연제구 연산동,경상사고,0,0,1,0,차대차 - 측면직각충돌,안전거리미확보,건조,맑음,단일로 - 기타,승용,남,45세,기타불명,이륜,남,24세,경상
2015041500100619,2015년 4월 15일 22시,수요일,부산광역시 서구 동대신동1가,중상사고,0,8,1,0,차대차 - 정면충돌,신호위반,건조,맑음,교차로 - 교차로안,승용,남,54세,중상,승합,남,67세,경상
2015041500100620,2015년 4월 15일 22시,수요일,부산광역시 해운대구 재송동,중상사고,0,2,1,0,차대차 - 추돌 - 주정차중,안전운전불이행,건조,맑음,교차로 - 교차로부근,승용,남,51세,상해없음,승용,남,61세,중상
2015041600100004,2015년 4월 16일 00시,목요일,부산광역시 사상구 괘법동,중상사고,0,1,0,1,차대차 - 측면직각충돌,신호위반,건조,맑음,교차로 - 교차로안,승용,남,48세,상해없음,승용,남,47세,부상신고
2015041600100019,2015년 4월 16일 01시,목요일,부산광역시 동래구 온천동,중상사고,0,1,0,0,차량단독 - 공작물충돌,안전운전불이행,건조,맑음,단일로 - 기타,이륜,남,19세,상해없음,,,,
2015041600100044,2015년 4월 16일 03시,목요일,부산광역시 사상구 모라동,경상사고,0,0,2,0,차대차 - 측면직각충돌,안전거리미확보,건조,맑음,교차로 - 교차로부근,원동기,남,18세,경상,승용,남,36세,경상
2015041600100053,2015년 4월 16일 04시,목요일,부산광역시 북구 화명동,중상사고,0,1,1,0,차대차 - 측면직각충돌,신호위반,건조,맑음,단일로 - 기타,승용,남,52세,상해없음,이륜,남,19세,중상
2015041600100054,2015년 4월 16일 04시,목요일,부산광역시 동래구 낙민동,경상사고,0,0,1,0,차대차 - 추돌 - 진행중,안전거리미확보,건조,맑음,단일로 - 기타,승용,남,47세,상해없음,화물,남,64세,경상
2015041600100066,2015년 4월 16일 05시,목요일,부산광역시 해운대구 우동,경상사고,0,0,1,0,차대사람 - 기타,안전운전불이행,건조,맑음,단일로 - 기타,승용,남,24세,상해없음,보행자,남,38세,경상
2015041600100090,2015년 4월 16일 07시,목요일,부산광역시 사상구 주례동,중상사고,0,1,0,0,차대차 - 기타,안전운전불이행,건조,맑음,단일로 - 기타,화물,기타불명,기타불명,기타불명,자전거,남,68세,중상
2015041600100131,2015년 4월 16일 08시,목요일,부산광역시 강서구 미음동,중상사고,0,1,1,0,차대차 - 측면직각충돌,안전운전불이행,건조,맑음,교차로 - 교차로안,승용,남,76세,상해없음,화물,남,57세,상해없음
2015041600100132,2015년 4월 16일 08시,목요일,부산광역시 사상구 학장동,경상사고,0,0,1,0,차대차 - 정면충돌,안전운전불이행,건조,맑음,단일로 - 기타,화물,남,75세,상해없음,자전거,남,25세,경상
2015041600100165,2015년 4월 16일 09시,목요일,부산광역시 수영구 광안동,중상사고,0,1,0,0,차대사람 - 길가장자리구역통행중,안전운전불이행,건조,맑음,단일로 - 기타,승용,남,74세,상해없음,보행자,여,74세,중상
2015041600100166,2015년 4월 16일 09시,목요일,부산광역시 동래구 온천동,경상사고,0,0,2,0,차대차 - 추돌 - 진행중,안전거리미확보,건조,맑음,단일로 - 기타,승용,남,34세,상해없음,승용,남,23세,경상
2015041600100167,2015년 4월 16일 09시,목요일,부산광역시 사하구 다대동,경상사고,0,0,1,0,차대차 - 측면직각충돌,신호위반,건조,맑음,교차로 - 교차로안,승용,남,32세,상해없음,승합,남,63세,경상
2015041600100187,2015년 4월 16일 10시,목요일,부산광역시 동래구 명륜동,경상사고,0,0,1,0,차대사람 - 보도통행중,기타,건조,맑음,단일로 - 기타,승용,여,35세,상해없음,보행자,여,35세,경상
2015041600100188,2015년 4월 16일 10시,목요일,부산광역시 부산진구 범천동,경상사고,0,0,2,0,차대차 - 측면직각충돌,안전거리미확보,건조,맑음,단일로 - 기타,특수,남,40세,상해없음,승용,남,27세,경상
2015041600100189,2015년 4월 16일 10시,목요일,부산광역시 금정구 부곡동,중상사고,0,1,0,0,차대사람 - 횡단중,안전운전불이행,건조,맑음,교차로 - 교차로부근,화물,남,53세,상해없음,보행자,남,53세,중상
2015041600100212,2015년 4월 16일 11시,목요일,부산광역시 동구 좌천동,경상사고,0,0,1,0,차대사람 - 횡단중,안전운전불이행,건조,맑음,단일로 - 기타,화물,남,30세,상해없음,보행자,여,43세,경상
2015041600100213,2015년 4월 16일 11시,목요일,부산광역시 남구 대연동,경상사고,0,0,1,0,차대사람 - 횡단중,안전운전불이행,건조,맑음,교차로 - 교차로안,화물,남,44세,상해없음,보행자,여,75세,경상
2015041600100240,2015년 4월 16일 12시,목요일,부산광역시 동래구 사직동,경상사고,0,0,3,0,차대차 - 측면직각충돌,안전운전불이행,건조,맑음,교차로 - 교차로부근,승용,여,37세,상해없음,승용,여,31세,경상
2015041600100260,2015년 4월 16일 13시,목요일,부산광역시 해운대구 반여동,중상사고,0,1,0,0,차대사람 - 횡단중,안전운전불이행,건조,맑음,교차로 - 교차로부근,이륜,남,24세,상해없음,보행자,남,67세,중상
2015041600100261,2015년 4월 16일 13시,목요일,부산광역시 사상구 주례동,중상사고,0,1,0,0,차대사람 - 기타,안전운전불이행,건조,맑음,단일로 - 횡단보도부근,승용,남,63세,상해없음,보행자,남,13세,중상
2015041600100262,2015년 4월 16일 13시,목요일,부산광역시 사하구 괴정동,경상사고,0,0,1,0,차대차 - 측면직각충돌,신호위반,건조,맑음,단일로 - 기타,이륜,여,51세,경상,승용,남,67세,상해없음
2015041600100287,2015년 4월 16일 14시,목요일,부산광역시 사하구 당리동,경상사고,0,0,1,0,차대차 - 추돌 - 주정차중,안전운전불이행,건조,맑음,단일로 - 기타,승용,남,33세,상해없음,승용,여,34세,경상
2015041600100288,2015년 4월 16일 14시,목요일,부산광역시 사하구 신평동,경상사고,0,0,1,0,차대차 - 추돌 - 주정차중,안전운전불이행,건조,맑음,단일로 - 기타,승용,남,61세,상해없음,승용,남,56세,경상
2015041600100289,2015년 4월 16일 14시,목요일,부산광역시 연제구 거제동,중상사고,0,1,0,0,차량단독 - 기타,안전운전불이행,건조,맑음,단일로 - 기타,승합,남,60세,상해없음,,,,
2015041600100323,2015년 4월 16일 15시,목요일,부산광역시 사하구 감천동,중상사고,0,1,0,0,차대차 - 측면직각충돌,교차로운행방법위반,건조,맑음,단일로 - 기타,승용,남,69세,상해없음,이륜,남,52세,중상
2015041600100324,2015년 4월 16일 15시,목요일,부산광역시 사상구 학장동,중상사고,0,1,0,0,차대차 - 측면직각충돌,차로위반,건조,맑음,단일로 - 기타,승용,남,56세,상해없음,이륜,남,23세,중상
2015041600100363,2015년 4월 16일 16시,목요일,부산광역시 강서구 명지동,경상사고,0,0,1,0,차대차 - 추돌 - 진행중,중앙선침범,건조,맑음,교차로 - 교차로부근,승용,남,39세,상해없음,승합,남,46세,상해없음
2015041600100364,2015년 4월 16일 16시,목요일,부산광역시 강서구 대저2동,부상신고사고,0,0,0,1,차대차 - 추돌 - 진행중,안전운전불이행,건조,맑음,단일로 - 기타,승용,남,52세,상해없음,승합,남,68세,상해없음
2015041600100401,2015년 4월 16일 17시,목요일,부산광역시 금정구 남산동,경상사고,0,0,1,0,차대차 - 기타,신호위반,건조,맑음,단일로 - 기타,원동기,남,16세,상해없음,승용,여,33세,상해없음
2015041600100445,2015년 4월 16일 18시,목요일,부산광역시 해운대구 중동,경상사고,0,0,1,0,차대사람 - 횡단중,보행자보호의무위반,건조,맑음,단일로 - 횡단보도상,승용,남,37세,상해없음,보행자,여,28세,경상
2015041600100446,2015년 4월 16일 18시,목요일,부산광역시 부산진구 양정동,경상사고,0,0,1,0,차대차 - 기타,안전운전불이행,건조,맑음,교차로 - 교차로부근,승용,남,24세,상해없음,승용,남,36세,경상