사고번호,사고일시,요일,시군구,사고내용,사망자수,중상자수,경상자수,부상신고자수,사고유형,법규위반,노면상태,기상상태,도로형태,가해운전자 차종,가해운전자 성별,가해운전자 연령,가해운전자 상해정도,피해운전자 차종,피해운전자 성별,피해운전자 연령,피해운전자 상해정도
2015041600100447,2015년 4월 16일 18시,목요일,부산광역시 금정구 서동,경상사고,0,0,1,0,차대차 - 추돌 - 주정차중,안전운전불이행,건조,맑음,단일로 - 기타,승용,남,69세,상해없음,승용,여,25세,경상
2015041600100479,2015년 4월 16일 19시,목요일,부산광역시 해운대구 중동,경상사고,0,0,1,0,차대사람 - 횡단중,안전운전불이행,건조,맑음,단일로 - 기타,승용,남,60세,상해없음,보행자,남,31세,경상
2015041600100480,2015년 4월 16일 19시,목요일,부산광역시 금정구 구서동,경상사고,0,0,3,0,차대차 - 측면직각충돌,안전운전불이행,건조,맑음,교차로 - 교차로안,승용,남,67세,상해없음,승용,여,34세,경상
2015041600100506,2015년 4월 16일 20시,목요일,부산광역시 북구 화명동,중상사고,0,1,0,0,차대차 - 측면직각충돌,안전운전불이행,건조,맑음,단일로 - 기타,화물,남,62세,상해없음,자전거,남,51세,중상
2015041600100508,2015년 4월 16일 20시,목요일,부산광역시 금정구 부곡동,부상신고사고,0,0,0,1,차대차 - 측면직각충돌,직진우회전진행방해,습기,흐림,교차로 - 교차로안,승용,남,39세,상해없음,원동기,남,20세,부상신고
2015041600100509,2015년 4월 16일 20시,목요일,부산광역시 금정구 구서동,부상신고사고,0,0,0,1,차대사람 - 기타,안전운전불이행,건조,맑음,단일로 - 기타,승합,남,42세,상해없음,보행자,여,50세,부상신고
2015041600100537,2015년 4월 16일 21시,목요일,부산광역시 기장군 정관면,경상사고,0,0,1,0,차대차 - 정면충돌,교차로운행방법위반,건조,맑음,교차로 - 교차로안,이륜,남,32세,상해없음,이륜,여,36세,경상
2015041600100567,2015년 4월 16일 22시,목요일,부산광역시 사상구 모라동,경상사고,0,0,1,0,차대차 - 측면직각충돌,신호위반,건조,흐림,교차로 - 교차로안,승용,기타불명,기타불명,기타불명,승용,남,42세,경상
2015041700100003,2015년 4월 17일 00시,금요일,부산광역시 부산진구 부전동,중상사고,0,1,0,0,차대차 - 기타,차로위반,건조,맑음,단일로 - 기타,승용,남,60세,상해없음,이륜,남,23세,중상
2015041700100004,2015년 4월 17일 00시,금요일,부산광역시 부산진구 양정동,중상사고,0,1,0,0,차대차 - 기타,안전운전불이행,건조,맑음,교차로 - 교차로안,승용,남,33세,상해없음,승용,여,30세,중상
2015041700100005,2015년 4월 17일 00시,금요일,부산광역시 연제구 거제동,중상사고,0,1,0,0,차대사람 - 보도통행중,보행자보호의무위반,건조,맑음,단일로 - 기타,승용,남,67세,상해없음,보행자,남,32세,중상
2015041700100033,2015년 4월 17일 02시,금요일,부산광역시 사하구 감천동,사망사고,1,0,1,1,차대사람 - 기타,신호위반,건조,맑음,교차로 - 교차로안,승용,남,61세,상해없음,보행자,남,63세,사망
2015041700100042,2015년 4월 17일 03시,금요일,부산광역시 수영구 남천동,경상사고,0,0,1,0,차대사람 - 길가장자리구역통행중,안전운전불이행,습기,흐림,단일로 - 기타,원동기,남,40세,상해없음,보행자,남,56세,경상
2015041700100062,2015년 4월 17일 06시,금요일,부산광역시 부산진구 부전동,경상사고,0,0,1,0,차대차 - 측면직각충돌,교차로운행방법위반,건조,맑음,교차로 - 교차로안,승용,남,29세,상해없음,이륜,남,19세,경상
2015041700100075,2015년 4월 17일 07시,금요일,부산광역시 중구 남포동4가,경상사고,0,0,1,0,차대차 - 추돌 - 주정차중,안전운전불이행,건조,맑음,단일로 - 기타,승용,남,24세,상해없음,이륜,남,58세,경상
2015041700100076,2015년 4월 17일 07시,금요일,부산광역시 사하구 하단동,경상사고,0,0,1,0,차대사람 - 기타,교차로운행방법위반,습기,비,단일로 - 기타,화물,남,66세,상해없음,보행자,남,23세,경상
2015041700100106,2015년 4월 17일 08시,금요일,부산광역시 해운대구 석대동,경상사고,0,0,1,0,차대차 - 추돌 - 진행중,안전거리미확보,건조,맑음,단일로 - 기타,화물,남,25세,상해없음,승용,남,24세,경상
2015041700100107,2015년 4월 17일 08시,금요일,부산광역시 부산진구 부암동,중상사고,0,1,0,0,차대차 - 기타,안전운전불이행,건조,맑음,단일로 - 기타,이륜,남,58세,중상,승용,남,56세,상해없음
2015041700100173,2015년 4월 17일 09시,금요일,부산광역시 부산진구 부암동,중상사고,0,1,0,0,차대차 - 기타,중앙선침범,건조,맑음,단일로 - 기타,이륜,남,66세,중상,승용,남,23세,상해없음
2015041700100174,2015년 4월 17일 09시,금요일,부산광역시 강서구 봉림동,경상사고,0,0,1,0,차대차 - 측면직각충돌,신호위반,건조,맑음,교차로 - 교차로안,화물,남,59세,상해없음,승용,남,32세,경상
2015041700100221,2015년 4월 17일 10시,금요일,부산광역시 기장군 일광면,경상사고,0,0,2,0,차대차 - 추돌 - 주정차중,안전운전불이행,건조,맑음,교차로 - 교차로부근,승용,여,37세,상해없음,승용,여,33세,경상
2015041700100222,2015년 4월 17일 10시,금요일,부산광역시 기장군 장안읍,중상사고,0,1,0,0,차대사람 - 차도통행중,안전운전불이행,건조,맑음,교차로 - 교차로부근,승용,여,39세,상해없음,보행자,여,62세,중상
2015041700100253,2015년 4월 17일 11시,금요일,부산광역시 서구 충무동1가,경상사고,0,0,1,0,차대차 - 측면직각충돌,안전거리미확보,건조,맑음,단일로 - 기타,승용,남,48세,상해없음,이륜,남,34세,경상
2015041700100278,2015년 4월 17일 12시,금요일,부산광역시 금정구 구서동,중상사고,0,1,0,0,차대차 - 추돌 - 주정차중,안전운전불이행,건조,맑음,단일로 - 기타,승용,남,66세,상해없음,승용,남,36세,중상
2015041700100372,2015년 4월 17일 15시,금요일,부산광역시 사하구 다대동,경상사고,0,0,1,0,차대사람 - 기타,안전운전불이행,건조,맑음,교차로 - 교차로안,화물,남,34세,상해없음,보행자,여,63세,경상
2015041700100460,2015년 4월 17일 17시,금요일,부산광역시 남구 용당동,중상사고,0,1,0,0,차대차 - 추돌 - 진행중,차로위반,건조,맑음,교차로 - 교차로안,승용,남,37세,중상,화물,남,48세,상해없음
2015041700100461,2015년 4월 17일 17시,금요일,부산광역시 부산진구 가야동,중상사고,0,1,0,0,차량단독 - 기타,안전운전불이행,건조,맑음,교차로 - 교차로부근,승합,남,45세,상해없음,,,,
2015041700100462,2015년 4월 17일 17시,금요일,부산광역시 금정구 구서동,경상사고,0,0,1,0,차대차 - 측면직각충돌,안전운전불이행,건조,맑음,교차로 - 교차로부근,자전거,남,17세,경상,승용,남,58세,상해없음
2015041700100463,2015년 4월 17일 17시,금요일,부산광역시 강서구 송정동,경상사고,0,0,1,0,차대차 - 추돌 - 진행중,중앙선침범,건조,맑음,단일로 - 기타,화물,남,51세,상해없음,승용,남,29세,경상
2015041700100512,2015년 4월 17일 18시,금요일,부산광역시 영도구 청학동,경상사고,0,0,1,0,차대차 - 기타,안전운전불이행,건조,맑음,단일로 - 기타,화물,남,57세,상해없음,승용,남,51세,경상
2015041700100513,2015년 4월 17일 18시,금요일,부산광역시 부산진구 가야동,중상사고,0,1,0,0,차대사람 - 횡단중,보행자보호의무위반,건조,맑음,단일로 - 횡단보도상,승용,여,48세,상해없음,보행자,여,10세,중상
2015041700100514,2015년 4월 17일 18시,금요일,부산광역시 연제구 연산동,중상사고,0,2,0,0,차량단독 - 공작물충돌,안전운전불이행,건조,맑음,단일로 - 기타,원동기,남,16세,중상,,,,
2015041700100559,2015년 4월 17일 19시,금요일,부산광역시 수영구 수영동,중상사고,0,1,0,0,차대사람 - 차도통행중,안전운전불이행,건조,맑음,단일로 - 기타,화물,남,46세,상해없음,보행자,여,35세,중상
2015041700100560,2015년 4월 17일 19시,금요일,부산광역시 수영구 수영동,중상사고,0,1,0,1,차대차 - 추돌 - 진행중,안전운전불이행,건조,맑음,단일로 - 기타,화물,남,40세,상해없음,승용,남,60세,중상
2015041700100601,2015년 4월 17일 20시,금요일,부산광역시 북구 구포동,경상사고,0,0,1,0,차대차 - 기타,안전운전불이행,건조,맑음,단일로 - 기타,승용,여,39세,상해없음,승용,남,27세,경상
2015041700100602,2015년 4월 17일 20시,금요일,부산광역시 해운대구 우동,경상사고,0,0,1,0,차대차 - 기타,차로위반,건조,맑음,교차로 - 교차로부근,승용,남,31세,상해없음,승용,남,36세,경상
2015041700100670,2015년 4월 17일 22시,금요일,부산광역시 북구 화명동,경상사고,0,0,1,0,차대사람 - 횡단중,안전운전불이행,건조,맑음,단일로 - 기타,승용,남,55세,상해없음,보행자,남,7세,경상
2015041700100671,2015년 4월 17일 22시,금요일,부산광역시 영도구 남항동1가,경상사고,0,0,2,0,차대차 - 추돌 - 진행중,중앙선침범,건조,맑음,단일로 - 기타,승용,남,50세,상해없음,승용,남,60세,경상
2015041700100706,2015년 4월 17일 23시,금요일,부산광역시 금정구 부곡동,중상사고,0,1,0,0,차대차 - 추돌 - 진행중,교차로운행방법위반,건조,맑음,교차로 - 교차로안,승용,남,18세,상해없음,승용,여,42세,중상
2015041800100006,2015년 4월 18일 00시,토요일,부산광역시 남구 대연동,중상사고,0,1,0,0,차대차 - 측면직각충돌,중앙선침범,건조,맑음,교차로 - 교차로부근,승용,남,69세,상해없음,원동기,남,17세,중상
2015041800100007,2015년 4월 18일 00시,토요일,부산광역시 북구 구포동,경상사고,0,0,1,0,차대차 - 기타,차로위반,건조,맑음,단일로 - 기타,승용,남,21세,경상,승용,남,44세,상해없음
2015041800100008,2015년 4월 18일 00시,토요일,부산광역시 동래구 온천동,경상사고,0,0,1,0,차대차 - 측면직각충돌,교차로운행방법위반,건조,맑음,교차로 - 교차로안,승용,여,57세,상해없음,이륜,남,54세,경상
2015041800100009,2015년 4월 18일 00시,토요일,부산광역시 부산진구 개금동,중상사고,0,1,0,0,차량단독 - 공작물충돌,안전운전불이행,건조,맑음,단일로 - 기타,승용,여,60세,상해없음,,,,
2015041800100010,2015년 4월 18일 00시,토요일,부산광역시 금정구 부곡동,경상사고,0,0,2,0,차대차 - 추돌 - 진행중,안전거리미확보,건조,맑음,단일로 - 기타,이륜,남,25세,상해없음,승용,남,67세,경상
2015041800100042,2015년 4월 18일 01시,토요일,부산광역시 중구 부평동1가,경상사고,0,0,1,0,차대사람 - 횡단중,안전운전불이행,건조,맑음,단일로 - 기타,승용,남,62세,상해없음,보행자,여,53세,경상
2015041800100043,2015년 4월 18일 01시,토요일,부산광역시 북구 화명동,경상사고,0,0,1,0,차대차 - 추돌 - 주정차중,안전운전불이행,건조,맑음,단일로 - 기타,승용,남,24세,상해없음,승용,남,28세,경상
2015041800100044,2015년 4월 18일 01시,토요일,부산광역시 사하구 신평동,중상사고,0,1,0,0,차대차 - 기타,신호위반,건조,맑음,교차로 - 교차로안,승용,남,36세,상해없음,승용,남,43세,중상
2015041800100063,2015년 4월 18일 02시,토요일,부산광역시 부산진구 양정동,중상사고,0,1,0,0,차대차 - 측면직각충돌,신호위반,건조,맑음,교차로 - 교차로안,승용,남,33세,상해없음,승용,남,50세,중상
2015041800100064,2015년 4월 18일 02시,토요일,부산광역시 연제구 거제동,경상사고,0,0,2,0,차대차 - 추돌 - 진행중,과속,건조,맑음,단일로 - 기타,승용,남,39세,경상,승용,남,62세,상해없음
2015041800100083,2015년 4월 18일 03시,토요일,부산광역시 중구 부평동1가,경상사고,0,0,2,1,차대차 - 측면직각충돌,신호위반,건조,맑음,교차로 - 교차로안,승용,남,66세,상해없음,승용,남,66세,경상
2015041800100109,2015년 4월 18일 05시,토요일,부산광역시 남구 우암동,중상사고,0,1,0,0,차대사람 - 차도통행중,안전운전불이행,건조,맑음,단일로 - 기타,승용,남,38세,상해없음,보행자,남,58세,중상
2015041800100119,2015년 4월 18일 06시,토요일,부산광역시 기장군 정관면,경상사고,0,0,4,0,차대차 - 추돌 - 주정차중,안전운전불이행,습기,비,교차로 - 교차로부근,승용,남,38세,경상,승합,남,48세,경상
2015041800100159,2015년 4월 18일 08시,토요일,부산광역시 해운대구 우동,경상사고,0,0,2,0,차대차 - 정면충돌,신호위반,건조,맑음,교차로 - 교차로안,이륜,남,67세,상해없음,승용,남,34세,경상
2015041800100160,2015년 4월 18일 08시,토요일,부산광역시 사하구 구평동,경상사고,0,0,1,0,차대차 - 추돌 - 진행중,안전운전불이행,건조,맑음,단일로 - 기타,화물,남,59세,상해없음,승용,남,24세,경상
2015041800100161,2015년 4월 18일 08시,토요일,부산광역시 사상구 모라동,중상사고,0,4,1,0,차대차 - 측면직각충돌,신호위반,건조,기타,교차로 - 교차로안,승용,남,46세,중상,승용,여,48세,경상
2015041800100162,2015년 4월 18일 08시,토요일,부산광역시 사상구 엄궁동,경상사고,0,0,1,0,차대차 - 측면직각충돌,안전운전불이행,건조,맑음,단일로 - 기타,승용,남,57세,상해없음,승용,여,64세,경상
2015041800100186,2015년 4월 18일 09시,토요일,부산광역시 동래구 온천동,중상사고,0,1,0,0,차대사람 - 차도통행중,안전운전불이행,건조,맑음,단일로 - 기타,승용,남,28세,상해없음,보행자,남,35세,중상
2015041800100187,2015년 4월 18일 09시,토요일,부산광역시 사상구 덕포동,경상사고,0,0,1,0,차대차 - 측면직각충돌,교차로운행방법위반,건조,맑음,교차로 - 교차로부근,승용,여,31세,상해없음,이륜,여,52세,경상
2015041800100217,2015년 4월 18일 10시,토요일,부산광역시 강서구 대저1동,경상사고,0,0,1,0,차대차 - 측면직각충돌,신호위반,건조,맑음,교차로 - 교차로안,화물,남,50세,상해없음,승합,남,53세,경상
2015041800100244,2015년 4월 18일 11시,토요일,부산광역시 부산진구 부전동,중상사고,0,1,0,0,차대사람 - 횡단중,중앙선침범,건조,맑음,단일로 - 기타,승용,남,66세,상해없음,보행자,여,69세,중상
2015041800100245,2015년 4월 18일 11시,토요일,부산광역시 사상구 감전동,경상사고,0,0,1,0,차대차 - 측면직각충돌,신호위반,건조,맑음,교차로 - 교차로안,승용,남,67세,상해없음,승용,남,59세,경상
2015041800100278,2015년 4월 18일 12시,토요일,부산광역시 남구 대연동,경상사고,0,0,1,0,차대차 - 측면직각충돌,교차로운행방법위반,건조,맑음,교차로 - 교차로안,원동기,남,22세,상해없음,자전거,남,48세,경상
2015041800100279,2015년 4월 18일 12시,토요일,부산광역시 사상구 모라동,중상사고,0,1,3,0,차대차 - 추돌 - 진행중,안전거리미확보,건조,맑음,미분류 - 미분류,화물,남,43세,상해없음,승용,남,20세,중상
2015041800100313,2015년 4월 18일 13시,토요일,부산광역시 수영구 남천동,경상사고,0,0,1,0,차대차 - 추돌 - 진행중,차로위반,건조,맑음,기타 - 기타,승용,여,41세,상해없음,승용,여,35세,경상
2015041800100314,2015년 4월 18일 13시,토요일,부산광역시 해운대구 송정동,중상사고,0,1,0,0,차대차 - 기타,안전거리미확보,건조,맑음,단일로 - 기타,승용,남,44세,상해없음,승용,남,56세,상해없음
2015041800100315,2015년 4월 18일 13시,토요일,부산광역시 강서구 명지동,중상사고,0,1,0,0,차대차 - 기타,안전운전불이행,건조,맑음,교차로 - 교차로부근,승합,남,52세,상해없음,건설기계,남,57세,중상
2015041800100348,2015년 4월 18일 14시,토요일,부산광역시 동래구 사직동,경상사고,0,0,1,0,차대차 - 측면직각충돌,안전운전불이행,건조,맑음,단일로 - 기타,승용,여,27세,상해없음,승용,남,34세,경상
2015041800100349,2015년 4월 18일 14시,토요일,부산광역시 부산진구 당감동,경상사고,0,0,1,0,차대차 - 기타,안전운전불이행,건조,맑음,미분류 - 미분류,승용,남,49세,상해없음,화물,남,34세,상해없음
2015041800100350,2015년 4월 18일 14시,토요일,부산광역시 금정구 남산동,부상신고사고,0,0,0,2,차대차 - 측면직각충돌,안전운전불이행,건조,맑음,교차로 - 교차로안,승용,남,45세,부상신고,승용,남,48세,상해없음
2015041800100388,2015년 4월 18일 15시,토요일,부산광역시 남구 대연동,경상사고,0,0,1,0,차대차 - 추돌 - 주정차중,안전운전불이행,건조,맑음,단일로 - 기타,승용,남,46세,상해없음,승용,남,44세,경상
2015041800100389,2015년 4월 18일 15시,토요일,부산광역시 부산진구 개금동,중상사고,0,2,1,0,차대차 - 기타,안전운전불이행,건조,맑음,단일로 - 기타,승용,여,44세,상해없음,승합,남,40세,상해없음
2015041800100418,2015년 4월 18일 16시,토요일,부산광역시 북구 구포동,경상사고,0,0,1,0,차대차 - 기타,교차로운행방법위반,건조,맑음,교차로 - 교차로안,승용,남,54세,상해없음,이륜,남,52세,경상
2015041800100453,2015년 4월 18일 17시,토요일,부산광역시 사하구 괴정동,중상사고,0,1,0,0,차대사람 - 기타,안전운전불이행,건조,맑음,단일로 - 기타,화물,남,77세,상해없음,보행자,여,63세,중상
2015041800100490,2015년 4월 18일 18시,토요일,부산광역시 사하구 신평동,경상사고,0,0,1,0,차대차 - 기타,안전운전불이행,건조,맑음,단일로 - 기타,승용,남,68세,상해없음,화물,남,44세,경상
2015041800100530,2015년 4월 18일 19시,토요일,부산광역시 수영구 남천동,경상사고,0,0,1,0,차대사람 - 길가장자리구역통행중,안전운전불이행,건조,흐림,단일로 - 기타,승용,남,33세,상해없음,보행자,남,47세,경상
2015041800100531,2015년 4월 18일 19시,토요일,부산광역시 동래구 복천동,경상사고,0,0,1,0,차대사람 - 횡단중,안전운전불이행,습기,비,교차로 - 교차로안,승용,남,39세,상해없음,보행자,여,58세,경상
2015041800100532,2015년 4월 18일 19시,토요일,부산광역시 강서구 대저1동,경상사고,0,0,1,0,차대차 - 추돌 - 진행중,차로위반,건조,맑음,단일로 - 기타,승용,여,55세,상해없음,승합,남,49세,상해없음
2015041800100566,2015년 4월 18일 20시,토요일,부산광역시 동래구 온천동,중상사고,0,1,0,0,차대사람 - 횡단중,안전운전불이행,습기,비,교차로 - 교차로안,승용,남,47세,상해없음,보행자,여,54세,중상
2015041800100567,2015년 4월 18일 20시,토요일,부산광역시 부산진구 연지동,경상사고,0,0,1,0,차대사람 - 기타,보행자보호의무위반,습기,비,교차로 - 교차로부근,승용,남,62세,상해없음,보행자,여,17세,경상
2015041800100602,2015년 4월 18일 21시,토요일,부산광역시 동래구 온천동,중상사고,0,1,0,0,차량단독 - 기타,기타,습기,비,단일로 - 기타,승합,남,42세,상해없음,,,,
2015041800100603,2015년 4월 18일 21시,토요일,부산광역시 영도구 봉래동3가,경상사고,0,0,1,0,차대사람 - 기타,안전운전불이행,습기,비,단일로 - 횡단보도부근,이륜,남,53세,상해없음,보행자,여,53세,경상
2015041800100631,2015년 4월 18일 22시,토요일,부산광역시 남구 용당동,중상사고,0,2,0,0,차대차 - 추돌 - 진행중,중앙선침범,습기,비,단일로 - 기타,승합,남,42세,상해없음,승용,남,28세,중상
2015041800100632,2015년 4월 18일 22시,토요일,부산광역시 남구 문현동,경상사고,0,0,1,0,차대사람 - 길가장자리구역통행중,안전운전불이행,습기,흐림,교차로 - 교차로부근,승용,남,51세,상해없음,보행자,남,37세,경상
2015041800100633,2015년 4월 18일 22시,토요일,부산광역시 수영구 광안동,경상사고,0,0,2,0,차대차 - 추돌 - 진행중,안전운전불이행,습기,비,단일로 - 기타,승용,남,24세,기타불명,승용,남,29세,경상
2015041800100634,2015년 4월 18일 22시,토요일,부산광역시 북구 덕천동,경상사고,0,0,1,0,차대차 - 기타,신호위반,습기,비,교차로 - 교차로안,원동기,남,23세,상해없음,원동기,남,19세,경상
2015041800100635,2015년 4월 18일 22시,토요일,부산광역시 부산진구 초읍동,경상사고,0,0,2,0,차대차 - 기타,안전운전불이행,습기,비,단일로 - 기타,승용,남,46세,상해없음,화물,남,54세,경상
2015041800100661,2015년 4월 18일 23시,토요일,부산광역시 사상구 괘법동,경상사고,0,0,1,0,차대사람 - 횡단중,보행자보호의무위반,습기,비,단일로 - 횡단보도상,승용,남,27세,상해없음,보행자,남,41세,경상
2015041900100008,2015년 4월 19일 00시,일요일,부산광역시 남구 대연동,경상사고,0,0,1,0,차대차 - 추돌 - 진행중,안전운전불이행,습기,비,교차로 - 교차로부근,화물,남,40세,상해없음,이륜,남,24세,경상
2015041900100009,2015년 4월 19일 00시,일요일,부산광역시 남구 대연동,중상사고,0,2,1,0,차대차 - 정면충돌,중앙선침범,습기,비,단일로 - 기타,승용,남,40세,상해없음,승용,여,28세,중상
2015041900100010,2015년 4월 19일 00시,일요일,부산광역시 해운대구 송정동,중상사고,0,1,1,0,차대사람 - 횡단중,안전운전불이행,습기,비,교차로 - 교차로부근,원동기,남,23세,경상,보행자,여,58세,중상
2015041900100011,2015년 4월 19일 00시,일요일,부산광역시 연제구 거제동,경상사고,0,0,4,0,차대차 - 추돌 - 주정차중,안전운전불이행,습기,비,단일로 - 기타,승용,남,45세,상해없음,승용,남,46세,경상
2015041900100012,2015년 4월 19일 00시,일요일,부산광역시 연제구 연산동,중상사고,0,1,1,0,차대사람 - 횡단중,안전운전불이행,습기,맑음,단일로 - 기타,승용,여,47세,상해없음,보행자,남,56세,중상
2015041900100049,2015년 4월 19일 01시,일요일,부산광역시 연제구 연산동,경상사고,0,0,1,0,차대사람 - 길가장자리구역통행중,안전운전불이행,건조,맑음,단일로 - 기타,승용,남,45세,상해없음,보행자,남,33세,경상
2015041900100071,2015년 4월 19일 02시,일요일,부산광역시 해운대구 반여동,경상사고,0,0,1,0,차대차 - 추돌 - 주정차중,안전운전불이행,습기,비,단일로 - 기타,승용,남,66세,상해없음,승용,남,26세,경상
2015041900100092,2015년 4월 19일 03시,일요일,부산광역시 중구 부평동3가,경상사고,0,0,2,0,차대차 - 기타,안전운전불이행,습기,비,단일로 - 기타,승합,남,29세,상해없음,승용,남,60세,상해없음
2015041900100106,2015년 4월 19일 04시,일요일,부산광역시 서구 아미동2가,경상사고,0,0,6,0,차대차 - 정면충돌,중앙선침범,습기,비,단일로 - 기타,승용,남,29세,경상,승용,남,51세,경상
2015041900100107,2015년 4월 19일 04시,일요일,부산광역시 동래구 사직동,중상사고,0,1,1,0,차대차 - 측면직각충돌,안전운전불이행,습기,비,미분류 - 미분류,승용,남,60세,상해없음,승용,남,50세,중상
2015041900100142,2015년 4월 19일 07시,일요일,부산광역시 남구 대연동,경상사고,0,0,1,0,차대차 - 측면직각충돌,신호위반,습기,비,교차로 - 교차로안,승용,기타불명,기타불명,기타불명,승용,남,59세,상해없음
2015041900100143,2015년 4월 19일 07시,일요일,부산광역시 해운대구 재송동,중상사고,0,2,2,0,차대차 - 측면직각충돌,신호위반,건조,맑음,교차로 - 교차로안,승용,여,63세,상해없음,승용,남,59세,중상
2015041900100153,2015년 4월 19일 08시,일요일,부산광역시 남구 우암동,중상사고,0,1,3,1,차량단독 - 공작물충돌,안전운전불이행,습기,비,단일로 - 기타,승합,남,66세,경상,,,,
2015041900100154,2015년 4월 19일 08시,일요일,부산광역시 부산진구 연지동,사망사고,1,2,1,0,차대차 - 측면직각충돌,중앙선침범,습기,맑음,교차로 - 교차로부근,승용,남,61세,사망,승용,여,53세,중상
2015041900100168,2015년 4월 19일 09시,일요일,부산광역시 남구 용호동,경상사고,0,0,1,0,차대차 - 측면직각충돌,교차로운행방법위반,건조,맑음,교차로 - 교차로안,승용,남,67세,상해없음,화물,남,46세,경상
2015041900100169,2015년 4월 19일 09시,일요일,부산광역시 연제구 연산동,경상사고,0,0,1,0,차대사람 - 길가장자리구역통행중,안전운전불이행,습기,비,단일로 - 기타,승용,남,38세,상해없음,보행자,남,63세,경상
2015041900100188,2015년 4월 19일 10시,일요일,부산광역시 북구 만덕동,중상사고,0,1,0,0,차대사람 - 횡단중,보행자보호의무위반,습기,비,교차로 - 교차로안,화물,여,54세,상해없음,보행자,여,52세,중상
2015041900100243,2015년 4월 19일 12시,일요일,부산광역시 서구 남부민동,중상사고,0,1,0,0,차량단독 - 기타,기타,습기,비,단일로 - 기타,승합,남,53세,상해없음,,,,
2015041900100244,2015년 4월 19일 12시,일요일,부산광역시 남구 대연동,경상사고,0,0,2,0,차대차 - 추돌 - 주정차중,안전운전불이행,건조,맑음,단일로 - 교량,승용,남,28세,상해없음,승용,남,44세,경상
2015041900100245,2015년 4월 19일 12시,일요일,부산광역시 동래구 안락동,경상사고,0,0,1,0,차대차 - 측면직각충돌,직진우회전진행방해,건조,맑음,교차로 - 교차로안,승용,여,72세,기타불명,승용,남,62세,경상
2015041900100246,2015년 4월 19일 12시,일요일,부산광역시 사하구 신평동,경상사고,0,0,1,0,차대차 - 기타,안전운전불이행,건조,맑음,교차로 - 교차로안,승용,남,32세,상해없음,원동기,남,29세,경상
2015041900100300,2015년 4월 19일 14시,일요일,부산광역시 기장군 정관면,경상사고,0,0,1,0,차대차 - 추돌 - 주정차중,안전운전불이행,습기,비,단일로 - 기타,승용,남,42세,경상,승합,남,69세,상해없음
2015041900100330,2015년 4월 19일 15시,일요일,부산광역시 해운대구 우동,경상사고,0,0,1,0,차대차 - 기타,안전운전불이행,습기,비,단일로 - 기타,승합,남,49세,상해없음,승용,남,25세,경상
2015041900100331,2015년 4월 19일 15시,일요일,부산광역시 사하구 괴정동,경상사고,0,0,2,1,차대차 - 기타,안전운전불이행,습기,맑음,단일로 - 기타,승용,남,30세,상해없음,승용,여,30세,경상
2015041900100397,2015년 4월 19일 17시,일요일,부산광역시 동래구 안락동,중상사고,0,1,0,0,차량단독 - 공작물충돌,안전운전불이행,건조,맑음,단일로 - 기타,승합,남,40세,상해없음,,,,
2015041900100451,2015년 4월 19일 19시,일요일,부산광역시 북구 구포동,중상사고,0,1,0,0,차대사람 - 차도통행중,안전운전불이행,습기,비,교차로 - 교차로안,승용,남,49세,상해없음,보행자,남,53세,중상
2015041900100452,2015년 4월 19일 19시,일요일,부산광역시 부산진구 부암동,경상사고,0,0,1,0,차대차 - 측면직각충돌,신호위반,습기,비,교차로 - 교차로안,승용,남,22세,상해없음,승용,여,36세,경상
2015041900100453,2015년 4월 19일 19시,일요일,부산광역시 부산진구 당감동,부상신고사고,0,0,0,1,차대차 - 추돌 - 진행중,안전운전불이행,기타,비,단일로 - 기타,승용,기타불명,기타불명,기타불명,승용,여,53세,부상신고
2015041900100454,2015년 4월 19일 19시,일요일,부산광역시 사하구 장림동,중상사고,0,1,1,0,차대차 - 기타,안전운전불이행,습기,비,단일로 - 기타,승용,남,51세,상해없음,승용,남,58세,경상
2015041900100455,2015년 4월 19일 19시,일요일,부산광역시 사상구 감전동,중상사고,0,1,0,0,차대사람 - 횡단중,안전운전불이행,습기,비,단일로 - 기타,승합,남,58세,상해없음,보행자,남,46세,중상
2015041900100456,2015년 4월 19일 19시,일요일,부산광역시 사상구 모라동,중상사고,0,1,0,0,차대사람 - 횡단중,안전운전불이행,습기,비,단일로 - 기타,승용,남,52세,상해없음,보행자,남,55세,중상
2015041900100500,2015년 4월 19일 20시,일요일,부산광역시 남구 용당동,중상사고,0,1,0,0,차대사람 - 횡단중,신호위반,습기,비,교차로 - 교차로안,승용,여,61세,상해없음,보행자,여,47세,중상
2015041900100501,2015년 4월 19일 20시,일요일,부산광역시 동래구 안락동,경상사고,0,0,1,0,차대사람 - 차도통행중,안전운전불이행,습기,비,단일로 - 횡단보도상,승용,남,36세,상해없음,보행자,남,51세,경상
2015041900100502,2015년 4월 19일 20시,일요일,부산광역시 해운대구 좌동,경상사고,0,0,2,0,차대차 - 추돌 - 진행중,안전거리미확보,습기,비,교차로 - 교차로부근,승용,여,27세,상해없음,승용,남,33세,경상
2015041900100546,2015년 4월 19일 21시,일요일,부산광역시 해운대구 반여동,경상사고,0,0,1,0,차량단독 - 공작물충돌,안전운전불이행,기타,비,단일로 - 기타,이륜,남,19세,경상,,,,