사고번호,사고일시,요일,시군구,사고내용,사망자수,중상자수,경상자수,부상신고자수,사고유형,법규위반,노면상태,기상상태,도로형태,가해운전자 차종,가해운전자 성별,가해운전자 연령,가해운전자 상해정도,피해운전자 차종,피해운전자 성별,피해운전자 연령,피해운전자 상해정도
2015041900100547,2015년 4월 19일 21시,일요일,부산광역시 금정구 부곡동,중상사고,0,1,0,0,차대사람 - 횡단중,안전운전불이행,습기,맑음,단일로 - 기타,승용,남,56세,상해없음,보행자,남,18세,중상
2015041900100548,2015년 4월 19일 21시,일요일,부산광역시 금정구 남산동,경상사고,0,0,3,2,차대차 - 추돌 - 주정차중,안전운전불이행,습기,비,단일로 - 기타,승용,남,46세,부상신고,승용,남,29세,경상
2015041900100549,2015년 4월 19일 21시,일요일,부산광역시 강서구 녹산동,경상사고,0,0,1,0,차대차 - 추돌 - 주정차중,안전운전불이행,습기,비,단일로 - 기타,승용,남,46세,상해없음,승용,여,38세,경상
2015041900100579,2015년 4월 19일 22시,일요일,부산광역시 중구 동광동4가,경상사고,0,0,1,3,차대사람 - 차도통행중,안전운전불이행,건조,맑음,단일로 - 기타,승용,남,45세,상해없음,보행자,남,52세,경상
2015041900100580,2015년 4월 19일 22시,일요일,부산광역시 해운대구 재송동,경상사고,0,0,1,0,차대차 - 측면직각충돌,중앙선침범,습기,비,교차로 - 교차로부근,화물,남,54세,상해없음,승용,남,56세,경상
2015041900100581,2015년 4월 19일 22시,일요일,부산광역시 사하구 장림동,중상사고,0,1,0,0,차대차 - 측면직각충돌,신호위반,건조,맑음,교차로 - 교차로안,승용,남,51세,상해없음,이륜,남,30세,중상
2015041900100582,2015년 4월 19일 22시,일요일,부산광역시 사상구 주례동,중상사고,0,1,2,0,차대차 - 추돌 - 주정차중,안전거리미확보,습기,비,미분류 - 미분류,승용,여,24세,상해없음,화물,남,61세,중상
2015041900100609,2015년 4월 19일 23시,일요일,부산광역시 남구 우암동,경상사고,0,0,1,0,차대사람 - 횡단중,신호위반,습기,비,교차로 - 교차로부근,승용,남,41세,상해없음,보행자,남,65세,경상
2015041900100610,2015년 4월 19일 23시,일요일,부산광역시 북구 화명동,경상사고,0,0,2,0,차대차 - 추돌 - 진행중,안전운전불이행,건조,맑음,단일로 - 교량,승용,남,42세,상해없음,승용,남,64세,경상
2015041900100611,2015년 4월 19일 23시,일요일,부산광역시 사하구 당리동,경상사고,0,0,1,0,차대차 - 추돌 - 주정차중,교차로운행방법위반,습기,비,단일로 - 기타,승용,남,56세,상해없음,승용,남,30세,경상
2015041900100612,2015년 4월 19일 23시,일요일,부산광역시 기장군 일광면,경상사고,0,0,1,0,차대차 - 정면충돌,중앙선침범,건조,맑음,단일로 - 기타,승용,남,33세,상해없음,승용,남,43세,경상
2015042000100018,2015년 4월 20일 01시,월요일,부산광역시 해운대구 중동,중상사고,0,3,0,0,차대사람 - 횡단중,보행자보호의무위반,습기,비,단일로 - 횡단보도상,승용,남,34세,상해없음,보행자,남,37세,중상
2015042000100029,2015년 4월 20일 02시,월요일,부산광역시 해운대구 반여동,경상사고,0,0,1,0,차대차 - 기타,안전거리미확보,기타,맑음,단일로 - 기타,화물,남,46세,상해없음,승용,남,63세,경상
2015042000100035,2015년 4월 20일 03시,월요일,부산광역시 부산진구 가야동,중상사고,0,1,0,1,차대차 - 기타,중앙선침범,습기,비,단일로 - 기타,승용,남,29세,부상신고,화물,남,49세,중상
2015042000100076,2015년 4월 20일 07시,월요일,부산광역시 동구 초량동,경상사고,0,0,3,0,차대차 - 측면직각충돌,교차로운행방법위반,습기,비,교차로 - 교차로안,승용,남,64세,경상,승용,남,52세,경상
2015042000100077,2015년 4월 20일 07시,월요일,부산광역시 동구 범일동,경상사고,0,0,2,0,차대사람 - 횡단중,신호위반,습기,비,교차로 - 교차로부근,승용,남,60세,상해없음,보행자,여,46세,경상
2015042000100078,2015년 4월 20일 07시,월요일,부산광역시 금정구 구서동,경상사고,0,0,1,0,차대차 - 추돌 - 진행중,안전거리미확보,습기,비,교차로 - 교차로부근,승용,남,41세,상해없음,승용,남,71세,경상
2015042000100079,2015년 4월 20일 07시,월요일,부산광역시 사하구 다대동,경상사고,0,0,3,0,차대차 - 기타,안전운전불이행,습기,비,단일로 - 기타,승용,남,34세,상해없음,승용,남,42세,경상
2015042000100103,2015년 4월 20일 08시,월요일,부산광역시 남구 용호동,중상사고,0,2,1,0,차대차 - 측면직각충돌,중앙선침범,습기,비,단일로 - 기타,승용,여,62세,상해없음,승용,남,45세,중상
2015042000100104,2015년 4월 20일 08시,월요일,부산광역시 해운대구 중동,경상사고,0,0,1,0,차대차 - 측면직각충돌,신호위반,습기,비,교차로 - 교차로안,승합,남,59세,상해없음,승용,여,24세,경상
2015042000100105,2015년 4월 20일 08시,월요일,부산광역시 사하구 신평동,경상사고,0,0,1,0,차대차 - 기타,안전운전불이행,건조,맑음,단일로 - 기타,승용,남,54세,상해없음,승용,남,46세,경상
2015042000100106,2015년 4월 20일 08시,월요일,부산광역시 수영구 망미동,중상사고,0,1,0,0,차대사람 - 횡단중,보행자보호의무위반,습기,비,단일로 - 횡단보도상,승용,여,53세,상해없음,보행자,여,46세,중상
2015042000100153,2015년 4월 20일 09시,월요일,부산광역시 중구 부평동1가,중상사고,0,1,0,0,차대차 - 기타,안전운전불이행,습기,비,교차로 - 교차로안,승용,기타불명,기타불명,기타불명,승용,남,69세,상해없음
2015042000100154,2015년 4월 20일 09시,월요일,부산광역시 해운대구 좌동,경상사고,0,0,1,0,차대사람 - 횡단중,보행자보호의무위반,습기,맑음,단일로 - 횡단보도상,승용,여,45세,상해없음,보행자,남,61세,경상
2015042000100179,2015년 4월 20일 10시,월요일,부산광역시 동구 범일동,중상사고,0,1,0,0,차량단독 - 기타,안전운전불이행,습기,비,단일로 - 기타,승합,남,55세,상해없음,,,,
2015042000100180,2015년 4월 20일 10시,월요일,부산광역시 서구 초장동,중상사고,0,1,0,0,차량단독 - 기타,안전운전불이행,건조,맑음,단일로 - 기타,승합,남,60세,상해없음,,,,
2015042000100181,2015년 4월 20일 10시,월요일,부산광역시 영도구 청학동,중상사고,0,1,1,0,차대차 - 추돌 - 진행중,안전거리미확보,습기,비,단일로 - 횡단보도부근,승용,남,57세,상해없음,승용,남,28세,경상
2015042000100205,2015년 4월 20일 11시,월요일,부산광역시 해운대구 송정동,경상사고,0,0,1,1,차대차 - 추돌 - 주정차중,안전운전불이행,습기,비,단일로 - 기타,승용,남,23세,상해없음,승용,여,35세,경상
2015042000100206,2015년 4월 20일 11시,월요일,부산광역시 사하구 다대동,중상사고,0,1,0,0,차대사람 - 기타,교차로운행방법위반,습기,비,교차로 - 교차로안,승용,남,60세,상해없음,보행자,여,81세,중상
2015042000100222,2015년 4월 20일 12시,월요일,부산광역시 연제구 연산동,중상사고,0,1,0,0,차대사람 - 횡단중,안전운전불이행,습기,비,교차로 - 교차로안,승용,여,38세,상해없음,보행자,여,79세,중상
2015042000100249,2015년 4월 20일 13시,월요일,부산광역시 금정구 구서동,경상사고,0,0,1,0,차대사람 - 횡단중,안전거리미확보,습기,비,단일로 - 기타,건설기계,남,30세,상해없음,보행자,남,62세,경상
2015042000100250,2015년 4월 20일 13시,월요일,부산광역시 강서구 대저1동,경상사고,0,0,1,0,차대차 - 추돌 - 진행중,안전운전불이행,건조,맑음,단일로 - 기타,승용,남,57세,상해없음,승용,여,46세,경상
2015042000100277,2015년 4월 20일 14시,월요일,부산광역시 동래구 낙민동,경상사고,0,0,1,0,차대차 - 추돌 - 진행중,교차로운행방법위반,건조,맑음,교차로 - 교차로안,승용,남,61세,상해없음,승용,여,41세,경상
2015042000100278,2015년 4월 20일 14시,월요일,부산광역시 동래구 명륜동,경상사고,0,0,1,0,차대차 - 측면직각충돌,안전거리미확보,습기,흐림,단일로 - 기타,승합,남,34세,상해없음,승용,남,58세,상해없음
2015042000100279,2015년 4월 20일 14시,월요일,부산광역시 영도구 영선동4가,중상사고,0,3,7,0,차대차 - 측면직각충돌,신호위반,건조,맑음,교차로 - 교차로안,화물,남,46세,상해없음,승합,남,47세,경상
2015042000100280,2015년 4월 20일 14시,월요일,부산광역시 금정구 부곡동,중상사고,0,1,0,0,차대차 - 측면직각충돌,안전운전불이행,습기,비,단일로 - 기타,승용,남,45세,상해없음,원동기,남,31세,중상
2015042000100311,2015년 4월 20일 15시,월요일,부산광역시 남구 대연동,중상사고,0,1,0,0,차대사람 - 길가장자리구역통행중,안전운전불이행,습기,비,교차로 - 교차로부근,승용,여,53세,상해없음,보행자,여,90세 이상,중상
2015042000100312,2015년 4월 20일 15시,월요일,부산광역시 기장군 기장읍,경상사고,0,0,2,0,차대차 - 측면직각충돌,안전운전불이행,습기,흐림,교차로 - 교차로안,승용,남,67세,상해없음,화물,남,60세,경상
2015042000100347,2015년 4월 20일 16시,월요일,부산광역시 해운대구 반여동,부상신고사고,0,0,0,2,차대사람 - 차도통행중,안전운전불이행,건조,맑음,단일로 - 기타,승용,남,42세,상해없음,보행자,남,14세,부상신고
2015042000100457,2015년 4월 20일 19시,월요일,부산광역시 영도구 영선동3가,중상사고,0,1,2,0,차량단독 - 기타,안전운전불이행,건조,맑음,단일로 - 기타,승합,남,52세,상해없음,,,,
2015042000100490,2015년 4월 20일 20시,월요일,부산광역시 부산진구 개금동,경상사고,0,0,1,0,차대차 - 기타,안전운전불이행,건조,흐림,단일로 - 기타,승용,여,58세,상해없음,이륜,남,24세,경상
2015042000100583,2015년 4월 20일 23시,월요일,부산광역시 북구 덕천동,경상사고,0,0,1,0,차대차 - 측면직각충돌,신호위반,건조,맑음,교차로 - 교차로안,승용,남,58세,상해없음,승용,여,27세,경상
2015042100100012,2015년 4월 21일 00시,화요일,부산광역시 해운대구 반여동,경상사고,0,0,2,0,차대차 - 추돌 - 진행중,안전운전불이행,건조,맑음,교차로 - 교차로안,승용,남,25세,상해없음,승용,남,28세,경상
2015042100100058,2015년 4월 21일 04시,화요일,부산광역시 부산진구 양정동,중상사고,0,1,0,0,차량단독 - 기타,안전운전불이행,건조,맑음,단일로 - 기타,원동기,남,20세,중상,,,,
2015042100100089,2015년 4월 21일 07시,화요일,부산광역시 남구 대연동,중상사고,0,1,0,0,차대차 - 추돌 - 주정차중,안전거리미확보,건조,맑음,단일로 - 기타,승용,남,75세,상해없음,승용,남,38세,중상
2015042100100161,2015년 4월 21일 09시,화요일,부산광역시 동래구 명장동,경상사고,0,0,1,0,차대차 - 추돌 - 주정차중,안전운전불이행,건조,맑음,교차로 - 교차로부근,승용,여,60세,상해없음,승용,남,51세,경상
2015042100100162,2015년 4월 21일 09시,화요일,부산광역시 동래구 온천동,중상사고,0,1,0,0,차량단독 - 기타,기타,건조,맑음,단일로 - 기타,승합,남,54세,상해없음,,,,
2015042100100163,2015년 4월 21일 09시,화요일,부산광역시 부산진구 개금동,경상사고,0,0,1,0,차대차 - 추돌 - 진행중,안전거리미확보,건조,맑음,단일로 - 기타,승용,남,52세,상해없음,승용,남,41세,상해없음
2015042100100231,2015년 4월 21일 11시,화요일,부산광역시 금정구 구서동,중상사고,0,1,0,0,차대차 - 추돌 - 주정차중,안전거리미확보,건조,맑음,교차로 - 교차로안,건설기계,남,56세,상해없음,승용,남,54세,중상
2015042100100232,2015년 4월 21일 11시,화요일,부산광역시 강서구 강동동,중상사고,0,2,0,0,차대차 - 추돌 - 진행중,안전운전불이행,건조,맑음,단일로 - 기타,화물,남,50세,상해없음,승용,남,52세,중상
2015042100100256,2015년 4월 21일 12시,화요일,부산광역시 서구 남부민동,경상사고,0,0,2,0,차대차 - 추돌 - 주정차중,안전운전불이행,건조,맑음,단일로 - 기타,승용,남,50세,상해없음,승용,남,36세,경상
2015042100100257,2015년 4월 21일 12시,화요일,부산광역시 동래구 사직동,중상사고,0,1,0,0,차대사람 - 횡단중,보행자보호의무위반,건조,맑음,단일로 - 횡단보도상,승용,남,44세,상해없음,보행자,여,52세,중상
2015042100100258,2015년 4월 21일 12시,화요일,부산광역시 금정구 부곡동,경상사고,0,0,1,0,차대사람 - 보도통행중,보행자보호의무위반,건조,맑음,단일로 - 기타,승용,남,60세,상해없음,보행자,여,40세,경상
2015042100100259,2015년 4월 21일 12시,화요일,부산광역시 사상구 감전동,중상사고,0,1,0,0,차대차 - 측면직각충돌,교차로운행방법위반,건조,맑음,교차로 - 교차로안,승용,남,40세,상해없음,이륜,남,78세,중상
2015042100100282,2015년 4월 21일 13시,화요일,부산광역시 서구 동대신동2가,경상사고,0,0,2,0,차대차 - 측면직각충돌,안전운전불이행,건조,맑음,교차로 - 교차로부근,승용,남,69세,경상,승용,남,46세,경상
2015042100100283,2015년 4월 21일 13시,화요일,부산광역시 북구 구포동,경상사고,0,0,1,0,차대사람 - 횡단중,신호위반,건조,맑음,교차로 - 교차로안,이륜,남,58세,상해없음,보행자,여,7세,경상
2015042100100284,2015년 4월 21일 13시,화요일,부산광역시 금정구 구서동,경상사고,0,0,1,2,차대차 - 측면직각충돌,안전운전불이행,건조,맑음,교차로 - 교차로안,승용,남,72세,상해없음,원동기,남,17세,부상신고
2015042100100309,2015년 4월 21일 14시,화요일,부산광역시 북구 구포동,중상사고,0,1,0,0,차대차 - 기타,안전운전불이행,건조,맑음,단일로 - 기타,화물,남,56세,상해없음,이륜,남,44세,중상
2015042100100349,2015년 4월 21일 15시,화요일,부산광역시 남구 대연동,경상사고,0,0,1,0,차대사람 - 기타,보행자보호의무위반,건조,맑음,교차로 - 교차로부근,승용,여,52세,상해없음,보행자,남,8세,경상
2015042100100399,2015년 4월 21일 16시,화요일,부산광역시 동래구 명륜동,중상사고,0,1,0,0,차대사람 - 횡단중,안전운전불이행,건조,맑음,단일로 - 기타,화물,남,70세,상해없음,보행자,여,12세,중상
2015042100100400,2015년 4월 21일 16시,화요일,부산광역시 금정구 회동동,경상사고,0,0,2,0,차대차 - 추돌 - 진행중,안전운전불이행,건조,맑음,단일로 - 기타,승용,남,62세,상해없음,승용,여,56세,경상
2015042100100401,2015년 4월 21일 16시,화요일,부산광역시 사상구 주례동,중상사고,0,1,0,0,차량단독 - 전도전복,안전운전불이행,건조,맑음,단일로 - 기타,이륜,여,58세,중상,,,,
2015042100100433,2015년 4월 21일 17시,화요일,부산광역시 부산진구 개금동,경상사고,0,0,1,0,차대사람 - 횡단중,안전운전불이행,건조,맑음,단일로 - 기타,승용,남,54세,상해없음,보행자,여,50세,경상
2015042100100473,2015년 4월 21일 18시,화요일,부산광역시 부산진구 개금동,중상사고,0,1,0,0,차대차 - 기타,안전거리미확보,건조,맑음,단일로 - 기타,승용,남,57세,상해없음,이륜,남,16세,중상
2015042100100514,2015년 4월 21일 19시,화요일,부산광역시 동래구 사직동,경상사고,0,0,1,0,차대차 - 측면직각충돌,안전운전불이행,건조,맑음,단일로 - 기타,승용,남,30세,상해없음,이륜,남,57세,경상
2015042100100582,2015년 4월 21일 21시,화요일,부산광역시 서구 동대신동3가,중상사고,0,1,0,0,차대사람 - 횡단중,안전운전불이행,건조,맑음,교차로 - 교차로부근,승용,남,29세,상해없음,보행자,여,23세,중상
2015042100100583,2015년 4월 21일 21시,화요일,부산광역시 기장군 정관면,부상신고사고,0,0,0,1,차량단독 - 공작물충돌,차로위반,건조,맑음,교차로 - 교차로부근,원동기,남,23세,부상신고,,,,
2015042100100619,2015년 4월 21일 22시,화요일,부산광역시 해운대구 좌동,경상사고,0,0,1,0,차대차 - 기타,교차로운행방법위반,건조,맑음,교차로 - 교차로안,승용,남,56세,상해없음,승용,여,50세,경상
2015042200100007,2015년 4월 22일 00시,수요일,부산광역시 북구 구포동,경상사고,0,0,5,0,차대차 - 기타,안전운전불이행,건조,맑음,기타 - 기타,승용,남,38세,상해없음,화물,남,33세,경상
2015042200100034,2015년 4월 22일 02시,수요일,부산광역시 북구 만덕동,경상사고,0,0,1,0,차대차 - 측면직각충돌,안전운전불이행,건조,맑음,단일로 - 기타,기타불명,기타불명,기타불명,기타불명,이륜,남,31세,경상
2015042200100035,2015년 4월 22일 02시,수요일,부산광역시 부산진구 부전동,중상사고,0,2,6,0,차대차 - 기타,안전운전불이행,건조,맑음,단일로 - 기타,승용,남,40세,상해없음,승합,남,52세,상해없음
2015042200100045,2015년 4월 22일 03시,수요일,부산광역시 사하구 감천동,경상사고,0,0,2,0,차대차 - 기타,안전운전불이행,건조,맑음,단일로 - 기타,승용,남,56세,상해없음,승용,남,18세,경상
2015042200100055,2015년 4월 22일 04시,수요일,부산광역시 수영구 광안동,경상사고,0,0,1,0,차대차 - 측면직각충돌,안전운전불이행,건조,맑음,교차로 - 교차로안,승용,남,18세,상해없음,승용,남,40세,경상
2015042200100101,2015년 4월 22일 08시,수요일,부산광역시 동래구 명륜동,중상사고,0,1,0,0,차대사람 - 횡단중,안전운전불이행,건조,맑음,단일로 - 횡단보도상,승용,남,32세,상해없음,보행자,여,28세,중상
2015042200100102,2015년 4월 22일 08시,수요일,부산광역시 해운대구 재송동,중상사고,0,1,0,0,차대차 - 추돌 - 진행중,교차로운행방법위반,건조,맑음,교차로 - 교차로안,승용,남,72세,상해없음,자전거,남,32세,중상
2015042200100103,2015년 4월 22일 08시,수요일,부산광역시 사하구 신평동,경상사고,0,0,1,0,차대차 - 기타,교차로운행방법위반,건조,맑음,단일로 - 기타,건설기계,남,47세,상해없음,승용,남,54세,경상
2015042200100132,2015년 4월 22일 09시,수요일,부산광역시 동구 범일동,경상사고,0,0,1,0,차대차 - 측면직각충돌,안전거리미확보,건조,기타,단일로 - 기타,화물,남,37세,상해없음,승용,여,36세,경상
2015042200100160,2015년 4월 22일 10시,수요일,부산광역시 남구 문현동,경상사고,0,0,1,0,차대사람 - 길가장자리구역통행중,안전운전불이행,건조,맑음,단일로 - 기타,화물,남,33세,상해없음,보행자,남,50세,경상
2015042200100161,2015년 4월 22일 10시,수요일,부산광역시 연제구 연산동,중상사고,0,1,0,0,차대사람 - 길가장자리구역통행중,안전운전불이행,건조,맑음,단일로 - 기타,승합,남,60세,상해없음,보행자,여,56세,중상
2015042200100162,2015년 4월 22일 10시,수요일,부산광역시 사상구 삼락동,중상사고,0,1,0,0,차대사람 - 차도통행중,안전운전불이행,건조,맑음,교차로 - 교차로안,승용,남,50세,상해없음,보행자,남,66세,중상
2015042200100192,2015년 4월 22일 11시,수요일,부산광역시 북구 구포동,경상사고,0,0,1,0,차대사람 - 횡단중,안전운전불이행,건조,맑음,교차로 - 교차로안,승용,남,51세,상해없음,보행자,남,31세,경상
2015042200100193,2015년 4월 22일 11시,수요일,부산광역시 강서구 송정동,중상사고,0,4,0,0,차대차 - 측면직각충돌,교차로운행방법위반,건조,맑음,교차로 - 교차로안,화물,남,55세,상해없음,화물,남,52세,중상
2015042200100250,2015년 4월 22일 13시,수요일,부산광역시 서구 남부민동,경상사고,0,0,1,0,차대차 - 측면직각충돌,안전운전불이행,건조,맑음,단일로 - 기타,화물,남,48세,상해없음,이륜,남,56세,경상
2015042200100274,2015년 4월 22일 14시,수요일,부산광역시 부산진구 전포동,경상사고,0,0,1,0,차대차 - 기타,안전운전불이행,건조,맑음,단일로 - 기타,승용,남,39세,상해없음,자전거,여,46세,경상
2015042200100275,2015년 4월 22일 14시,수요일,부산광역시 기장군 기장읍,경상사고,0,0,2,0,차대차 - 추돌 - 진행중,안전운전불이행,건조,맑음,단일로 - 기타,승용,여,43세,상해없음,승용,남,48세,경상
2015042200100304,2015년 4월 22일 15시,수요일,부산광역시 동구 수정동,중상사고,0,1,0,0,차대사람 - 기타,안전운전불이행,건조,맑음,단일로 - 횡단보도부근,승용,남,57세,상해없음,보행자,남,74세,중상
2015042200100305,2015년 4월 22일 15시,수요일,부산광역시 서구 충무동1가,경상사고,0,0,1,0,차대사람 - 차도통행중,안전운전불이행,건조,맑음,단일로 - 기타,승용,남,72세,상해없음,보행자,남,76세,경상
2015042200100338,2015년 4월 22일 16시,수요일,부산광역시 남구 대연동,중상사고,0,1,0,0,차대차 - 추돌 - 진행중,교차로운행방법위반,기타,맑음,교차로 - 교차로안,화물,남,37세,상해없음,원동기,남,22세,중상
2015042200100339,2015년 4월 22일 16시,수요일,부산광역시 부산진구 부암동,중상사고,0,1,0,0,차대사람 - 기타,안전운전불이행,건조,맑음,교차로 - 교차로부근,승용,남,65세,상해없음,보행자,여,65세,중상
2015042200100340,2015년 4월 22일 16시,수요일,부산광역시 금정구 구서동,부상신고사고,0,0,0,1,차대사람 - 횡단중,안전운전불이행,건조,맑음,단일로 - 기타,승용,남,66세,상해없음,보행자,남,7세,부상신고
2015042200100341,2015년 4월 22일 16시,수요일,부산광역시 사하구 하단동,중상사고,0,2,0,1,차대차 - 기타,과속,건조,맑음,단일로 - 기타,승용,남,34세,부상신고,승용,남,22세,중상
2015042200100374,2015년 4월 22일 17시,수요일,부산광역시 수영구 광안동,중상사고,0,1,0,0,차대차 - 추돌 - 주정차중,기타,건조,맑음,단일로 - 기타,건설기계,남,61세,상해없음,건설기계,남,54세,상해없음
2015042200100375,2015년 4월 22일 17시,수요일,부산광역시 해운대구 송정동,경상사고,0,0,1,0,차대차 - 측면직각충돌,교차로운행방법위반,건조,맑음,교차로 - 교차로안,승합,남,57세,상해없음,승용,남,19세,경상
2015042200100410,2015년 4월 22일 18시,수요일,부산광역시 부산진구 전포동,경상사고,0,0,1,0,차대사람 - 기타,신호위반,건조,맑음,단일로 - 기타,원동기,남,29세,상해없음,보행자,남,4세,경상
2015042200100411,2015년 4월 22일 18시,수요일,부산광역시 금정구 금사동,중상사고,0,1,0,0,차대차 - 측면직각충돌,안전운전불이행,건조,맑음,교차로 - 교차로안,화물,남,33세,상해없음,자전거,남,18세,중상
2015042200100412,2015년 4월 22일 18시,수요일,부산광역시 사상구 덕포동,경상사고,0,0,1,0,차대차 - 추돌 - 주정차중,안전운전불이행,건조,맑음,단일로 - 기타,화물,남,43세,상해없음,이륜,남,42세,경상
2015042200100462,2015년 4월 22일 19시,수요일,부산광역시 사하구 다대동,경상사고,0,0,1,0,차대차 - 기타,기타,건조,맑음,단일로 - 기타,승용,남,62세,상해없음,이륜,남,26세,경상
2015042200100489,2015년 4월 22일 20시,수요일,부산광역시 남구 대연동,중상사고,0,1,0,0,차대차 - 기타,안전운전불이행,건조,맑음,단일로 - 기타,승용,남,26세,상해없음,승용,여,39세,중상
2015042200100490,2015년 4월 22일 20시,수요일,부산광역시 부산진구 당감동,경상사고,0,0,3,0,차대차 - 추돌 - 주정차중,안전운전불이행,건조,맑음,단일로 - 기타,승용,남,17세,상해없음,승용,여,46세,경상
2015042200100491,2015년 4월 22일 20시,수요일,부산광역시 사상구 삼락동,중상사고,0,1,0,0,차대차 - 측면직각충돌,직진우회전진행방해,건조,맑음,교차로 - 교차로안,승용,남,44세,상해없음,이륜,여,30세,중상
2015042200100520,2015년 4월 22일 21시,수요일,부산광역시 연제구 거제동,경상사고,0,0,1,0,차대차 - 측면직각충돌,안전거리미확보,건조,맑음,단일로 - 기타,승용,남,17세,상해없음,승용,남,57세,상해없음
2015042200100557,2015년 4월 22일 22시,수요일,부산광역시 해운대구 재송동,경상사고,0,0,1,0,차대차 - 추돌 - 주정차중,안전운전불이행,건조,맑음,단일로 - 기타,화물,남,47세,상해없음,승용,남,53세,경상
2015042200100558,2015년 4월 22일 22시,수요일,부산광역시 부산진구 전포동,중상사고,0,1,0,0,차대차 - 기타,안전운전불이행,건조,맑음,교차로 - 교차로부근,자전거,여,28세,중상,승합,남,36세,상해없음
2015042200100559,2015년 4월 22일 22시,수요일,부산광역시 부산진구 당감동,중상사고,0,1,0,0,차대차 - 측면직각충돌,안전운전불이행,건조,맑음,교차로 - 교차로안,이륜,남,45세,중상,승용,남,55세,상해없음
2015042300100029,2015년 4월 23일 01시,목요일,부산광역시 금정구 구서동,중상사고,0,3,0,1,차대차 - 추돌 - 주정차중,안전거리미확보,건조,맑음,단일로 - 기타,승용,남,58세,상해없음,승용,남,37세,중상
2015042300100030,2015년 4월 23일 01시,목요일,부산광역시 연제구 연산동,중상사고,0,1,0,0,차대사람 - 차도통행중,안전운전불이행,건조,맑음,단일로 - 기타,승용,남,62세,상해없음,보행자,여,53세,중상
2015042300100085,2015년 4월 23일 07시,목요일,부산광역시 사하구 장림동,경상사고,0,0,2,0,차대차 - 추돌 - 주정차중,안전운전불이행,건조,맑음,교차로 - 교차로부근,승용,남,67세,상해없음,승합,남,64세,경상
2015042300100086,2015년 4월 23일 07시,목요일,부산광역시 강서구 강동동,경상사고,0,0,1,0,차대사람 - 보도통행중,안전운전불이행,건조,맑음,단일로 - 기타,원동기,남,19세,상해없음,보행자,남,56세,경상
2015042300100087,2015년 4월 23일 07시,목요일,부산광역시 사상구 모라동,중상사고,0,1,0,0,차대차 - 기타,차로위반,건조,맑음,단일로 - 기타,승용,남,57세,상해없음,이륜,남,61세,중상
2015042300100088,2015년 4월 23일 07시,목요일,부산광역시 사상구 모라동,경상사고,0,0,3,0,차대차 - 추돌 - 진행중,안전거리미확보,건조,맑음,단일로 - 기타,승용,남,60세,상해없음,승용,남,54세,상해없음
2015042300100125,2015년 4월 23일 08시,목요일,부산광역시 동구 초량동,중상사고,0,1,0,0,차대차 - 기타,교차로운행방법위반,건조,맑음,교차로 - 교차로안,승용,남,68세,상해없음,승용,남,34세,중상
2015042300100126,2015년 4월 23일 08시,목요일,부산광역시 금정구 장전동,부상신고사고,0,0,0,1,차대차 - 측면직각충돌,교차로운행방법위반,건조,맑음,교차로 - 교차로안,이륜,여,46세,부상신고,승용,여,44세,상해없음
2015042300100177,2015년 4월 23일 09시,목요일,부산광역시 동래구 온천동,경상사고,0,0,1,0,차대차 - 측면직각충돌,안전운전불이행,건조,맑음,교차로 - 교차로안,승용,여,59세,상해없음,승용,여,53세,경상
2015042300100178,2015년 4월 23일 09시,목요일,부산광역시 해운대구 우동,경상사고,0,0,1,0,차대차 - 기타,안전거리미확보,기타,맑음,단일로 - 기타,화물,남,32세,상해없음,승용,남,60세,경상
2015042300100179,2015년 4월 23일 09시,목요일,부산광역시 사하구 하단동,경상사고,0,0,1,0,차대차 - 기타,안전운전불이행,건조,맑음,교차로 - 교차로부근,승용,남,34세,상해없음,승용,남,26세,경상
2015042300100211,2015년 4월 23일 10시,목요일,부산광역시 금정구 장전동,중상사고,0,1,0,0,차대사람 - 횡단중,안전운전불이행,건조,맑음,단일로 - 기타,승용,남,61세,상해없음,보행자,여,66세,중상
2015042300100212,2015년 4월 23일 10시,목요일,부산광역시 금정구 부곡동,중상사고,0,3,0,0,차대차 - 추돌 - 진행중,안전운전불이행,건조,맑음,단일로 - 기타,승용,남,32세,상해없음,승용,여,56세,중상
2015042300100213,2015년 4월 23일 10시,목요일,부산광역시 사상구 학장동,중상사고,0,1,0,0,차대사람 - 보도통행중,보행자보호의무위반,건조,맑음,단일로 - 횡단보도상,화물,남,31세,상해없음,보행자,여,59세,중상
2015042300100243,2015년 4월 23일 11시,목요일,부산광역시 기장군 일광면,중상사고,0,1,0,0,차대차 - 측면직각충돌,안전거리미확보,건조,맑음,단일로 - 기타,기타불명,기타불명,기타불명,기타불명,자전거,남,39세,중상
2015042300100325,2015년 4월 23일 14시,목요일,부산광역시 동래구 낙민동,경상사고,0,0,1,0,차대차 - 측면직각충돌,신호위반,건조,맑음,교차로 - 교차로안,승용,여,46세,상해없음,원동기,남,59세,경상
2015042300100326,2015년 4월 23일 14시,목요일,부산광역시 동래구 명장동,경상사고,0,0,1,0,차대사람 - 횡단중,보행자보호의무위반,건조,맑음,교차로 - 교차로부근,승용,여,29세,상해없음,보행자,남,7세,경상
2015042300100327,2015년 4월 23일 14시,목요일,부산광역시 영도구 동삼동,경상사고,0,0,1,0,차대사람 - 기타,안전운전불이행,건조,맑음,교차로 - 교차로안,승용,남,22세,상해없음,보행자,남,37세,경상