사고번호,사고일시,요일,시군구,사고내용,사망자수,중상자수,경상자수,부상신고자수,사고유형,법규위반,노면상태,기상상태,도로형태,가해운전자 차종,가해운전자 성별,가해운전자 연령,가해운전자 상해정도,피해운전자 차종,피해운전자 성별,피해운전자 연령,피해운전자 상해정도
2015042300100355,2015년 4월 23일 15시,목요일,부산광역시 부산진구 당감동,중상사고,0,1,0,0,차대차 - 기타,안전운전불이행,건조,맑음,단일로 - 기타,승용,여,40세,상해없음,자전거,남,8세,중상
2015042300100393,2015년 4월 23일 16시,목요일,부산광역시 서구 서대신동3가,경상사고,0,0,1,0,차대차 - 측면직각충돌,교차로운행방법위반,건조,맑음,교차로 - 교차로안,이륜,남,40세,경상,승용,여,38세,상해없음
2015042300100394,2015년 4월 23일 16시,목요일,부산광역시 부산진구 부암동,경상사고,0,0,1,0,차대차 - 기타,차로위반,건조,맑음,교차로 - 교차로부근,승합,남,74세,상해없음,승용,남,28세,경상
2015042300100435,2015년 4월 23일 17시,목요일,부산광역시 동구 초량동,경상사고,0,0,1,0,차대차 - 추돌 - 주정차중,안전운전불이행,건조,맑음,단일로 - 기타,승용,남,46세,상해없음,승용,남,28세,경상
2015042300100436,2015년 4월 23일 17시,목요일,부산광역시 남구 대연동,중상사고,0,1,0,0,차대차 - 측면직각충돌,안전운전불이행,건조,맑음,단일로 - 기타,승용,여,51세,상해없음,이륜,남,41세,중상
2015042300100437,2015년 4월 23일 17시,목요일,부산광역시 사하구 장림동,중상사고,0,1,0,0,차대차 - 측면직각충돌,신호위반,건조,맑음,교차로 - 교차로안,승용,남,66세,상해없음,승용,여,37세,중상
2015042300100519,2015년 4월 23일 19시,목요일,부산광역시 남구 대연동,경상사고,0,0,1,0,차대사람 - 차도통행중,안전운전불이행,기타,맑음,기타 - 기타,화물,남,60세,상해없음,보행자,남,22세,경상
2015042300100520,2015년 4월 23일 19시,목요일,부산광역시 북구 구포동,중상사고,0,1,0,0,차대차 - 추돌 - 진행중,신호위반,건조,맑음,교차로 - 교차로안,화물,남,51세,상해없음,승용,남,29세,중상
2015042300100521,2015년 4월 23일 19시,목요일,부산광역시 금정구 구서동,중상사고,0,1,0,0,차대사람 - 횡단중,안전운전불이행,건조,맑음,단일로 - 기타,승용,남,43세,상해없음,보행자,여,57세,중상
2015042300100562,2015년 4월 23일 20시,목요일,부산광역시 사상구 주례동,경상사고,0,0,1,0,차대차 - 측면직각충돌,신호위반,건조,맑음,교차로 - 교차로안,승용,기타불명,기타불명,기타불명,원동기,남,46세,경상
2015042300100563,2015년 4월 23일 20시,목요일,부산광역시 사상구 삼락동,중상사고,0,1,0,0,차대사람 - 횡단중,안전운전불이행,건조,맑음,단일로 - 기타,승용,남,55세,상해없음,보행자,남,1세,중상
2015042300100593,2015년 4월 23일 21시,목요일,부산광역시 북구 덕천동,경상사고,0,0,3,0,차대차 - 측면직각충돌,기타,건조,맑음,교차로 - 교차로안,승용,여,34세,상해없음,화물,남,41세,경상
2015042300100594,2015년 4월 23일 21시,목요일,부산광역시 영도구 남항동2가,중상사고,0,1,0,0,차대사람 - 횡단중,안전운전불이행,건조,맑음,단일로 - 기타,승용,남,44세,상해없음,보행자,남,54세,중상
2015042300100629,2015년 4월 23일 22시,목요일,부산광역시 동래구 명장동,중상사고,0,1,0,0,차대차 - 추돌 - 진행중,안전운전불이행,건조,맑음,교차로 - 교차로부근,승합,남,42세,상해없음,승용,여,58세,중상
2015042300100630,2015년 4월 23일 22시,목요일,부산광역시 부산진구 범천동,경상사고,0,0,1,0,차대차 - 기타,직진우회전진행방해,건조,맑음,교차로 - 교차로부근,승용,여,41세,경상,승용,여,61세,상해없음
2015042300100655,2015년 4월 23일 23시,목요일,부산광역시 수영구 수영동,경상사고,0,0,1,0,차대차 - 추돌 - 진행중,차로위반,기타,맑음,기타 - 기타,승용,남,52세,상해없음,승용,남,26세,상해없음
2015042400100056,2015년 4월 24일 05시,금요일,부산광역시 서구 서대신동1가,경상사고,0,0,2,0,차대차 - 추돌 - 주정차중,안전운전불이행,건조,맑음,단일로 - 기타,승용,여,55세,상해없음,승용,남,31세,경상
2015042400100067,2015년 4월 24일 06시,금요일,부산광역시 연제구 연산동,경상사고,0,0,1,0,차대차 - 추돌 - 진행중,안전거리미확보,건조,맑음,단일로 - 기타,승용,남,62세,상해없음,승용,남,57세,경상
2015042400100068,2015년 4월 24일 06시,금요일,부산광역시 강서구 대저1동,경상사고,0,0,1,1,차대차 - 정면충돌,신호위반,건조,맑음,교차로 - 교차로안,승용,남,37세,부상신고,승용,남,28세,경상
2015042400100085,2015년 4월 24일 07시,금요일,부산광역시 동래구 안락동,경상사고,0,0,1,0,차량단독 - 기타,안전운전불이행,건조,맑음,교차로 - 교차로부근,승합,남,48세,상해없음,,,,
2015042400100086,2015년 4월 24일 07시,금요일,부산광역시 부산진구 전포동,중상사고,0,1,0,0,차대차 - 기타,안전거리미확보,건조,맑음,단일로 - 기타,승용,남,23세,중상,화물,남,56세,상해없음
2015042400100179,2015년 4월 24일 10시,금요일,부산광역시 동구 수정동,경상사고,0,0,1,0,차대차 - 추돌 - 주정차중,안전운전불이행,건조,맑음,단일로 - 기타,화물,남,57세,상해없음,승용,남,32세,경상
2015042400100180,2015년 4월 24일 10시,금요일,부산광역시 사하구 다대동,중상사고,0,1,0,0,차대사람 - 기타,안전운전불이행,건조,맑음,단일로 - 기타,기타불명,기타불명,기타불명,기타불명,보행자,여,76세,중상
2015042400100181,2015년 4월 24일 10시,금요일,부산광역시 강서구 대저2동,경상사고,0,0,1,0,차대차 - 추돌 - 주정차중,안전운전불이행,건조,맑음,단일로 - 기타,화물,남,57세,상해없음,화물,남,58세,상해없음
2015042400100215,2015년 4월 24일 11시,금요일,부산광역시 서구 토성동1가,중상사고,0,1,0,0,차대차 - 기타,안전운전불이행,건조,맑음,단일로 - 기타,승용,남,47세,상해없음,승용,여,33세,중상
2015042400100216,2015년 4월 24일 11시,금요일,부산광역시 동구 범일동,경상사고,0,0,2,0,차대차 - 추돌 - 주정차중,안전운전불이행,건조,맑음,교차로 - 교차로부근,승용,남,67세,상해없음,승용,남,45세,경상
2015042400100217,2015년 4월 24일 11시,금요일,부산광역시 동래구 온천동,중상사고,0,1,0,0,차대사람 - 길가장자리구역통행중,안전운전불이행,건조,맑음,단일로 - 기타,승용,기타불명,기타불명,기타불명,보행자,남,44세,중상
2015042400100218,2015년 4월 24일 11시,금요일,부산광역시 동래구 명륜동,중상사고,0,1,0,0,차대차 - 추돌 - 주정차중,안전운전불이행,건조,맑음,단일로 - 기타,화물,남,61세,상해없음,승용,남,64세,상해없음
2015042400100220,2015년 4월 24일 11시,금요일,부산광역시 사상구 덕포동,중상사고,0,1,0,0,차대차 - 측면직각충돌,중앙선침범,건조,맑음,단일로 - 기타,승용,남,31세,상해없음,자전거,남,68세,중상
2015042400100259,2015년 4월 24일 12시,금요일,부산광역시 서구 서대신동3가,경상사고,0,0,1,0,차대차 - 측면직각충돌,교차로운행방법위반,건조,맑음,교차로 - 교차로안,화물,남,44세,상해없음,이륜,남,39세,경상
2015042400100260,2015년 4월 24일 12시,금요일,부산광역시 부산진구 가야동,경상사고,0,0,1,0,차대사람 - 보도통행중,기타,건조,맑음,단일로 - 기타,승용,남,39세,상해없음,보행자,여,33세,경상
2015042400100291,2015년 4월 24일 13시,금요일,부산광역시 북구 금곡동,경상사고,0,0,1,0,차대사람 - 횡단중,안전운전불이행,건조,맑음,단일로 - 기타,승용,남,44세,상해없음,보행자,남,14세,경상
2015042400100292,2015년 4월 24일 13시,금요일,부산광역시 강서구 대저2동,경상사고,0,0,3,0,차대차 - 추돌 - 주정차중,안전운전불이행,건조,맑음,교차로 - 교차로부근,화물,남,56세,경상,화물,남,40세,경상
2015042400100317,2015년 4월 24일 14시,금요일,부산광역시 중구 동광동2가,중상사고,0,2,1,0,차대사람 - 기타,신호위반,건조,맑음,단일로 - 횡단보도상,승용,남,45세,상해없음,보행자,여,59세,중상
2015042400100318,2015년 4월 24일 14시,금요일,부산광역시 해운대구 송정동,경상사고,0,0,3,0,차대차 - 기타,중앙선침범,건조,맑음,단일로 - 기타,승용,남,72세,상해없음,승용,남,63세,경상
2015042400100319,2015년 4월 24일 14시,금요일,부산광역시 사하구 괴정동,경상사고,0,0,1,0,차대차 - 추돌 - 진행중,안전거리미확보,건조,맑음,교차로 - 교차로부근,화물,남,68세,상해없음,승용,남,63세,경상
2015042400100320,2015년 4월 24일 14시,금요일,부산광역시 강서구 강동동,중상사고,0,1,0,0,차대차 - 추돌 - 주정차중,안전운전불이행,건조,맑음,단일로 - 기타,화물,여,50세,중상,화물,남,43세,상해없음
2015042400100356,2015년 4월 24일 15시,금요일,부산광역시 사상구 덕포동,경상사고,0,0,1,0,차대차 - 측면직각충돌,안전거리미확보,건조,맑음,단일로 - 기타,승용,남,23세,상해없음,승용,남,39세,경상
2015042400100403,2015년 4월 24일 16시,금요일,부산광역시 동래구 사직동,중상사고,0,1,0,0,차대사람 - 횡단중,안전운전불이행,건조,맑음,단일로 - 기타,승용,여,38세,상해없음,보행자,남,13세,중상
2015042400100429,2015년 4월 24일 17시,금요일,부산광역시 해운대구 송정동,경상사고,0,0,2,0,차대차 - 추돌 - 진행중,교차로운행방법위반,건조,맑음,교차로 - 교차로안,승용,남,23세,상해없음,승용,여,30세,경상
2015042400100430,2015년 4월 24일 17시,금요일,부산광역시 연제구 거제동,경상사고,0,0,1,0,차대차 - 기타,안전운전불이행,건조,맑음,단일로 - 기타,승합,남,60세,상해없음,승용,남,69세,상해없음
2015042400100485,2015년 4월 24일 18시,금요일,부산광역시 중구 중앙동6가,경상사고,0,0,1,0,차대차 - 측면직각충돌,안전운전불이행,건조,맑음,단일로 - 기타,승합,남,40세,상해없음,승용,남,65세,경상
2015042400100486,2015년 4월 24일 18시,금요일,부산광역시 해운대구 반송동,중상사고,0,1,0,0,차대차 - 측면직각충돌,교차로운행방법위반,건조,맑음,단일로 - 기타,화물,남,74세,상해없음,승용,남,35세,중상
2015042400100534,2015년 4월 24일 19시,금요일,부산광역시 사상구 괘법동,중상사고,0,1,1,0,차대차 - 측면직각충돌,신호위반,건조,맑음,교차로 - 교차로안,승용,남,55세,상해없음,승용,남,60세,중상
2015042400100591,2015년 4월 24일 20시,금요일,부산광역시 금정구 장전동,경상사고,0,0,1,0,차대사람 - 길가장자리구역통행중,안전운전불이행,건조,맑음,교차로 - 교차로부근,승용,남,55세,상해없음,보행자,남,53세,경상
2015042400100592,2015년 4월 24일 20시,금요일,부산광역시 사하구 감천동,경상사고,0,0,1,0,차대사람 - 기타,안전운전불이행,건조,맑음,단일로 - 기타,승용,남,61세,상해없음,보행자,남,49세,경상
2015042400100628,2015년 4월 24일 21시,금요일,부산광역시 부산진구 개금동,부상신고사고,0,0,0,1,차대차 - 기타,신호위반,건조,맑음,교차로 - 교차로부근,원동기,남,31세,부상신고,승용,남,39세,상해없음
2015042400100629,2015년 4월 24일 21시,금요일,부산광역시 사하구 괴정동,중상사고,0,1,0,0,차대사람 - 기타,안전운전불이행,건조,맑음,단일로 - 기타,승용,남,36세,상해없음,보행자,여,76세,중상
2015042400100672,2015년 4월 24일 22시,금요일,부산광역시 영도구 대교동2가,경상사고,0,0,4,0,차대차 - 측면직각충돌,신호위반,건조,맑음,교차로 - 교차로안,승용,남,33세,상해없음,승합,남,41세,상해없음
2015042400100673,2015년 4월 24일 22시,금요일,부산광역시 연제구 연산동,경상사고,0,0,1,0,차대차 - 측면직각충돌,안전거리미확보,건조,맑음,단일로 - 기타,승용,남,24세,상해없음,원동기,남,17세,경상
2015042400100674,2015년 4월 24일 22시,금요일,부산광역시 사상구 주례동,경상사고,0,0,1,0,차대차 - 측면직각충돌,안전운전불이행,건조,맑음,교차로 - 교차로부근,이륜,남,17세,상해없음,승용,여,42세,상해없음
2015042500100010,2015년 4월 25일 00시,토요일,부산광역시 서구 서대신동3가,경상사고,0,0,2,1,차대차 - 측면직각충돌,신호위반,건조,맑음,교차로 - 교차로안,이륜,남,16세,경상,승용,남,50세,상해없음
2015042500100011,2015년 4월 25일 00시,토요일,부산광역시 사하구 신평동,중상사고,0,1,0,0,차량단독 - 공작물충돌,안전운전불이행,건조,맑음,단일로 - 기타,승용,여,21세,중상,,,,
2015042500100036,2015년 4월 25일 01시,토요일,부산광역시 북구 구포동,중상사고,0,2,2,0,차대차 - 정면충돌,신호위반,건조,맑음,교차로 - 교차로안,승용,남,67세,상해없음,승용,남,47세,경상
2015042500100037,2015년 4월 25일 01시,토요일,부산광역시 동래구 온천동,중상사고,0,1,0,0,차대사람 - 횡단중,안전운전불이행,건조,맑음,단일로 - 기타,승용,남,56세,상해없음,보행자,남,25세,중상
2015042500100038,2015년 4월 25일 01시,토요일,부산광역시 영도구 영선동3가,중상사고,0,2,0,0,차량단독 - 전도전복,안전운전불이행,건조,맑음,단일로 - 기타,이륜,남,26세,중상,,,,
2015042500100039,2015년 4월 25일 01시,토요일,부산광역시 영도구 대교동2가,경상사고,0,0,1,0,차대차 - 측면직각충돌,안전거리미확보,건조,맑음,단일로 - 기타,승용,남,59세,상해없음,이륜,남,19세,경상
2015042500100057,2015년 4월 25일 02시,토요일,부산광역시 수영구 광안동,경상사고,0,0,1,0,차대차 - 추돌 - 주정차중,안전운전불이행,건조,맑음,단일로 - 기타,이륜,남,30세,상해없음,승용,남,64세,경상
2015042500100058,2015년 4월 25일 02시,토요일,부산광역시 사하구 신평동,사망사고,1,0,1,0,차대차 - 정면충돌,중앙선침범,건조,맑음,단일로 - 기타,이륜,남,27세,사망,승용,남,62세,경상
2015042500100059,2015년 4월 25일 02시,토요일,부산광역시 기장군 기장읍,사망사고,1,2,0,0,차량단독 - 공작물충돌,안전운전불이행,건조,맑음,단일로 - 기타,승용,남,24세,중상,,,,
2015042500100097,2015년 4월 25일 05시,토요일,부산광역시 북구 만덕동,중상사고,0,1,1,0,차대차 - 측면직각충돌,안전운전불이행,건조,맑음,단일로 - 기타,승합,남,34세,상해없음,승용,남,51세,경상
2015042500100103,2015년 4월 25일 06시,토요일,부산광역시 수영구 망미동,경상사고,0,0,1,0,차대차 - 추돌 - 진행중,안전운전불이행,건조,맑음,단일로 - 기타,이륜,남,19세,상해없음,승용,남,54세,상해없음
2015042500100123,2015년 4월 25일 07시,토요일,부산광역시 영도구 남항동1가,경상사고,0,0,1,0,차대차 - 측면직각충돌,교차로운행방법위반,건조,맑음,교차로 - 교차로안,화물,남,38세,상해없음,화물,남,64세,경상
2015042500100142,2015년 4월 25일 08시,토요일,부산광역시 사하구 신평동,경상사고,0,0,1,0,차대차 - 추돌 - 진행중,안전운전불이행,건조,맑음,교차로 - 교차로부근,화물,남,50세,상해없음,승용,여,46세,경상
2015042500100165,2015년 4월 25일 09시,토요일,부산광역시 남구 대연동,경상사고,0,0,1,0,차대차 - 추돌 - 진행중,안전거리미확보,건조,맑음,단일로 - 터널,승용,남,36세,상해없음,승용,남,33세,경상
2015042500100166,2015년 4월 25일 09시,토요일,부산광역시 동래구 안락동,경상사고,0,0,2,0,차대차 - 측면직각충돌,불법유턴,건조,맑음,교차로 - 교차로부근,승용,여,37세,상해없음,승합,남,59세,상해없음
2015042500100167,2015년 4월 25일 09시,토요일,부산광역시 해운대구 반송동,중상사고,0,1,0,0,차대차 - 추돌 - 진행중,안전운전불이행,건조,맑음,교차로 - 교차로안,승용,여,52세,중상,화물,남,52세,상해없음
2015042500100209,2015년 4월 25일 10시,토요일,부산광역시 동구 범일동,중상사고,0,1,0,0,차대차 - 측면직각충돌,중앙선침범,건조,맑음,단일로 - 기타,승용,남,56세,상해없음,원동기,남,46세,중상
2015042500100210,2015년 4월 25일 10시,토요일,부산광역시 부산진구 부암동,경상사고,0,0,1,0,차대차 - 측면직각충돌,신호위반,건조,맑음,교차로 - 교차로안,화물,남,60세,상해없음,이륜,남,47세,경상
2015042500100211,2015년 4월 25일 10시,토요일,부산광역시 부산진구 부전동,중상사고,0,1,0,0,차대차 - 기타,안전거리미확보,건조,맑음,단일로 - 기타,승용,남,23세,상해없음,이륜,남,25세,중상
2015042500100212,2015년 4월 25일 10시,토요일,부산광역시 연제구 연산동,경상사고,0,0,3,0,차대차 - 측면직각충돌,중앙선침범,건조,맑음,교차로 - 교차로부근,승용,남,55세,상해없음,승용,여,38세,경상
2015042500100252,2015년 4월 25일 11시,토요일,부산광역시 북구 덕천동,경상사고,0,0,1,0,차대차 - 측면직각충돌,신호위반,건조,맑음,교차로 - 교차로안,승용,기타불명,기타불명,기타불명,승용,여,33세,경상
2015042500100253,2015년 4월 25일 11시,토요일,부산광역시 동래구 사직동,중상사고,0,1,0,0,차대사람 - 길가장자리구역통행중,불법유턴,건조,맑음,단일로 - 기타,승용,남,58세,상해없음,보행자,남,64세,중상
2015042500100254,2015년 4월 25일 11시,토요일,부산광역시 연제구 거제동,부상신고사고,0,0,0,1,차대차 - 측면직각충돌,안전운전불이행,건조,맑음,단일로 - 기타,이륜,남,72세,부상신고,승용,남,45세,상해없음
2015042500100336,2015년 4월 25일 13시,토요일,부산광역시 남구 대연동,경상사고,0,0,1,0,차대차 - 측면직각충돌,안전운전불이행,건조,맑음,단일로 - 기타,승용,남,67세,상해없음,자전거,남,23세,경상
2015042500100337,2015년 4월 25일 13시,토요일,부산광역시 사상구 모라동,경상사고,0,0,1,0,차대차 - 측면직각충돌,신호위반,건조,맑음,교차로 - 교차로안,원동기,남,33세,상해없음,승용,남,56세,경상
2015042500100338,2015년 4월 25일 13시,토요일,부산광역시 사상구 모라동,부상신고사고,0,0,0,1,차대차 - 측면직각충돌,직진우회전진행방해,건조,맑음,교차로 - 교차로안,원동기,남,16세,부상신고,승용,남,31세,상해없음
2015042500100414,2015년 4월 25일 15시,토요일,부산광역시 부산진구 연지동,부상신고사고,0,0,0,1,차대차 - 추돌 - 주정차중,안전거리미확보,건조,맑음,단일로 - 기타,자전거,남,18세,부상신고,승용,남,55세,상해없음
2015042500100454,2015년 4월 25일 16시,토요일,부산광역시 중구 보수동1가,경상사고,0,0,1,0,차대차 - 측면직각충돌,교차로운행방법위반,건조,맑음,교차로 - 교차로안,이륜,남,44세,경상,승용,남,65세,상해없음
2015042500100455,2015년 4월 25일 16시,토요일,부산광역시 사상구 삼락동,중상사고,0,2,1,0,차대차 - 측면직각충돌,차로위반,건조,맑음,교차로 - 교차로부근,승용,남,49세,상해없음,승용,남,69세,상해없음
2015042500100501,2015년 4월 25일 17시,토요일,부산광역시 부산진구 개금동,경상사고,0,0,3,0,차대차 - 기타,차로위반,건조,맑음,단일로 - 기타,승용,여,61세,상해없음,승용,남,46세,경상
2015042500100502,2015년 4월 25일 17시,토요일,부산광역시 부산진구 부전동,중상사고,0,1,0,0,차대사람 - 기타,안전운전불이행,건조,맑음,단일로 - 기타,승합,남,25세,상해없음,보행자,남,57세,중상
2015042500100562,2015년 4월 25일 18시,토요일,부산광역시 금정구 서동,경상사고,0,0,1,0,차대사람 - 길가장자리구역통행중,안전운전불이행,건조,맑음,단일로 - 기타,승합,남,57세,상해없음,보행자,남,23세,경상
2015042500100597,2015년 4월 25일 19시,토요일,부산광역시 동구 좌천동,중상사고,0,1,0,0,차대사람 - 횡단중,안전운전불이행,건조,맑음,단일로 - 기타,승용,남,60세,상해없음,보행자,남,7세,중상
2015042500100599,2015년 4월 25일 19시,토요일,부산광역시 사하구 다대동,경상사고,0,0,1,0,차대차 - 기타,안전운전불이행,건조,맑음,단일로 - 기타,승용,남,23세,상해없음,승용,남,57세,경상
2015042500100600,2015년 4월 25일 19시,토요일,부산광역시 기장군 기장읍,경상사고,0,0,2,0,차대차 - 추돌 - 주정차중,안전거리미확보,건조,맑음,단일로 - 기타,승용,남,50세,상해없음,승용,여,29세,경상
2015042500100688,2015년 4월 25일 21시,토요일,부산광역시 남구 대연동,중상사고,0,1,0,0,차대차 - 측면직각충돌,안전운전불이행,건조,맑음,단일로 - 기타,승용,남,66세,상해없음,승용,남,46세,중상
2015042500100724,2015년 4월 25일 22시,토요일,부산광역시 서구 서대신동2가,중상사고,0,1,0,0,차대차 - 기타,안전운전불이행,건조,맑음,교차로 - 교차로안,승용,남,43세,상해없음,승용,남,55세,중상
2015042500100725,2015년 4월 25일 22시,토요일,부산광역시 남구 대연동,경상사고,0,0,1,0,차대차 - 추돌 - 진행중,안전운전불이행,건조,맑음,단일로 - 기타,승용,여,28세,상해없음,승용,남,54세,경상
2015042500100726,2015년 4월 25일 22시,토요일,부산광역시 수영구 민락동,부상신고사고,0,0,0,3,차대차 - 측면직각충돌,안전운전불이행,건조,맑음,교차로 - 교차로안,승용,남,33세,상해없음,승용,남,20세,부상신고
2015042500100765,2015년 4월 25일 23시,토요일,부산광역시 북구 화명동,경상사고,0,0,3,0,차대차 - 측면직각충돌,신호위반,건조,맑음,단일로 - 기타,승용,남,36세,상해없음,승용,남,52세,경상
2015042500100766,2015년 4월 25일 23시,토요일,부산광역시 동래구 명륜동,중상사고,0,1,0,0,차대사람 - 횡단중,보행자보호의무위반,건조,맑음,단일로 - 횡단보도상,승용,남,51세,상해없음,보행자,남,25세,중상
2015042500100767,2015년 4월 25일 23시,토요일,부산광역시 동래구 안락동,중상사고,0,1,0,0,차대사람 - 횡단중,안전운전불이행,건조,맑음,단일로 - 기타,승용,남,45세,상해없음,보행자,남,37세,중상
2015042500100768,2015년 4월 25일 23시,토요일,부산광역시 해운대구 좌동,중상사고,0,1,0,0,차대사람 - 횡단중,보행자보호의무위반,건조,맑음,교차로 - 교차로안,승용,남,49세,상해없음,보행자,남,48세,중상
2015042500100769,2015년 4월 25일 23시,토요일,부산광역시 부산진구 부전동,중상사고,0,1,0,0,차대차 - 측면직각충돌,안전거리미확보,건조,맑음,단일로 - 기타,승용,남,46세,상해없음,이륜,남,17세,중상
2015042600100029,2015년 4월 26일 01시,일요일,부산광역시 사하구 괴정동,중상사고,0,1,0,0,차대차 - 기타,안전운전불이행,건조,맑음,단일로 - 기타,이륜,여,25세,중상,승용,남,53세,상해없음
2015042600100071,2015년 4월 26일 04시,일요일,부산광역시 부산진구 부전동,경상사고,0,0,1,0,차대사람 - 기타,안전운전불이행,건조,맑음,단일로 - 기타,승용,남,31세,상해없음,보행자,남,22세,경상
2015042600100081,2015년 4월 26일 05시,일요일,부산광역시 동구 초량동,경상사고,0,0,1,0,차대사람 - 기타,안전운전불이행,건조,맑음,단일로 - 기타,승용,남,49세,상해없음,보행자,남,29세,경상
2015042600100082,2015년 4월 26일 05시,일요일,부산광역시 사상구 괘법동,중상사고,0,1,0,0,차대사람 - 횡단중,안전운전불이행,건조,맑음,단일로 - 횡단보도상,승용,남,25세,상해없음,보행자,여,70세,중상
2015042600100094,2015년 4월 26일 06시,일요일,부산광역시 해운대구 좌동,경상사고,0,0,3,1,차대차 - 측면직각충돌,안전거리미확보,건조,맑음,단일로 - 기타,화물,여,66세,상해없음,승용,남,24세,경상
2015042600100175,2015년 4월 26일 11시,일요일,부산광역시 남구 대연동,중상사고,0,1,0,0,차대차 - 추돌 - 진행중,안전운전불이행,건조,맑음,단일로 - 기타,승용,남,33세,상해없음,원동기,남,68세,중상
2015042600100195,2015년 4월 26일 12시,일요일,부산광역시 남구 용호동,경상사고,0,0,1,0,차대사람 - 횡단중,중앙선침범,건조,맑음,단일로 - 기타,자전거,남,13세,상해없음,보행자,남,13세,경상
2015042600100196,2015년 4월 26일 12시,일요일,부산광역시 남구 대연동,경상사고,0,0,1,0,차대차 - 기타,보행자보호의무위반,건조,맑음,교차로 - 교차로부근,승용,남,67세,상해없음,자전거,남,8세,경상
2015042600100197,2015년 4월 26일 12시,일요일,부산광역시 동래구 사직동,경상사고,0,0,1,0,차대차 - 측면직각충돌,차로위반,건조,맑음,단일로 - 기타,승용,남,22세,상해없음,이륜,남,54세,경상
2015042600100198,2015년 4월 26일 12시,일요일,부산광역시 해운대구 송정동,경상사고,0,0,1,0,차대차 - 기타,안전운전불이행,건조,맑음,단일로 - 기타,승용,남,33세,상해없음,이륜,남,23세,경상
2015042600100199,2015년 4월 26일 12시,일요일,부산광역시 해운대구 중동,중상사고,0,2,2,0,차대차 - 추돌 - 진행중,안전운전불이행,건조,맑음,교차로 - 교차로안,승용,남,45세,상해없음,승용,여,35세,중상
2015042600100200,2015년 4월 26일 12시,일요일,부산광역시 부산진구 부암동,경상사고,0,0,2,0,차대차 - 추돌 - 진행중,안전운전불이행,건조,맑음,단일로 - 교량,승용,남,62세,상해없음,승용,남,28세,경상
2015042600100201,2015년 4월 26일 12시,일요일,부산광역시 기장군 장안읍,중상사고,0,1,0,0,차대사람 - 길가장자리구역통행중,안전운전불이행,건조,맑음,단일로 - 기타,화물,남,63세,상해없음,보행자,여,56세,중상
2015042600100288,2015년 4월 26일 15시,일요일,부산광역시 중구 보수동1가,경상사고,0,0,3,0,차대차 - 기타,교차로운행방법위반,건조,맑음,교차로 - 교차로안,승용,남,38세,상해없음,승용,여,33세,경상
2015042600100289,2015년 4월 26일 15시,일요일,부산광역시 부산진구 범전동,경상사고,0,0,1,0,차대차 - 측면직각충돌,안전운전불이행,건조,맑음,단일로 - 기타,승용,여,49세,상해없음,이륜,남,25세,경상
2015042600100290,2015년 4월 26일 15시,일요일,부산광역시 강서구 대저1동,경상사고,0,0,2,0,차대차 - 추돌 - 진행중,안전운전불이행,건조,맑음,단일로 - 기타,화물,남,36세,상해없음,승용,남,35세,경상
2015042600100334,2015년 4월 26일 16시,일요일,부산광역시 동래구 안락동,경상사고,0,0,1,0,차대사람 - 길가장자리구역통행중,안전운전불이행,건조,맑음,단일로 - 기타,자전거,여,23세,상해없음,보행자,여,49세,경상
2015042600100335,2015년 4월 26일 16시,일요일,부산광역시 사상구 엄궁동,경상사고,0,0,1,0,차대차 - 기타,안전운전불이행,건조,맑음,단일로 - 기타,자전거,남,52세,상해없음,자전거,남,23세,경상
2015042600100413,2015년 4월 26일 18시,일요일,부산광역시 해운대구 중동,중상사고,0,1,0,0,차대차 - 추돌 - 진행중,안전운전불이행,건조,맑음,단일로 - 기타,이륜,남,25세,상해없음,승용,남,19세,상해없음
2015042600100449,2015년 4월 26일 19시,일요일,부산광역시 남구 용호동,중상사고,0,1,0,0,차대사람 - 길가장자리구역통행중,기타,건조,맑음,교차로 - 교차로부근,승용,남,56세,상해없음,보행자,여,79세,중상
2015042600100522,2015년 4월 26일 21시,일요일,부산광역시 부산진구 전포동,경상사고,0,0,3,0,차대차 - 측면직각충돌,신호위반,건조,맑음,교차로 - 교차로안,승용,여,29세,상해없음,승용,남,46세,경상
2015042600100551,2015년 4월 26일 22시,일요일,부산광역시 해운대구 반송동,중상사고,0,1,4,0,차대차 - 정면충돌,중앙선침범,건조,맑음,단일로 - 기타,승용,남,48세,상해없음,승용,남,60세,경상
2015042600100552,2015년 4월 26일 22시,일요일,부산광역시 부산진구 개금동,중상사고,0,1,1,0,차대차 - 측면직각충돌,신호위반,건조,맑음,교차로 - 교차로안,승합,남,64세,상해없음,승용,남,61세,경상
2015042600100553,2015년 4월 26일 22시,일요일,부산광역시 부산진구 부암동,경상사고,0,0,1,0,차대차 - 기타,교차로운행방법위반,건조,맑음,교차로 - 교차로안,승용,남,54세,상해없음,승용,남,31세,경상
2015042700100005,2015년 4월 27일 00시,월요일,부산광역시 부산진구 범천동,경상사고,0,0,1,0,차대차 - 추돌 - 진행중,차로위반,건조,맑음,교차로 - 교차로부근,승용,남,43세,상해없음,이륜,남,22세,경상
2015042700100038,2015년 4월 27일 04시,월요일,부산광역시 남구 감만동,경상사고,0,0,1,0,차대차 - 추돌 - 주정차중,안전운전불이행,건조,맑음,단일로 - 기타,이륜,남,32세,상해없음,승용,남,61세,경상