사고번호,사고일시,요일,시군구,사고내용,사망자수,중상자수,경상자수,부상신고자수,사고유형,법규위반,노면상태,기상상태,도로형태,가해운전자 차종,가해운전자 성별,가해운전자 연령,가해운전자 상해정도,피해운전자 차종,피해운전자 성별,피해운전자 연령,피해운전자 상해정도
2015042700100062,2015년 4월 27일 07시,월요일,부산광역시 동래구 온천동,중상사고,0,1,0,0,차대사람 - 횡단중,보행자보호의무위반,건조,맑음,단일로 - 횡단보도상,승용,남,49세,상해없음,보행자,여,72세,중상
2015042700100097,2015년 4월 27일 08시,월요일,부산광역시 해운대구 우동,경상사고,0,0,2,1,차대차 - 추돌 - 진행중,안전운전불이행,건조,맑음,단일로 - 교량,화물,남,38세,상해없음,승용,남,58세,경상
2015042700100098,2015년 4월 27일 08시,월요일,부산광역시 부산진구 범전동,중상사고,0,1,2,0,차대차 - 추돌 - 진행중,안전거리미확보,건조,맑음,단일로 - 기타,승용,남,65세,상해없음,승용,남,36세,경상
2015042700100099,2015년 4월 27일 08시,월요일,부산광역시 사하구 다대동,중상사고,0,1,0,0,차대차 - 측면직각충돌,안전운전불이행,건조,맑음,교차로 - 교차로안,승용,남,54세,상해없음,원동기,남,38세,중상
2015042700100172,2015년 4월 27일 10시,월요일,부산광역시 기장군 기장읍,경상사고,0,0,1,0,차대사람 - 횡단중,안전운전불이행,건조,맑음,교차로 - 교차로안,승합,남,71세,상해없음,보행자,남,76세,경상
2015042700100270,2015년 4월 27일 13시,월요일,부산광역시 중구 영주동,중상사고,0,1,0,0,차대차 - 정면충돌,안전운전불이행,건조,맑음,교차로 - 교차로안,승합,남,57세,상해없음,이륜,남,46세,중상
2015042700100271,2015년 4월 27일 13시,월요일,부산광역시 기장군 기장읍,부상신고사고,0,0,0,1,차대차 - 측면직각충돌,신호위반,건조,맑음,교차로 - 교차로부근,원동기,남,23세,부상신고,승용,남,36세,상해없음
2015042700100310,2015년 4월 27일 14시,월요일,부산광역시 중구 남포동4가,경상사고,0,0,1,0,차량단독 - 기타,안전운전불이행,건조,맑음,단일로 - 기타,이륜,남,61세,경상,,,,
2015042700100311,2015년 4월 27일 14시,월요일,부산광역시 금정구 서동,경상사고,0,0,1,0,차대사람 - 길가장자리구역통행중,기타,건조,맑음,교차로 - 교차로안,승용,여,56세,상해없음,보행자,여,6세,경상
2015042700100312,2015년 4월 27일 14시,월요일,부산광역시 수영구 망미동,경상사고,0,0,1,0,차대차 - 측면직각충돌,안전거리미확보,건조,맑음,단일로 - 기타,원동기,남,17세,경상,승용,여,48세,상해없음
2015042700100350,2015년 4월 27일 15시,월요일,부산광역시 서구 아미동2가,중상사고,0,1,0,0,차대사람 - 횡단중,보행자보호의무위반,건조,맑음,교차로 - 교차로부근,화물,남,30세,상해없음,보행자,남,40세,중상
2015042700100382,2015년 4월 27일 16시,월요일,부산광역시 동래구 안락동,경상사고,0,0,1,0,차대차 - 정면충돌,중앙선침범,건조,맑음,교차로 - 교차로부근,승용,남,60세,상해없음,화물,남,57세,경상
2015042700100384,2015년 4월 27일 16시,월요일,부산광역시 사상구 모라동,경상사고,0,0,1,0,차대차 - 측면직각충돌,안전운전불이행,건조,맑음,기타 - 기타,자전거,남,16세,경상,승용,남,54세,상해없음
2015042700100478,2015년 4월 27일 18시,월요일,부산광역시 서구 남부민동,중상사고,0,1,0,0,차대사람 - 횡단중,중앙선침범,건조,맑음,단일로 - 기타,이륜,남,17세,상해없음,보행자,여,52세,중상
2015042700100479,2015년 4월 27일 18시,월요일,부산광역시 남구 대연동,중상사고,0,1,0,0,차대사람 - 횡단중,안전운전불이행,건조,맑음,기타 - 기타,승용,남,60세,상해없음,보행자,남,27세,중상
2015042700100480,2015년 4월 27일 18시,월요일,부산광역시 사상구 주례동,경상사고,0,0,1,1,차대차 - 측면직각충돌,안전운전불이행,건조,맑음,교차로 - 교차로안,이륜,남,28세,기타불명,승용,여,36세,상해없음
2015042700100521,2015년 4월 27일 19시,월요일,부산광역시 연제구 연산동,경상사고,0,0,1,0,차대차 - 측면직각충돌,안전거리미확보,건조,맑음,단일로 - 기타,승용,남,65세,상해없음,승용,남,45세,경상
2015042700100522,2015년 4월 27일 19시,월요일,부산광역시 연제구 연산동,경상사고,0,0,1,0,차대차 - 측면직각충돌,안전거리미확보,건조,맑음,단일로 - 기타,승용,남,62세,상해없음,승용,여,51세,경상
2015042700100523,2015년 4월 27일 19시,월요일,부산광역시 기장군 정관면,중상사고,0,1,0,0,차대차 - 추돌 - 주정차중,안전운전불이행,건조,맑음,단일로 - 기타,승용,남,73세,상해없음,승용,남,40세,기타불명
2015042700100567,2015년 4월 27일 20시,월요일,부산광역시 동래구 수안동,중상사고,0,1,0,0,차대차 - 측면직각충돌,불법유턴,건조,맑음,단일로 - 기타,자전거,여,55세,중상,승용,남,27세,상해없음
2015042700100605,2015년 4월 27일 21시,월요일,부산광역시 동래구 사직동,경상사고,0,0,1,0,차대사람 - 횡단중,신호위반,건조,맑음,단일로 - 횡단보도상,승용,남,57세,상해없음,보행자,남,47세,경상
2015042700100606,2015년 4월 27일 21시,월요일,부산광역시 영도구 청학동,중상사고,0,1,0,0,차대차 - 정면충돌,안전운전불이행,건조,맑음,교차로 - 교차로안,승용,여,52세,상해없음,원동기,남,29세,중상
2015042700100665,2015년 4월 27일 23시,월요일,부산광역시 동래구 낙민동,경상사고,0,0,1,0,차대차 - 추돌 - 진행중,안전거리미확보,건조,맑음,단일로 - 기타,승용,남,28세,상해없음,승용,남,60세,경상
2015042700100666,2015년 4월 27일 23시,월요일,부산광역시 동래구 안락동,중상사고,0,1,0,0,차대차 - 측면직각충돌,신호위반,건조,맑음,교차로 - 교차로안,이륜,남,18세,중상,승합,남,30세,상해없음
2015042700100667,2015년 4월 27일 23시,월요일,부산광역시 해운대구 재송동,부상신고사고,0,0,0,1,차대차 - 측면직각충돌,안전운전불이행,건조,맑음,교차로 - 교차로안,이륜,남,21세,부상신고,승용,여,57세,상해없음
2015042700100668,2015년 4월 27일 23시,월요일,부산광역시 사상구 모라동,경상사고,0,0,1,0,차량단독 - 기타,안전운전불이행,건조,맑음,단일로 - 기타,승합,남,53세,상해없음,,,,
2015042800100004,2015년 4월 28일 00시,화요일,부산광역시 해운대구 우동,중상사고,0,1,0,1,차대차 - 측면직각충돌,신호위반,건조,맑음,교차로 - 교차로안,승용,남,36세,부상신고,승용,남,64세,중상
2015042800100005,2015년 4월 28일 00시,화요일,부산광역시 해운대구 우동,경상사고,0,0,1,0,차대차 - 기타,안전운전불이행,건조,맑음,교차로 - 교차로안,승용,남,37세,상해없음,승용,남,60세,상해없음
2015042800100074,2015년 4월 28일 06시,화요일,부산광역시 북구 만덕동,사망사고,2,1,12,0,차대차 - 추돌 - 주정차중,안전운전불이행,건조,맑음,단일로 - 기타,승용,남,60세,사망,승합,남,53세,경상
2015042800100093,2015년 4월 28일 07시,화요일,부산광역시 동구 수정동,경상사고,0,0,1,0,차대차 - 기타,차로위반,습기,비,단일로 - 기타,승합,남,63세,상해없음,승용,남,31세,경상
2015042800100094,2015년 4월 28일 07시,화요일,부산광역시 남구 대연동,중상사고,0,1,0,0,차대차 - 측면직각충돌,교차로운행방법위반,건조,맑음,교차로 - 교차로안,원동기,남,63세,중상,승용,남,49세,상해없음
2015042800100095,2015년 4월 28일 07시,화요일,부산광역시 동래구 안락동,중상사고,0,1,0,0,차대차 - 측면직각충돌,안전운전불이행,건조,맑음,단일로 - 기타,승용,여,41세,상해없음,자전거,남,67세,중상
2015042800100096,2015년 4월 28일 07시,화요일,부산광역시 강서구 범방동,경상사고,0,0,1,0,차대차 - 추돌 - 주정차중,안전운전불이행,건조,맑음,단일로 - 기타,화물,남,46세,상해없음,승용,남,29세,경상
2015042800100133,2015년 4월 28일 08시,화요일,부산광역시 부산진구 부암동,중상사고,0,1,0,0,차대사람 - 기타,안전운전불이행,건조,맑음,단일로 - 기타,승합,남,53세,상해없음,보행자,남,56세,중상
2015042800100190,2015년 4월 28일 09시,화요일,부산광역시 영도구 남항동3가,중상사고,0,1,0,0,차대차 - 측면직각충돌,교차로운행방법위반,건조,맑음,교차로 - 교차로안,승용,남,64세,상해없음,승용,남,60세,상해없음
2015042800100191,2015년 4월 28일 09시,화요일,부산광역시 연제구 연산동,중상사고,0,1,0,0,차대사람 - 차도통행중,안전운전불이행,건조,맑음,단일로 - 기타,건설기계,남,37세,상해없음,보행자,여,56세,중상
2015042800100222,2015년 4월 28일 10시,화요일,부산광역시 남구 대연동,중상사고,0,1,0,0,차대차 - 측면직각충돌,직진우회전진행방해,건조,맑음,교차로 - 교차로안,이륜,남,50세,중상,승용,남,70세,상해없음
2015042800100248,2015년 4월 28일 11시,화요일,부산광역시 동구 범일동,경상사고,0,0,1,0,차대차 - 측면직각충돌,안전운전불이행,건조,맑음,단일로 - 기타,승용,여,34세,상해없음,승용,남,46세,경상
2015042800100249,2015년 4월 28일 11시,화요일,부산광역시 강서구 명지동,부상신고사고,0,0,0,1,차대차 - 추돌 - 진행중,안전운전불이행,건조,맑음,단일로 - 기타,승용,여,41세,상해없음,화물,남,37세,상해없음
2015042800100273,2015년 4월 28일 12시,화요일,부산광역시 사상구 엄궁동,중상사고,0,1,0,0,차대차 - 측면직각충돌,안전운전불이행,건조,맑음,단일로 - 기타,승용,남,60세,상해없음,이륜,남,39세,중상
2015042800100302,2015년 4월 28일 13시,화요일,부산광역시 금정구 남산동,중상사고,0,1,0,0,차대사람 - 차도통행중,안전운전불이행,건조,맑음,단일로 - 기타,승용,남,46세,상해없음,보행자,여,90세 이상,중상
2015042800100381,2015년 4월 28일 15시,화요일,부산광역시 해운대구 반여동,경상사고,0,0,1,0,차대차 - 기타,안전운전불이행,건조,맑음,단일로 - 기타,승용,여,50세,상해없음,승용,남,29세,경상
2015042800100382,2015년 4월 28일 15시,화요일,부산광역시 부산진구 부전동,경상사고,0,0,1,0,차대차 - 기타,교차로운행방법위반,건조,맑음,교차로 - 교차로안,승용,여,21세,상해없음,승합,남,40세,상해없음
2015042800100383,2015년 4월 28일 15시,화요일,부산광역시 강서구 명지동,사망사고,1,0,0,0,차대사람 - 차도통행중,안전운전불이행,건조,흐림,교차로 - 교차로안,승용,남,34세,상해없음,보행자,여,88세,사망
2015042800100420,2015년 4월 28일 16시,화요일,부산광역시 동래구 온천동,중상사고,0,1,0,0,차대사람 - 횡단중,안전운전불이행,건조,맑음,단일로 - 기타,승용,남,59세,상해없음,보행자,여,77세,중상
2015042800100421,2015년 4월 28일 16시,화요일,부산광역시 부산진구 전포동,경상사고,0,0,1,0,차대차 - 측면직각충돌,신호위반,건조,맑음,교차로 - 교차로안,승합,남,63세,상해없음,승용,남,33세,경상
2015042800100463,2015년 4월 28일 17시,화요일,부산광역시 북구 화명동,경상사고,0,0,1,0,차대사람 - 횡단중,신호위반,건조,맑음,단일로 - 기타,이륜,남,18세,상해없음,보행자,여,44세,경상
2015042800100464,2015년 4월 28일 17시,화요일,부산광역시 해운대구 우동,중상사고,0,1,1,0,차대차 - 측면직각충돌,교차로운행방법위반,건조,맑음,교차로 - 교차로부근,승합,남,49세,상해없음,이륜,남,67세,경상
2015042800100465,2015년 4월 28일 17시,화요일,부산광역시 사상구 괘법동,경상사고,0,0,1,0,차대사람 - 기타,안전운전불이행,건조,맑음,단일로 - 기타,승용,남,24세,상해없음,보행자,여,71세,경상
2015042800100507,2015년 4월 28일 18시,화요일,부산광역시 중구 부평동2가,부상신고사고,0,0,0,1,차대차 - 측면직각충돌,교차로운행방법위반,건조,맑음,교차로 - 교차로안,자전거,남,62세,부상신고,승용,여,41세,상해없음
2015042800100508,2015년 4월 28일 18시,화요일,부산광역시 사하구 신평동,중상사고,0,1,0,0,차대차 - 측면직각충돌,안전운전불이행,습기,비,단일로 - 기타,승용,남,30세,상해없음,이륜,남,22세,중상
2015042800100509,2015년 4월 28일 18시,화요일,부산광역시 사상구 감전동,중상사고,0,1,1,1,차대차 - 측면직각충돌,교차로운행방법위반,건조,맑음,교차로 - 교차로안,승합,남,38세,부상신고,승용,남,60세,경상
2015042800100542,2015년 4월 28일 19시,화요일,부산광역시 중구 중앙동4가,중상사고,0,1,3,0,차대차 - 측면직각충돌,안전운전불이행,습기,비,교차로 - 교차로부근,승용,남,65세,상해없음,승용,여,31세,경상
2015042800100543,2015년 4월 28일 19시,화요일,부산광역시 해운대구 우동,경상사고,0,0,1,0,차대차 - 추돌 - 진행중,안전거리미확보,건조,맑음,교차로 - 교차로안,승용,여,29세,상해없음,승용,남,25세,경상
2015042800100544,2015년 4월 28일 19시,화요일,부산광역시 사하구 장림동,경상사고,0,0,1,0,차대차 - 기타,기타,습기,흐림,교차로 - 교차로안,승용,기타불명,기타불명,기타불명,이륜,남,57세,경상
2015042800100575,2015년 4월 28일 20시,화요일,부산광역시 서구 암남동,중상사고,0,1,1,0,차량단독 - 공작물충돌,안전운전불이행,습기,비,단일로 - 기타,승합,남,46세,상해없음,,,,
2015042800100576,2015년 4월 28일 20시,화요일,부산광역시 북구 화명동,중상사고,0,1,0,0,차대사람 - 기타,안전운전불이행,습기,비,단일로 - 기타,원동기,남,57세,상해없음,보행자,남,58세,중상
2015042800100577,2015년 4월 28일 20시,화요일,부산광역시 해운대구 우동,경상사고,0,0,2,0,차대차 - 추돌 - 진행중,안전운전불이행,건조,맑음,교차로 - 교차로부근,승용,남,31세,상해없음,승용,남,63세,경상
2015042800100602,2015년 4월 28일 21시,화요일,부산광역시 북구 화명동,경상사고,0,0,1,0,차대차 - 추돌 - 진행중,안전운전불이행,습기,비,단일로 - 기타,건설기계,남,54세,상해없음,승용,남,37세,경상
2015042800100603,2015년 4월 28일 21시,화요일,부산광역시 사하구 괴정동,중상사고,0,1,0,0,차대사람 - 기타,보행자보호의무위반,습기,비,단일로 - 기타,원동기,남,54세,상해없음,보행자,여,81세,중상
2015042800100604,2015년 4월 28일 21시,화요일,부산광역시 연제구 연산동,중상사고,0,1,0,0,차대사람 - 횡단중,안전운전불이행,습기,비,교차로 - 교차로부근,승용,남,58세,상해없음,보행자,여,66세,중상
2015042800100605,2015년 4월 28일 21시,화요일,부산광역시 연제구 연산동,중상사고,0,1,0,0,차대사람 - 횡단중,안전운전불이행,습기,비,교차로 - 교차로부근,승용,여,50세,상해없음,보행자,남,59세,중상
2015042800100675,2015년 4월 28일 23시,화요일,부산광역시 남구 우암동,사망사고,1,1,0,0,차대차 - 추돌 - 진행중,안전운전불이행,습기,비,교차로 - 교차로안,승용,남,26세,사망,특수,남,47세,중상
2015042900100002,2015년 4월 29일 00시,수요일,부산광역시 금정구 장전동,부상신고사고,0,0,0,1,차대차 - 기타,기타,습기,비,교차로 - 교차로안,이륜,남,32세,부상신고,승용,여,51세,상해없음
2015042900100003,2015년 4월 29일 00시,수요일,부산광역시 사하구 괴정동,중상사고,0,2,0,0,차대차 - 추돌 - 진행중,안전거리미확보,습기,비,단일로 - 횡단보도부근,승용,남,26세,상해없음,승용,남,58세,중상
2015042900100024,2015년 4월 29일 01시,수요일,부산광역시 해운대구 중동,경상사고,0,0,1,0,차대차 - 측면직각충돌,신호위반,습기,비,교차로 - 교차로안,승용,남,28세,상해없음,승용,남,46세,경상
2015042900100040,2015년 4월 29일 02시,수요일,부산광역시 강서구 화전동,경상사고,0,0,1,0,차대차 - 추돌 - 진행중,안전운전불이행,건조,맑음,단일로 - 기타,승용,남,42세,상해없음,건설기계,남,58세,경상
2015042900100061,2015년 4월 29일 05시,수요일,부산광역시 해운대구 좌동,경상사고,0,0,1,0,차대차 - 추돌 - 주정차중,안전운전불이행,건조,맑음,교차로 - 교차로부근,승용,남,31세,상해없음,승용,여,24세,경상
2015042900100062,2015년 4월 29일 05시,수요일,부산광역시 연제구 거제동,경상사고,0,0,1,0,차대차 - 측면직각충돌,안전운전불이행,습기,비,단일로 - 기타,승용,남,57세,상해없음,화물,남,56세,경상
2015042900100075,2015년 4월 29일 06시,수요일,부산광역시 북구 덕천동,중상사고,0,1,0,0,차대차 - 추돌 - 주정차중,안전운전불이행,건조,맑음,단일로 - 기타,승용,남,55세,상해없음,승합,남,56세,중상
2015042900100076,2015년 4월 29일 06시,수요일,부산광역시 강서구 대저1동,경상사고,0,0,5,0,차대차 - 추돌 - 주정차중,안전운전불이행,습기,흐림,단일로 - 기타,화물,남,48세,상해없음,승용,남,31세,경상
2015042900100096,2015년 4월 29일 07시,수요일,부산광역시 해운대구 반여동,경상사고,0,0,2,0,차대차 - 기타,교차로운행방법위반,건조,맑음,교차로 - 교차로안,승용,남,69세,상해없음,승용,남,56세,상해없음
2015042900100122,2015년 4월 29일 08시,수요일,부산광역시 수영구 민락동,경상사고,0,0,1,0,차대차 - 추돌 - 주정차중,안전운전불이행,건조,맑음,단일로 - 기타,승용,여,29세,상해없음,승용,여,46세,경상
2015042900100123,2015년 4월 29일 08시,수요일,부산광역시 사상구 엄궁동,중상사고,0,1,0,0,차대사람 - 횡단중,신호위반,습기,비,교차로 - 교차로부근,승합,남,46세,상해없음,보행자,여,40세,중상
2015042900100124,2015년 4월 29일 08시,수요일,부산광역시 북구 덕천동,중상사고,0,1,0,0,차대차 - 기타,안전거리미확보,건조,맑음,단일로 - 기타,화물,남,56세,상해없음,승용,남,41세,중상
2015042900100167,2015년 4월 29일 09시,수요일,부산광역시 동구 초량동,중상사고,0,1,0,0,차대차 - 기타,기타,습기,비,단일로 - 기타,화물,남,57세,상해없음,승용,여,49세,상해없음
2015042900100168,2015년 4월 29일 09시,수요일,부산광역시 연제구 거제동,경상사고,0,0,1,0,차대차 - 측면직각충돌,안전거리미확보,건조,맑음,단일로 - 기타,승용,남,27세,상해없음,화물,남,25세,경상
2015042900100203,2015년 4월 29일 10시,수요일,부산광역시 부산진구 양정동,중상사고,0,4,5,0,차대차 - 기타,안전거리미확보,습기,비,단일로 - 기타,승용,남,69세,상해없음,승합,남,47세,상해없음
2015042900100244,2015년 4월 29일 11시,수요일,부산광역시 중구 대청동1가,경상사고,0,0,1,0,차량단독 - 기타,안전운전불이행,건조,맑음,교차로 - 교차로부근,승용,남,60세,상해없음,,,,
2015042900100274,2015년 4월 29일 12시,수요일,부산광역시 서구 서대신동2가,중상사고,0,1,0,0,차대차 - 측면직각충돌,차로위반,건조,기타,단일로 - 기타,승용,남,60세,상해없음,승용,여,32세,중상
2015042900100275,2015년 4월 29일 12시,수요일,부산광역시 강서구 구랑동,중상사고,0,2,0,0,차대차 - 측면직각충돌,신호위반,습기,비,교차로 - 교차로안,승용,남,50세,상해없음,승용,남,33세,중상
2015042900100321,2015년 4월 29일 13시,수요일,부산광역시 부산진구 전포동,경상사고,0,0,1,0,차대차 - 기타,안전운전불이행,습기,비,단일로 - 기타,승용,남,54세,상해없음,승용,남,39세,상해없음
2015042900100351,2015년 4월 29일 14시,수요일,부산광역시 동래구 수안동,경상사고,0,0,1,0,차대차 - 측면직각충돌,교차로운행방법위반,건조,맑음,단일로 - 기타,승용,여,31세,상해없음,승용,남,71세,경상
2015042900100352,2015년 4월 29일 14시,수요일,부산광역시 기장군 일광면,중상사고,0,2,0,0,차대차 - 추돌 - 주정차중,안전거리미확보,습기,비,교차로 - 교차로부근,승용,남,76세,상해없음,승용,남,52세,중상
2015042900100385,2015년 4월 29일 15시,수요일,부산광역시 남구 우암동,중상사고,0,1,3,0,차대차 - 추돌 - 주정차중,안전운전불이행,습기,비,단일로 - 기타,승용,남,52세,상해없음,승용,남,40세,경상
2015042900100386,2015년 4월 29일 15시,수요일,부산광역시 동래구 사직동,중상사고,0,1,0,0,차대사람 - 차도통행중,안전운전불이행,건조,맑음,단일로 - 기타,승용,남,40세,상해없음,보행자,여,73세,중상
2015042900100388,2015년 4월 29일 15시,수요일,부산광역시 영도구 남항동1가,경상사고,0,0,1,0,차대사람 - 횡단중,안전운전불이행,습기,비,교차로 - 교차로안,화물,남,32세,상해없음,보행자,남,11세,경상
2015042900100389,2015년 4월 29일 15시,수요일,부산광역시 사상구 엄궁동,중상사고,0,1,0,0,차대사람 - 차도통행중,안전운전불이행,건조,맑음,단일로 - 기타,승용,남,65세,상해없음,보행자,여,72세,중상
2015042900100451,2015년 4월 29일 17시,수요일,부산광역시 강서구 화전동,경상사고,0,0,1,0,차대차 - 측면직각충돌,안전운전불이행,건조,맑음,교차로 - 교차로부근,화물,남,57세,상해없음,특수,남,28세,경상
2015042900100493,2015년 4월 29일 18시,수요일,부산광역시 금정구 장전동,중상사고,0,1,0,0,차대차 - 측면직각충돌,신호위반,습기,비,교차로 - 교차로안,승용,여,55세,상해없음,원동기,여,41세,중상
2015042900100494,2015년 4월 29일 18시,수요일,부산광역시 강서구 강동동,경상사고,0,0,1,0,차대차 - 추돌 - 주정차중,안전운전불이행,습기,비,단일로 - 기타,승용,남,50세,상해없음,화물,남,53세,경상
2015042900100535,2015년 4월 29일 19시,수요일,부산광역시 동구 범일동,경상사고,0,0,1,0,차대차 - 기타,차로위반,습기,비,단일로 - 기타,승용,여,45세,상해없음,승용,남,62세,경상
2015042900100536,2015년 4월 29일 19시,수요일,부산광역시 사상구 학장동,경상사고,0,0,4,0,차대차 - 측면직각충돌,안전운전불이행,습기,흐림,교차로 - 교차로부근,승용,남,52세,상해없음,승용,남,21세,경상
2015042900100565,2015년 4월 29일 20시,수요일,부산광역시 해운대구 반송동,중상사고,0,1,0,0,차대사람 - 횡단중,신호위반,습기,비,단일로 - 횡단보도상,승용,여,34세,상해없음,보행자,여,33세,중상
2015042900100633,2015년 4월 29일 22시,수요일,부산광역시 남구 우암동,경상사고,0,0,2,0,차대차 - 측면직각충돌,안전운전불이행,습기,비,단일로 - 기타,승용,남,22세,상해없음,승용,남,35세,경상
2015042900100634,2015년 4월 29일 22시,수요일,부산광역시 북구 덕천동,중상사고,0,2,2,0,차대차 - 추돌 - 진행중,안전운전불이행,습기,비,단일로 - 기타,승용,여,19세,상해없음,승용,남,61세,상해없음
2015042900100635,2015년 4월 29일 22시,수요일,부산광역시 부산진구 부전동,중상사고,0,1,1,0,차대차 - 기타,안전거리미확보,습기,비,단일로 - 기타,승용,남,45세,상해없음,승용,남,61세,중상
2015042900100636,2015년 4월 29일 22시,수요일,부산광역시 사하구 당리동,중상사고,0,1,0,0,차대사람 - 횡단중,안전운전불이행,습기,비,단일로 - 기타,이륜,남,19세,상해없음,보행자,남,54세,중상
2015042900100660,2015년 4월 29일 23시,수요일,부산광역시 사상구 덕포동,경상사고,0,0,1,0,차대차 - 측면직각충돌,안전운전불이행,습기,비,단일로 - 기타,승용,남,51세,경상,승합,남,48세,상해없음
2015043000100006,2015년 4월 30일 00시,목요일,부산광역시 남구 용호동,부상신고사고,0,0,0,1,차대차 - 추돌 - 진행중,신호위반,건조,맑음,교차로 - 교차로안,승용,남,42세,상해없음,승용,남,44세,부상신고
2015043000100007,2015년 4월 30일 00시,목요일,부산광역시 남구 문현동,경상사고,0,0,2,0,차대차 - 추돌 - 주정차중,안전운전불이행,습기,비,미분류 - 미분류,승용,남,62세,상해없음,승용,남,73세,경상
2015043000100030,2015년 4월 30일 01시,목요일,부산광역시 해운대구 반여동,경상사고,0,0,1,1,차대차 - 추돌 - 주정차중,과속,습기,흐림,단일로 - 기타,승용,남,39세,부상신고,화물,남,51세,상해없음
2015043000100031,2015년 4월 30일 01시,목요일,부산광역시 부산진구 부암동,중상사고,0,1,1,0,차대차 - 측면직각충돌,신호위반,습기,흐림,교차로 - 교차로안,승용,남,44세,상해없음,승용,남,38세,중상
2015043000100032,2015년 4월 30일 01시,목요일,부산광역시 금정구 구서동,경상사고,0,0,2,0,차대차 - 정면충돌,중앙선침범,습기,흐림,단일로 - 기타,승용,여,18세,상해없음,승용,남,39세,경상
2015043000100047,2015년 4월 30일 02시,목요일,부산광역시 해운대구 우동,경상사고,0,0,1,0,차대차 - 측면직각충돌,안전운전불이행,습기,흐림,단일로 - 기타,승용,남,36세,상해없음,승용,남,50세,경상
2015043000100048,2015년 4월 30일 02시,목요일,부산광역시 부산진구 전포동,경상사고,0,0,1,0,차대차 - 추돌 - 진행중,안전운전불이행,건조,맑음,단일로 - 기타,이륜,남,17세,경상,승용,남,57세,상해없음
2015043000100061,2015년 4월 30일 03시,목요일,부산광역시 연제구 연산동,경상사고,0,0,1,0,차대차 - 측면직각충돌,안전운전불이행,건조,맑음,교차로 - 교차로부근,승용,남,43세,상해없음,승용,남,38세,경상
2015043000100067,2015년 4월 30일 04시,목요일,부산광역시 북구 구포동,경상사고,0,0,2,0,차량단독 - 공작물충돌,안전운전불이행,습기,비,단일로 - 기타,승용,남,19세,상해없음,,,,
2015043000100079,2015년 4월 30일 05시,목요일,부산광역시 기장군 기장읍,중상사고,0,1,0,0,차대차 - 정면충돌,중앙선침범,습기,비,교차로 - 교차로부근,승용,남,37세,상해없음,승용,남,53세,중상
2015043000100104,2015년 4월 30일 07시,목요일,부산광역시 부산진구 범천동,중상사고,0,1,2,0,차대차 - 기타,신호위반,건조,맑음,교차로 - 교차로부근,승용,여,55세,상해없음,승용,남,49세,상해없음
2015043000100124,2015년 4월 30일 08시,목요일,부산광역시 동래구 낙민동,경상사고,0,0,1,0,차대사람 - 횡단중,신호위반,건조,맑음,단일로 - 횡단보도상,승용,남,34세,상해없음,보행자,남,6세,경상
2015043000100125,2015년 4월 30일 08시,목요일,부산광역시 부산진구 범천동,경상사고,0,0,2,0,차대차 - 측면직각충돌,교차로운행방법위반,건조,맑음,교차로 - 교차로안,승용,남,38세,상해없음,이륜,남,38세,경상
2015043000100126,2015년 4월 30일 08시,목요일,부산광역시 사하구 구평동,중상사고,0,1,1,0,차대차 - 측면직각충돌,안전거리미확보,건조,맑음,단일로 - 기타,건설기계,남,47세,상해없음,승용,여,37세,중상
2015043000100162,2015년 4월 30일 09시,목요일,부산광역시 사하구 다대동,경상사고,0,0,1,0,차대차 - 기타,안전운전불이행,건조,맑음,단일로 - 기타,화물,남,35세,상해없음,승용,남,48세,경상
2015043000100163,2015년 4월 30일 09시,목요일,부산광역시 기장군 장안읍,경상사고,0,0,2,0,차대차 - 측면직각충돌,안전운전불이행,건조,맑음,교차로 - 교차로안,화물,남,66세,상해없음,승용,여,55세,경상
2015043000100195,2015년 4월 30일 10시,목요일,부산광역시 남구 용당동,중상사고,0,1,0,0,차대차 - 측면직각충돌,교차로운행방법위반,건조,맑음,교차로 - 교차로부근,원동기,남,45세,중상,건설기계,남,45세,상해없음
2015043000100196,2015년 4월 30일 10시,목요일,부산광역시 북구 금곡동,경상사고,0,0,1,0,차대사람 - 기타,안전운전불이행,건조,맑음,단일로 - 기타,승용,여,40세,상해없음,보행자,남,55세,경상
2015043000100197,2015년 4월 30일 10시,목요일,부산광역시 사하구 감천동,중상사고,0,1,0,0,차대차 - 기타,안전운전불이행,건조,맑음,단일로 - 기타,이륜,남,53세,상해없음,승합,남,49세,상해없음
2015043000100224,2015년 4월 30일 11시,목요일,부산광역시 남구 대연동,경상사고,0,0,1,0,차대차 - 추돌 - 진행중,안전거리미확보,건조,맑음,교차로 - 교차로안,승용,남,53세,경상,특수,남,40세,상해없음
2015043000100225,2015년 4월 30일 11시,목요일,부산광역시 부산진구 부전동,경상사고,0,0,2,0,차대차 - 추돌 - 주정차중,안전운전불이행,건조,맑음,단일로 - 기타,승합,남,64세,상해없음,승용,여,43세,경상
2015043000100285,2015년 4월 30일 13시,목요일,부산광역시 연제구 연산동,경상사고,0,0,3,0,차대차 - 추돌 - 주정차중,안전운전불이행,건조,맑음,단일로 - 기타,화물,남,65세,상해없음,승용,남,60세,경상