사고번호,사고일시,요일,시군구,사고내용,사망자수,중상자수,경상자수,부상신고자수,사고유형,법규위반,노면상태,기상상태,도로형태,가해운전자 차종,가해운전자 성별,가해운전자 연령,가해운전자 상해정도,피해운전자 차종,피해운전자 성별,피해운전자 연령,피해운전자 상해정도
2015051000100122,2015년 5월 10일 08시,일요일,부산광역시 연제구 거제동,중상사고,0,1,0,0,차대차 - 추돌 - 진행중,안전운전불이행,건조,맑음,단일로 - 기타,승용,남,28세,상해없음,승용,남,24세,상해없음
2015051000100138,2015년 5월 10일 09시,일요일,부산광역시 중구 보수동1가,경상사고,0,0,1,0,차대차 - 측면직각충돌,안전운전불이행,건조,맑음,단일로 - 기타,승용,남,29세,상해없음,승용,남,61세,경상
2015051000100156,2015년 5월 10일 10시,일요일,부산광역시 수영구 망미동,중상사고,0,1,0,0,차대사람 - 차도통행중,안전운전불이행,건조,맑음,단일로 - 기타,자전거,남,8세,상해없음,보행자,여,65세,중상
2015051000100157,2015년 5월 10일 10시,일요일,부산광역시 강서구 강동동,경상사고,0,0,3,0,차대차 - 추돌 - 진행중,안전운전불이행,건조,맑음,단일로 - 기타,화물,남,60세,상해없음,승용,여,47세,경상
2015051000100191,2015년 5월 10일 11시,일요일,부산광역시 중구 남포동4가,중상사고,0,1,0,0,차대차 - 기타,교차로운행방법위반,건조,맑음,교차로 - 교차로안,승용,남,56세,상해없음,승용,남,69세,중상
2015051000100248,2015년 5월 10일 13시,일요일,부산광역시 북구 금곡동,경상사고,0,0,1,0,차대차 - 기타,교차로운행방법위반,건조,맑음,교차로 - 교차로안,승용,남,39세,상해없음,이륜,남,31세,경상
2015051000100249,2015년 5월 10일 13시,일요일,부산광역시 사상구 주례동,중상사고,0,1,4,0,차대차 - 추돌 - 주정차중,안전운전불이행,건조,맑음,단일로 - 기타,승용,남,59세,중상,승용,남,53세,경상
2015051000100323,2015년 5월 10일 15시,일요일,부산광역시 해운대구 중동,부상신고사고,0,0,0,1,차대차 - 추돌 - 진행중,안전거리미확보,건조,맑음,단일로 - 기타,승용,남,35세,상해없음,승용,남,63세,부상신고
2015051000100324,2015년 5월 10일 15시,일요일,부산광역시 강서구 강동동,중상사고,0,1,0,0,차대차 - 측면직각충돌,안전운전불이행,건조,맑음,단일로 - 기타,이륜,여,50세,중상,화물,남,56세,상해없음
2015051000100359,2015년 5월 10일 16시,일요일,부산광역시 남구 대연동,경상사고,0,0,4,0,차대차 - 추돌 - 진행중,안전운전불이행,건조,맑음,교차로 - 교차로부근,승용,여,57세,경상,승용,남,51세,경상
2015051000100360,2015년 5월 10일 16시,일요일,부산광역시 부산진구 양정동,중상사고,0,1,0,0,차대사람 - 기타,안전운전불이행,건조,맑음,단일로 - 기타,승용,남,39세,상해없음,보행자,남,81세,중상
2015051000100393,2015년 5월 10일 17시,일요일,부산광역시 연제구 연산동,경상사고,0,0,1,0,차대차 - 측면직각충돌,안전운전불이행,건조,맑음,단일로 - 기타,승용,남,57세,상해없음,승합,남,57세,상해없음
2015051000100394,2015년 5월 10일 17시,일요일,부산광역시 금정구 구서동,경상사고,0,0,2,0,차대차 - 기타,차로위반,건조,맑음,단일로 - 기타,승용,남,43세,상해없음,승용,남,62세,경상
2015051000100477,2015년 5월 10일 19시,일요일,부산광역시 북구 구포동,경상사고,0,0,4,0,차대차 - 기타,안전운전불이행,건조,맑음,단일로 - 기타,승합,남,53세,경상,승용,남,43세,경상
2015051000100478,2015년 5월 10일 19시,일요일,부산광역시 부산진구 부전동,중상사고,0,1,0,0,차대차 - 기타,신호위반,건조,맑음,교차로 - 교차로부근,승용,남,51세,상해없음,이륜,남,22세,중상
2015051000100479,2015년 5월 10일 19시,일요일,부산광역시 연제구 연산동,경상사고,0,0,1,0,차대차 - 측면직각충돌,안전운전불이행,건조,맑음,단일로 - 기타,원동기,남,17세,경상,승용,남,37세,상해없음
2015051000100504,2015년 5월 10일 20시,일요일,부산광역시 수영구 광안동,중상사고,0,1,0,0,차대사람 - 횡단중,보행자보호의무위반,건조,맑음,단일로 - 기타,이륜,남,20세,상해없음,보행자,여,48세,중상
2015051000100505,2015년 5월 10일 20시,일요일,부산광역시 북구 화명동,중상사고,0,1,0,0,차대사람 - 차도통행중,안전운전불이행,건조,맑음,기타 - 기타,원동기,남,18세,상해없음,보행자,여,3세,중상
2015051000100537,2015년 5월 10일 21시,일요일,부산광역시 남구 대연동,경상사고,0,0,1,0,차대사람 - 횡단중,신호위반,건조,맑음,단일로 - 횡단보도부근,이륜,남,17세,상해없음,보행자,남,20세,경상
2015051000100538,2015년 5월 10일 21시,일요일,부산광역시 기장군 기장읍,부상신고사고,0,0,0,1,차대차 - 측면직각충돌,중앙선침범,건조,맑음,단일로 - 기타,승용,남,49세,상해없음,승용,남,54세,상해없음
2015051000100563,2015년 5월 10일 22시,일요일,부산광역시 사하구 다대동,경상사고,0,0,1,0,차대사람 - 기타,안전운전불이행,건조,맑음,단일로 - 기타,승용,남,59세,상해없음,보행자,남,43세,경상
2015051000100587,2015년 5월 10일 23시,일요일,부산광역시 사하구 장림동,경상사고,0,0,1,0,차대차 - 측면직각충돌,신호위반,건조,맑음,교차로 - 교차로안,승용,남,28세,상해없음,승용,남,72세,경상
2015051100100031,2015년 5월 11일 02시,월요일,부산광역시 동구 범일동,경상사고,0,0,2,0,차대차 - 기타,안전거리미확보,건조,맑음,단일로 - 기타,승용,남,53세,상해없음,승용,남,62세,경상
2015051100100032,2015년 5월 11일 02시,월요일,부산광역시 해운대구 우동,경상사고,0,0,2,0,차대차 - 추돌 - 주정차중,안전운전불이행,건조,맑음,교차로 - 교차로부근,화물,남,60세,상해없음,승용,남,48세,경상
2015051100100045,2015년 5월 11일 04시,월요일,부산광역시 동구 범일동,경상사고,0,0,1,0,차대차 - 기타,안전운전불이행,건조,맑음,단일로 - 기타,승용,남,47세,상해없음,승용,남,57세,경상
2015051100100046,2015년 5월 11일 04시,월요일,부산광역시 남구 대연동,경상사고,0,0,2,1,차대차 - 기타,안전운전불이행,건조,맑음,단일로 - 기타,기타불명,기타불명,기타불명,기타불명,승용,남,38세,부상신고
2015051100100053,2015년 5월 11일 05시,월요일,부산광역시 금정구 노포동,경상사고,0,0,2,0,차대차 - 정면충돌,중앙선침범,건조,맑음,단일로 - 기타,승용,남,28세,경상,승합,남,60세,경상
2015051100100111,2015년 5월 11일 08시,월요일,부산광역시 남구 용당동,경상사고,0,0,1,0,차대차 - 추돌 - 진행중,안전거리미확보,건조,맑음,교차로 - 교차로안,승용,남,62세,상해없음,승용,여,46세,기타불명
2015051100100112,2015년 5월 11일 08시,월요일,부산광역시 사하구 괴정동,경상사고,0,0,1,0,차대차 - 기타,안전거리미확보,건조,맑음,단일로 - 기타,승용,남,58세,상해없음,승용,여,54세,경상
2015051100100157,2015년 5월 11일 09시,월요일,부산광역시 해운대구 반여동,경상사고,0,0,1,0,차대차 - 측면직각충돌,안전거리미확보,건조,맑음,교차로 - 교차로부근,건설기계,남,51세,상해없음,승용,여,29세,경상
2015051100100191,2015년 5월 11일 10시,월요일,부산광역시 해운대구 좌동,중상사고,0,1,0,0,차대차 - 추돌 - 진행중,안전거리미확보,건조,맑음,단일로 - 기타,승용,여,55세,상해없음,이륜,남,24세,중상
2015051100100192,2015년 5월 11일 10시,월요일,부산광역시 부산진구 부전동,중상사고,0,1,0,0,차대사람 - 기타,안전운전불이행,건조,맑음,교차로 - 교차로안,이륜,남,27세,상해없음,보행자,여,67세,중상
2015051100100232,2015년 5월 11일 11시,월요일,부산광역시 연제구 거제동,경상사고,0,0,1,0,차대차 - 추돌 - 진행중,안전운전불이행,건조,맑음,교차로 - 교차로안,승용,여,42세,상해없음,승용,남,68세,경상
2015051100100268,2015년 5월 11일 12시,월요일,부산광역시 동구 초량동,경상사고,0,0,1,0,차대사람 - 길가장자리구역통행중,안전운전불이행,건조,맑음,단일로 - 기타,승용,여,46세,상해없음,보행자,남,66세,경상
2015051100100269,2015년 5월 11일 12시,월요일,부산광역시 서구 남부민동,경상사고,0,0,1,0,차대사람 - 차도통행중,안전운전불이행,습기,흐림,교차로 - 교차로부근,화물,남,52세,상해없음,보행자,여,33세,경상
2015051100100270,2015년 5월 11일 12시,월요일,부산광역시 해운대구 재송동,중상사고,0,1,0,0,차량단독 - 기타,안전운전불이행,건조,맑음,단일로 - 기타,승합,남,56세,상해없음,,,,
2015051100100271,2015년 5월 11일 12시,월요일,부산광역시 사상구 덕포동,경상사고,0,0,1,0,차대차 - 측면직각충돌,신호위반,건조,맑음,단일로 - 기타,승용,여,45세,상해없음,이륜,여,54세,경상
2015051100100291,2015년 5월 11일 13시,월요일,부산광역시 강서구 송정동,중상사고,0,1,0,0,차대차 - 측면직각충돌,중앙선침범,건조,맑음,단일로 - 기타,승용,남,40세,상해없음,이륜,남,41세,중상
2015051100100327,2015년 5월 11일 14시,월요일,부산광역시 수영구 광안동,부상신고사고,0,0,0,1,차량단독 - 공작물충돌,안전운전불이행,습기,흐림,단일로 - 기타,원동기,남,35세,부상신고,,,,
2015051100100328,2015년 5월 11일 14시,월요일,부산광역시 수영구 민락동,경상사고,0,0,1,0,차대사람 - 길가장자리구역통행중,안전운전불이행,건조,맑음,단일로 - 기타,원동기,남,67세,상해없음,보행자,여,38세,경상
2015051100100329,2015년 5월 11일 14시,월요일,부산광역시 남구 용호동,중상사고,0,1,0,0,차대사람 - 기타,안전운전불이행,건조,맑음,교차로 - 교차로부근,승합,남,74세,상해없음,보행자,여,68세,중상
2015051100100330,2015년 5월 11일 14시,월요일,부산광역시 동래구 명륜동,중상사고,0,1,0,0,차대사람 - 횡단중,안전운전불이행,건조,맑음,단일로 - 기타,승용,남,68세,상해없음,보행자,여,65세,중상
2015051100100331,2015년 5월 11일 14시,월요일,부산광역시 사하구 장림동,경상사고,0,0,1,0,차대차 - 추돌 - 주정차중,안전운전불이행,건조,맑음,단일로 - 기타,화물,남,58세,상해없음,승용,남,51세,경상
2015051100100366,2015년 5월 11일 15시,월요일,부산광역시 동구 수정동,중상사고,0,1,0,0,차량단독 - 기타,기타,건조,맑음,단일로 - 기타,승합,남,34세,상해없음,,,,
2015051100100367,2015년 5월 11일 15시,월요일,부산광역시 수영구 광안동,중상사고,0,1,0,0,차대사람 - 횡단중,안전운전불이행,건조,맑음,단일로 - 횡단보도상,승용,남,35세,상해없음,보행자,여,66세,중상
2015051100100368,2015년 5월 11일 15시,월요일,부산광역시 남구 용호동,중상사고,0,1,0,0,차대차 - 추돌 - 진행중,안전운전불이행,건조,맑음,단일로 - 기타,승용,기타불명,기타불명,기타불명,자전거,남,12세,중상
2015051100100369,2015년 5월 11일 15시,월요일,부산광역시 해운대구 반여동,중상사고,0,1,0,0,차대차 - 측면직각충돌,안전운전불이행,건조,맑음,교차로 - 교차로안,승용,여,37세,상해없음,이륜,남,57세,중상
2015051100100406,2015년 5월 11일 16시,월요일,부산광역시 동래구 안락동,경상사고,0,0,1,0,차대차 - 측면직각충돌,안전운전불이행,건조,맑음,단일로 - 기타,승용,남,73세,상해없음,화물,남,42세,경상
2015051100100407,2015년 5월 11일 16시,월요일,부산광역시 기장군 기장읍,경상사고,0,0,1,0,차대차 - 측면직각충돌,안전운전불이행,건조,맑음,교차로 - 교차로부근,승용,여,59세,상해없음,건설기계,남,43세,경상
2015051100100441,2015년 5월 11일 17시,월요일,부산광역시 동구 좌천동,중상사고,0,1,1,0,차대차 - 측면직각충돌,중앙선침범,습기,비,단일로 - 기타,화물,남,32세,상해없음,승용,남,58세,중상
2015051100100442,2015년 5월 11일 17시,월요일,부산광역시 서구 부민동2가,경상사고,0,0,3,0,차대차 - 측면직각충돌,기타,습기,비,교차로 - 교차로안,승용,여,35세,경상,승용,남,58세,경상
2015051100100443,2015년 5월 11일 17시,월요일,부산광역시 해운대구 반여동,부상신고사고,0,0,0,1,차대차 - 측면직각충돌,안전운전불이행,습기,비,단일로 - 기타,이륜,남,28세,부상신고,승용,남,31세,상해없음
2015051100100444,2015년 5월 11일 17시,월요일,부산광역시 사하구 다대동,부상신고사고,0,0,0,1,차량단독 - 기타,기타,건조,맑음,단일로 - 기타,승합,남,39세,상해없음,,,,
2015051100100445,2015년 5월 11일 17시,월요일,부산광역시 연제구 연산동,중상사고,0,2,1,1,차대차 - 측면직각충돌,안전운전불이행,건조,맑음,단일로 - 기타,승용,남,50세,상해없음,승용,남,63세,경상
2015051100100446,2015년 5월 11일 17시,월요일,부산광역시 연제구 거제동,경상사고,0,0,1,0,차대차 - 추돌 - 주정차중,안전거리미확보,건조,맑음,단일로 - 기타,승용,남,61세,상해없음,승용,여,42세,경상
2015051100100447,2015년 5월 11일 17시,월요일,부산광역시 연제구 거제동,경상사고,0,0,1,0,차대차 - 추돌 - 진행중,안전거리미확보,건조,맑음,교차로 - 교차로부근,승용,남,32세,상해없음,승용,남,32세,경상
2015051100100448,2015년 5월 11일 17시,월요일,부산광역시 기장군 장안읍,경상사고,0,0,1,0,차대사람 - 횡단중,안전운전불이행,건조,맑음,단일로 - 기타,승합,남,81세,상해없음,보행자,남,55세,경상
2015051100100486,2015년 5월 11일 18시,월요일,부산광역시 중구 영주동,중상사고,0,1,0,0,차대차 - 측면직각충돌,신호위반,건조,맑음,교차로 - 교차로안,승용,여,57세,상해없음,승합,남,57세,중상
2015051100100487,2015년 5월 11일 18시,월요일,부산광역시 북구 만덕동,경상사고,0,0,1,0,차대사람 - 횡단중,안전운전불이행,건조,맑음,단일로 - 기타,화물,남,41세,상해없음,보행자,여,10세,경상
2015051100100488,2015년 5월 11일 18시,월요일,부산광역시 사상구 감전동,경상사고,0,0,2,0,차대차 - 추돌 - 주정차중,안전운전불이행,습기,비,단일로 - 기타,승용,남,57세,상해없음,승용,남,27세,경상
2015051100100544,2015년 5월 11일 19시,월요일,부산광역시 사하구 당리동,경상사고,0,0,1,0,차대사람 - 길가장자리구역통행중,안전운전불이행,습기,비,단일로 - 기타,승용,남,39세,상해없음,보행자,남,25세,경상
2015051100100607,2015년 5월 11일 20시,월요일,부산광역시 사상구 괘법동,중상사고,0,1,0,0,차대사람 - 횡단중,신호위반,습기,비,교차로 - 교차로안,이륜,남,26세,상해없음,보행자,여,71세,중상
2015051100100669,2015년 5월 11일 21시,월요일,부산광역시 서구 동대신동1가,경상사고,0,0,1,0,차대차 - 추돌 - 주정차중,안전운전불이행,습기,비,교차로 - 교차로부근,화물,남,47세,상해없음,승용,여,27세,경상
2015051100100670,2015년 5월 11일 21시,월요일,부산광역시 동래구 낙민동,경상사고,0,0,2,0,차대차 - 추돌 - 진행중,안전운전불이행,습기,비,단일로 - 기타,승용,남,43세,상해없음,승용,남,30세,경상
2015051100100671,2015년 5월 11일 21시,월요일,부산광역시 영도구 동삼동,경상사고,0,0,2,0,차대차 - 기타,안전운전불이행,습기,비,기타 - 기타,승용,남,54세,상해없음,승용,여,27세,경상
2015051100100672,2015년 5월 11일 21시,월요일,부산광역시 부산진구 부전동,경상사고,0,0,1,0,차대사람 - 길가장자리구역통행중,안전운전불이행,습기,비,기타 - 기타,승용,남,48세,상해없음,보행자,여,50세,경상
2015051100100673,2015년 5월 11일 21시,월요일,부산광역시 사상구 감전동,경상사고,0,0,2,0,차대차 - 추돌 - 주정차중,안전운전불이행,습기,비,교차로 - 교차로부근,승용,남,60세,상해없음,승용,남,36세,경상
2015051100100733,2015년 5월 11일 22시,월요일,부산광역시 서구 암남동,경상사고,0,0,3,0,차대차 - 측면직각충돌,신호위반,습기,비,교차로 - 교차로안,승용,남,57세,상해없음,승용,남,59세,경상
2015051100100734,2015년 5월 11일 22시,월요일,부산광역시 해운대구 재송동,중상사고,0,1,0,0,차대차 - 추돌 - 주정차중,안전운전불이행,습기,비,단일로 - 기타,승용,남,47세,상해없음,승용,남,62세,상해없음
2015051100100735,2015년 5월 11일 22시,월요일,부산광역시 사하구 괴정동,경상사고,0,0,1,0,차대사람 - 기타,안전운전불이행,습기,비,교차로 - 교차로부근,승용,남,62세,상해없음,보행자,남,51세,경상
2015051100100736,2015년 5월 11일 22시,월요일,부산광역시 기장군 일광면,중상사고,0,3,0,0,차량단독 - 공작물충돌,과속,습기,비,단일로 - 기타,승용,남,56세,중상,,,,
2015051100100795,2015년 5월 11일 23시,월요일,부산광역시 중구 부평동2가,중상사고,0,1,0,0,차대사람 - 횡단중,신호위반,습기,비,단일로 - 기타,승용,남,63세,상해없음,보행자,남,16세,중상
2015051100100796,2015년 5월 11일 23시,월요일,부산광역시 동래구 안락동,경상사고,0,0,2,0,차대차 - 추돌 - 주정차중,안전운전불이행,습기,비,단일로 - 기타,승용,여,26세,상해없음,승용,남,52세,경상
2015051100100797,2015년 5월 11일 23시,월요일,부산광역시 해운대구 재송동,경상사고,0,0,1,0,차대차 - 추돌 - 진행중,안전운전불이행,습기,비,단일로 - 기타,승용,남,41세,상해없음,승용,남,48세,경상
2015051100100798,2015년 5월 11일 23시,월요일,부산광역시 부산진구 초읍동,중상사고,0,1,0,0,차대사람 - 길가장자리구역통행중,안전운전불이행,습기,비,단일로 - 기타,승용,남,28세,상해없음,보행자,남,24세,중상
2015051100100799,2015년 5월 11일 23시,월요일,부산광역시 연제구 연산동,중상사고,0,1,0,0,차대사람 - 차도통행중,안전운전불이행,습기,비,단일로 - 기타,승용,남,23세,상해없음,보행자,여,47세,중상
2015051200100011,2015년 5월 12일 00시,화요일,부산광역시 수영구 민락동,중상사고,0,1,0,0,차대사람 - 차도통행중,안전운전불이행,습기,비,단일로 - 기타,승용,남,41세,상해없음,보행자,남,38세,중상
2015051200100012,2015년 5월 12일 00시,화요일,부산광역시 동래구 안락동,경상사고,0,0,1,0,차대차 - 측면직각충돌,신호위반,습기,비,교차로 - 교차로안,승용,남,37세,상해없음,승용,남,73세,경상
2015051200100013,2015년 5월 12일 00시,화요일,부산광역시 해운대구 우동,경상사고,0,0,3,0,차대차 - 추돌 - 진행중,안전운전불이행,습기,비,단일로 - 기타,승용,남,55세,상해없음,승용,남,39세,경상
2015051200100014,2015년 5월 12일 00시,화요일,부산광역시 해운대구 우동,경상사고,0,0,1,0,차대차 - 추돌 - 진행중,안전운전불이행,습기,비,단일로 - 기타,승용,남,33세,상해없음,승용,남,66세,경상
2015051200100015,2015년 5월 12일 00시,화요일,부산광역시 부산진구 부전동,경상사고,0,0,1,0,차대차 - 측면직각충돌,불법유턴,건조,맑음,단일로 - 기타,승용,남,52세,상해없음,승용,남,67세,경상
2015051200100016,2015년 5월 12일 00시,화요일,부산광역시 강서구 송정동,중상사고,0,1,0,0,차대차 - 측면직각충돌,교차로운행방법위반,습기,비,교차로 - 교차로안,화물,남,34세,상해없음,승용,남,65세,중상
2015051200100043,2015년 5월 12일 01시,화요일,부산광역시 북구 덕천동,경상사고,0,0,2,0,차대차 - 측면직각충돌,신호위반,습기,비,교차로 - 교차로안,승용,남,58세,상해없음,승용,남,22세,경상
2015051200100044,2015년 5월 12일 01시,화요일,부산광역시 동래구 사직동,경상사고,0,0,1,0,차대차 - 측면직각충돌,신호위반,습기,비,교차로 - 교차로안,승용,남,32세,상해없음,승용,남,45세,경상
2015051200100045,2015년 5월 12일 01시,화요일,부산광역시 해운대구 좌동,중상사고,0,1,1,0,차대차 - 추돌 - 주정차중,안전운전불이행,습기,비,단일로 - 터널,승용,남,39세,상해없음,승용,남,26세,상해없음
2015051200100062,2015년 5월 12일 02시,화요일,부산광역시 해운대구 좌동,경상사고,0,0,1,0,차량단독 - 기타,안전운전불이행,습기,비,단일로 - 기타,승용,남,57세,상해없음,,,,
2015051200100078,2015년 5월 12일 03시,화요일,부산광역시 동래구 온천동,중상사고,0,1,0,0,차대사람 - 횡단중,안전운전불이행,습기,비,단일로 - 기타,승용,남,27세,상해없음,보행자,남,51세,중상
2015051200100079,2015년 5월 12일 03시,화요일,부산광역시 연제구 연산동,중상사고,0,1,0,0,차대차 - 추돌 - 진행중,신호위반,습기,비,교차로 - 교차로안,화물,남,36세,상해없음,승용,남,68세,중상
2015051200100090,2015년 5월 12일 04시,화요일,부산광역시 연제구 거제동,중상사고,0,1,1,0,차대차 - 추돌 - 진행중,중앙선침범,습기,비,단일로 - 기타,승용,남,60세,상해없음,승용,남,62세,경상
2015051200100116,2015년 5월 12일 06시,화요일,부산광역시 서구 암남동,경상사고,0,0,1,0,차대차 - 측면직각충돌,교차로운행방법위반,습기,비,교차로 - 교차로안,승용,남,52세,상해없음,화물,남,60세,경상
2015051200100117,2015년 5월 12일 06시,화요일,부산광역시 금정구 금사동,경상사고,0,0,1,0,차대차 - 측면직각충돌,교차로운행방법위반,습기,비,교차로 - 교차로안,화물,여,38세,상해없음,승용,남,42세,경상
2015051200100130,2015년 5월 12일 07시,화요일,부산광역시 금정구 장전동,중상사고,0,1,0,0,차대사람 - 기타,안전운전불이행,건조,맑음,단일로 - 기타,승용,기타불명,기타불명,기타불명,보행자,여,20세,중상
2015051200100131,2015년 5월 12일 07시,화요일,부산광역시 수영구 망미동,경상사고,0,0,1,0,차대차 - 추돌 - 주정차중,안전거리미확보,건조,맑음,교차로 - 교차로부근,승용,여,47세,기타불명,승합,남,48세,경상
2015051200100198,2015년 5월 12일 09시,화요일,부산광역시 수영구 남천동,경상사고,0,0,1,0,차대차 - 추돌 - 진행중,안전거리미확보,건조,맑음,단일로 - 기타,승용,남,65세,상해없음,승용,남,38세,경상
2015051200100199,2015년 5월 12일 09시,화요일,부산광역시 북구 만덕동,경상사고,0,0,1,0,차대차 - 추돌 - 진행중,안전거리미확보,건조,맑음,단일로 - 기타,승용,남,55세,상해없음,승용,여,36세,경상
2015051200100272,2015년 5월 12일 11시,화요일,부산광역시 부산진구 전포동,경상사고,0,0,2,0,차대차 - 측면직각충돌,안전운전불이행,건조,맑음,교차로 - 교차로안,승용,남,29세,상해없음,승용,남,56세,경상
2015051200100273,2015년 5월 12일 11시,화요일,부산광역시 사하구 하단동,사망사고,1,0,0,0,차량단독 - 공작물충돌,안전운전불이행,건조,맑음,단일로 - 기타,이륜,남,67세,사망,,,,
2015051200100301,2015년 5월 12일 12시,화요일,부산광역시 동구 범일동,경상사고,0,0,1,0,차대차 - 기타,신호위반,건조,맑음,교차로 - 교차로안,승용,남,32세,상해없음,승용,여,29세,경상
2015051200100302,2015년 5월 12일 12시,화요일,부산광역시 부산진구 당감동,중상사고,0,2,1,0,차대차 - 측면직각충돌,안전운전불이행,건조,맑음,단일로 - 기타,이륜,남,31세,상해없음,승용,남,74세,경상
2015051200100303,2015년 5월 12일 12시,화요일,부산광역시 기장군 기장읍,중상사고,0,1,0,0,차대사람 - 횡단중,보행자보호의무위반,건조,맑음,단일로 - 횡단보도상,원동기,남,74세,상해없음,보행자,여,71세,중상
2015051200100334,2015년 5월 12일 13시,화요일,부산광역시 동구 초량동,중상사고,0,1,0,0,차대사람 - 기타,안전운전불이행,건조,맑음,교차로 - 교차로안,승용,남,64세,상해없음,보행자,여,76세,중상
2015051200100335,2015년 5월 12일 13시,화요일,부산광역시 금정구 구서동,경상사고,0,0,1,0,차대차 - 측면직각충돌,교차로운행방법위반,건조,맑음,교차로 - 교차로안,승용,남,35세,상해없음,승합,남,58세,상해없음
2015051200100362,2015년 5월 12일 14시,화요일,부산광역시 부산진구 부전동,중상사고,0,1,0,0,차대차 - 기타,안전운전불이행,건조,맑음,단일로 - 기타,승합,남,54세,상해없음,승용,남,61세,상해없음
2015051200100363,2015년 5월 12일 14시,화요일,부산광역시 금정구 부곡동,경상사고,0,0,2,1,차대차 - 측면직각충돌,직진우회전진행방해,건조,맑음,교차로 - 교차로안,승용,남,40세,상해없음,승용,남,28세,경상
2015051200100364,2015년 5월 12일 14시,화요일,부산광역시 사상구 덕포동,부상신고사고,0,0,0,1,차대차 - 측면직각충돌,안전운전불이행,건조,맑음,단일로 - 기타,이륜,남,55세,부상신고,승용,남,59세,상해없음
2015051200100365,2015년 5월 12일 14시,화요일,부산광역시 사상구 덕포동,중상사고,0,1,0,0,차대차 - 측면직각충돌,교차로운행방법위반,건조,맑음,교차로 - 교차로부근,승용,남,44세,상해없음,이륜,여,60세,중상
2015051200100391,2015년 5월 12일 15시,화요일,부산광역시 해운대구 반송동,중상사고,0,1,0,0,차대사람 - 기타,기타,건조,맑음,단일로 - 기타,승용,남,33세,상해없음,보행자,남,9세,중상
2015051200100416,2015년 5월 12일 16시,화요일,부산광역시 서구 동대신동1가,경상사고,0,0,1,0,차대차 - 추돌 - 주정차중,안전운전불이행,건조,맑음,단일로 - 기타,승용,남,22세,상해없음,승용,남,69세,경상
2015051200100417,2015년 5월 12일 16시,화요일,부산광역시 해운대구 중동,중상사고,0,1,0,0,차대사람 - 기타,안전운전불이행,건조,맑음,교차로 - 교차로안,승합,남,41세,상해없음,보행자,남,14세,중상
2015051200100418,2015년 5월 12일 16시,화요일,부산광역시 해운대구 좌동,중상사고,0,2,0,5,차대차 - 측면직각충돌,직진우회전진행방해,건조,맑음,교차로 - 교차로안,승용,남,18세,상해없음,승합,남,34세,부상신고
2015051200100452,2015년 5월 12일 17시,화요일,부산광역시 남구 문현동,중상사고,0,2,0,0,차대차 - 추돌 - 진행중,안전운전불이행,건조,맑음,교차로 - 교차로안,승용,남,57세,중상,승용,남,47세,중상
2015051200100493,2015년 5월 12일 18시,화요일,부산광역시 사하구 장림동,중상사고,0,1,0,0,차대차 - 기타,신호위반,건조,맑음,교차로 - 교차로안,승용,여,32세,상해없음,이륜,남,49세,중상
2015051200100525,2015년 5월 12일 19시,화요일,부산광역시 사하구 다대동,경상사고,0,0,2,0,차대차 - 기타,안전운전불이행,건조,맑음,단일로 - 기타,승합,남,43세,상해없음,승용,여,52세,상해없음
2015051200100601,2015년 5월 12일 21시,화요일,부산광역시 수영구 광안동,경상사고,0,0,1,0,차대차 - 측면직각충돌,안전운전불이행,건조,맑음,단일로 - 횡단보도부근,승용,남,54세,상해없음,원동기,남,37세,경상
2015051200100602,2015년 5월 12일 21시,화요일,부산광역시 동래구 명륜동,경상사고,0,0,1,0,차대차 - 측면직각충돌,안전운전불이행,건조,맑음,단일로 - 기타,승용,남,50세,상해없음,자전거,여,22세,경상
2015051200100635,2015년 5월 12일 22시,화요일,부산광역시 부산진구 범천동,부상신고사고,0,0,0,1,차대차 - 기타,안전거리미확보,건조,맑음,단일로 - 기타,이륜,남,23세,부상신고,승합,남,44세,상해없음
2015051200100636,2015년 5월 12일 22시,화요일,부산광역시 연제구 연산동,경상사고,0,0,1,0,차대사람 - 횡단중,신호위반,건조,맑음,단일로 - 횡단보도상,승용,여,39세,상해없음,보행자,여,34세,경상
2015051200100637,2015년 5월 12일 22시,화요일,부산광역시 연제구 연산동,경상사고,0,0,1,0,차대사람 - 보도통행중,안전운전불이행,건조,맑음,교차로 - 교차로부근,승용,남,52세,상해없음,보행자,여,44세,경상
2015051200100666,2015년 5월 12일 23시,화요일,부산광역시 해운대구 반송동,부상신고사고,0,0,0,2,차대차 - 추돌 - 진행중,안전운전불이행,건조,맑음,단일로 - 기타,이륜,남,18세,부상신고,이륜,남,18세,부상신고
2015051300100009,2015년 5월 13일 00시,수요일,부산광역시 부산진구 부전동,경상사고,0,0,2,0,차대차 - 추돌 - 진행중,안전운전불이행,건조,맑음,단일로 - 기타,승용,남,55세,상해없음,승용,남,63세,경상
2015051300100051,2015년 5월 13일 04시,수요일,부산광역시 북구 구포동,중상사고,0,1,0,0,차대사람 - 길가장자리구역통행중,안전운전불이행,건조,맑음,단일로 - 기타,승용,남,50세,상해없음,보행자,남,51세,중상