사고번호,사고일시,요일,시군구,사고내용,사망자수,중상자수,경상자수,부상신고자수,사고유형,법규위반,노면상태,기상상태,도로형태,가해운전자 차종,가해운전자 성별,가해운전자 연령,가해운전자 상해정도,피해운전자 차종,피해운전자 성별,피해운전자 연령,피해운전자 상해정도
2015051300100073,2015년 5월 13일 06시,수요일,부산광역시 해운대구 재송동,부상신고사고,0,0,0,1,차대차 - 추돌 - 주정차중,안전운전불이행,건조,맑음,단일로 - 기타,승용,남,25세,부상신고,화물,남,30세,상해없음
2015051300100093,2015년 5월 13일 07시,수요일,부산광역시 동래구 온천동,중상사고,0,1,0,0,차대차 - 측면직각충돌,교차로운행방법위반,건조,맑음,교차로 - 교차로부근,자전거,여,38세,중상,승용,남,44세,상해없음
2015051300100094,2015년 5월 13일 07시,수요일,부산광역시 부산진구 범천동,중상사고,0,1,0,0,차대차 - 기타,중앙선침범,건조,맑음,단일로 - 기타,자전거,남,17세,중상,승합,남,58세,상해없음
2015051300100095,2015년 5월 13일 07시,수요일,부산광역시 강서구 송정동,경상사고,0,0,3,0,차대차 - 정면충돌,신호위반,건조,맑음,교차로 - 교차로안,승용,남,44세,상해없음,승용,남,47세,경상
2015051300100096,2015년 5월 13일 07시,수요일,부산광역시 강서구 대저2동,경상사고,0,0,1,0,차대차 - 측면직각충돌,교차로운행방법위반,건조,맑음,교차로 - 교차로안,승용,남,31세,경상,화물,남,50세,상해없음
2015051300100134,2015년 5월 13일 08시,수요일,부산광역시 동구 좌천동,경상사고,0,0,2,0,차대차 - 추돌 - 진행중,안전운전불이행,건조,맑음,단일로 - 기타,승용,여,42세,상해없음,승용,남,52세,경상
2015051300100135,2015년 5월 13일 08시,수요일,부산광역시 금정구 선동,중상사고,0,1,1,0,차대차 - 추돌 - 주정차중,안전거리미확보,건조,맑음,단일로 - 기타,승용,남,35세,상해없음,승용,남,46세,경상
2015051300100136,2015년 5월 13일 08시,수요일,부산광역시 사상구 학장동,중상사고,0,1,0,0,차대차 - 추돌 - 진행중,안전운전불이행,건조,맑음,단일로 - 기타,승용,남,72세,상해없음,자전거,남,69세,중상
2015051300100197,2015년 5월 13일 09시,수요일,부산광역시 연제구 연산동,중상사고,0,1,0,0,차대차 - 측면직각충돌,신호위반,건조,맑음,교차로 - 교차로안,승용,여,56세,상해없음,승용,남,30세,중상
2015051300100198,2015년 5월 13일 09시,수요일,부산광역시 사상구 괘법동,중상사고,0,1,0,0,차대사람 - 횡단중,안전운전불이행,건조,맑음,교차로 - 교차로부근,승합,남,60세,상해없음,보행자,남,76세,중상
2015051300100232,2015년 5월 13일 10시,수요일,부산광역시 동래구 온천동,중상사고,0,1,0,0,차대사람 - 횡단중,보행자보호의무위반,건조,맑음,교차로 - 교차로부근,승용,남,48세,상해없음,보행자,여,47세,중상
2015051300100233,2015년 5월 13일 10시,수요일,부산광역시 부산진구 범천동,부상신고사고,0,0,0,1,차대사람 - 기타,안전운전불이행,건조,맑음,단일로 - 기타,승용,남,38세,상해없음,보행자,남,49세,부상신고
2015051300100234,2015년 5월 13일 10시,수요일,부산광역시 금정구 부곡동,중상사고,0,1,0,0,차대차 - 측면직각충돌,신호위반,건조,맑음,단일로 - 횡단보도부근,승용,남,57세,상해없음,원동기,남,31세,중상
2015051300100278,2015년 5월 13일 11시,수요일,부산광역시 중구 대청동2가,중상사고,0,1,0,0,차대사람 - 횡단중,신호위반,건조,맑음,단일로 - 횡단보도상,승용,여,36세,상해없음,보행자,남,55세,중상
2015051300100279,2015년 5월 13일 11시,수요일,부산광역시 연제구 거제동,경상사고,0,0,1,0,차대차 - 측면직각충돌,안전거리미확보,건조,맑음,교차로 - 교차로안,승용,여,60세,상해없음,승용,여,54세,경상
2015051300100280,2015년 5월 13일 11시,수요일,부산광역시 강서구 녹산동,경상사고,0,0,5,0,차대차 - 측면직각충돌,신호위반,건조,맑음,교차로 - 교차로안,화물,남,72세,상해없음,승용,남,55세,경상
2015051300100296,2015년 5월 13일 12시,수요일,부산광역시 남구 대연동,부상신고사고,0,0,0,1,차대차 - 측면직각충돌,안전운전불이행,건조,맑음,단일로 - 터널,화물,남,51세,상해없음,이륜,남,48세,부상신고
2015051300100297,2015년 5월 13일 12시,수요일,부산광역시 금정구 구서동,경상사고,0,0,1,0,차대사람 - 보도통행중,기타,건조,맑음,단일로 - 기타,자전거,기타불명,기타불명,기타불명,보행자,여,78세,경상
2015051300100298,2015년 5월 13일 12시,수요일,부산광역시 사하구 하단동,경상사고,0,0,1,1,차대차 - 측면직각충돌,교차로운행방법위반,건조,맑음,교차로 - 교차로부근,승용,여,41세,상해없음,승용,남,70세,경상
2015051300100395,2015년 5월 13일 15시,수요일,부산광역시 수영구 광안동,중상사고,0,1,0,0,차대사람 - 횡단중,안전운전불이행,건조,맑음,단일로 - 기타,승합,남,41세,상해없음,보행자,여,7세,중상
2015051300100446,2015년 5월 13일 16시,수요일,부산광역시 부산진구 가야동,경상사고,0,0,1,0,차대사람 - 기타,안전운전불이행,건조,맑음,단일로 - 기타,특수,남,35세,상해없음,보행자,남,42세,경상
2015051300100447,2015년 5월 13일 16시,수요일,부산광역시 강서구 대저1동,중상사고,0,1,0,0,차대차 - 측면직각충돌,교차로운행방법위반,건조,맑음,교차로 - 교차로안,화물,남,52세,상해없음,자전거,여,10세,중상
2015051300100528,2015년 5월 13일 18시,수요일,부산광역시 사상구 감전동,중상사고,0,1,0,0,차대차 - 측면직각충돌,신호위반,건조,맑음,단일로 - 횡단보도상,승용,여,36세,상해없음,원동기,여,31세,중상
2015051300100529,2015년 5월 13일 18시,수요일,부산광역시 기장군 기장읍,경상사고,0,0,1,0,차대차 - 측면직각충돌,중앙선침범,건조,맑음,단일로 - 기타,원동기,남,51세,상해없음,승용,남,35세,경상
2015051300100671,2015년 5월 13일 22시,수요일,부산광역시 해운대구 반송동,중상사고,0,1,1,1,차량단독 - 전도전복,안전운전불이행,건조,맑음,단일로 - 기타,승용,남,21세,상해없음,,,,
2015051300100694,2015년 5월 13일 23시,수요일,부산광역시 남구 문현동,경상사고,0,0,1,0,차대사람 - 횡단중,안전운전불이행,기타,맑음,기타 - 기타,원동기,남,51세,상해없음,보행자,남,34세,경상
2015051400100006,2015년 5월 14일 00시,목요일,부산광역시 동래구 온천동,중상사고,0,1,0,0,차대사람 - 횡단중,안전운전불이행,건조,맑음,단일로 - 기타,승용,남,66세,상해없음,보행자,남,33세,중상
2015051400100007,2015년 5월 14일 00시,목요일,부산광역시 해운대구 좌동,경상사고,0,0,1,0,차대차 - 추돌 - 진행중,안전운전불이행,건조,맑음,단일로 - 기타,승용,기타불명,기타불명,기타불명,승용,여,62세,경상
2015051400100020,2015년 5월 14일 01시,목요일,부산광역시 동래구 온천동,부상신고사고,0,0,0,2,차대사람 - 길가장자리구역통행중,안전운전불이행,건조,맑음,단일로 - 기타,승용,남,67세,상해없음,보행자,남,20세,부상신고
2015051400100062,2015년 5월 14일 06시,목요일,부산광역시 사하구 괴정동,중상사고,0,1,0,0,차대차 - 기타,안전운전불이행,기타,맑음,단일로 - 기타,승용,기타불명,기타불명,기타불명,자전거,남,78세,중상
2015051400100112,2015년 5월 14일 08시,목요일,부산광역시 해운대구 중동,경상사고,0,0,1,0,차대사람 - 기타,안전운전불이행,건조,맑음,단일로 - 기타,승용,여,29세,기타불명,보행자,여,25세,경상
2015051400100156,2015년 5월 14일 09시,목요일,부산광역시 해운대구 반여동,중상사고,0,1,0,0,차대사람 - 횡단중,보행자보호의무위반,건조,맑음,단일로 - 횡단보도상,승용,여,62세,상해없음,보행자,여,43세,중상
2015051400100157,2015년 5월 14일 09시,목요일,부산광역시 부산진구 양정동,경상사고,0,0,1,0,차대차 - 기타,안전운전불이행,건조,맑음,단일로 - 기타,승용,남,66세,상해없음,승용,여,37세,경상
2015051400100189,2015년 5월 14일 10시,목요일,부산광역시 동래구 안락동,중상사고,0,1,0,0,차대사람 - 횡단중,신호위반,건조,맑음,교차로 - 교차로안,승용,남,65세,상해없음,보행자,여,43세,중상
2015051400100256,2015년 5월 14일 13시,목요일,부산광역시 금정구 부곡동,부상신고사고,0,0,0,1,차대사람 - 기타,안전운전불이행,건조,맑음,단일로 - 기타,승용,여,60세,상해없음,보행자,여,14세,부상신고
2015051400100257,2015년 5월 14일 13시,목요일,부산광역시 금정구 구서동,중상사고,0,1,0,0,차대사람 - 길가장자리구역통행중,기타,건조,맑음,단일로 - 기타,승용,남,47세,상해없음,보행자,여,78세,중상
2015051400100258,2015년 5월 14일 13시,목요일,부산광역시 금정구 청룡동,경상사고,0,0,1,0,차대사람 - 길가장자리구역통행중,안전운전불이행,건조,맑음,단일로 - 기타,승용,여,57세,상해없음,보행자,여,51세,경상
2015051400100259,2015년 5월 14일 13시,목요일,부산광역시 사상구 엄궁동,경상사고,0,0,2,0,차대차 - 측면직각충돌,안전거리미확보,건조,맑음,단일로 - 기타,화물,남,51세,상해없음,승용,남,39세,경상
2015051400100260,2015년 5월 14일 13시,목요일,부산광역시 기장군 정관면,경상사고,0,0,1,0,차대차 - 측면직각충돌,신호위반,건조,흐림,교차로 - 교차로안,승용,여,58세,상해없음,승용,남,32세,경상
2015051400100288,2015년 5월 14일 14시,목요일,부산광역시 남구 대연동,경상사고,0,0,1,0,차대차 - 추돌 - 진행중,안전운전불이행,건조,맑음,단일로 - 기타,승용,남,50세,경상,승용,남,68세,상해없음
2015051400100289,2015년 5월 14일 14시,목요일,부산광역시 해운대구 우동,경상사고,0,0,1,0,차대차 - 기타,안전거리미확보,건조,맑음,단일로 - 기타,승용,남,32세,상해없음,승용,남,56세,경상
2015051400100290,2015년 5월 14일 14시,목요일,부산광역시 해운대구 좌동,중상사고,0,2,1,0,차대차 - 측면직각충돌,안전거리미확보,건조,맑음,단일로 - 기타,승용,남,70세,중상,승합,남,49세,경상
2015051400100317,2015년 5월 14일 15시,목요일,부산광역시 사하구 신평동,경상사고,0,0,1,0,차대차 - 추돌 - 진행중,안전거리미확보,건조,맑음,교차로 - 교차로부근,화물,남,39세,상해없음,승용,여,57세,경상
2015051400100346,2015년 5월 14일 16시,목요일,부산광역시 남구 대연동,경상사고,0,0,3,0,차대차 - 추돌 - 진행중,안전운전불이행,건조,맑음,단일로 - 터널,승용,여,20세,경상,승용,남,61세,상해없음
2015051400100347,2015년 5월 14일 16시,목요일,부산광역시 부산진구 부전동,중상사고,0,1,0,1,차대차 - 측면직각충돌,신호위반,건조,맑음,교차로 - 교차로안,승용,남,53세,상해없음,승용,남,61세,중상
2015051400100421,2015년 5월 14일 18시,목요일,부산광역시 영도구 청학동,중상사고,0,1,0,0,차대차 - 측면직각충돌,안전운전불이행,건조,맑음,단일로 - 기타,승용,여,50세,상해없음,승용,여,54세,중상
2015051400100422,2015년 5월 14일 18시,목요일,부산광역시 해운대구 반여동,경상사고,0,0,1,0,차대차 - 추돌 - 주정차중,안전운전불이행,건조,맑음,단일로 - 기타,승용,남,42세,상해없음,승용,여,42세,경상
2015051400100423,2015년 5월 14일 18시,목요일,부산광역시 부산진구 부전동,경상사고,0,0,1,0,차대사람 - 횡단중,보행자보호의무위반,건조,맑음,단일로 - 횡단보도상,승용,남,43세,상해없음,보행자,남,6세,경상
2015051400100424,2015년 5월 14일 18시,목요일,부산광역시 부산진구 가야동,경상사고,0,0,1,0,차대차 - 측면직각충돌,안전운전불이행,건조,맑음,단일로 - 기타,승용,남,30세,상해없음,원동기,남,29세,경상
2015051400100425,2015년 5월 14일 18시,목요일,부산광역시 사하구 감천동,경상사고,0,0,1,0,차대차 - 기타,안전운전불이행,건조,맑음,교차로 - 교차로안,화물,남,58세,상해없음,이륜,남,41세,경상
2015051400100426,2015년 5월 14일 18시,목요일,부산광역시 연제구 연산동,부상신고사고,0,0,0,1,차대차 - 측면직각충돌,교차로운행방법위반,건조,맑음,교차로 - 교차로안,승용,남,49세,상해없음,이륜,남,33세,부상신고
2015051400100427,2015년 5월 14일 18시,목요일,부산광역시 사상구 학장동,경상사고,0,0,1,0,차대차 - 측면직각충돌,교차로운행방법위반,건조,맑음,교차로 - 교차로부근,화물,남,43세,상해없음,이륜,남,46세,경상
2015051400100475,2015년 5월 14일 19시,목요일,부산광역시 중구 보수동1가,경상사고,0,0,1,0,차대사람 - 횡단중,안전운전불이행,건조,맑음,단일로 - 기타,승용,남,73세,상해없음,보행자,남,47세,경상
2015051400100476,2015년 5월 14일 19시,목요일,부산광역시 남구 대연동,중상사고,0,1,0,0,차대차 - 측면직각충돌,안전운전불이행,건조,맑음,단일로 - 기타,승용,남,28세,상해없음,원동기,남,18세,중상
2015051400100545,2015년 5월 14일 21시,목요일,부산광역시 동래구 사직동,경상사고,0,0,2,0,차대차 - 측면직각충돌,신호위반,건조,맑음,교차로 - 교차로안,승용,남,60세,상해없음,승용,남,62세,경상
2015051400100546,2015년 5월 14일 21시,목요일,부산광역시 영도구 영선동1가,경상사고,0,0,1,0,차대차 - 측면직각충돌,교차로운행방법위반,건조,맑음,교차로 - 교차로안,승용,남,41세,상해없음,이륜,남,49세,경상
2015051400100547,2015년 5월 14일 21시,목요일,부산광역시 해운대구 우동,경상사고,0,0,2,0,차대차 - 추돌 - 진행중,안전거리미확보,건조,맑음,단일로 - 기타,승용,남,49세,상해없음,승용,여,43세,경상
2015051400100548,2015년 5월 14일 21시,목요일,부산광역시 부산진구 양정동,경상사고,0,0,1,0,차대사람 - 기타,안전운전불이행,건조,맑음,단일로 - 기타,승용,여,43세,상해없음,보행자,남,27세,경상
2015051400100575,2015년 5월 14일 22시,목요일,부산광역시 중구 보수동1가,중상사고,0,1,1,0,차대차 - 측면직각충돌,신호위반,건조,맑음,교차로 - 교차로안,승용,남,46세,상해없음,승용,남,52세,경상
2015051400100576,2015년 5월 14일 22시,목요일,부산광역시 동래구 안락동,경상사고,0,0,1,0,차량단독 - 공작물충돌,안전운전불이행,건조,맑음,단일로 - 기타,승합,남,45세,상해없음,,,,
2015051400100577,2015년 5월 14일 22시,목요일,부산광역시 사하구 하단동,중상사고,0,1,1,1,차대차 - 측면직각충돌,중앙선침범,건조,흐림,단일로 - 횡단보도상,이륜,남,43세,중상,승합,남,47세,상해없음
2015051400100607,2015년 5월 14일 23시,목요일,부산광역시 동래구 안락동,중상사고,0,2,0,0,차대차 - 추돌 - 진행중,안전운전불이행,건조,맑음,단일로 - 기타,승용,남,77세,상해없음,승용,남,42세,중상
2015051400100608,2015년 5월 14일 23시,목요일,부산광역시 연제구 연산동,중상사고,0,2,0,0,차대사람 - 횡단중,안전운전불이행,건조,맑음,단일로 - 기타,승용,남,74세,상해없음,보행자,여,23세,중상
2015051400100609,2015년 5월 14일 23시,목요일,부산광역시 강서구 송정동,부상신고사고,0,0,0,1,차대차 - 추돌 - 주정차중,안전운전불이행,건조,맑음,교차로 - 교차로부근,화물,남,42세,부상신고,화물,남,42세,상해없음
2015051400100610,2015년 5월 14일 23시,목요일,부산광역시 기장군 정관면,경상사고,0,0,3,0,차대차 - 추돌 - 주정차중,불법유턴,건조,맑음,단일로 - 기타,승용,남,36세,상해없음,승용,남,27세,경상
2015051500100005,2015년 5월 15일 00시,금요일,부산광역시 남구 대연동,경상사고,0,0,1,0,차대차 - 추돌 - 진행중,안전운전불이행,건조,맑음,단일로 - 기타,승용,남,56세,상해없음,승용,남,63세,상해없음
2015051500100006,2015년 5월 15일 00시,금요일,부산광역시 금정구 장전동,부상신고사고,0,0,0,1,차대사람 - 기타,안전운전불이행,건조,맑음,단일로 - 기타,승용,남,27세,상해없음,보행자,남,25세,부상신고
2015051500100030,2015년 5월 15일 01시,금요일,부산광역시 북구 구포동,경상사고,0,0,3,1,차대차 - 추돌 - 진행중,안전운전불이행,건조,맑음,단일로 - 기타,원동기,남,18세,상해없음,승용,남,49세,상해없음
2015051500100048,2015년 5월 15일 02시,금요일,부산광역시 남구 대연동,부상신고사고,0,0,0,1,차량단독 - 공작물충돌,안전운전불이행,건조,맑음,단일로 - 기타,이륜,남,33세,부상신고,,,,
2015051500100109,2015년 5월 15일 07시,금요일,부산광역시 금정구 부곡동,중상사고,0,1,0,0,차대사람 - 차도통행중,안전운전불이행,건조,맑음,교차로 - 교차로안,화물,남,47세,상해없음,보행자,여,63세,중상
2015051500100110,2015년 5월 15일 07시,금요일,부산광역시 금정구 노포동,중상사고,0,1,1,0,차대차 - 측면직각충돌,신호위반,건조,맑음,교차로 - 교차로안,승용,여,75세,상해없음,승용,남,22세,경상
2015051500100140,2015년 5월 15일 08시,금요일,부산광역시 남구 용당동,경상사고,0,0,1,0,차대차 - 추돌 - 진행중,안전운전불이행,건조,맑음,단일로 - 기타,승용,남,62세,상해없음,이륜,남,42세,경상
2015051500100141,2015년 5월 15일 08시,금요일,부산광역시 영도구 봉래동1가,경상사고,0,0,1,0,차대차 - 추돌 - 진행중,안전거리미확보,건조,맑음,단일로 - 기타,승용,남,54세,상해없음,승용,여,33세,경상
2015051500100142,2015년 5월 15일 08시,금요일,부산광역시 사상구 삼락동,중상사고,0,1,0,0,차대차 - 측면직각충돌,안전거리미확보,건조,맑음,단일로 - 기타,승용,남,49세,상해없음,승용,남,34세,중상
2015051500100173,2015년 5월 15일 09시,금요일,부산광역시 북구 덕천동,경상사고,0,0,2,0,차대차 - 측면직각충돌,안전운전불이행,건조,맑음,단일로 - 기타,화물,남,40세,상해없음,승용,남,60세,경상
2015051500100174,2015년 5월 15일 09시,금요일,부산광역시 수영구 망미동,중상사고,0,1,0,0,차대사람 - 차도통행중,안전운전불이행,건조,맑음,단일로 - 기타,승용,남,56세,상해없음,보행자,여,67세,중상
2015051500100175,2015년 5월 15일 09시,금요일,부산광역시 연제구 연산동,경상사고,0,0,1,0,차대사람 - 차도통행중,안전운전불이행,건조,맑음,교차로 - 교차로부근,화물,남,67세,상해없음,보행자,남,30세,경상
2015051500100176,2015년 5월 15일 09시,금요일,부산광역시 연제구 연산동,중상사고,0,1,0,0,차대사람 - 횡단중,안전운전불이행,건조,맑음,단일로 - 횡단보도상,승용,남,68세,상해없음,보행자,여,83세,중상
2015051500100177,2015년 5월 15일 09시,금요일,부산광역시 강서구 송정동,중상사고,0,1,0,0,차대차 - 추돌 - 진행중,안전거리미확보,건조,맑음,교차로 - 교차로부근,승용,남,44세,상해없음,화물,남,47세,상해없음
2015051500100210,2015년 5월 15일 10시,금요일,부산광역시 해운대구 반송동,경상사고,0,0,1,0,차대차 - 추돌 - 주정차중,안전운전불이행,건조,맑음,단일로 - 기타,승용,남,41세,상해없음,승용,남,64세,상해없음
2015051500100240,2015년 5월 15일 11시,금요일,부산광역시 북구 만덕동,중상사고,0,1,0,0,차대사람 - 기타,보행자보호의무위반,건조,맑음,단일로 - 횡단보도상,화물,남,59세,상해없음,보행자,여,90세 이상,중상
2015051500100241,2015년 5월 15일 11시,금요일,부산광역시 금정구 서동,부상신고사고,0,0,0,1,차대사람 - 길가장자리구역통행중,안전운전불이행,건조,맑음,교차로 - 교차로부근,화물,남,64세,상해없음,보행자,남,44세,부상신고
2015051500100242,2015년 5월 15일 11시,금요일,부산광역시 기장군 일광면,중상사고,0,1,0,0,차대차 - 측면직각충돌,안전운전불이행,건조,맑음,단일로 - 기타,화물,여,54세,상해없음,이륜,남,24세,중상
2015051500100243,2015년 5월 15일 11시,금요일,부산광역시 기장군 정관면,경상사고,0,0,1,0,차대차 - 추돌 - 진행중,안전운전불이행,건조,맑음,단일로 - 기타,화물,남,51세,상해없음,화물,남,53세,경상
2015051500100283,2015년 5월 15일 12시,금요일,부산광역시 북구 구포동,경상사고,0,0,1,0,차대차 - 측면직각충돌,안전운전불이행,건조,맑음,교차로 - 교차로안,승용,남,62세,경상,승용,여,41세,상해없음
2015051500100284,2015년 5월 15일 12시,금요일,부산광역시 금정구 금사동,경상사고,0,0,1,0,차대차 - 추돌 - 주정차중,안전운전불이행,건조,맑음,교차로 - 교차로부근,이륜,남,34세,상해없음,승용,남,26세,상해없음
2015051500100285,2015년 5월 15일 12시,금요일,부산광역시 금정구 금사동,경상사고,0,0,1,0,차대차 - 측면직각충돌,교차로운행방법위반,건조,맑음,교차로 - 교차로안,자전거,남,15세,경상,승용,남,47세,상해없음
2015051500100317,2015년 5월 15일 13시,금요일,부산광역시 중구 부평동2가,중상사고,0,1,0,0,차대사람 - 보도통행중,신호위반,건조,맑음,단일로 - 횡단보도상,화물,남,65세,상해없음,보행자,여,16세,중상
2015051500100341,2015년 5월 15일 14시,금요일,부산광역시 중구 부평동1가,중상사고,0,1,0,0,차대사람 - 횡단중,중앙선침범,건조,맑음,단일로 - 기타,승용,여,59세,상해없음,보행자,여,62세,중상
2015051500100342,2015년 5월 15일 14시,금요일,부산광역시 연제구 연산동,경상사고,0,0,1,0,차대사람 - 차도통행중,안전운전불이행,건조,맑음,교차로 - 교차로부근,승용,남,55세,상해없음,보행자,남,37세,경상
2015051500100343,2015년 5월 15일 14시,금요일,부산광역시 강서구 대항동,중상사고,0,1,0,0,차대차 - 추돌 - 진행중,안전운전불이행,건조,맑음,교차로 - 교차로안,건설기계,남,45세,상해없음,화물,여,54세,중상
2015051500100377,2015년 5월 15일 15시,금요일,부산광역시 수영구 남천동,경상사고,0,0,1,0,차대차 - 측면직각충돌,안전운전불이행,건조,맑음,교차로 - 교차로안,승용,남,46세,상해없음,원동기,남,17세,경상
2015051500100378,2015년 5월 15일 15시,금요일,부산광역시 남구 대연동,경상사고,0,0,1,0,차대차 - 측면직각충돌,안전운전불이행,건조,맑음,단일로 - 기타,승용,남,46세,상해없음,자전거,남,58세,경상
2015051500100379,2015년 5월 15일 15시,금요일,부산광역시 부산진구 범천동,중상사고,0,1,0,0,차대사람 - 횡단중,보행자보호의무위반,건조,맑음,단일로 - 기타,승용,여,48세,상해없음,보행자,여,71세,중상
2015051500100380,2015년 5월 15일 15시,금요일,부산광역시 강서구 녹산동,사망사고,1,0,0,0,차대차 - 측면직각충돌,차로위반,건조,맑음,단일로 - 기타,승용,남,50세,상해없음,이륜,남,80세,사망
2015051500100456,2015년 5월 15일 17시,금요일,부산광역시 수영구 민락동,중상사고,0,1,1,0,차대차 - 측면직각충돌,안전운전불이행,건조,맑음,단일로 - 기타,자전거,남,30세,중상,자전거,남,18세,경상
2015051500100457,2015년 5월 15일 17시,금요일,부산광역시 북구 구포동,중상사고,0,1,0,0,차대차 - 측면직각충돌,안전운전불이행,건조,맑음,교차로 - 교차로안,승용,남,27세,상해없음,이륜,남,79세,중상
2015051500100498,2015년 5월 15일 18시,금요일,부산광역시 남구 대연동,중상사고,0,1,0,0,차대사람 - 횡단중,안전운전불이행,건조,맑음,단일로 - 기타,원동기,기타불명,기타불명,기타불명,보행자,여,41세,중상
2015051500100499,2015년 5월 15일 18시,금요일,부산광역시 동래구 사직동,부상신고사고,0,0,0,1,차대사람 - 길가장자리구역통행중,안전운전불이행,건조,맑음,교차로 - 교차로부근,승용,남,64세,상해없음,보행자,남,13세,부상신고
2015051500100500,2015년 5월 15일 18시,금요일,부산광역시 해운대구 좌동,중상사고,0,1,0,0,차대차 - 측면직각충돌,안전운전불이행,건조,맑음,단일로 - 기타,승용,여,25세,상해없음,승용,여,28세,중상
2015051500100501,2015년 5월 15일 18시,금요일,부산광역시 금정구 남산동,중상사고,0,1,0,0,차대차 - 측면직각충돌,기타,건조,맑음,교차로 - 교차로안,승용,여,49세,상해없음,자전거,남,33세,중상
2015051500100502,2015년 5월 15일 18시,금요일,부산광역시 사상구 덕포동,중상사고,0,1,0,0,차대차 - 측면직각충돌,안전운전불이행,건조,맑음,단일로 - 기타,승용,남,55세,상해없음,이륜,남,33세,중상
2015051500100550,2015년 5월 15일 19시,금요일,부산광역시 연제구 연산동,중상사고,0,1,0,0,차대사람 - 횡단중,신호위반,건조,맑음,단일로 - 횡단보도상,승용,남,26세,상해없음,보행자,여,55세,중상
2015051500100594,2015년 5월 15일 20시,금요일,부산광역시 금정구 서동,중상사고,0,1,0,0,차대차 - 측면직각충돌,안전운전불이행,건조,맑음,단일로 - 기타,자전거,남,16세,중상,승합,남,54세,상해없음
2015051500100626,2015년 5월 15일 21시,금요일,부산광역시 수영구 민락동,중상사고,0,1,0,0,차대차 - 측면직각충돌,안전운전불이행,습기,흐림,단일로 - 기타,승용,남,46세,상해없음,이륜,남,27세,중상
2015051500100627,2015년 5월 15일 21시,금요일,부산광역시 부산진구 범천동,경상사고,0,0,1,0,차대차 - 추돌 - 진행중,안전운전불이행,건조,맑음,교차로 - 교차로부근,이륜,남,21세,상해없음,승용,남,52세,경상
2015051500100628,2015년 5월 15일 21시,금요일,부산광역시 강서구 대저1동,중상사고,0,1,0,0,차대사람 - 횡단중,안전운전불이행,건조,맑음,교차로 - 교차로부근,승합,남,23세,상해없음,보행자,남,19세,중상
2015051500100688,2015년 5월 15일 22시,금요일,부산광역시 부산진구 초읍동,경상사고,0,0,1,0,차대사람 - 횡단중,보행자보호의무위반,습기,비,단일로 - 기타,승용,여,42세,상해없음,보행자,여,27세,경상
2015051500100689,2015년 5월 15일 22시,금요일,부산광역시 강서구 대저1동,경상사고,0,0,3,0,차대차 - 추돌 - 주정차중,안전운전불이행,건조,맑음,교차로 - 교차로안,승용,남,57세,상해없음,승용,남,50세,경상
2015051500100734,2015년 5월 15일 23시,금요일,부산광역시 서구 동대신동1가,경상사고,0,0,3,0,차대차 - 측면직각충돌,신호위반,습기,비,교차로 - 교차로안,승용,남,38세,상해없음,승용,남,44세,경상
2015051500100735,2015년 5월 15일 23시,금요일,부산광역시 남구 문현동,경상사고,0,0,1,0,차대차 - 측면직각충돌,안전운전불이행,습기,비,단일로 - 기타,승용,남,33세,상해없음,승용,남,39세,경상
2015051500100736,2015년 5월 15일 23시,금요일,부산광역시 금정구 남산동,중상사고,0,1,0,0,차대사람 - 횡단중,안전운전불이행,습기,비,단일로 - 기타,승용,남,44세,상해없음,보행자,남,55세,중상
2015051500100737,2015년 5월 15일 23시,금요일,부산광역시 사상구 모라동,경상사고,0,0,1,2,차대차 - 추돌 - 주정차중,안전운전불이행,습기,비,단일로 - 기타,화물,남,45세,상해없음,승용,남,55세,부상신고
2015051600100011,2015년 5월 16일 00시,토요일,부산광역시 서구 암남동,중상사고,0,1,2,0,차대차 - 측면직각충돌,중앙선침범,습기,비,단일로 - 기타,승용,남,27세,상해없음,승용,남,54세,경상
2015051600100013,2015년 5월 16일 00시,토요일,부산광역시 연제구 연산동,경상사고,0,0,1,0,차대차 - 측면직각충돌,안전거리미확보,건조,맑음,단일로 - 기타,승용,남,63세,상해없음,이륜,남,27세,경상
2015051600100037,2015년 5월 16일 01시,토요일,부산광역시 동구 초량동,경상사고,0,0,2,0,차대차 - 측면직각충돌,교차로운행방법위반,건조,맑음,교차로 - 교차로안,승용,남,36세,상해없음,승용,남,56세,상해없음
2015051600100038,2015년 5월 16일 01시,토요일,부산광역시 동래구 온천동,중상사고,0,1,0,0,차대사람 - 횡단중,중앙선침범,습기,흐림,단일로 - 횡단보도부근,승용,여,27세,상해없음,보행자,남,49세,중상
2015051600100039,2015년 5월 16일 01시,토요일,부산광역시 동래구 명장동,경상사고,0,0,1,0,차대차 - 측면직각충돌,중앙선침범,건조,맑음,단일로 - 기타,승용,남,41세,상해없음,승용,남,46세,경상
2015051600100040,2015년 5월 16일 01시,토요일,부산광역시 강서구 대저1동,경상사고,0,0,1,0,차대차 - 추돌 - 주정차중,안전운전불이행,습기,비,교차로 - 교차로부근,승용,여,26세,상해없음,승용,남,52세,경상
2015051600100062,2015년 5월 16일 02시,토요일,부산광역시 부산진구 부전동,사망사고,1,0,0,0,차대사람 - 기타,안전운전불이행,습기,흐림,단일로 - 기타,승용,남,65세,상해없음,보행자,남,52세,사망
2015051600100063,2015년 5월 16일 02시,토요일,부산광역시 연제구 거제동,경상사고,0,0,1,0,차대차 - 측면직각충돌,직진우회전진행방해,건조,맑음,교차로 - 교차로안,승용,기타불명,기타불명,기타불명,승용,남,51세,경상