사고번호,사고일시,요일,시군구,사고내용,사망자수,중상자수,경상자수,부상신고자수,사고유형,법규위반,노면상태,기상상태,도로형태,가해운전자 차종,가해운전자 성별,가해운전자 연령,가해운전자 상해정도,피해운전자 차종,피해운전자 성별,피해운전자 연령,피해운전자 상해정도
2015052200100735,2015년 5월 22일 23시,금요일,부산광역시 사상구 삼락동,부상신고사고,0,0,0,1,차량단독 - 공작물충돌,안전운전불이행,건조,맑음,단일로 - 기타,승용,남,45세,부상신고,,,,
2015052200100736,2015년 5월 22일 23시,금요일,부산광역시 사상구 주례동,경상사고,0,0,1,0,차대차 - 측면직각충돌,신호위반,건조,맑음,교차로 - 교차로안,승용,남,71세,상해없음,승용,남,58세,경상
2015052300100007,2015년 5월 23일 00시,토요일,부산광역시 사하구 하단동,경상사고,0,0,1,0,차대사람 - 기타,교차로운행방법위반,건조,맑음,교차로 - 교차로부근,승용,남,52세,상해없음,보행자,남,67세,경상
2015052300100027,2015년 5월 23일 01시,토요일,부산광역시 금정구 장전동,부상신고사고,0,0,0,1,차대사람 - 차도통행중,안전운전불이행,건조,맑음,단일로 - 기타,승용,남,51세,상해없음,보행자,남,22세,부상신고
2015052300100049,2015년 5월 23일 02시,토요일,부산광역시 중구 보수동2가,중상사고,0,1,1,0,차대차 - 측면직각충돌,신호위반,건조,맑음,교차로 - 교차로안,승용,여,51세,상해없음,이륜,남,19세,중상
2015052300100050,2015년 5월 23일 02시,토요일,부산광역시 수영구 남천동,부상신고사고,0,0,0,1,차대차 - 정면충돌,중앙선침범,건조,맑음,단일로 - 기타,승용,남,29세,상해없음,승용,남,45세,부상신고
2015052300100051,2015년 5월 23일 02시,토요일,부산광역시 부산진구 부전동,경상사고,0,0,1,0,차대차 - 정면충돌,중앙선침범,건조,맑음,교차로 - 교차로부근,이륜,기타불명,기타불명,기타불명,자전거,남,20세,경상
2015052300100052,2015년 5월 23일 02시,토요일,부산광역시 연제구 연산동,중상사고,0,1,0,0,차대차 - 측면직각충돌,안전거리미확보,건조,맑음,단일로 - 기타,승용,남,59세,상해없음,자전거,남,24세,중상
2015052300100053,2015년 5월 23일 02시,토요일,부산광역시 연제구 연산동,경상사고,0,0,1,0,차대사람 - 길가장자리구역통행중,안전운전불이행,건조,맑음,단일로 - 기타,승용,남,44세,상해없음,보행자,남,34세,경상
2015052300100067,2015년 5월 23일 03시,토요일,부산광역시 수영구 민락동,중상사고,0,1,0,0,차대사람 - 길가장자리구역통행중,안전운전불이행,건조,맑음,교차로 - 교차로안,승용,남,23세,상해없음,보행자,여,67세,중상
2015052300100068,2015년 5월 23일 03시,토요일,부산광역시 사하구 하단동,경상사고,0,0,1,0,차량단독 - 전도전복,교차로운행방법위반,건조,맑음,교차로 - 교차로안,자전거,남,19세,경상,,,,
2015052300100069,2015년 5월 23일 03시,토요일,부산광역시 수영구 수영동,중상사고,0,1,0,0,차대사람 - 길가장자리구역통행중,안전운전불이행,건조,맑음,단일로 - 기타,승용,남,27세,상해없음,보행자,남,50세,중상
2015052300100100,2015년 5월 23일 05시,토요일,부산광역시 남구 용호동,중상사고,0,1,0,0,차대사람 - 횡단중,안전운전불이행,건조,맑음,단일로 - 기타,화물,남,50세,상해없음,보행자,여,49세,중상
2015052300100132,2015년 5월 23일 07시,토요일,부산광역시 해운대구 반여동,중상사고,0,1,0,0,차대차 - 측면직각충돌,직진우회전진행방해,건조,맑음,교차로 - 교차로안,화물,남,51세,상해없음,이륜,남,26세,중상
2015052300100133,2015년 5월 23일 07시,토요일,부산광역시 부산진구 부전동,중상사고,0,1,0,0,차대사람 - 보도통행중,기타,건조,맑음,단일로 - 기타,승용,남,71세,상해없음,보행자,남,68세,중상
2015052300100153,2015년 5월 23일 08시,토요일,부산광역시 해운대구 우동,경상사고,0,0,2,0,차대차 - 측면직각충돌,안전거리미확보,건조,맑음,단일로 - 기타,승용,남,31세,상해없음,승용,남,29세,경상
2015052300100179,2015년 5월 23일 09시,토요일,부산광역시 동래구 안락동,중상사고,0,1,0,0,차대사람 - 횡단중,안전운전불이행,건조,흐림,단일로 - 기타,승용,남,64세,상해없음,보행자,남,6세,중상
2015052300100237,2015년 5월 23일 11시,토요일,부산광역시 영도구 봉래동5가,중상사고,0,1,0,0,차대차 - 기타,안전운전불이행,건조,맑음,단일로 - 기타,승용,남,38세,상해없음,승용,남,60세,중상
2015052300100238,2015년 5월 23일 11시,토요일,부산광역시 부산진구 가야동,경상사고,0,0,1,0,차대차 - 기타,안전운전불이행,건조,맑음,단일로 - 기타,승용,남,24세,상해없음,이륜,남,79세,경상
2015052300100239,2015년 5월 23일 11시,토요일,부산광역시 부산진구 개금동,중상사고,0,1,0,0,차대차 - 기타,안전운전불이행,건조,흐림,단일로 - 기타,승용,여,45세,상해없음,자전거,남,60세,중상
2015052300100326,2015년 5월 23일 13시,토요일,부산광역시 해운대구 우동,중상사고,0,1,0,0,차대차 - 추돌 - 진행중,안전거리미확보,건조,맑음,단일로 - 기타,승용,여,45세,상해없음,이륜,남,44세,중상
2015052300100372,2015년 5월 23일 14시,토요일,부산광역시 기장군 정관면,중상사고,0,1,0,0,차대차 - 측면직각충돌,신호위반,건조,맑음,교차로 - 교차로안,승용,남,67세,상해없음,원동기,남,33세,중상
2015052300100440,2015년 5월 23일 16시,토요일,부산광역시 강서구 명지동,경상사고,0,0,1,0,차대차 - 측면직각충돌,교차로운행방법위반,건조,맑음,교차로 - 교차로안,승용,여,47세,상해없음,자전거,여,6세,경상
2015052300100441,2015년 5월 23일 16시,토요일,부산광역시 사상구 괘법동,경상사고,0,0,1,0,차대차 - 측면직각충돌,교차로운행방법위반,건조,맑음,교차로 - 교차로안,승용,남,52세,상해없음,이륜,남,18세,경상
2015052300100536,2015년 5월 23일 18시,토요일,부산광역시 사하구 구평동,중상사고,0,1,1,0,차대사람 - 기타,안전운전불이행,건조,흐림,교차로 - 교차로부근,승용,남,55세,경상,보행자,남,73세,중상
2015052300100537,2015년 5월 23일 18시,토요일,부산광역시 강서구 죽림동,경상사고,0,0,1,0,차대차 - 측면직각충돌,차로위반,건조,맑음,단일로 - 기타,화물,남,52세,상해없음,승용,남,43세,경상
2015052300100570,2015년 5월 23일 19시,토요일,부산광역시 중구 부평동2가,경상사고,0,0,1,0,차대사람 - 길가장자리구역통행중,안전운전불이행,건조,맑음,단일로 - 기타,승용,여,41세,상해없음,보행자,남,73세,경상
2015052300100657,2015년 5월 23일 22시,토요일,부산광역시 남구 문현동,경상사고,0,0,1,0,차대차 - 측면직각충돌,안전운전불이행,건조,맑음,교차로 - 교차로안,화물,남,66세,상해없음,승용,남,58세,경상
2015052300100658,2015년 5월 23일 22시,토요일,부산광역시 해운대구 우동,경상사고,0,0,1,0,차대사람 - 길가장자리구역통행중,안전운전불이행,건조,맑음,단일로 - 기타,승용,여,43세,상해없음,보행자,여,69세,경상
2015052300100659,2015년 5월 23일 22시,토요일,부산광역시 사상구 주례동,중상사고,0,1,1,0,차대차 - 측면직각충돌,신호위반,건조,맑음,교차로 - 교차로안,승용,남,50세,상해없음,승용,남,49세,중상
2015052300100688,2015년 5월 23일 23시,토요일,부산광역시 금정구 부곡동,경상사고,0,0,1,0,차대차 - 측면직각충돌,기타,건조,맑음,단일로 - 기타,승용,남,65세,상해없음,승용,남,43세,경상
2015052400100001,2015년 5월 24일 00시,일요일,부산광역시 남구 대연동,중상사고,0,1,0,0,차대사람 - 횡단중,안전운전불이행,건조,맑음,단일로 - 횡단보도상,승용,남,51세,상해없음,보행자,남,41세,중상
2015052400100002,2015년 5월 24일 00시,일요일,부산광역시 부산진구 가야동,사망사고,1,0,0,0,차대사람 - 횡단중,안전운전불이행,건조,맑음,단일로 - 기타,승용,남,42세,상해없음,보행자,남,52세,사망
2015052400100022,2015년 5월 24일 01시,일요일,부산광역시 동래구 명륜동,중상사고,0,1,2,0,차대차 - 정면충돌,신호위반,건조,맑음,교차로 - 교차로안,승용,남,62세,상해없음,승용,남,75세,경상
2015052400100054,2015년 5월 24일 03시,일요일,부산광역시 중구 영주동,중상사고,0,1,0,0,차대사람 - 횡단중,신호위반,건조,맑음,단일로 - 기타,승용,남,58세,상해없음,보행자,여,48세,중상
2015052400100055,2015년 5월 24일 03시,일요일,부산광역시 동래구 안락동,중상사고,0,1,0,0,차대사람 - 횡단중,안전운전불이행,건조,맑음,단일로 - 기타,승용,여,30세,상해없음,보행자,남,56세,중상
2015052400100056,2015년 5월 24일 03시,일요일,부산광역시 금정구 장전동,부상신고사고,0,0,0,1,차량단독 - 공작물충돌,안전운전불이행,건조,맑음,교차로 - 교차로부근,승용,여,37세,부상신고,,,,
2015052400100057,2015년 5월 24일 03시,일요일,부산광역시 연제구 연산동,경상사고,0,0,1,0,차대사람 - 길가장자리구역통행중,안전운전불이행,건조,맑음,교차로 - 교차로부근,승용,기타불명,기타불명,기타불명,보행자,여,21세,경상
2015052400100088,2015년 5월 24일 05시,일요일,부산광역시 중구 남포동2가,경상사고,0,0,1,0,차대차 - 추돌 - 주정차중,안전거리미확보,건조,맑음,단일로 - 기타,승용,남,52세,상해없음,승용,남,52세,경상
2015052400100089,2015년 5월 24일 05시,일요일,부산광역시 동구 범일동,경상사고,0,0,1,0,차대차 - 기타,신호위반,건조,맑음,교차로 - 교차로안,승용,남,26세,상해없음,승용,남,66세,경상
2015052400100113,2015년 5월 24일 07시,일요일,부산광역시 부산진구 양정동,중상사고,0,1,0,0,차대차 - 정면충돌,신호위반,건조,맑음,교차로 - 교차로안,화물,남,53세,상해없음,이륜,남,23세,중상
2015052400100131,2015년 5월 24일 08시,일요일,부산광역시 해운대구 우동,중상사고,0,1,0,0,차대차 - 기타,신호위반,건조,맑음,교차로 - 교차로안,승용,남,70세,상해없음,자전거,남,11세,중상
2015052400100180,2015년 5월 24일 10시,일요일,부산광역시 동구 수정동,경상사고,0,0,1,0,차량단독 - 기타,안전운전불이행,건조,맑음,단일로 - 기타,승합,남,53세,상해없음,,,,
2015052400100181,2015년 5월 24일 10시,일요일,부산광역시 수영구 망미동,경상사고,0,0,1,0,차대차 - 추돌 - 주정차중,안전운전불이행,건조,맑음,교차로 - 교차로부근,승용,남,68세,상해없음,승용,남,36세,상해없음
2015052400100282,2015년 5월 24일 14시,일요일,부산광역시 동래구 명륜동,경상사고,0,0,1,0,차대차 - 측면직각충돌,교차로운행방법위반,건조,맑음,교차로 - 교차로안,이륜,남,26세,경상,승용,남,53세,상해없음
2015052400100318,2015년 5월 24일 15시,일요일,부산광역시 사상구 괘법동,중상사고,0,1,0,1,차대차 - 측면직각충돌,안전거리미확보,건조,맑음,단일로 - 기타,이륜,남,62세,부상신고,화물,남,49세,상해없음
2015052400100347,2015년 5월 24일 16시,일요일,부산광역시 서구 충무동1가,경상사고,0,0,2,0,차대차 - 추돌 - 주정차중,안전운전불이행,건조,맑음,교차로 - 교차로안,화물,남,53세,상해없음,승용,남,26세,경상
2015052400100348,2015년 5월 24일 16시,일요일,부산광역시 해운대구 우동,중상사고,0,1,0,0,차대차 - 추돌 - 진행중,안전거리미확보,건조,맑음,단일로 - 기타,승용,남,35세,상해없음,승용,여,45세,상해없음
2015052400100349,2015년 5월 24일 16시,일요일,부산광역시 부산진구 부암동,중상사고,0,1,0,0,차대차 - 측면직각충돌,안전운전불이행,건조,맑음,교차로 - 교차로안,승용,남,45세,상해없음,원동기,남,59세,중상
2015052400100390,2015년 5월 24일 17시,일요일,부산광역시 서구 동대신동3가,경상사고,0,0,2,0,차대차 - 추돌 - 진행중,안전운전불이행,건조,맑음,단일로 - 기타,승용,남,41세,상해없음,승용,남,34세,경상
2015052400100391,2015년 5월 24일 17시,일요일,부산광역시 부산진구 양정동,중상사고,0,1,3,0,차대차 - 기타,안전운전불이행,건조,맑음,단일로 - 기타,승용,여,58세,상해없음,승용,여,32세,중상
2015052400100392,2015년 5월 24일 17시,일요일,부산광역시 금정구 서동,부상신고사고,0,0,0,1,차대사람 - 길가장자리구역통행중,안전운전불이행,건조,맑음,단일로 - 기타,승용,남,55세,상해없음,보행자,여,79세,부상신고
2015052400100393,2015년 5월 24일 17시,일요일,부산광역시 연제구 거제동,중상사고,0,1,0,0,차대차 - 측면직각충돌,신호위반,건조,맑음,단일로 - 기타,승용,여,47세,상해없음,자전거,남,70세,중상
2015052400100460,2015년 5월 24일 19시,일요일,부산광역시 기장군 정관면,중상사고,0,1,0,0,차대차 - 측면직각충돌,중앙선침범,건조,맑음,교차로 - 교차로부근,승용,남,35세,상해없음,이륜,남,19세,중상
2015052400100483,2015년 5월 24일 20시,일요일,부산광역시 사상구 학장동,경상사고,0,0,1,0,차대차 - 측면직각충돌,안전운전불이행,건조,맑음,교차로 - 교차로안,승용,남,53세,상해없음,승용,남,40세,경상
2015052400100513,2015년 5월 24일 21시,일요일,부산광역시 중구 남포동2가,경상사고,0,0,1,0,차대차 - 측면직각충돌,안전운전불이행,건조,맑음,단일로 - 기타,승용,남,65세,상해없음,승용,남,37세,경상
2015052400100514,2015년 5월 24일 21시,일요일,부산광역시 중구 보수동1가,경상사고,0,0,2,0,차대차 - 추돌 - 진행중,안전운전불이행,건조,맑음,단일로 - 기타,승용,남,55세,상해없음,승용,남,48세,경상
2015052400100515,2015년 5월 24일 21시,일요일,부산광역시 수영구 광안동,경상사고,0,0,2,0,차대차 - 측면직각충돌,교차로운행방법위반,건조,맑음,교차로 - 교차로안,승용,남,26세,상해없음,승용,남,42세,상해없음
2015052400100544,2015년 5월 24일 22시,일요일,부산광역시 수영구 남천동,중상사고,0,1,0,0,차대차 - 추돌 - 진행중,안전운전불이행,건조,맑음,단일로 - 기타,승용,여,51세,상해없음,원동기,남,23세,중상
2015052400100566,2015년 5월 24일 23시,일요일,부산광역시 수영구 광안동,경상사고,0,0,2,0,차대차 - 측면직각충돌,중앙선침범,건조,맑음,단일로 - 기타,승용,남,41세,상해없음,이륜,남,17세,경상
2015052400100567,2015년 5월 24일 23시,일요일,부산광역시 금정구 서동,중상사고,0,1,0,0,차대사람 - 횡단중,안전운전불이행,건조,맑음,단일로 - 기타,이륜,남,23세,상해없음,보행자,여,32세,중상
2015052400100568,2015년 5월 24일 23시,일요일,부산광역시 사하구 다대동,경상사고,0,0,1,0,차대차 - 추돌 - 주정차중,안전운전불이행,건조,맑음,교차로 - 교차로부근,승용,남,57세,상해없음,승용,남,30세,경상
2015052400100569,2015년 5월 24일 23시,일요일,부산광역시 사상구 모라동,경상사고,0,0,2,0,차대차 - 추돌 - 주정차중,안전운전불이행,건조,맑음,교차로 - 교차로부근,승합,남,39세,상해없음,승용,남,34세,경상
2015052500100005,2015년 5월 25일 00시,월요일,부산광역시 북구 만덕동,중상사고,0,1,0,0,차량단독 - 전도전복,안전운전불이행,건조,맑음,교차로 - 교차로안,승용,남,33세,상해없음,,,,
2015052500100006,2015년 5월 25일 00시,월요일,부산광역시 사하구 괴정동,중상사고,0,4,2,0,차대차 - 추돌 - 주정차중,안전거리미확보,건조,맑음,교차로 - 교차로부근,승용,남,62세,상해없음,승용,남,49세,경상
2015052500100020,2015년 5월 25일 01시,월요일,부산광역시 수영구 민락동,경상사고,0,0,1,0,차대사람 - 횡단중,안전운전불이행,건조,맑음,단일로 - 기타,승용,기타불명,기타불명,기타불명,보행자,남,25세,경상
2015052500100021,2015년 5월 25일 01시,월요일,부산광역시 사하구 괴정동,경상사고,0,0,3,0,차대차 - 측면직각충돌,신호위반,건조,맑음,단일로 - 기타,승용,남,52세,경상,승용,남,55세,경상
2015052500100036,2015년 5월 25일 02시,월요일,부산광역시 동래구 온천동,중상사고,0,1,0,0,차대차 - 추돌 - 진행중,안전운전불이행,건조,맑음,단일로 - 기타,승용,여,34세,상해없음,승용,남,66세,중상
2015052500100037,2015년 5월 25일 02시,월요일,부산광역시 해운대구 좌동,경상사고,0,0,2,0,차대차 - 추돌 - 주정차중,안전운전불이행,건조,맑음,단일로 - 기타,승용,남,36세,상해없음,승용,남,32세,경상
2015052500100065,2015년 5월 25일 05시,월요일,부산광역시 동구 수정동,경상사고,0,0,1,0,차대차 - 측면직각충돌,직진우회전진행방해,건조,맑음,교차로 - 교차로안,원동기,남,35세,상해없음,승용,여,39세,상해없음
2015052500100095,2015년 5월 25일 07시,월요일,부산광역시 금정구 남산동,중상사고,0,1,0,0,차대차 - 측면직각충돌,안전운전불이행,건조,맑음,교차로 - 교차로부근,승용,남,44세,상해없음,원동기,남,30세,중상
2015052500100115,2015년 5월 25일 08시,월요일,부산광역시 북구 금곡동,중상사고,0,1,1,0,차대차 - 추돌 - 진행중,안전운전불이행,건조,맑음,단일로 - 기타,승용,남,50세,상해없음,승용,남,55세,경상
2015052500100142,2015년 5월 25일 09시,월요일,부산광역시 사상구 학장동,경상사고,0,0,1,0,차대차 - 측면직각충돌,중앙선침범,건조,맑음,단일로 - 기타,자전거,남,72세,경상,승용,남,50세,상해없음
2015052500100170,2015년 5월 25일 10시,월요일,부산광역시 동구 초량동,중상사고,0,1,0,0,차대차 - 기타,안전거리미확보,건조,맑음,단일로 - 기타,승용,남,52세,상해없음,승용,남,63세,중상
2015052500100171,2015년 5월 25일 10시,월요일,부산광역시 부산진구 부암동,경상사고,0,0,1,0,차대차 - 측면직각충돌,안전운전불이행,건조,맑음,교차로 - 교차로부근,승용,남,19세,상해없음,승용,남,35세,경상
2015052500100194,2015년 5월 25일 11시,월요일,부산광역시 연제구 연산동,중상사고,0,1,0,0,차대차 - 측면직각충돌,교차로운행방법위반,건조,맑음,교차로 - 교차로부근,승용,남,44세,상해없음,원동기,남,36세,중상
2015052500100246,2015년 5월 25일 13시,월요일,부산광역시 사하구 하단동,중상사고,0,1,1,0,차대차 - 측면직각충돌,신호위반,건조,맑음,교차로 - 교차로안,승용,여,32세,상해없음,승용,남,47세,경상
2015052500100273,2015년 5월 25일 14시,월요일,부산광역시 동래구 명륜동,경상사고,0,0,1,0,차대사람 - 횡단중,신호위반,건조,맑음,단일로 - 횡단보도상,승용,기타불명,기타불명,기타불명,보행자,남,42세,경상
2015052500100274,2015년 5월 25일 14시,월요일,부산광역시 부산진구 초읍동,경상사고,0,0,1,0,차대사람 - 기타,기타,건조,맑음,단일로 - 기타,승용,남,73세,상해없음,보행자,여,45세,경상
2015052500100275,2015년 5월 25일 14시,월요일,부산광역시 사상구 모라동,경상사고,0,0,1,0,차대차 - 측면직각충돌,신호위반,건조,맑음,교차로 - 교차로부근,승용,남,61세,상해없음,승용,남,61세,경상
2015052500100326,2015년 5월 25일 15시,월요일,부산광역시 북구 화명동,중상사고,0,1,0,0,차대차 - 기타,안전거리미확보,건조,맑음,단일로 - 기타,이륜,남,18세,중상,화물,남,48세,상해없음
2015052500100370,2015년 5월 25일 16시,월요일,부산광역시 서구 남부민동,중상사고,0,1,0,0,차대사람 - 길가장자리구역통행중,안전운전불이행,건조,맑음,단일로 - 기타,승용,남,42세,상해없음,보행자,남,70세,중상
2015052500100371,2015년 5월 25일 16시,월요일,부산광역시 해운대구 좌동,중상사고,0,1,0,0,차대사람 - 기타,안전운전불이행,건조,맑음,기타 - 기타,자전거,남,13세,상해없음,보행자,남,66세,중상
2015052500100399,2015년 5월 25일 17시,월요일,부산광역시 사상구 감전동,경상사고,0,0,1,0,차대차 - 측면직각충돌,신호위반,건조,맑음,단일로 - 횡단보도상,승용,남,55세,상해없음,이륜,남,55세,경상
2015052500100400,2015년 5월 25일 17시,월요일,부산광역시 사상구 괘법동,경상사고,0,0,2,0,차대차 - 추돌 - 진행중,불법유턴,건조,맑음,단일로 - 기타,승용,남,40세,상해없음,승용,남,44세,경상
2015052500100451,2015년 5월 25일 18시,월요일,부산광역시 해운대구 재송동,중상사고,0,1,0,0,차대차 - 추돌 - 진행중,안전거리미확보,건조,맑음,단일로 - 교량,승용,남,52세,상해없음,이륜,남,36세,중상
2015052500100474,2015년 5월 25일 19시,월요일,부산광역시 부산진구 부암동,경상사고,0,0,4,0,차대차 - 측면직각충돌,교차로운행방법위반,건조,맑음,교차로 - 교차로안,승용,남,36세,경상,승용,남,51세,경상
2015052500100506,2015년 5월 25일 20시,월요일,부산광역시 수영구 광안동,경상사고,0,0,2,0,차대차 - 측면직각충돌,안전운전불이행,건조,맑음,단일로 - 기타,승용,남,38세,상해없음,승용,남,31세,경상
2015052500100507,2015년 5월 25일 20시,월요일,부산광역시 사상구 주례동,중상사고,0,2,0,0,차대차 - 측면직각충돌,안전거리미확보,건조,맑음,교차로 - 교차로부근,승용,남,44세,상해없음,이륜,남,23세,중상
2015052500100559,2015년 5월 25일 22시,월요일,부산광역시 수영구 남천동,중상사고,0,1,0,0,차대차 - 측면직각충돌,안전거리미확보,건조,맑음,단일로 - 기타,승용,남,32세,상해없음,이륜,남,24세,중상
2015052500100560,2015년 5월 25일 22시,월요일,부산광역시 부산진구 전포동,경상사고,0,0,3,0,차대차 - 추돌 - 진행중,안전운전불이행,건조,맑음,단일로 - 기타,승용,여,29세,상해없음,승용,남,64세,상해없음
2015052500100561,2015년 5월 25일 22시,월요일,부산광역시 사하구 괴정동,경상사고,0,0,1,0,차대사람 - 횡단중,안전운전불이행,건조,맑음,단일로 - 횡단보도부근,승합,남,65세,상해없음,보행자,여,68세,경상
2015052500100587,2015년 5월 25일 23시,월요일,부산광역시 동래구 사직동,중상사고,0,1,0,0,차대차 - 측면직각충돌,안전운전불이행,건조,맑음,교차로 - 교차로안,승용,남,24세,상해없음,승용,남,52세,중상
2015052500100588,2015년 5월 25일 23시,월요일,부산광역시 부산진구 개금동,경상사고,0,0,2,0,차대차 - 기타,안전운전불이행,건조,맑음,단일로 - 기타,승용,남,45세,상해없음,승용,남,43세,경상
2015052600100017,2015년 5월 26일 01시,화요일,부산광역시 사하구 하단동,경상사고,0,0,3,0,차대차 - 추돌 - 진행중,안전운전불이행,건조,맑음,교차로 - 교차로안,승용,남,36세,상해없음,승용,남,65세,경상
2015052600100024,2015년 5월 26일 02시,화요일,부산광역시 남구 대연동,경상사고,0,0,3,0,차대차 - 측면직각충돌,안전운전불이행,건조,맑음,교차로 - 교차로부근,화물,남,23세,상해없음,승용,남,50세,경상
2015052600100033,2015년 5월 26일 04시,화요일,부산광역시 기장군 정관면,중상사고,0,1,0,0,차대차 - 측면직각충돌,직진우회전진행방해,건조,맑음,교차로 - 교차로안,승용,남,29세,상해없음,이륜,남,24세,중상
2015052600100041,2015년 5월 26일 05시,화요일,부산광역시 남구 대연동,중상사고,0,1,0,0,차대차 - 측면직각충돌,신호위반,건조,맑음,교차로 - 교차로안,이륜,남,64세,중상,승용,남,59세,상해없음
2015052600100056,2015년 5월 26일 06시,화요일,부산광역시 동구 수정동,중상사고,0,1,0,0,차대차 - 추돌 - 진행중,안전거리미확보,건조,맑음,단일로 - 터널,화물,남,56세,상해없음,건설기계,남,45세,중상
2015052600100076,2015년 5월 26일 07시,화요일,부산광역시 사하구 장림동,경상사고,0,0,1,0,차대차 - 측면직각충돌,안전운전불이행,건조,맑음,단일로 - 기타,건설기계,남,54세,상해없음,승용,여,50세,경상
2015052600100152,2015년 5월 26일 09시,화요일,부산광역시 부산진구 부전동,중상사고,0,1,0,0,차대차 - 측면직각충돌,안전운전불이행,건조,맑음,교차로 - 교차로안,이륜,남,33세,상해없음,이륜,남,24세,중상
2015052600100153,2015년 5월 26일 09시,화요일,부산광역시 기장군 기장읍,경상사고,0,0,1,0,차대차 - 추돌 - 진행중,안전운전불이행,건조,맑음,교차로 - 교차로부근,건설기계,남,59세,상해없음,승용,여,34세,경상
2015052600100227,2015년 5월 26일 11시,화요일,부산광역시 사하구 하단동,경상사고,0,0,1,0,차대차 - 기타,안전거리미확보,건조,맑음,교차로 - 교차로부근,승용,남,57세,상해없음,승용,남,65세,경상
2015052600100259,2015년 5월 26일 12시,화요일,부산광역시 남구 대연동,부상신고사고,0,0,0,2,차대차 - 기타,중앙선침범,건조,맑음,교차로 - 교차로부근,이륜,남,19세,상해없음,이륜,남,17세,부상신고
2015052600100260,2015년 5월 26일 12시,화요일,부산광역시 부산진구 부전동,부상신고사고,0,0,0,1,차대사람 - 기타,안전운전불이행,건조,맑음,단일로 - 기타,승용,여,29세,상해없음,보행자,여,59세,부상신고
2015052600100291,2015년 5월 26일 13시,화요일,부산광역시 중구 남포동1가,사망사고,1,1,0,0,차대차 - 측면직각충돌,안전운전불이행,건조,맑음,단일로 - 기타,이륜,남,54세,중상,건설기계,남,60세,상해없음
2015052600100292,2015년 5월 26일 13시,화요일,부산광역시 동래구 온천동,경상사고,0,0,2,0,차대차 - 추돌 - 주정차중,안전운전불이행,건조,맑음,단일로 - 기타,승용,남,34세,상해없음,승용,남,54세,경상
2015052600100293,2015년 5월 26일 13시,화요일,부산광역시 부산진구 전포동,중상사고,0,1,0,0,차대사람 - 횡단중,신호위반,건조,맑음,단일로 - 횡단보도상,이륜,남,52세,상해없음,보행자,여,71세,중상
2015052600100332,2015년 5월 26일 14시,화요일,부산광역시 북구 덕천동,부상신고사고,0,0,0,1,차대차 - 기타,안전운전불이행,건조,맑음,단일로 - 기타,원동기,여,57세,부상신고,기타불명,기타불명,기타불명,기타불명
2015052600100333,2015년 5월 26일 14시,화요일,부산광역시 금정구 부곡동,중상사고,0,1,0,0,차대사람 - 횡단중,안전운전불이행,건조,맑음,교차로 - 교차로부근,승합,남,45세,상해없음,보행자,남,67세,중상
2015052600100411,2015년 5월 26일 16시,화요일,부산광역시 동구 초량동,경상사고,0,0,1,0,차대차 - 측면직각충돌,교차로운행방법위반,건조,맑음,교차로 - 교차로안,승용,남,51세,상해없음,화물,남,48세,경상
2015052600100412,2015년 5월 26일 16시,화요일,부산광역시 해운대구 우동,중상사고,0,1,0,0,차대사람 - 횡단중,보행자보호의무위반,건조,맑음,교차로 - 교차로부근,승용,남,64세,상해없음,보행자,여,27세,중상
2015052600100413,2015년 5월 26일 16시,화요일,부산광역시 부산진구 부전동,경상사고,0,0,1,0,차대사람 - 길가장자리구역통행중,안전운전불이행,건조,맑음,교차로 - 교차로부근,승용,남,60세,상해없음,보행자,여,70세,경상
2015052600100472,2015년 5월 26일 17시,화요일,부산광역시 사상구 감전동,경상사고,0,0,1,1,차대사람 - 횡단중,안전운전불이행,건조,맑음,단일로 - 기타,이륜,남,25세,부상신고,보행자,남,56세,경상
2015052600100523,2015년 5월 26일 18시,화요일,부산광역시 수영구 민락동,중상사고,0,1,0,0,차대사람 - 기타,안전운전불이행,건조,맑음,단일로 - 기타,건설기계,남,62세,상해없음,보행자,여,52세,중상
2015052600100524,2015년 5월 26일 18시,화요일,부산광역시 남구 대연동,경상사고,0,0,2,0,차대차 - 추돌 - 주정차중,안전거리미확보,건조,맑음,단일로 - 기타,승용,남,51세,상해없음,승용,남,31세,경상
2015052600100525,2015년 5월 26일 18시,화요일,부산광역시 동래구 온천동,경상사고,0,0,1,0,차대차 - 측면직각충돌,안전거리미확보,건조,맑음,단일로 - 기타,승합,남,55세,상해없음,승합,남,38세,상해없음
2015052600100526,2015년 5월 26일 18시,화요일,부산광역시 동래구 온천동,경상사고,0,0,1,0,차대차 - 측면직각충돌,교차로운행방법위반,건조,맑음,교차로 - 교차로안,승용,남,45세,상해없음,승용,여,31세,경상
2015052600100527,2015년 5월 26일 18시,화요일,부산광역시 금정구 부곡동,중상사고,0,1,0,0,차대사람 - 길가장자리구역통행중,안전운전불이행,건조,맑음,단일로 - 기타,승용,여,31세,상해없음,보행자,여,74세,중상
2015052600100584,2015년 5월 26일 19시,화요일,부산광역시 북구 만덕동,중상사고,0,1,0,0,차대사람 - 기타,안전운전불이행,건조,맑음,단일로 - 기타,승용,여,47세,상해없음,보행자,여,49세,중상
2015052600100585,2015년 5월 26일 19시,화요일,부산광역시 강서구 강동동,중상사고,0,1,0,0,차대사람 - 횡단중,보행자보호의무위반,건조,맑음,단일로 - 횡단보도상,승용,여,49세,상해없음,보행자,남,26세,중상