사고번호,사고일시,요일,시군구,사고내용,사망자수,중상자수,경상자수,부상신고자수,사고유형,법규위반,노면상태,기상상태,도로형태,가해운전자 차종,가해운전자 성별,가해운전자 연령,가해운전자 상해정도,피해운전자 차종,피해운전자 성별,피해운전자 연령,피해운전자 상해정도
2015053000100034,2015년 5월 30일 01시,토요일,부산광역시 수영구 광안동,부상신고사고,0,0,0,1,차대차 - 추돌 - 진행중,안전거리미확보,건조,맑음,단일로 - 기타,승용,남,20세,상해없음,승용,남,46세,부상신고
2015053000100035,2015년 5월 30일 01시,토요일,부산광역시 수영구 남천동,중상사고,0,2,0,0,차대차 - 측면직각충돌,안전운전불이행,건조,맑음,교차로 - 교차로안,승용,남,29세,상해없음,승용,남,35세,상해없음
2015053000100036,2015년 5월 30일 01시,토요일,부산광역시 부산진구 당감동,중상사고,0,2,1,0,차대차 - 측면직각충돌,신호위반,건조,맑음,교차로 - 교차로안,승용,남,52세,상해없음,승용,남,52세,경상
2015053000100061,2015년 5월 30일 02시,토요일,부산광역시 영도구 대교동1가,경상사고,0,0,2,0,차대사람 - 횡단중,안전운전불이행,건조,맑음,단일로 - 횡단보도부근,승용,남,55세,상해없음,보행자,남,23세,경상
2015053000100062,2015년 5월 30일 02시,토요일,부산광역시 사상구 감전동,중상사고,0,2,1,1,차대차 - 측면직각충돌,신호위반,건조,맑음,교차로 - 교차로안,승용,남,32세,부상신고,승용,남,52세,중상
2015053000100098,2015년 5월 30일 04시,토요일,부산광역시 남구 대연동,경상사고,0,0,1,0,차대사람 - 횡단중,안전운전불이행,건조,맑음,단일로 - 기타,승용,남,26세,상해없음,보행자,여,21세,경상
2015053000100129,2015년 5월 30일 06시,토요일,부산광역시 중구 남포동1가,경상사고,0,0,1,0,차대차 - 측면직각충돌,안전운전불이행,건조,맑음,단일로 - 기타,승용,남,55세,상해없음,승용,남,55세,경상
2015053000100144,2015년 5월 30일 07시,토요일,부산광역시 중구 중앙동6가,중상사고,0,1,1,0,차대차 - 측면직각충돌,안전운전불이행,습기,비,단일로 - 기타,화물,남,57세,상해없음,승용,남,53세,경상
2015053000100145,2015년 5월 30일 07시,토요일,부산광역시 해운대구 우동,경상사고,0,0,1,0,차대사람 - 횡단중,안전운전불이행,건조,맑음,단일로 - 기타,승용,남,39세,상해없음,보행자,여,20세,경상
2015053000100163,2015년 5월 30일 08시,토요일,부산광역시 남구 대연동,경상사고,0,0,5,0,차대차 - 추돌 - 주정차중,안전운전불이행,건조,맑음,단일로 - 기타,승용,남,47세,상해없음,승용,남,39세,경상
2015053000100164,2015년 5월 30일 08시,토요일,부산광역시 동래구 사직동,중상사고,0,1,0,0,차대사람 - 차도통행중,안전운전불이행,건조,맑음,단일로 - 기타,화물,남,40세,상해없음,보행자,여,73세,중상
2015053000100187,2015년 5월 30일 09시,토요일,부산광역시 동래구 사직동,중상사고,0,1,0,0,차대사람 - 횡단중,보행자보호의무위반,습기,비,교차로 - 교차로부근,승용,남,27세,상해없음,보행자,여,58세,중상
2015053000100188,2015년 5월 30일 09시,토요일,부산광역시 연제구 연산동,중상사고,0,1,0,0,차대차 - 측면직각충돌,신호위반,습기,비,교차로 - 교차로안,승용,남,65세,상해없음,이륜,남,32세,중상
2015053000100220,2015년 5월 30일 10시,토요일,부산광역시 북구 덕천동,경상사고,0,0,1,0,차대차 - 기타,안전거리미확보,습기,비,단일로 - 기타,승용,남,41세,상해없음,승용,여,53세,경상
2015053000100221,2015년 5월 30일 10시,토요일,부산광역시 동래구 수안동,경상사고,0,0,2,0,차대차 - 측면직각충돌,안전운전불이행,건조,맑음,단일로 - 기타,승용,남,18세,상해없음,승용,남,40세,경상
2015053000100248,2015년 5월 30일 11시,토요일,부산광역시 북구 덕천동,경상사고,0,0,2,0,차대차 - 기타,중앙선침범,건조,맑음,단일로 - 기타,승용,남,65세,상해없음,화물,남,62세,경상
2015053000100249,2015년 5월 30일 11시,토요일,부산광역시 사하구 하단동,경상사고,0,0,1,0,차대차 - 기타,신호위반,건조,맑음,교차로 - 교차로안,승용,남,39세,경상,승용,남,46세,상해없음
2015053000100250,2015년 5월 30일 11시,토요일,부산광역시 수영구 광안동,중상사고,0,1,0,0,차대사람 - 횡단중,안전운전불이행,건조,흐림,단일로 - 기타,승용,남,68세,상해없음,보행자,여,85세,중상
2015053000100278,2015년 5월 30일 12시,토요일,부산광역시 사하구 장림동,경상사고,0,0,2,0,차대차 - 기타,안전운전불이행,건조,맑음,단일로 - 기타,승용,여,48세,상해없음,승용,남,72세,경상
2015053000100279,2015년 5월 30일 12시,토요일,부산광역시 기장군 정관면,경상사고,0,0,1,0,차대차 - 측면직각충돌,신호위반,건조,맑음,교차로 - 교차로안,승용,여,54세,경상,건설기계,남,35세,상해없음
2015053000100326,2015년 5월 30일 13시,토요일,부산광역시 남구 대연동,경상사고,0,0,1,0,차대차 - 추돌 - 진행중,교차로운행방법위반,건조,맑음,교차로 - 교차로안,승용,남,38세,상해없음,이륜,남,16세,경상
2015053000100327,2015년 5월 30일 13시,토요일,부산광역시 남구 용호동,중상사고,0,1,0,0,차대차 - 추돌 - 진행중,안전운전불이행,건조,맑음,단일로 - 기타,승용,남,55세,상해없음,승용,남,58세,상해없음
2015053000100328,2015년 5월 30일 13시,토요일,부산광역시 북구 금곡동,경상사고,0,0,2,0,차대차 - 추돌 - 주정차중,안전거리미확보,습기,비,단일로 - 기타,승용,남,81세,상해없음,승용,남,47세,경상
2015053000100329,2015년 5월 30일 13시,토요일,부산광역시 동래구 안락동,경상사고,0,0,1,0,차대사람 - 길가장자리구역통행중,안전운전불이행,건조,맑음,단일로 - 기타,화물,남,34세,상해없음,보행자,남,66세,경상
2015053000100330,2015년 5월 30일 13시,토요일,부산광역시 동래구 명륜동,중상사고,0,1,1,0,차대차 - 측면직각충돌,중앙선침범,건조,맑음,교차로 - 교차로부근,승용,남,54세,상해없음,승용,여,48세,중상
2015053000100377,2015년 5월 30일 14시,토요일,부산광역시 동래구 온천동,경상사고,0,0,1,0,차대차 - 추돌 - 진행중,안전거리미확보,건조,맑음,단일로 - 기타,화물,남,63세,상해없음,승합,남,39세,경상
2015053000100453,2015년 5월 30일 16시,토요일,부산광역시 강서구 대저2동,부상신고사고,0,0,0,1,차대차 - 측면직각충돌,안전운전불이행,건조,맑음,단일로 - 기타,화물,남,41세,상해없음,화물,남,62세,부상신고
2015053000100476,2015년 5월 30일 17시,토요일,부산광역시 남구 문현동,중상사고,0,1,0,0,차대사람 - 횡단중,안전운전불이행,건조,맑음,교차로 - 교차로안,승용,여,45세,상해없음,보행자,여,47세,중상
2015053000100477,2015년 5월 30일 17시,토요일,부산광역시 사상구 덕포동,중상사고,0,1,5,0,차대차 - 측면직각충돌,중앙선침범,건조,맑음,단일로 - 기타,승용,남,55세,상해없음,승합,남,41세,경상
2015053000100507,2015년 5월 30일 18시,토요일,부산광역시 사상구 학장동,경상사고,0,0,4,0,차대차 - 측면직각충돌,교차로운행방법위반,습기,비,교차로 - 교차로안,승용,남,52세,경상,승용,남,40세,경상
2015053000100541,2015년 5월 30일 19시,토요일,부산광역시 부산진구 부전동,경상사고,0,0,1,0,차대사람 - 기타,안전운전불이행,건조,맑음,단일로 - 기타,승용,남,60세,상해없음,보행자,남,21세,경상
2015053000100542,2015년 5월 30일 19시,토요일,부산광역시 사하구 다대동,중상사고,0,1,0,0,차대차 - 기타,차로위반,습기,흐림,교차로 - 교차로부근,승용,여,44세,상해없음,승용,남,45세,중상
2015053000100578,2015년 5월 30일 20시,토요일,부산광역시 부산진구 범천동,경상사고,0,0,1,0,차대차 - 기타,안전거리미확보,건조,맑음,단일로 - 기타,승용,남,23세,상해없음,승용,남,68세,상해없음
2015053000100621,2015년 5월 30일 21시,토요일,부산광역시 동구 범일동,부상신고사고,0,0,0,1,차대차 - 기타,안전운전불이행,건조,맑음,교차로 - 교차로부근,승용,남,56세,상해없음,승용,남,22세,부상신고
2015053000100622,2015년 5월 30일 21시,토요일,부산광역시 남구 대연동,경상사고,0,0,1,0,차대사람 - 보도통행중,기타,건조,맑음,단일로 - 기타,이륜,남,32세,상해없음,보행자,여,55세,경상
2015053000100623,2015년 5월 30일 21시,토요일,부산광역시 연제구 연산동,사망사고,1,0,3,0,차대차 - 측면직각충돌,중앙선침범,건조,맑음,단일로 - 기타,승용,남,53세,상해없음,이륜,남,25세,사망
2015053000100656,2015년 5월 30일 22시,토요일,부산광역시 해운대구 재송동,중상사고,0,1,0,0,차대사람 - 기타,보행자보호의무위반,습기,비,단일로 - 횡단보도상,승용,남,55세,기타불명,보행자,남,43세,중상
2015053000100657,2015년 5월 30일 22시,토요일,부산광역시 연제구 연산동,중상사고,0,2,0,0,차대차 - 측면직각충돌,교차로운행방법위반,건조,맑음,교차로 - 교차로안,승합,남,35세,상해없음,원동기,남,16세,중상
2015053000100682,2015년 5월 30일 23시,토요일,부산광역시 중구 중앙동4가,중상사고,0,1,2,0,차대차 - 추돌 - 주정차중,안전운전불이행,습기,흐림,단일로 - 기타,승용,남,29세,상해없음,승용,남,55세,중상
2015053000100683,2015년 5월 30일 23시,토요일,부산광역시 중구 중앙동6가,경상사고,0,0,1,0,차대차 - 측면직각충돌,신호위반,건조,맑음,교차로 - 교차로부근,승용,남,43세,상해없음,자전거,남,34세,경상
2015053100100003,2015년 5월 31일 00시,일요일,부산광역시 해운대구 우동,경상사고,0,0,1,0,차대차 - 추돌 - 주정차중,안전운전불이행,건조,맑음,단일로 - 기타,승용,남,41세,상해없음,승용,여,39세,경상
2015053100100022,2015년 5월 31일 01시,일요일,부산광역시 해운대구 중동,경상사고,0,0,1,0,차대차 - 측면직각충돌,중앙선침범,습기,안개,교차로 - 교차로안,승용,기타불명,기타불명,기타불명,원동기,남,30세,경상
2015053100100050,2015년 5월 31일 03시,일요일,부산광역시 수영구 민락동,중상사고,0,1,0,0,차대차 - 측면직각충돌,안전운전불이행,건조,맑음,교차로 - 교차로안,이륜,기타불명,기타불명,기타불명,이륜,남,58세,중상
2015053100100052,2015년 5월 31일 03시,일요일,부산광역시 부산진구 개금동,경상사고,0,0,1,0,차대차 - 추돌 - 진행중,안전운전불이행,기타,맑음,단일로 - 기타,승용,남,24세,상해없음,승용,남,60세,경상
2015053100100112,2015년 5월 31일 08시,일요일,부산광역시 동래구 온천동,중상사고,0,3,2,0,차대차 - 추돌 - 진행중,안전거리미확보,건조,맑음,단일로 - 기타,승용,여,23세,상해없음,승용,남,26세,경상
2015053100100128,2015년 5월 31일 09시,일요일,부산광역시 부산진구 부전동,경상사고,0,0,2,0,차대차 - 측면직각충돌,신호위반,건조,맑음,교차로 - 교차로안,승용,남,50세,상해없음,승용,남,21세,경상
2015053100100129,2015년 5월 31일 09시,일요일,부산광역시 사상구 모라동,경상사고,0,0,1,0,차대차 - 측면직각충돌,안전운전불이행,건조,맑음,교차로 - 교차로안,자전거,남,72세,경상,승합,남,72세,상해없음
2015053100100151,2015년 5월 31일 10시,일요일,부산광역시 북구 만덕동,중상사고,0,1,3,0,차대차 - 측면직각충돌,신호위반,건조,맑음,교차로 - 교차로안,승용,남,24세,경상,승용,남,38세,중상
2015053100100169,2015년 5월 31일 11시,일요일,부산광역시 강서구 송정동,중상사고,0,1,0,0,차대차 - 추돌 - 주정차중,중앙선침범,건조,맑음,교차로 - 교차로부근,승용,남,34세,상해없음,승용,여,57세,중상
2015053100100194,2015년 5월 31일 12시,일요일,부산광역시 사상구 학장동,중상사고,0,1,1,0,차대차 - 측면직각충돌,안전운전불이행,건조,맑음,단일로 - 기타,승용,남,41세,상해없음,원동기,남,50세,중상
2015053100100266,2015년 5월 31일 14시,일요일,부산광역시 영도구 동삼동,부상신고사고,0,0,0,1,차대사람 - 횡단중,안전운전불이행,건조,맑음,단일로 - 횡단보도상,승용,기타불명,기타불명,기타불명,보행자,여,28세,부상신고
2015053100100267,2015년 5월 31일 14시,일요일,부산광역시 부산진구 가야동,부상신고사고,0,0,0,1,차량단독 - 기타,안전운전불이행,건조,맑음,미분류 - 미분류,승용,남,22세,부상신고,,,,
2015053100100268,2015년 5월 31일 14시,일요일,부산광역시 연제구 거제동,중상사고,0,1,0,0,차대사람 - 보도통행중,기타,건조,맑음,단일로 - 기타,승용,남,49세,상해없음,보행자,남,15세,중상
2015053100100269,2015년 5월 31일 14시,일요일,부산광역시 사상구 감전동,경상사고,0,0,1,0,차대사람 - 기타,안전운전불이행,건조,맑음,단일로 - 기타,승용,남,31세,상해없음,보행자,남,28세,경상
2015053100100301,2015년 5월 31일 15시,일요일,부산광역시 서구 암남동,중상사고,0,1,0,0,차대차 - 추돌 - 진행중,안전운전불이행,건조,맑음,교차로 - 교차로안,승용,남,64세,상해없음,자전거,남,65세,중상
2015053100100302,2015년 5월 31일 15시,일요일,부산광역시 부산진구 개금동,부상신고사고,0,0,0,1,차대차 - 측면직각충돌,안전운전불이행,건조,맑음,교차로 - 교차로안,이륜,남,18세,부상신고,승용,여,56세,상해없음
2015053100100303,2015년 5월 31일 15시,일요일,부산광역시 금정구 서동,경상사고,0,0,2,0,차대차 - 추돌 - 주정차중,안전운전불이행,건조,맑음,단일로 - 기타,승용,남,56세,상해없음,승용,남,45세,경상
2015053100100304,2015년 5월 31일 15시,일요일,부산광역시 사하구 감천동,중상사고,0,1,1,0,차대차 - 측면직각충돌,불법유턴,건조,맑음,단일로 - 기타,승용,남,62세,상해없음,이륜,남,16세,경상
2015053100100305,2015년 5월 31일 15시,일요일,부산광역시 강서구 대저1동,중상사고,0,1,0,0,차대차 - 추돌 - 주정차중,안전운전불이행,건조,맑음,단일로 - 기타,기타불명,기타불명,기타불명,기타불명,원동기,남,33세,중상
2015053100100346,2015년 5월 31일 16시,일요일,부산광역시 사상구 학장동,경상사고,0,0,1,0,차대차 - 측면직각충돌,직진우회전진행방해,건조,맑음,교차로 - 교차로부근,승용,남,58세,상해없음,자전거,남,13세,경상
2015053100100413,2015년 5월 31일 18시,일요일,부산광역시 금정구 장전동,경상사고,0,0,2,0,차대사람 - 횡단중,안전운전불이행,건조,맑음,단일로 - 기타,승용,남,39세,상해없음,보행자,여,15세,경상
2015053100100439,2015년 5월 31일 19시,일요일,부산광역시 남구 용호동,부상신고사고,0,0,0,1,차대차 - 측면직각충돌,안전운전불이행,건조,맑음,단일로 - 기타,승용,남,49세,상해없음,이륜,남,38세,부상신고
2015053100100489,2015년 5월 31일 21시,일요일,부산광역시 남구 대연동,경상사고,0,0,1,0,차대사람 - 횡단중,안전운전불이행,건조,맑음,단일로 - 횡단보도부근,승용,남,33세,상해없음,보행자,남,54세,경상
2015053100100490,2015년 5월 31일 21시,일요일,부산광역시 북구 화명동,중상사고,0,1,0,0,차대차 - 측면직각충돌,안전운전불이행,건조,맑음,단일로 - 기타,승용,남,50세,상해없음,원동기,남,42세,중상
2015053100100491,2015년 5월 31일 21시,일요일,부산광역시 영도구 신선동2가,경상사고,0,0,3,0,차대차 - 기타,안전운전불이행,건조,맑음,단일로 - 기타,승용,남,47세,상해없음,승용,여,56세,경상
2015053100100492,2015년 5월 31일 21시,일요일,부산광역시 부산진구 양정동,경상사고,0,0,2,0,차대차 - 추돌 - 진행중,안전운전불이행,건조,맑음,단일로 - 기타,승용,남,51세,상해없음,승용,남,25세,경상
2015053100100493,2015년 5월 31일 21시,일요일,부산광역시 사하구 감천동,경상사고,0,0,1,0,차대사람 - 기타,안전운전불이행,건조,맑음,교차로 - 교차로안,승용,남,40세,상해없음,보행자,남,54세,경상
2015053100100532,2015년 5월 31일 22시,일요일,부산광역시 수영구 남천동,경상사고,0,0,2,0,차대차 - 추돌 - 주정차중,안전운전불이행,건조,맑음,단일로 - 기타,승용,여,65세,상해없음,승용,남,35세,경상
2015053100100549,2015년 5월 31일 23시,일요일,부산광역시 동래구 명장동,경상사고,0,0,1,0,차대차 - 측면직각충돌,직진우회전진행방해,건조,맑음,교차로 - 교차로안,승용,남,62세,상해없음,이륜,남,22세,경상
2015060100100001,2015년 6월 1일 00시,월요일,부산광역시 북구 구포동,경상사고,0,0,1,0,차량단독 - 공작물충돌,안전운전불이행,건조,맑음,단일로 - 기타,승용,남,21세,경상,,,,
2015060100100013,2015년 6월 1일 01시,월요일,부산광역시 영도구 동삼동,경상사고,0,0,2,0,차대차 - 측면직각충돌,교차로운행방법위반,건조,맑음,교차로 - 교차로안,승용,남,53세,상해없음,승용,남,47세,경상
2015060100100014,2015년 6월 1일 01시,월요일,부산광역시 사상구 괘법동,중상사고,0,1,0,0,차대차 - 측면직각충돌,교차로운행방법위반,건조,맑음,교차로 - 교차로부근,승용,남,44세,상해없음,승용,남,36세,중상
2015060100100023,2015년 6월 1일 02시,월요일,부산광역시 사상구 엄궁동,경상사고,0,0,3,0,차대차 - 측면직각충돌,신호위반,건조,맑음,교차로 - 교차로안,승용,남,67세,상해없음,승용,남,56세,경상
2015060100100040,2015년 6월 1일 05시,월요일,부산광역시 사하구 감천동,경상사고,0,0,1,0,차대차 - 기타,중앙선침범,건조,맑음,교차로 - 교차로안,승용,남,63세,상해없음,승용,남,76세,경상
2015060100100068,2015년 6월 1일 07시,월요일,부산광역시 금정구 구서동,경상사고,0,0,1,0,차대차 - 추돌 - 진행중,안전거리미확보,건조,맑음,단일로 - 기타,건설기계,남,62세,상해없음,승용,남,64세,경상
2015060100100069,2015년 6월 1일 07시,월요일,부산광역시 사상구 엄궁동,경상사고,0,0,1,0,차대차 - 측면직각충돌,기타,건조,맑음,교차로 - 교차로안,승용,남,51세,경상,승용,남,54세,상해없음
2015060100100116,2015년 6월 1일 08시,월요일,부산광역시 사하구 신평동,중상사고,0,1,0,0,차대사람 - 횡단중,안전운전불이행,건조,맑음,단일로 - 기타,원동기,남,31세,상해없음,보행자,남,59세,중상
2015060100100162,2015년 6월 1일 09시,월요일,부산광역시 남구 용호동,경상사고,0,0,2,0,차대사람 - 횡단중,보행자보호의무위반,건조,맑음,단일로 - 횡단보도상,승용,남,31세,상해없음,보행자,남,3세,경상
2015060100100163,2015년 6월 1일 09시,월요일,부산광역시 사상구 학장동,경상사고,0,0,1,0,차대차 - 추돌 - 주정차중,안전운전불이행,건조,맑음,단일로 - 기타,승용,남,46세,상해없음,승용,남,26세,경상
2015060100100193,2015년 6월 1일 10시,월요일,부산광역시 서구 서대신동2가,중상사고,0,1,0,0,차대차 - 추돌 - 진행중,안전거리미확보,건조,맑음,교차로 - 교차로안,이륜,남,61세,중상,승용,여,49세,상해없음
2015060100100194,2015년 6월 1일 10시,월요일,부산광역시 서구 동대신동2가,중상사고,0,2,2,0,차대차 - 측면직각충돌,신호위반,건조,맑음,교차로 - 교차로부근,승용,여,46세,경상,승용,남,68세,중상
2015060100100254,2015년 6월 1일 12시,월요일,부산광역시 동래구 낙민동,경상사고,0,0,1,0,차대차 - 측면직각충돌,신호위반,건조,맑음,교차로 - 교차로안,승용,여,55세,상해없음,승용,남,49세,경상
2015060100100255,2015년 6월 1일 12시,월요일,부산광역시 영도구 동삼동,경상사고,0,0,1,0,차대사람 - 기타,불법유턴,건조,맑음,단일로 - 기타,화물,남,31세,상해없음,보행자,여,48세,경상
2015060100100307,2015년 6월 1일 14시,월요일,부산광역시 수영구 광안동,중상사고,0,1,0,0,차대차 - 추돌 - 진행중,신호위반,건조,맑음,단일로 - 횡단보도상,승용,여,53세,상해없음,원동기,남,37세,중상
2015060100100308,2015년 6월 1일 14시,월요일,부산광역시 해운대구 우동,경상사고,0,0,1,0,차대차 - 추돌 - 진행중,안전운전불이행,건조,맑음,단일로 - 기타,승용,남,67세,상해없음,승용,남,76세,경상
2015060100100310,2015년 6월 1일 14시,월요일,부산광역시 사하구 감천동,중상사고,0,1,0,0,차대차 - 추돌 - 진행중,안전거리미확보,건조,맑음,단일로 - 기타,화물,남,55세,상해없음,승용,여,21세,중상
2015060100100338,2015년 6월 1일 15시,월요일,부산광역시 영도구 대교동1가,중상사고,0,1,0,0,차대차 - 추돌 - 진행중,안전거리미확보,건조,맑음,교차로 - 교차로부근,화물,남,41세,상해없음,원동기,남,68세,중상
2015060100100339,2015년 6월 1일 15시,월요일,부산광역시 부산진구 개금동,경상사고,0,0,1,0,차대차 - 측면직각충돌,신호위반,건조,맑음,교차로 - 교차로부근,이륜,남,59세,경상,승합,남,66세,상해없음
2015060100100340,2015년 6월 1일 15시,월요일,부산광역시 부산진구 전포동,부상신고사고,0,0,0,1,차대사람 - 기타,안전운전불이행,기타,맑음,단일로 - 기타,화물,남,47세,상해없음,보행자,남,15세,부상신고
2015060100100341,2015년 6월 1일 15시,월요일,부산광역시 사상구 괘법동,경상사고,0,0,1,0,차대차 - 측면직각충돌,안전운전불이행,건조,맑음,교차로 - 교차로안,승용,여,59세,기타불명,승합,남,59세,상해없음
2015060100100378,2015년 6월 1일 16시,월요일,부산광역시 해운대구 좌동,중상사고,0,1,0,0,차대차 - 추돌 - 주정차중,안전운전불이행,건조,맑음,교차로 - 교차로부근,승용,남,19세,상해없음,승용,여,34세,중상
2015060100100379,2015년 6월 1일 16시,월요일,부산광역시 금정구 구서동,경상사고,0,0,1,0,차대사람 - 횡단중,보행자보호의무위반,건조,맑음,교차로 - 교차로안,화물,남,46세,상해없음,보행자,여,7세,경상
2015060100100423,2015년 6월 1일 17시,월요일,부산광역시 동구 범일동,부상신고사고,0,0,0,1,차대차 - 기타,교차로운행방법위반,건조,맑음,교차로 - 교차로부근,화물,남,38세,상해없음,승용,여,50세,부상신고
2015060100100424,2015년 6월 1일 17시,월요일,부산광역시 남구 문현동,경상사고,0,0,1,0,차대차 - 추돌 - 진행중,안전거리미확보,건조,맑음,단일로 - 기타,화물,남,54세,상해없음,화물,남,35세,경상
2015060100100425,2015년 6월 1일 17시,월요일,부산광역시 금정구 금사동,경상사고,0,0,1,0,차대차 - 측면직각충돌,안전거리미확보,건조,맑음,단일로 - 기타,승용,남,69세,상해없음,원동기,남,22세,경상
2015060100100426,2015년 6월 1일 17시,월요일,부산광역시 사하구 괴정동,경상사고,0,0,1,0,차대차 - 기타,안전운전불이행,건조,맑음,단일로 - 기타,승용,여,49세,상해없음,승용,남,41세,경상
2015060100100522,2015년 6월 1일 19시,월요일,부산광역시 남구 용호동,경상사고,0,0,1,0,차대차 - 기타,안전운전불이행,건조,맑음,단일로 - 기타,승합,여,48세,상해없음,이륜,남,24세,경상
2015060100100523,2015년 6월 1일 19시,월요일,부산광역시 금정구 남산동,경상사고,0,0,1,0,차대사람 - 길가장자리구역통행중,안전운전불이행,건조,맑음,단일로 - 기타,원동기,여,19세,상해없음,보행자,여,21세,경상
2015060100100557,2015년 6월 1일 20시,월요일,부산광역시 해운대구 좌동,중상사고,0,1,0,0,차대사람 - 횡단중,신호위반,건조,맑음,단일로 - 기타,화물,남,59세,상해없음,보행자,남,9세,중상
2015060100100595,2015년 6월 1일 21시,월요일,부산광역시 동구 좌천동,경상사고,0,0,1,0,차대사람 - 기타,기타,건조,맑음,단일로 - 기타,화물,남,44세,상해없음,보행자,남,52세,경상
2015060100100596,2015년 6월 1일 21시,월요일,부산광역시 서구 남부민동,중상사고,0,1,3,0,차대차 - 추돌 - 진행중,안전운전불이행,건조,맑음,단일로 - 기타,승용,남,43세,상해없음,승용,남,53세,경상
2015060100100597,2015년 6월 1일 21시,월요일,부산광역시 금정구 구서동,경상사고,0,0,1,0,차대사람 - 횡단중,신호위반,건조,맑음,교차로 - 교차로부근,승용,여,50세,상해없음,보행자,여,16세,경상
2015060100100598,2015년 6월 1일 21시,월요일,부산광역시 연제구 연산동,경상사고,0,0,1,0,차대차 - 측면직각충돌,신호위반,건조,맑음,교차로 - 교차로안,승용,여,29세,상해없음,승용,남,58세,경상
2015060100100599,2015년 6월 1일 21시,월요일,부산광역시 기장군 일광면,경상사고,0,0,1,0,차대차 - 측면직각충돌,안전운전불이행,건조,맑음,단일로 - 기타,화물,남,59세,상해없음,승용,남,35세,경상
2015060100100642,2015년 6월 1일 22시,월요일,부산광역시 해운대구 좌동,경상사고,0,0,2,0,차대사람 - 횡단중,신호위반,건조,맑음,교차로 - 교차로부근,이륜,남,19세,상해없음,보행자,여,29세,경상
2015060100100670,2015년 6월 1일 23시,월요일,부산광역시 금정구 부곡동,중상사고,0,1,0,0,차대사람 - 횡단중,안전운전불이행,건조,맑음,단일로 - 횡단보도상,승용,남,68세,상해없음,보행자,남,35세,중상
2015060200100005,2015년 6월 2일 00시,화요일,부산광역시 남구 대연동,경상사고,0,0,2,0,차대차 - 추돌 - 진행중,안전운전불이행,건조,맑음,교차로 - 교차로부근,원동기,남,14세,상해없음,승용,남,66세,경상
2015060200100006,2015년 6월 2일 00시,화요일,부산광역시 부산진구 범천동,중상사고,0,1,0,0,차대사람 - 기타,안전운전불이행,건조,맑음,단일로 - 횡단보도상,승용,남,60세,상해없음,보행자,남,65세,중상
2015060200100023,2015년 6월 2일 01시,화요일,부산광역시 동래구 안락동,중상사고,0,1,0,0,차대사람 - 길가장자리구역통행중,안전운전불이행,건조,맑음,단일로 - 기타,승용,남,52세,상해없음,보행자,남,38세,중상
2015060200100037,2015년 6월 2일 02시,화요일,부산광역시 연제구 연산동,경상사고,0,0,1,0,차대차 - 추돌 - 주정차중,안전거리미확보,건조,맑음,단일로 - 기타,승용,여,29세,상해없음,승용,남,53세,경상
2015060200100060,2015년 6월 2일 05시,화요일,부산광역시 부산진구 양정동,경상사고,0,0,1,0,차대차 - 추돌 - 주정차중,안전운전불이행,건조,맑음,교차로 - 교차로부근,승용,여,59세,상해없음,승용,여,32세,경상
2015060200100070,2015년 6월 2일 06시,화요일,부산광역시 남구 대연동,경상사고,0,0,1,1,차대차 - 측면직각충돌,신호위반,건조,맑음,교차로 - 교차로안,승용,남,60세,상해없음,승용,남,52세,경상
2015060200100071,2015년 6월 2일 06시,화요일,부산광역시 부산진구 전포동,중상사고,0,1,1,0,차대차 - 측면직각충돌,신호위반,건조,맑음,교차로 - 교차로안,승용,남,37세,상해없음,승용,남,64세,경상
2015060200100110,2015년 6월 2일 08시,화요일,부산광역시 동래구 안락동,경상사고,0,0,1,0,차대차 - 측면직각충돌,중앙선침범,건조,맑음,단일로 - 기타,승용,남,42세,상해없음,이륜,남,37세,경상
2015060200100111,2015년 6월 2일 08시,화요일,부산광역시 부산진구 가야동,경상사고,0,0,1,0,차대사람 - 기타,기타,건조,맑음,단일로 - 기타,화물,남,53세,상해없음,보행자,여,22세,경상
2015060200100140,2015년 6월 2일 09시,화요일,부산광역시 동래구 온천동,경상사고,0,0,1,0,차대차 - 측면직각충돌,안전거리미확보,건조,맑음,단일로 - 기타,승용,여,78세,상해없음,승용,여,41세,경상
2015060200100141,2015년 6월 2일 09시,화요일,부산광역시 해운대구 우동,경상사고,0,0,1,0,차대차 - 추돌 - 진행중,안전운전불이행,건조,맑음,교차로 - 교차로부근,승용,여,30세,상해없음,화물,남,51세,경상
2015060200100142,2015년 6월 2일 09시,화요일,부산광역시 사하구 하단동,부상신고사고,0,0,0,1,차대사람 - 기타,안전운전불이행,건조,맑음,단일로 - 기타,기타불명,기타불명,기타불명,기타불명,보행자,여,22세,부상신고
2015060200100166,2015년 6월 2일 10시,화요일,부산광역시 사하구 감천동,중상사고,0,1,0,0,차량단독 - 기타,안전운전불이행,건조,맑음,단일로 - 기타,승합,남,47세,상해없음,,,,
2015060200100167,2015년 6월 2일 10시,화요일,부산광역시 사하구 하단동,경상사고,0,0,1,0,차대사람 - 기타,안전운전불이행,건조,맑음,교차로 - 교차로부근,화물,남,50세,상해없음,보행자,여,62세,경상
2015060200100168,2015년 6월 2일 10시,화요일,부산광역시 사상구 학장동,경상사고,0,0,1,0,차대차 - 측면직각충돌,안전거리미확보,건조,맑음,단일로 - 기타,승용,남,52세,상해없음,승용,여,31세,경상