사고번호,사고일시,요일,시군구,사고내용,사망자수,중상자수,경상자수,부상신고자수,사고유형,법규위반,노면상태,기상상태,도로형태,가해운전자 차종,가해운전자 성별,가해운전자 연령,가해운전자 상해정도,피해운전자 차종,피해운전자 성별,피해운전자 연령,피해운전자 상해정도
2015060200100218,2015년 6월 2일 12시,화요일,부산광역시 사하구 신평동,경상사고,0,0,1,0,차대차 - 추돌 - 진행중,안전운전불이행,건조,맑음,단일로 - 기타,승용,남,32세,상해없음,이륜,남,64세,경상
2015060200100235,2015년 6월 2일 13시,화요일,부산광역시 부산진구 당감동,경상사고,0,0,1,0,차대사람 - 기타,안전운전불이행,건조,맑음,단일로 - 기타,승합,남,52세,상해없음,보행자,남,48세,경상
2015060200100236,2015년 6월 2일 13시,화요일,부산광역시 사상구 감전동,중상사고,0,1,1,0,차대차 - 추돌 - 진행중,안전운전불이행,건조,맑음,단일로 - 기타,화물,남,29세,상해없음,화물,남,35세,경상
2015060200100293,2015년 6월 2일 15시,화요일,부산광역시 남구 용호동,경상사고,0,0,1,0,차대사람 - 횡단중,중앙선침범,건조,맑음,교차로 - 교차로부근,승용,여,45세,상해없음,보행자,남,9세,경상
2015060200100294,2015년 6월 2일 15시,화요일,부산광역시 사상구 학장동,경상사고,0,0,1,0,차대사람 - 횡단중,안전운전불이행,건조,흐림,교차로 - 교차로안,승용,남,66세,기타불명,보행자,여,12세,경상
2015060200100326,2015년 6월 2일 16시,화요일,부산광역시 서구 동대신동1가,경상사고,0,0,2,0,차대차 - 추돌 - 진행중,안전운전불이행,건조,맑음,단일로 - 기타,승용,여,23세,상해없음,화물,남,38세,경상
2015060200100327,2015년 6월 2일 16시,화요일,부산광역시 기장군 기장읍,경상사고,0,0,1,0,차대차 - 측면직각충돌,중앙선침범,건조,맑음,단일로 - 기타,승용,여,33세,상해없음,승용,여,58세,경상
2015060200100363,2015년 6월 2일 17시,화요일,부산광역시 영도구 동삼동,중상사고,0,1,0,0,차대사람 - 횡단중,안전운전불이행,건조,맑음,단일로 - 기타,승용,여,61세,상해없음,보행자,남,4세,중상
2015060200100364,2015년 6월 2일 17시,화요일,부산광역시 해운대구 반여동,경상사고,0,0,2,0,차대차 - 추돌 - 진행중,교차로운행방법위반,건조,맑음,교차로 - 교차로안,승용,남,68세,기타불명,승용,남,48세,경상
2015060200100365,2015년 6월 2일 17시,화요일,부산광역시 부산진구 부전동,경상사고,0,0,1,0,차대차 - 측면직각충돌,안전거리미확보,건조,맑음,교차로 - 교차로안,특수,남,45세,경상,승용,여,57세,상해없음
2015060200100366,2015년 6월 2일 17시,화요일,부산광역시 사상구 감전동,경상사고,0,0,1,0,차대차 - 측면직각충돌,안전거리미확보,건조,맑음,단일로 - 기타,승용,여,51세,상해없음,승용,여,55세,경상
2015060200100421,2015년 6월 2일 18시,화요일,부산광역시 동구 수정동,중상사고,0,1,0,0,차대사람 - 기타,안전운전불이행,건조,맑음,교차로 - 교차로안,화물,남,53세,상해없음,보행자,남,49세,중상
2015060200100422,2015년 6월 2일 18시,화요일,부산광역시 동래구 온천동,중상사고,0,1,0,0,차대차 - 추돌 - 진행중,중앙선침범,건조,맑음,단일로 - 기타,승합,남,60세,상해없음,승용,여,52세,중상
2015060200100423,2015년 6월 2일 18시,화요일,부산광역시 사하구 하단동,경상사고,0,0,1,0,차대차 - 기타,안전운전불이행,건조,흐림,단일로 - 기타,이륜,남,27세,경상,이륜,남,48세,상해없음
2015060200100424,2015년 6월 2일 18시,화요일,부산광역시 사하구 괴정동,경상사고,0,0,1,1,차대차 - 기타,안전거리미확보,건조,맑음,단일로 - 기타,승용,남,33세,부상신고,승용,남,51세,경상
2015060200100425,2015년 6월 2일 18시,화요일,부산광역시 강서구 대저2동,사망사고,1,0,0,0,차량단독 - 전도전복,안전운전불이행,건조,흐림,단일로 - 기타,화물,남,44세,사망,,,,
2015060200100526,2015년 6월 2일 21시,화요일,부산광역시 동래구 온천동,경상사고,0,0,2,0,차대차 - 측면직각충돌,안전운전불이행,건조,맑음,단일로 - 기타,승용,남,53세,상해없음,승용,남,46세,경상
2015060200100527,2015년 6월 2일 21시,화요일,부산광역시 사하구 감천동,경상사고,0,0,1,0,차대차 - 측면직각충돌,안전운전불이행,습기,비,단일로 - 기타,이륜,남,17세,경상,승용,남,30세,상해없음
2015060200100562,2015년 6월 2일 22시,화요일,부산광역시 남구 문현동,경상사고,0,0,1,0,차대사람 - 횡단중,보행자보호의무위반,건조,맑음,단일로 - 기타,승용,기타불명,기타불명,기타불명,보행자,여,28세,경상
2015060200100582,2015년 6월 2일 23시,화요일,부산광역시 북구 덕천동,경상사고,0,0,4,0,차대차 - 추돌 - 진행중,차로위반,건조,맑음,단일로 - 기타,승용,남,70세,상해없음,승용,남,50세,경상
2015060200100583,2015년 6월 2일 23시,화요일,부산광역시 해운대구 우동,경상사고,0,0,1,0,차대차 - 추돌 - 주정차중,안전운전불이행,건조,맑음,단일로 - 기타,승용,여,28세,상해없음,승용,남,57세,경상
2015060300100004,2015년 6월 3일 00시,수요일,부산광역시 동구 수정동,경상사고,0,0,1,0,차량단독 - 기타,안전운전불이행,건조,맑음,단일로 - 기타,승용,남,59세,상해없음,,,,
2015060300100016,2015년 6월 3일 01시,수요일,부산광역시 북구 화명동,중상사고,0,1,0,0,차대사람 - 횡단중,안전운전불이행,습기,흐림,단일로 - 기타,승용,남,60세,상해없음,보행자,남,52세,중상
2015060300100017,2015년 6월 3일 01시,수요일,부산광역시 연제구 연산동,경상사고,0,0,1,1,차대차 - 측면직각충돌,안전거리미확보,건조,맑음,단일로 - 기타,이륜,남,19세,부상신고,승용,남,42세,상해없음
2015060300100018,2015년 6월 3일 01시,수요일,부산광역시 사상구 감전동,경상사고,0,0,1,0,차대차 - 측면직각충돌,안전거리미확보,건조,맑음,단일로 - 기타,승용,기타불명,기타불명,기타불명,화물,여,63세,경상
2015060300100036,2015년 6월 3일 02시,수요일,부산광역시 해운대구 우동,중상사고,0,1,0,0,차대차 - 측면직각충돌,안전운전불이행,건조,맑음,교차로 - 교차로안,승용,남,41세,상해없음,승용,남,32세,중상
2015060300100045,2015년 6월 3일 03시,수요일,부산광역시 북구 구포동,중상사고,0,1,1,0,차대차 - 측면직각충돌,안전거리미확보,건조,맑음,교차로 - 교차로안,승용,기타불명,기타불명,기타불명,승용,남,58세,경상
2015060300100059,2015년 6월 3일 04시,수요일,부산광역시 수영구 남천동,경상사고,0,0,1,0,차대차 - 측면직각충돌,안전운전불이행,건조,맑음,교차로 - 교차로부근,승용,여,27세,상해없음,승용,남,57세,경상
2015060300100060,2015년 6월 3일 04시,수요일,부산광역시 사상구 감전동,경상사고,0,0,1,0,차대사람 - 횡단중,안전운전불이행,건조,맑음,교차로 - 교차로안,승용,남,63세,상해없음,보행자,남,22세,경상
2015060300100119,2015년 6월 3일 08시,수요일,부산광역시 사상구 엄궁동,경상사고,0,0,1,0,차대사람 - 횡단중,중앙선침범,건조,맑음,교차로 - 교차로부근,승용,기타불명,기타불명,기타불명,보행자,여,54세,경상
2015060300100120,2015년 6월 3일 08시,수요일,부산광역시 사상구 모라동,경상사고,0,0,2,0,차대차 - 측면직각충돌,신호위반,건조,맑음,교차로 - 교차로안,이륜,남,23세,경상,승용,남,45세,경상
2015060300100207,2015년 6월 3일 10시,수요일,부산광역시 사하구 구평동,경상사고,0,0,1,0,차대차 - 기타,중앙선침범,건조,맑음,단일로 - 기타,화물,남,73세,상해없음,화물,남,40세,경상
2015060300100240,2015년 6월 3일 11시,수요일,부산광역시 사하구 하단동,경상사고,0,0,1,1,차대차 - 기타,신호위반,건조,맑음,교차로 - 교차로안,승용,여,59세,부상신고,승용,남,64세,경상
2015060300100268,2015년 6월 3일 12시,수요일,부산광역시 동구 초량동,중상사고,0,1,0,0,차대차 - 측면직각충돌,안전거리미확보,건조,맑음,단일로 - 기타,승용,여,36세,상해없음,화물,남,60세,중상
2015060300100297,2015년 6월 3일 13시,수요일,부산광역시 동구 초량동,경상사고,0,0,1,0,차대사람 - 기타,교차로운행방법위반,건조,맑음,교차로 - 교차로안,승용,남,49세,상해없음,보행자,여,58세,경상
2015060300100298,2015년 6월 3일 13시,수요일,부산광역시 동래구 명륜동,경상사고,0,0,1,0,차대차 - 측면직각충돌,안전운전불이행,건조,맑음,단일로 - 기타,승용,남,65세,상해없음,승용,남,57세,경상
2015060300100324,2015년 6월 3일 14시,수요일,부산광역시 동구 수정동,중상사고,0,1,0,0,차대사람 - 횡단중,보행자보호의무위반,건조,맑음,교차로 - 교차로안,화물,남,55세,상해없음,보행자,여,23세,중상
2015060300100325,2015년 6월 3일 14시,수요일,부산광역시 남구 대연동,부상신고사고,0,0,0,1,차대차 - 측면직각충돌,안전거리미확보,건조,맑음,단일로 - 기타,승용,남,36세,상해없음,승용,여,61세,부상신고
2015060300100326,2015년 6월 3일 14시,수요일,부산광역시 강서구 범방동,경상사고,0,0,1,0,차대차 - 추돌 - 진행중,안전거리미확보,건조,맑음,단일로 - 기타,승용,남,35세,상해없음,화물,남,35세,경상
2015060300100359,2015년 6월 3일 15시,수요일,부산광역시 수영구 남천동,중상사고,0,1,1,0,차대차 - 측면직각충돌,교차로운행방법위반,건조,맑음,교차로 - 교차로안,승용,남,64세,상해없음,승용,남,62세,상해없음
2015060300100360,2015년 6월 3일 15시,수요일,부산광역시 강서구 송정동,경상사고,0,0,1,0,차대차 - 추돌 - 진행중,신호위반,건조,맑음,교차로 - 교차로안,승용,여,53세,상해없음,승용,남,59세,상해없음
2015060300100441,2015년 6월 3일 17시,수요일,부산광역시 금정구 장전동,경상사고,0,0,1,0,차대사람 - 기타,기타,건조,맑음,단일로 - 기타,승용,남,73세,상해없음,보행자,남,6세,경상
2015060300100442,2015년 6월 3일 17시,수요일,부산광역시 강서구 녹산동,중상사고,0,2,0,0,차대차 - 추돌 - 진행중,직진우회전진행방해,건조,흐림,교차로 - 교차로부근,화물,남,58세,상해없음,승용,남,32세,중상
2015060300100443,2015년 6월 3일 17시,수요일,부산광역시 사상구 삼락동,부상신고사고,0,0,0,1,차대차 - 측면직각충돌,안전운전불이행,건조,맑음,단일로 - 기타,자전거,남,68세,부상신고,승용,여,21세,상해없음
2015060300100444,2015년 6월 3일 17시,수요일,부산광역시 사상구 학장동,경상사고,0,0,1,0,차대차 - 측면직각충돌,안전운전불이행,건조,맑음,단일로 - 기타,화물,남,51세,상해없음,이륜,남,32세,경상
2015060300100506,2015년 6월 3일 18시,수요일,부산광역시 수영구 민락동,경상사고,0,0,1,0,차대차 - 측면직각충돌,안전운전불이행,건조,맑음,교차로 - 교차로안,승용,남,54세,상해없음,이륜,남,20세,경상
2015060300100555,2015년 6월 3일 19시,수요일,부산광역시 중구 부평동2가,중상사고,0,1,0,0,차대사람 - 길가장자리구역통행중,안전운전불이행,건조,맑음,단일로 - 기타,승용,여,24세,상해없음,보행자,여,60세,중상
2015060300100556,2015년 6월 3일 19시,수요일,부산광역시 수영구 민락동,경상사고,0,0,1,0,차량단독 - 기타,안전운전불이행,건조,맑음,교차로 - 교차로안,승용,남,49세,상해없음,,,,
2015060300100588,2015년 6월 3일 20시,수요일,부산광역시 남구 우암동,경상사고,0,0,1,0,차대차 - 측면직각충돌,신호위반,건조,맑음,교차로 - 교차로안,승용,여,28세,상해없음,원동기,남,18세,경상
2015060400100028,2015년 6월 4일 01시,목요일,부산광역시 남구 용호동,경상사고,0,0,1,0,차대사람 - 횡단중,보행자보호의무위반,건조,맑음,교차로 - 교차로안,승용,남,55세,상해없음,보행자,여,32세,경상
2015060400100029,2015년 6월 4일 01시,목요일,부산광역시 금정구 구서동,부상신고사고,0,0,0,2,차대차 - 추돌 - 주정차중,안전운전불이행,건조,맑음,단일로 - 기타,승용,남,42세,상해없음,승용,남,27세,부상신고
2015060400100069,2015년 6월 4일 06시,목요일,부산광역시 금정구 구서동,경상사고,0,0,1,0,차대차 - 측면직각충돌,신호위반,건조,맑음,교차로 - 교차로부근,승합,남,55세,상해없음,자전거,남,56세,경상
2015060400100070,2015년 6월 4일 06시,목요일,부산광역시 사상구 모라동,경상사고,0,0,1,0,차대차 - 측면직각충돌,안전운전불이행,건조,맑음,단일로 - 기타,승합,남,63세,상해없음,승용,남,33세,경상
2015060400100095,2015년 6월 4일 07시,목요일,부산광역시 금정구 구서동,경상사고,0,0,1,0,차대차 - 추돌 - 진행중,안전운전불이행,건조,맑음,단일로 - 기타,승용,남,46세,상해없음,이륜,여,52세,경상
2015060400100096,2015년 6월 4일 07시,목요일,부산광역시 사하구 신평동,경상사고,0,0,1,0,차대차 - 측면직각충돌,직진우회전진행방해,건조,맑음,교차로 - 교차로안,승용,남,55세,상해없음,승용,남,55세,경상
2015060400100097,2015년 6월 4일 07시,목요일,부산광역시 기장군 정관면,중상사고,0,1,0,0,차대사람 - 횡단중,안전운전불이행,건조,맑음,교차로 - 교차로부근,승합,남,38세,상해없음,보행자,여,15세,중상
2015060400100124,2015년 6월 4일 08시,목요일,부산광역시 서구 서대신동2가,경상사고,0,0,3,0,차대차 - 측면직각충돌,교차로운행방법위반,건조,맑음,교차로 - 교차로안,승용,남,57세,경상,승용,남,62세,경상
2015060400100125,2015년 6월 4일 08시,목요일,부산광역시 서구 서대신동1가,경상사고,0,0,2,0,차대차 - 추돌 - 진행중,교차로운행방법위반,건조,맑음,교차로 - 교차로부근,화물,여,60세,경상,승용,남,48세,경상
2015060400100126,2015년 6월 4일 08시,목요일,부산광역시 강서구 송정동,중상사고,0,3,1,0,차대차 - 측면직각충돌,중앙선침범,건조,맑음,단일로 - 기타,승용,남,47세,상해없음,승용,남,39세,경상
2015060400100167,2015년 6월 4일 09시,목요일,부산광역시 동구 범일동,경상사고,0,0,1,0,차대차 - 측면직각충돌,안전운전불이행,건조,맑음,단일로 - 기타,원동기,남,72세,경상,승용,남,66세,상해없음
2015060400100168,2015년 6월 4일 09시,목요일,부산광역시 남구 대연동,중상사고,0,1,0,0,차대사람 - 횡단중,보행자보호의무위반,건조,맑음,교차로 - 교차로부근,승용,남,32세,상해없음,보행자,여,62세,중상
2015060400100169,2015년 6월 4일 09시,목요일,부산광역시 사상구 모라동,경상사고,0,0,1,0,차대사람 - 횡단중,안전운전불이행,건조,맑음,단일로 - 횡단보도상,승용,남,66세,상해없음,보행자,여,49세,경상
2015060400100200,2015년 6월 4일 10시,목요일,부산광역시 해운대구 반여동,중상사고,0,1,0,0,차대사람 - 횡단중,안전운전불이행,건조,맑음,단일로 - 기타,승용,여,56세,상해없음,보행자,여,63세,중상
2015060400100232,2015년 6월 4일 11시,목요일,부산광역시 금정구 남산동,중상사고,0,1,0,0,차대사람 - 길가장자리구역통행중,보행자보호의무위반,건조,맑음,단일로 - 기타,승용,남,53세,기타불명,보행자,여,61세,중상
2015060400100258,2015년 6월 4일 12시,목요일,부산광역시 동래구 사직동,경상사고,0,0,1,0,차대차 - 측면직각충돌,안전거리미확보,건조,맑음,단일로 - 기타,승용,남,48세,상해없음,원동기,남,36세,경상
2015060400100259,2015년 6월 4일 12시,목요일,부산광역시 동래구 명장동,경상사고,0,0,2,0,차대사람 - 차도통행중,안전운전불이행,건조,맑음,단일로 - 기타,화물,남,41세,경상,보행자,남,69세,경상
2015060400100260,2015년 6월 4일 12시,목요일,부산광역시 연제구 거제동,경상사고,0,0,1,0,차대차 - 측면직각충돌,안전거리미확보,건조,맑음,단일로 - 기타,이륜,남,35세,상해없음,승용,남,48세,경상
2015060400100261,2015년 6월 4일 12시,목요일,부산광역시 강서구 송정동,경상사고,0,0,3,0,차대차 - 추돌 - 주정차중,안전운전불이행,건조,맑음,교차로 - 교차로부근,승합,남,55세,상해없음,승합,여,22세,경상
2015060400100301,2015년 6월 4일 13시,목요일,부산광역시 남구 대연동,경상사고,0,0,1,0,차대차 - 추돌 - 주정차중,안전운전불이행,건조,맑음,단일로 - 기타,승용,기타불명,기타불명,기타불명,승용,여,42세,경상
2015060400100302,2015년 6월 4일 13시,목요일,부산광역시 남구 용호동,중상사고,0,1,0,0,차대사람 - 길가장자리구역통행중,안전운전불이행,건조,맑음,단일로 - 기타,승용,남,47세,상해없음,보행자,남,74세,중상
2015060400100303,2015년 6월 4일 13시,목요일,부산광역시 동래구 온천동,중상사고,0,1,0,0,차대사람 - 횡단중,안전운전불이행,건조,맑음,단일로 - 기타,승용,남,44세,상해없음,보행자,여,82세,중상
2015060400100329,2015년 6월 4일 14시,목요일,부산광역시 중구 중앙동5가,경상사고,0,0,1,0,차대차 - 측면직각충돌,교차로운행방법위반,건조,맑음,교차로 - 교차로안,승용,남,52세,상해없음,승용,여,53세,경상
2015060400100330,2015년 6월 4일 14시,목요일,부산광역시 동구 범일동,경상사고,0,0,2,0,차대차 - 측면직각충돌,중앙선침범,건조,맑음,단일로 - 기타,승용,남,42세,상해없음,승용,남,41세,경상
2015060400100331,2015년 6월 4일 14시,목요일,부산광역시 동래구 안락동,중상사고,0,1,0,0,차대사람 - 횡단중,보행자보호의무위반,건조,맑음,단일로 - 기타,승용,남,53세,상해없음,보행자,남,5세,중상
2015060400100332,2015년 6월 4일 14시,목요일,부산광역시 사하구 감천동,경상사고,0,0,1,0,차대차 - 기타,안전운전불이행,건조,맑음,단일로 - 기타,승용,남,26세,상해없음,특수,남,49세,경상
2015060400100362,2015년 6월 4일 15시,목요일,부산광역시 동래구 안락동,중상사고,0,1,0,0,차대사람 - 보도통행중,기타,건조,맑음,단일로 - 기타,화물,남,83세,상해없음,보행자,남,40세,중상
2015060400100403,2015년 6월 4일 16시,목요일,부산광역시 동래구 사직동,경상사고,0,0,1,0,차대차 - 측면직각충돌,안전운전불이행,건조,맑음,단일로 - 기타,승용,남,37세,상해없음,이륜,남,24세,경상
2015060400100404,2015년 6월 4일 16시,목요일,부산광역시 해운대구 좌동,경상사고,0,0,1,0,차대사람 - 차도통행중,안전운전불이행,건조,맑음,단일로 - 기타,승용,남,71세,상해없음,보행자,남,12세,경상
2015060400100405,2015년 6월 4일 16시,목요일,부산광역시 해운대구 반여동,경상사고,0,0,1,0,차대차 - 추돌 - 주정차중,안전운전불이행,건조,맑음,단일로 - 기타,승용,남,30세,상해없음,승용,여,43세,경상
2015060400100406,2015년 6월 4일 16시,목요일,부산광역시 기장군 정관면,부상신고사고,0,0,0,1,차대차 - 측면직각충돌,안전운전불이행,건조,맑음,기타 - 기타,승용,여,41세,상해없음,자전거,남,8세,부상신고
2015060400100450,2015년 6월 4일 17시,목요일,부산광역시 수영구 망미동,중상사고,0,1,0,0,차대차 - 측면직각충돌,교차로운행방법위반,건조,맑음,단일로 - 기타,승용,남,45세,상해없음,자전거,남,11세,중상
2015060400100486,2015년 6월 4일 18시,목요일,부산광역시 남구 용호동,경상사고,0,0,1,0,차대사람 - 길가장자리구역통행중,안전운전불이행,건조,맑음,단일로 - 기타,승용,남,43세,상해없음,보행자,여,14세,경상
2015060400100487,2015년 6월 4일 18시,목요일,부산광역시 남구 대연동,경상사고,0,0,1,0,차대차 - 추돌 - 진행중,안전거리미확보,건조,맑음,단일로 - 기타,승용,남,27세,상해없음,승용,남,26세,경상
2015060400100488,2015년 6월 4일 18시,목요일,부산광역시 부산진구 범천동,경상사고,0,0,4,3,차대차 - 기타,안전운전불이행,건조,맑음,교차로 - 교차로안,승합,남,52세,상해없음,승용,남,69세,상해없음
2015060400100527,2015년 6월 4일 19시,목요일,부산광역시 남구 대연동,경상사고,0,0,3,0,차대차 - 추돌 - 진행중,안전거리미확보,건조,맑음,단일로 - 기타,승용,남,52세,상해없음,승용,남,35세,경상
2015060400100528,2015년 6월 4일 19시,목요일,부산광역시 해운대구 우동,중상사고,0,1,0,0,차대사람 - 보도통행중,안전운전불이행,건조,맑음,단일로 - 기타,승용,여,48세,상해없음,보행자,여,42세,중상
2015060400100555,2015년 6월 4일 20시,목요일,부산광역시 사하구 감천동,경상사고,0,0,1,0,차대차 - 측면직각충돌,안전운전불이행,건조,맑음,교차로 - 교차로부근,화물,남,52세,상해없음,이륜,남,17세,경상
2015060400100587,2015년 6월 4일 21시,목요일,부산광역시 동구 초량동,중상사고,0,1,1,0,차대차 - 추돌 - 주정차중,안전운전불이행,건조,맑음,단일로 - 기타,승용,남,43세,상해없음,승용,여,32세,중상
2015060400100623,2015년 6월 4일 22시,목요일,부산광역시 사상구 모라동,중상사고,0,1,0,0,차대차 - 정면충돌,중앙선침범,건조,맑음,단일로 - 기타,기타불명,여,68세,상해없음,원동기,남,42세,중상
2015060500100007,2015년 6월 5일 00시,금요일,부산광역시 사상구 주례동,경상사고,0,0,1,0,차대사람 - 횡단중,안전운전불이행,건조,맑음,교차로 - 교차로부근,승용,남,44세,상해없음,보행자,남,26세,경상
2015060500100023,2015년 6월 5일 01시,금요일,부산광역시 동래구 낙민동,사망사고,1,0,0,0,차량단독 - 공작물충돌,안전운전불이행,건조,맑음,교차로 - 교차로안,승용,남,54세,사망,,,,
2015060500100024,2015년 6월 5일 01시,금요일,부산광역시 해운대구 석대동,경상사고,0,0,1,0,차대차 - 기타,안전거리미확보,건조,맑음,단일로 - 기타,승용,남,23세,상해없음,승용,남,61세,경상
2015060500100062,2015년 6월 5일 04시,금요일,부산광역시 북구 화명동,중상사고,0,1,1,0,차대차 - 측면직각충돌,교차로운행방법위반,건조,맑음,교차로 - 교차로안,승용,남,57세,경상,승용,여,52세,중상
2015060500100075,2015년 6월 5일 05시,금요일,부산광역시 북구 구포동,경상사고,0,0,5,0,차대차 - 기타,안전운전불이행,건조,맑음,교차로 - 교차로부근,승용,남,50세,상해없음,승합,남,59세,경상
2015060500100087,2015년 6월 5일 06시,금요일,부산광역시 부산진구 개금동,경상사고,0,0,1,0,차대차 - 기타,중앙선침범,습기,비,교차로 - 교차로안,승합,기타불명,기타불명,기타불명,이륜,남,43세,경상
2015060500100088,2015년 6월 5일 06시,금요일,부산광역시 사상구 모라동,중상사고,0,1,0,0,차대차 - 측면직각충돌,교차로운행방법위반,습기,비,교차로 - 교차로안,원동기,남,65세,중상,승용,남,52세,상해없음
2015060500100089,2015년 6월 5일 06시,금요일,부산광역시 사상구 괘법동,중상사고,0,1,0,0,차대차 - 측면직각충돌,안전운전불이행,습기,비,단일로 - 기타,승용,남,54세,상해없음,이륜,남,18세,중상
2015060500100113,2015년 6월 5일 07시,금요일,부산광역시 사상구 감전동,경상사고,0,0,1,0,차대차 - 측면직각충돌,직진우회전진행방해,습기,비,교차로 - 교차로안,승용,남,52세,상해없음,승용,남,66세,경상
2015060500100148,2015년 6월 5일 08시,금요일,부산광역시 남구 대연동,중상사고,0,1,0,0,차대차 - 측면직각충돌,교차로운행방법위반,습기,비,교차로 - 교차로안,승용,여,30세,상해없음,원동기,남,34세,중상
2015060500100149,2015년 6월 5일 08시,금요일,부산광역시 동래구 낙민동,중상사고,0,1,0,0,차대사람 - 횡단중,신호위반,습기,비,단일로 - 횡단보도상,원동기,남,21세,상해없음,보행자,남,33세,중상
2015060500100150,2015년 6월 5일 08시,금요일,부산광역시 부산진구 개금동,경상사고,0,0,1,0,차대차 - 측면직각충돌,교차로운행방법위반,건조,맑음,교차로 - 교차로안,승합,남,64세,상해없음,승용,여,56세,경상
2015060500100195,2015년 6월 5일 09시,금요일,부산광역시 남구 문현동,경상사고,0,0,1,0,차대차 - 추돌 - 진행중,안전운전불이행,건조,맑음,단일로 - 기타,승합,남,41세,상해없음,승용,여,42세,경상
2015060500100196,2015년 6월 5일 09시,금요일,부산광역시 동래구 칠산동,중상사고,0,1,0,0,차대사람 - 차도통행중,안전운전불이행,습기,비,단일로 - 기타,승용,남,43세,상해없음,보행자,여,26세,중상
2015060500100197,2015년 6월 5일 09시,금요일,부산광역시 동래구 온천동,중상사고,0,1,0,0,차대사람 - 횡단중,보행자보호의무위반,습기,비,단일로 - 횡단보도상,승용,남,60세,상해없음,보행자,남,68세,중상
2015060500100198,2015년 6월 5일 09시,금요일,부산광역시 사하구 괴정동,경상사고,0,0,1,0,차대차 - 측면직각충돌,중앙선침범,습기,비,단일로 - 기타,승용,남,58세,상해없음,승용,남,58세,상해없음
2015060500100199,2015년 6월 5일 09시,금요일,부산광역시 사상구 주례동,중상사고,0,1,0,0,차대차 - 기타,차로위반,건조,맑음,단일로 - 기타,승용,남,70세,상해없음,화물,남,45세,상해없음
2015060500100234,2015년 6월 5일 10시,금요일,부산광역시 해운대구 반여동,경상사고,0,0,1,0,차대사람 - 횡단중,안전운전불이행,건조,맑음,교차로 - 교차로안,승용,여,44세,상해없음,보행자,남,79세,경상
2015060500100235,2015년 6월 5일 10시,금요일,부산광역시 해운대구 송정동,경상사고,0,0,1,0,차대차 - 기타,안전운전불이행,습기,비,교차로 - 교차로부근,승용,남,33세,상해없음,승용,남,48세,경상
2015060500100236,2015년 6월 5일 10시,금요일,부산광역시 사하구 다대동,경상사고,0,0,1,0,차대차 - 기타,차로위반,습기,흐림,단일로 - 기타,승용,남,61세,상해없음,화물,남,37세,경상
2015060500100237,2015년 6월 5일 10시,금요일,부산광역시 사하구 괴정동,경상사고,0,0,1,0,차량단독 - 기타,안전운전불이행,습기,비,단일로 - 기타,승용,남,64세,상해없음,,,,
2015060500100238,2015년 6월 5일 10시,금요일,부산광역시 기장군 정관면,중상사고,0,1,0,0,차대사람 - 횡단중,안전운전불이행,습기,비,교차로 - 교차로부근,화물,남,52세,상해없음,보행자,여,53세,중상
2015060500100267,2015년 6월 5일 11시,금요일,부산광역시 연제구 거제동,중상사고,0,1,0,0,차대차 - 측면직각충돌,신호위반,건조,맑음,교차로 - 교차로안,승용,남,66세,상해없음,승용,남,29세,상해없음
2015060500100268,2015년 6월 5일 11시,금요일,부산광역시 강서구 죽동동,중상사고,0,1,0,0,차대차 - 측면직각충돌,교차로운행방법위반,건조,맑음,교차로 - 교차로안,승용,남,43세,상해없음,원동기,남,69세,중상
2015060500100298,2015년 6월 5일 12시,금요일,부산광역시 북구 구포동,경상사고,0,0,1,0,차대차 - 측면직각충돌,안전운전불이행,건조,맑음,교차로 - 교차로부근,승용,여,63세,경상,승합,남,49세,상해없음
2015060500100299,2015년 6월 5일 12시,금요일,부산광역시 사하구 하단동,경상사고,0,0,3,0,차대차 - 측면직각충돌,신호위반,습기,비,교차로 - 교차로안,승용,여,57세,상해없음,승용,여,68세,경상
2015060500100300,2015년 6월 5일 12시,금요일,부산광역시 연제구 연산동,경상사고,0,0,1,0,차대사람 - 횡단중,안전운전불이행,건조,맑음,단일로 - 기타,원동기,남,61세,상해없음,보행자,남,35세,경상
2015060500100323,2015년 6월 5일 13시,금요일,부산광역시 수영구 광안동,중상사고,0,1,3,0,차대차 - 측면직각충돌,교차로운행방법위반,습기,비,교차로 - 교차로안,승용,남,32세,중상,승용,남,34세,경상
2015060500100324,2015년 6월 5일 13시,금요일,부산광역시 동래구 온천동,중상사고,0,1,1,0,차대차 - 측면직각충돌,교차로운행방법위반,건조,맑음,교차로 - 교차로안,화물,남,38세,상해없음,승용,남,60세,경상
2015060500100359,2015년 6월 5일 14시,금요일,부산광역시 강서구 죽동동,중상사고,0,1,0,0,차대차 - 측면직각충돌,신호위반,건조,맑음,교차로 - 교차로안,승합,남,67세,상해없음,건설기계,남,45세,중상
2015060500100380,2015년 6월 5일 15시,금요일,부산광역시 서구 토성동3가,경상사고,0,0,1,0,차대차 - 측면직각충돌,안전운전불이행,습기,비,교차로 - 교차로부근,승용,남,56세,상해없음,이륜,남,26세,경상
2015060500100381,2015년 6월 5일 15시,금요일,부산광역시 해운대구 반여동,경상사고,0,0,1,0,차대차 - 추돌 - 진행중,안전운전불이행,습기,비,단일로 - 기타,승용,남,40세,상해없음,승합,남,76세,경상
2015060500100382,2015년 6월 5일 15시,금요일,부산광역시 해운대구 재송동,경상사고,0,0,1,0,차대차 - 추돌 - 주정차중,안전운전불이행,습기,비,단일로 - 기타,승합,남,62세,상해없음,승용,남,70세,상해없음
2015060500100383,2015년 6월 5일 15시,금요일,부산광역시 금정구 구서동,부상신고사고,0,0,0,1,차대차 - 추돌 - 진행중,안전거리미확보,습기,비,단일로 - 기타,이륜,남,30세,부상신고,승용,남,34세,상해없음