사고번호,사고일시,요일,시군구,사고내용,사망자수,중상자수,경상자수,부상신고자수,사고유형,법규위반,노면상태,기상상태,도로형태,가해운전자 차종,가해운전자 성별,가해운전자 연령,가해운전자 상해정도,피해운전자 차종,피해운전자 성별,피해운전자 연령,피해운전자 상해정도
2015061200100466,2015년 6월 12일 19시,금요일,부산광역시 남구 대연동,중상사고,0,1,0,0,차대사람 - 길가장자리구역통행중,안전운전불이행,건조,맑음,교차로 - 교차로부근,승용,여,31세,상해없음,보행자,여,25세,중상
2015061200100499,2015년 6월 12일 20시,금요일,부산광역시 북구 만덕동,경상사고,0,0,1,0,차대차 - 기타,안전거리미확보,건조,맑음,단일로 - 기타,이륜,남,33세,경상,승용,남,70세,상해없음
2015061200100500,2015년 6월 12일 20시,금요일,부산광역시 동래구 사직동,경상사고,0,0,2,0,차대차 - 측면직각충돌,신호위반,건조,맑음,교차로 - 교차로안,승용,여,46세,상해없음,승용,남,40세,경상
2015061200100542,2015년 6월 12일 21시,금요일,부산광역시 동래구 온천동,경상사고,0,0,2,0,차대차 - 측면직각충돌,직진우회전진행방해,건조,맑음,교차로 - 교차로안,승합,남,45세,상해없음,승용,남,62세,상해없음
2015061200100543,2015년 6월 12일 21시,금요일,부산광역시 사하구 다대동,경상사고,0,0,1,0,차대사람 - 기타,안전운전불이행,건조,맑음,단일로 - 기타,화물,남,31세,상해없음,보행자,남,26세,경상
2015061200100571,2015년 6월 12일 22시,금요일,부산광역시 동구 초량동,중상사고,0,1,0,0,차대차 - 측면직각충돌,교차로운행방법위반,건조,맑음,교차로 - 교차로안,화물,남,47세,상해없음,원동기,남,42세,중상
2015061200100572,2015년 6월 12일 22시,금요일,부산광역시 해운대구 우동,경상사고,0,0,1,1,차대차 - 측면직각충돌,안전운전불이행,건조,맑음,교차로 - 교차로부근,승용,남,26세,부상신고,승용,남,49세,경상
2015061200100573,2015년 6월 12일 22시,금요일,부산광역시 연제구 연산동,경상사고,0,0,1,0,차대사람 - 길가장자리구역통행중,안전운전불이행,건조,맑음,단일로 - 기타,승용,남,19세,상해없음,보행자,여,34세,경상
2015061200100607,2015년 6월 12일 23시,금요일,부산광역시 남구 용호동,중상사고,0,1,0,0,차대차 - 추돌 - 진행중,안전운전불이행,건조,맑음,단일로 - 기타,승용,기타불명,기타불명,기타불명,이륜,남,68세,중상
2015061200100608,2015년 6월 12일 23시,금요일,부산광역시 동래구 사직동,중상사고,0,1,0,0,차대사람 - 횡단중,보행자보호의무위반,건조,맑음,교차로 - 교차로부근,승용,여,41세,상해없음,보행자,남,44세,중상
2015061200100609,2015년 6월 12일 23시,금요일,부산광역시 해운대구 중동,경상사고,0,0,1,0,차대차 - 기타,안전운전불이행,건조,맑음,교차로 - 교차로부근,승용,남,27세,상해없음,자전거,남,27세,경상
2015061300100037,2015년 6월 13일 01시,토요일,부산광역시 수영구 민락동,경상사고,0,0,4,0,차대차 - 추돌 - 진행중,안전운전불이행,건조,맑음,단일로 - 기타,승용,남,58세,상해없음,승용,남,26세,경상
2015061300100038,2015년 6월 13일 01시,토요일,부산광역시 부산진구 범천동,경상사고,0,0,2,0,차대차 - 측면직각충돌,신호위반,건조,맑음,교차로 - 교차로안,승용,남,63세,상해없음,승용,남,68세,경상
2015061300100066,2015년 6월 13일 02시,토요일,부산광역시 북구 화명동,중상사고,0,1,0,1,차대차 - 측면직각충돌,안전운전불이행,건조,맑음,단일로 - 횡단보도부근,기타불명,기타불명,기타불명,기타불명,승용,남,40세,중상
2015061300100067,2015년 6월 13일 02시,토요일,부산광역시 동래구 안락동,중상사고,0,1,0,0,차대차 - 추돌 - 진행중,안전운전불이행,건조,맑음,단일로 - 기타,승용,여,48세,상해없음,승용,여,37세,중상
2015061300100068,2015년 6월 13일 02시,토요일,부산광역시 동래구 온천동,경상사고,0,0,1,0,차대차 - 추돌 - 진행중,안전거리미확보,건조,맑음,단일로 - 기타,승용,남,18세,상해없음,승용,남,43세,경상
2015061300100069,2015년 6월 13일 02시,토요일,부산광역시 해운대구 우동,경상사고,0,0,3,0,차대차 - 추돌 - 진행중,안전운전불이행,건조,맑음,교차로 - 교차로부근,승용,남,34세,상해없음,승용,남,58세,경상
2015061300100070,2015년 6월 13일 02시,토요일,부산광역시 기장군 정관면,중상사고,0,1,0,0,차대차 - 기타,안전운전불이행,건조,맑음,단일로 - 기타,화물,남,25세,상해없음,기타불명,기타불명,기타불명,기타불명
2015061300100097,2015년 6월 13일 04시,토요일,부산광역시 금정구 금사동,중상사고,0,1,2,0,차대차 - 측면직각충돌,기타,건조,맑음,교차로 - 교차로안,승용,남,67세,경상,이륜,남,23세,중상
2015061300100107,2015년 6월 13일 05시,토요일,부산광역시 북구 구포동,중상사고,0,1,0,0,차대사람 - 횡단중,안전운전불이행,건조,맑음,단일로 - 횡단보도상,승용,남,70세,상해없음,보행자,여,68세,중상
2015061300100119,2015년 6월 13일 06시,토요일,부산광역시 연제구 연산동,중상사고,0,1,0,0,차대차 - 측면직각충돌,신호위반,건조,맑음,교차로 - 교차로안,화물,남,50세,상해없음,이륜,남,56세,중상
2015061300100172,2015년 6월 13일 09시,토요일,부산광역시 영도구 대평동1가,중상사고,0,1,0,0,차대사람 - 기타,안전운전불이행,건조,맑음,단일로 - 기타,원동기,남,41세,상해없음,보행자,여,56세,중상
2015061300100202,2015년 6월 13일 10시,토요일,부산광역시 남구 문현동,중상사고,0,1,0,0,차대사람 - 횡단중,안전운전불이행,건조,맑음,단일로 - 기타,화물,남,58세,상해없음,보행자,여,65세,중상
2015061300100260,2015년 6월 13일 12시,토요일,부산광역시 북구 구포동,중상사고,0,1,2,0,차대차 - 추돌 - 진행중,차로위반,건조,맑음,단일로 - 기타,승용,남,33세,상해없음,승용,남,38세,중상
2015061300100261,2015년 6월 13일 12시,토요일,부산광역시 해운대구 반여동,경상사고,0,0,1,0,차대사람 - 차도통행중,안전운전불이행,건조,맑음,단일로 - 기타,이륜,남,18세,상해없음,보행자,여,45세,경상
2015061300100262,2015년 6월 13일 12시,토요일,부산광역시 사상구 모라동,중상사고,0,1,0,0,차대차 - 측면직각충돌,안전거리미확보,건조,맑음,단일로 - 기타,원동기,남,21세,상해없음,승용,남,42세,상해없음
2015061300100286,2015년 6월 13일 13시,토요일,부산광역시 사하구 다대동,부상신고사고,0,0,0,1,차대사람 - 기타,안전운전불이행,건조,흐림,단일로 - 횡단보도상,승용,남,50세,상해없음,보행자,여,69세,부상신고
2015061300100345,2015년 6월 13일 15시,토요일,부산광역시 중구 광복동2가,중상사고,0,1,0,0,차대사람 - 기타,안전운전불이행,건조,맑음,교차로 - 교차로안,승합,남,52세,상해없음,보행자,남,48세,중상
2015061300100346,2015년 6월 13일 15시,토요일,부산광역시 영도구 영선동3가,중상사고,0,1,0,0,차대사람 - 기타,안전운전불이행,건조,맑음,교차로 - 교차로부근,자전거,남,17세,상해없음,보행자,여,57세,중상
2015061300100347,2015년 6월 13일 15시,토요일,부산광역시 부산진구 연지동,중상사고,0,1,0,0,차대차 - 측면직각충돌,신호위반,건조,맑음,단일로 - 기타,승용,여,40세,상해없음,원동기,남,24세,중상
2015061300100382,2015년 6월 13일 16시,토요일,부산광역시 북구 구포동,경상사고,0,0,2,0,차대차 - 추돌 - 진행중,안전운전불이행,건조,맑음,단일로 - 기타,화물,남,51세,상해없음,승용,남,55세,경상
2015061300100383,2015년 6월 13일 16시,토요일,부산광역시 사상구 엄궁동,중상사고,0,2,0,0,차대차 - 추돌 - 주정차중,안전운전불이행,건조,맑음,단일로 - 기타,화물,남,52세,상해없음,화물,남,66세,중상
2015061300100424,2015년 6월 13일 17시,토요일,부산광역시 금정구 장전동,경상사고,0,0,1,0,차대차 - 추돌 - 진행중,안전거리미확보,건조,흐림,단일로 - 기타,승용,여,30세,상해없음,승용,남,57세,상해없음
2015061300100425,2015년 6월 13일 17시,토요일,부산광역시 금정구 서동,경상사고,0,0,1,0,차대사람 - 횡단중,안전운전불이행,건조,맑음,단일로 - 기타,승용,여,34세,상해없음,보행자,여,54세,경상
2015061300100472,2015년 6월 13일 18시,토요일,부산광역시 해운대구 우동,경상사고,0,0,5,0,차대차 - 측면직각충돌,신호위반,건조,맑음,교차로 - 교차로안,승용,남,47세,상해없음,승용,남,34세,경상
2015061300100473,2015년 6월 13일 18시,토요일,부산광역시 강서구 명지동,경상사고,0,0,1,0,차대차 - 측면직각충돌,차로위반,건조,맑음,단일로 - 기타,승용,남,42세,상해없음,승용,남,34세,경상
2015061300100474,2015년 6월 13일 18시,토요일,부산광역시 사상구 학장동,경상사고,0,0,2,0,차대차 - 측면직각충돌,신호위반,건조,맑음,교차로 - 교차로안,승용,여,42세,상해없음,승용,여,33세,경상
2015061300100513,2015년 6월 13일 19시,토요일,부산광역시 부산진구 개금동,경상사고,0,0,1,0,차대사람 - 횡단중,안전운전불이행,건조,맑음,교차로 - 교차로안,승용,여,55세,상해없음,보행자,남,32세,경상
2015061300100514,2015년 6월 13일 19시,토요일,부산광역시 부산진구 부전동,경상사고,0,0,1,0,차대차 - 기타,안전운전불이행,건조,맑음,교차로 - 교차로안,원동기,남,55세,상해없음,이륜,남,33세,경상
2015061300100538,2015년 6월 13일 20시,토요일,부산광역시 사하구 괴정동,경상사고,0,0,4,0,차대차 - 측면직각충돌,직진우회전진행방해,건조,맑음,교차로 - 교차로안,승용,남,58세,상해없음,승용,남,40세,경상
2015061300100573,2015년 6월 13일 21시,토요일,부산광역시 금정구 부곡동,중상사고,0,1,0,0,차대차 - 측면직각충돌,안전거리미확보,건조,맑음,단일로 - 기타,승용,남,26세,상해없음,이륜,남,25세,중상
2015061300100600,2015년 6월 13일 22시,토요일,부산광역시 사하구 신평동,경상사고,0,0,1,0,차대사람 - 횡단중,안전운전불이행,건조,맑음,단일로 - 기타,승합,남,69세,상해없음,보행자,남,48세,경상
2015061300100601,2015년 6월 13일 22시,토요일,부산광역시 사상구 괘법동,경상사고,0,0,3,0,차대차 - 측면직각충돌,교차로운행방법위반,건조,맑음,교차로 - 교차로안,승용,남,27세,상해없음,승용,남,61세,경상
2015061300100639,2015년 6월 13일 23시,토요일,부산광역시 남구 문현동,중상사고,0,1,1,0,차대차 - 추돌 - 주정차중,안전운전불이행,건조,맑음,단일로 - 기타,승용,남,25세,상해없음,승용,남,48세,중상
2015061300100640,2015년 6월 13일 23시,토요일,부산광역시 남구 용호동,경상사고,0,0,1,0,차대사람 - 길가장자리구역통행중,안전운전불이행,건조,맑음,단일로 - 기타,승용,남,46세,상해없음,보행자,여,59세,경상
2015061400100005,2015년 6월 14일 00시,일요일,부산광역시 수영구 광안동,경상사고,0,0,1,0,차량단독 - 기타,안전운전불이행,건조,맑음,단일로 - 기타,승용,남,55세,상해없음,,,,
2015061400100006,2015년 6월 14일 00시,일요일,부산광역시 동래구 온천동,경상사고,0,0,1,0,차대차 - 측면직각충돌,안전운전불이행,건조,맑음,교차로 - 교차로부근,화물,남,50세,상해없음,승용,남,27세,경상
2015061400100007,2015년 6월 14일 00시,일요일,부산광역시 기장군 정관면,경상사고,0,0,1,0,차대차 - 추돌 - 진행중,교차로운행방법위반,건조,맑음,교차로 - 교차로안,승용,남,49세,상해없음,승용,남,53세,경상
2015061400100031,2015년 6월 14일 01시,일요일,부산광역시 북구 덕천동,부상신고사고,0,0,0,1,차량단독 - 기타,안전운전불이행,건조,맑음,단일로 - 기타,승용,남,27세,부상신고,,,,
2015061400100067,2015년 6월 14일 03시,일요일,부산광역시 금정구 남산동,중상사고,0,1,0,0,차대사람 - 차도통행중,안전운전불이행,건조,맑음,교차로 - 교차로부근,승용,남,57세,상해없음,보행자,남,31세,중상
2015061400100068,2015년 6월 14일 03시,일요일,부산광역시 사하구 감천동,경상사고,0,0,1,0,차대차 - 측면직각충돌,신호위반,건조,맑음,교차로 - 교차로안,승용,남,31세,상해없음,승용,남,42세,경상
2015061400100086,2015년 6월 14일 04시,일요일,부산광역시 영도구 봉래동4가,경상사고,0,0,1,0,차대차 - 측면직각충돌,교차로운행방법위반,건조,맑음,교차로 - 교차로안,승용,기타불명,기타불명,기타불명,승용,남,68세,경상
2015061400100087,2015년 6월 14일 04시,일요일,부산광역시 사상구 삼락동,중상사고,0,1,1,0,차대차 - 측면직각충돌,신호위반,건조,맑음,교차로 - 교차로안,승용,남,63세,상해없음,승용,남,38세,경상
2015061400100106,2015년 6월 14일 05시,일요일,부산광역시 연제구 거제동,중상사고,0,1,2,0,차대차 - 추돌 - 진행중,안전운전불이행,건조,맑음,단일로 - 기타,승용,남,40세,상해없음,승용,남,60세,경상
2015061400100107,2015년 6월 14일 05시,일요일,부산광역시 사상구 엄궁동,중상사고,0,1,0,0,차대사람 - 보도통행중,기타,건조,맑음,교차로 - 교차로부근,승용,남,63세,상해없음,보행자,여,53세,중상
2015061400100159,2015년 6월 14일 09시,일요일,부산광역시 남구 문현동,중상사고,0,1,1,0,차량단독 - 기타,안전운전불이행,건조,맑음,교차로 - 교차로부근,승용,남,60세,상해없음,,,,
2015061400100176,2015년 6월 14일 10시,일요일,부산광역시 기장군 기장읍,부상신고사고,0,0,0,1,차대차 - 정면충돌,신호위반,건조,맑음,교차로 - 교차로안,이륜,남,38세,상해없음,승용,여,42세,부상신고
2015061400100199,2015년 6월 14일 11시,일요일,부산광역시 기장군 철마면,경상사고,0,0,5,0,차대차 - 추돌 - 진행중,안전거리미확보,건조,맑음,단일로 - 기타,화물,남,59세,상해없음,승용,남,65세,경상
2015061400100241,2015년 6월 14일 13시,일요일,부산광역시 금정구 장전동,경상사고,0,0,2,0,차량단독 - 공작물충돌,안전운전불이행,건조,맑음,단일로 - 기타,승용,여,63세,상해없음,,,,
2015061400100242,2015년 6월 14일 13시,일요일,부산광역시 사하구 다대동,중상사고,0,2,0,1,차대차 - 추돌 - 주정차중,안전운전불이행,건조,흐림,교차로 - 교차로부근,이륜,남,19세,부상신고,승용,남,68세,중상
2015061400100268,2015년 6월 14일 14시,일요일,부산광역시 동구 범일동,경상사고,0,0,1,0,차대차 - 측면직각충돌,교차로운행방법위반,건조,맑음,교차로 - 교차로안,승용,남,35세,상해없음,승용,남,45세,경상
2015061400100269,2015년 6월 14일 14시,일요일,부산광역시 사하구 하단동,경상사고,0,0,1,0,차대차 - 측면직각충돌,안전운전불이행,건조,맑음,단일로 - 기타,승용,기타불명,기타불명,기타불명,자전거,남,17세,경상
2015061400100270,2015년 6월 14일 14시,일요일,부산광역시 연제구 거제동,경상사고,0,0,1,0,차대차 - 측면직각충돌,직진우회전진행방해,건조,맑음,교차로 - 교차로안,승용,남,51세,상해없음,승용,남,24세,경상
2015061400100271,2015년 6월 14일 14시,일요일,부산광역시 강서구 명지동,경상사고,0,0,2,0,차대차 - 추돌 - 진행중,차로위반,건조,맑음,교차로 - 교차로부근,승용,남,63세,상해없음,승용,남,69세,경상
2015061400100292,2015년 6월 14일 15시,일요일,부산광역시 서구 서대신동3가,중상사고,0,1,0,0,차대사람 - 차도통행중,안전운전불이행,건조,맑음,단일로 - 횡단보도상,화물,남,53세,상해없음,보행자,여,55세,중상
2015061400100320,2015년 6월 14일 16시,일요일,부산광역시 동구 초량동,중상사고,0,1,0,0,차대사람 - 차도통행중,안전운전불이행,건조,맑음,교차로 - 교차로부근,승용,남,52세,상해없음,보행자,여,71세,중상
2015061400100321,2015년 6월 14일 16시,일요일,부산광역시 금정구 부곡동,부상신고사고,0,0,0,1,차대사람 - 길가장자리구역통행중,안전운전불이행,건조,맑음,교차로 - 교차로안,승용,남,53세,상해없음,보행자,남,81세,부상신고
2015061400100350,2015년 6월 14일 17시,일요일,부산광역시 서구 암남동,경상사고,0,0,2,1,차대차 - 추돌 - 진행중,안전운전불이행,건조,흐림,단일로 - 기타,승용,남,21세,부상신고,승용,여,23세,경상
2015061400100351,2015년 6월 14일 17시,일요일,부산광역시 금정구 장전동,부상신고사고,0,0,0,1,차대사람 - 횡단중,안전운전불이행,건조,맑음,교차로 - 교차로안,승용,여,21세,상해없음,보행자,여,9세,부상신고
2015061400100384,2015년 6월 14일 18시,일요일,부산광역시 동래구 명장동,중상사고,0,1,0,0,차대사람 - 차도통행중,안전운전불이행,건조,맑음,단일로 - 기타,승용,남,34세,상해없음,보행자,남,11세,중상
2015061400100385,2015년 6월 14일 18시,일요일,부산광역시 사하구 하단동,경상사고,0,0,1,0,차대차 - 기타,안전운전불이행,건조,맑음,단일로 - 기타,승용,남,28세,상해없음,자전거,남,38세,경상
2015061400100411,2015년 6월 14일 19시,일요일,부산광역시 동구 수정동,경상사고,0,0,1,0,차대차 - 추돌 - 진행중,안전거리미확보,건조,맑음,단일로 - 터널,화물,남,49세,상해없음,승용,여,67세,경상
2015061400100412,2015년 6월 14일 19시,일요일,부산광역시 동래구 명륜동,중상사고,0,1,0,0,차대사람 - 차도통행중,안전운전불이행,건조,맑음,단일로 - 기타,원동기,남,23세,상해없음,보행자,남,68세,중상
2015061400100413,2015년 6월 14일 19시,일요일,부산광역시 사하구 당리동,경상사고,0,0,1,0,차대차 - 기타,교차로운행방법위반,건조,흐림,교차로 - 교차로안,승용,남,62세,상해없음,승용,남,32세,상해없음
2015061400100448,2015년 6월 14일 20시,일요일,부산광역시 해운대구 송정동,중상사고,0,1,0,0,차대차 - 측면직각충돌,신호위반,건조,맑음,교차로 - 교차로안,승용,남,37세,상해없음,이륜,남,57세,중상
2015061400100449,2015년 6월 14일 20시,일요일,부산광역시 해운대구 송정동,경상사고,0,0,1,0,차대차 - 측면직각충돌,교차로운행방법위반,건조,맑음,교차로 - 교차로안,승용,남,58세,상해없음,승용,남,52세,경상
2015061400100450,2015년 6월 14일 20시,일요일,부산광역시 금정구 장전동,경상사고,0,0,1,0,차대사람 - 길가장자리구역통행중,안전운전불이행,건조,맑음,단일로 - 기타,승용,남,22세,상해없음,보행자,여,46세,경상
2015061400100477,2015년 6월 14일 21시,일요일,부산광역시 영도구 동삼동,중상사고,0,1,0,0,차대사람 - 횡단중,안전운전불이행,건조,맑음,교차로 - 교차로안,화물,남,29세,상해없음,보행자,남,60세,중상
2015061400100511,2015년 6월 14일 22시,일요일,부산광역시 북구 덕천동,경상사고,0,0,2,2,차대차 - 측면직각충돌,안전거리미확보,건조,맑음,단일로 - 기타,승용,여,53세,상해없음,승용,남,35세,상해없음
2015061400100533,2015년 6월 14일 23시,일요일,부산광역시 서구 동대신동1가,중상사고,0,1,0,0,차대차 - 측면직각충돌,신호위반,건조,맑음,교차로 - 교차로안,승용,남,51세,상해없음,원동기,남,21세,중상
2015061400100534,2015년 6월 14일 23시,일요일,부산광역시 수영구 수영동,중상사고,0,1,0,0,차대사람 - 보도통행중,신호위반,건조,맑음,교차로 - 교차로부근,승용,남,67세,상해없음,보행자,여,69세,중상
2015061400100535,2015년 6월 14일 23시,일요일,부산광역시 기장군 정관면,중상사고,0,1,1,0,차대차 - 측면직각충돌,신호위반,건조,맑음,교차로 - 교차로안,승용,남,52세,중상,승용,남,50세,경상
2015061500100014,2015년 6월 15일 01시,월요일,부산광역시 해운대구 송정동,중상사고,0,1,0,0,차대차 - 정면충돌,중앙선침범,건조,맑음,단일로 - 기타,승용,여,40세,상해없음,원동기,남,22세,상해없음
2015061500100015,2015년 6월 15일 01시,월요일,부산광역시 해운대구 중동,경상사고,0,0,2,0,차대차 - 정면충돌,중앙선침범,건조,맑음,교차로 - 교차로안,승용,남,27세,상해없음,승용,여,31세,경상
2015061500100043,2015년 6월 15일 06시,월요일,부산광역시 동구 범일동,경상사고,0,0,2,0,차대차 - 측면직각충돌,교차로운행방법위반,건조,맑음,교차로 - 교차로안,승용,남,68세,상해없음,승용,남,46세,기타불명
2015061500100055,2015년 6월 15일 07시,월요일,부산광역시 서구 암남동,경상사고,0,0,1,0,차대차 - 측면직각충돌,중앙선침범,습기,비,단일로 - 기타,승용,남,26세,상해없음,승용,남,53세,경상
2015061500100056,2015년 6월 15일 07시,월요일,부산광역시 동래구 온천동,경상사고,0,0,1,0,차대차 - 추돌 - 진행중,안전운전불이행,건조,맑음,단일로 - 기타,승용,남,37세,상해없음,승용,여,48세,경상
2015061500100057,2015년 6월 15일 07시,월요일,부산광역시 동래구 안락동,중상사고,0,1,0,0,차대사람 - 길가장자리구역통행중,안전운전불이행,건조,맑음,단일로 - 기타,승합,남,67세,상해없음,보행자,남,46세,중상
2015061500100089,2015년 6월 15일 08시,월요일,부산광역시 동래구 온천동,경상사고,0,0,1,0,차대차 - 추돌 - 진행중,안전거리미확보,건조,맑음,교차로 - 교차로안,승용,여,27세,상해없음,이륜,남,29세,경상
2015061500100090,2015년 6월 15일 08시,월요일,부산광역시 부산진구 범천동,중상사고,0,2,0,0,차대차 - 기타,교차로운행방법위반,건조,맑음,교차로 - 교차로안,승용,남,65세,상해없음,승용,남,24세,중상
2015061500100091,2015년 6월 15일 08시,월요일,부산광역시 금정구 부곡동,경상사고,0,0,1,0,차대차 - 정면충돌,안전운전불이행,건조,맑음,단일로 - 기타,자전거,남,18세,상해없음,자전거,남,20세,경상
2015061500100149,2015년 6월 15일 09시,월요일,부산광역시 부산진구 개금동,중상사고,0,1,0,0,차대사람 - 기타,보행자보호의무위반,습기,흐림,교차로 - 교차로안,승용,여,41세,상해없음,보행자,여,70세,중상
2015061500100169,2015년 6월 15일 10시,월요일,부산광역시 해운대구 우동,경상사고,0,0,1,0,차대차 - 추돌 - 진행중,안전운전불이행,습기,비,단일로 - 터널,승용,남,54세,기타불명,승용,여,42세,경상
2015061500100170,2015년 6월 15일 10시,월요일,부산광역시 연제구 연산동,중상사고,0,1,0,0,차대사람 - 횡단중,보행자보호의무위반,건조,맑음,교차로 - 교차로부근,건설기계,남,60세,상해없음,보행자,여,67세,중상
2015061500100195,2015년 6월 15일 11시,월요일,부산광역시 동래구 명장동,중상사고,0,1,0,0,차대사람 - 길가장자리구역통행중,안전운전불이행,건조,맑음,단일로 - 기타,승용,여,61세,상해없음,보행자,남,67세,중상
2015061500100225,2015년 6월 15일 12시,월요일,부산광역시 서구 토성동1가,경상사고,0,0,1,0,차대사람 - 길가장자리구역통행중,안전운전불이행,건조,맑음,단일로 - 기타,화물,남,58세,상해없음,보행자,여,32세,경상
2015061500100247,2015년 6월 15일 13시,월요일,부산광역시 사하구 장림동,경상사고,0,0,1,0,차대차 - 기타,신호위반,건조,맑음,단일로 - 기타,승용,남,60세,상해없음,승용,남,36세,경상
2015061500100305,2015년 6월 15일 15시,월요일,부산광역시 사하구 신평동,사망사고,1,0,0,0,차대사람 - 기타,안전운전불이행,건조,맑음,단일로 - 기타,화물,남,36세,상해없음,보행자,여,87세,사망
2015061500100343,2015년 6월 15일 16시,월요일,부산광역시 사하구 다대동,경상사고,0,0,1,0,차대차 - 기타,직진우회전진행방해,건조,흐림,교차로 - 교차로안,승용,여,51세,상해없음,이륜,남,43세,경상
2015061500100370,2015년 6월 15일 17시,월요일,부산광역시 동구 범일동,경상사고,0,0,1,0,차량단독 - 기타,기타,건조,흐림,단일로 - 기타,승합,남,42세,상해없음,,,,
2015061500100371,2015년 6월 15일 17시,월요일,부산광역시 해운대구 반여동,경상사고,0,0,1,0,차대차 - 측면직각충돌,중앙선침범,건조,맑음,교차로 - 교차로안,승용,남,49세,상해없음,원동기,남,22세,경상
2015061500100372,2015년 6월 15일 17시,월요일,부산광역시 해운대구 반여동,경상사고,0,0,1,0,차대차 - 측면직각충돌,기타,건조,맑음,단일로 - 기타,승용,여,36세,상해없음,원동기,남,37세,경상
2015061500100373,2015년 6월 15일 17시,월요일,부산광역시 기장군 장안읍,경상사고,0,0,1,0,차대차 - 추돌 - 주정차중,안전운전불이행,건조,맑음,단일로 - 기타,화물,남,54세,상해없음,승용,남,37세,경상
2015061500100406,2015년 6월 15일 18시,월요일,부산광역시 사하구 장림동,중상사고,0,1,0,0,차대차 - 측면직각충돌,신호위반,건조,맑음,교차로 - 교차로안,특수,남,39세,상해없음,이륜,남,53세,중상
2015061500100438,2015년 6월 15일 19시,월요일,부산광역시 금정구 서동,경상사고,0,0,1,0,차대사람 - 길가장자리구역통행중,안전운전불이행,건조,맑음,단일로 - 기타,화물,남,39세,기타불명,보행자,여,48세,경상
2015061500100464,2015년 6월 15일 20시,월요일,부산광역시 금정구 서동,부상신고사고,0,0,0,1,차대사람 - 길가장자리구역통행중,안전운전불이행,건조,맑음,단일로 - 기타,이륜,기타불명,기타불명,기타불명,보행자,남,72세,부상신고
2015061500100465,2015년 6월 15일 20시,월요일,부산광역시 사하구 괴정동,부상신고사고,0,0,0,1,차대차 - 측면직각충돌,교차로운행방법위반,건조,맑음,교차로 - 교차로안,승용,여,59세,상해없음,이륜,남,18세,부상신고
2015061500100505,2015년 6월 15일 21시,월요일,부산광역시 남구 용호동,중상사고,0,1,0,0,차대차 - 측면직각충돌,안전운전불이행,건조,맑음,단일로 - 기타,승용,남,54세,상해없음,원동기,남,17세,중상
2015061500100506,2015년 6월 15일 21시,월요일,부산광역시 해운대구 좌동,중상사고,0,1,1,0,차대사람 - 횡단중,안전운전불이행,건조,맑음,교차로 - 교차로안,화물,남,46세,상해없음,보행자,남,52세,중상
2015061500100507,2015년 6월 15일 21시,월요일,부산광역시 부산진구 개금동,경상사고,0,0,2,0,차대차 - 측면직각충돌,안전운전불이행,건조,맑음,단일로 - 기타,승용,여,45세,상해없음,승용,남,56세,경상
2015061500100570,2015년 6월 15일 23시,월요일,부산광역시 사하구 괴정동,중상사고,0,2,0,0,차대차 - 추돌 - 진행중,안전운전불이행,건조,맑음,단일로 - 횡단보도상,승용,여,54세,중상,승용,남,67세,상해없음
2015061600100004,2015년 6월 16일 00시,화요일,부산광역시 해운대구 우동,경상사고,0,0,1,0,차대차 - 기타,안전운전불이행,건조,맑음,단일로 - 기타,승용,남,31세,상해없음,승용,남,29세,경상
2015061600100005,2015년 6월 16일 00시,화요일,부산광역시 금정구 부곡동,경상사고,0,0,1,0,차대사람 - 차도통행중,안전운전불이행,건조,맑음,단일로 - 기타,승용,남,50세,상해없음,보행자,여,37세,경상
2015061600100049,2015년 6월 16일 05시,화요일,부산광역시 수영구 수영동,중상사고,0,1,0,0,차대사람 - 횡단중,신호위반,건조,맑음,단일로 - 기타,승용,남,69세,상해없음,보행자,여,58세,중상
2015061600100078,2015년 6월 16일 07시,화요일,부산광역시 남구 용호동,중상사고,0,1,0,0,차대차 - 측면직각충돌,안전운전불이행,건조,맑음,단일로 - 기타,승용,남,41세,상해없음,자전거,남,62세,중상
2015061600100079,2015년 6월 16일 07시,화요일,부산광역시 금정구 부곡동,경상사고,0,0,1,0,차대차 - 측면직각충돌,직진우회전진행방해,건조,맑음,교차로 - 교차로안,승용,남,64세,상해없음,승용,남,45세,상해없음
2015061600100102,2015년 6월 16일 08시,화요일,부산광역시 금정구 구서동,경상사고,0,0,1,0,차대차 - 추돌 - 주정차중,안전운전불이행,건조,맑음,단일로 - 기타,승용,남,54세,상해없음,승용,남,49세,경상
2015061600100153,2015년 6월 16일 10시,화요일,부산광역시 해운대구 우동,부상신고사고,0,0,0,1,차대차 - 추돌 - 진행중,안전거리미확보,건조,맑음,단일로 - 터널,승용,남,44세,상해없음,승용,남,47세,상해없음
2015061600100154,2015년 6월 16일 10시,화요일,부산광역시 강서구 송정동,경상사고,0,0,1,0,차대차 - 측면직각충돌,교차로운행방법위반,건조,맑음,교차로 - 교차로안,승용,남,21세,상해없음,화물,남,65세,경상
2015061600100181,2015년 6월 16일 11시,화요일,부산광역시 동래구 안락동,부상신고사고,0,0,0,1,차대차 - 측면직각충돌,안전운전불이행,건조,맑음,단일로 - 기타,승용,남,48세,상해없음,자전거,남,80세,부상신고
2015061600100216,2015년 6월 16일 12시,화요일,부산광역시 사상구 덕포동,중상사고,0,1,0,0,차대사람 - 횡단중,안전운전불이행,건조,맑음,단일로 - 기타,승용,남,43세,상해없음,보행자,남,73세,중상