사고번호,사고일시,요일,시군구,사고내용,사망자수,중상자수,경상자수,부상신고자수,사고유형,법규위반,노면상태,기상상태,도로형태,가해운전자 차종,가해운전자 성별,가해운전자 연령,가해운전자 상해정도,피해운전자 차종,피해운전자 성별,피해운전자 연령,피해운전자 상해정도
2015062000100431,2015년 6월 20일 17시,토요일,부산광역시 기장군 기장읍,부상신고사고,0,0,0,1,차대사람 - 횡단중,안전운전불이행,건조,맑음,단일로 - 기타,승용,남,49세,상해없음,보행자,여,80세,부상신고
2015062000100482,2015년 6월 20일 18시,토요일,부산광역시 사하구 다대동,경상사고,0,0,1,0,차대차 - 측면직각충돌,신호위반,건조,맑음,교차로 - 교차로안,승용,남,45세,상해없음,이륜,남,17세,경상
2015062000100483,2015년 6월 20일 18시,토요일,부산광역시 강서구 식만동,중상사고,0,1,0,0,차대차 - 측면직각충돌,교차로운행방법위반,건조,맑음,교차로 - 교차로안,승용,남,49세,상해없음,이륜,남,63세,중상
2015062000100484,2015년 6월 20일 18시,토요일,부산광역시 강서구 송정동,중상사고,0,1,0,0,차대차 - 측면직각충돌,불법유턴,건조,맑음,단일로 - 기타,승용,남,45세,상해없음,화물,남,57세,중상
2015062000100485,2015년 6월 20일 18시,토요일,부산광역시 사상구 모라동,경상사고,0,0,2,0,차대차 - 추돌 - 진행중,안전운전불이행,건조,맑음,단일로 - 교량,승용,남,47세,상해없음,승용,남,31세,경상
2015062000100515,2015년 6월 20일 19시,토요일,부산광역시 동구 수정동,경상사고,0,0,1,0,차대차 - 추돌 - 주정차중,안전운전불이행,건조,맑음,단일로 - 기타,승합,남,61세,상해없음,승용,남,52세,상해없음
2015062000100516,2015년 6월 20일 19시,토요일,부산광역시 사하구 다대동,사망사고,1,0,0,0,차대차 - 정면충돌,신호위반,습기,비,교차로 - 교차로안,이륜,남,61세,사망,승용,남,43세,상해없음
2015062000100517,2015년 6월 20일 19시,토요일,부산광역시 사하구 장림동,중상사고,0,3,2,0,차대차 - 정면충돌,신호위반,습기,비,교차로 - 교차로안,승용,남,62세,상해없음,승용,남,58세,경상
2015062000100541,2015년 6월 20일 20시,토요일,부산광역시 남구 대연동,중상사고,0,1,0,0,차대사람 - 횡단중,안전운전불이행,기타,흐림,단일로 - 기타,승용,여,54세,상해없음,보행자,남,49세,중상
2015062000100623,2015년 6월 20일 23시,토요일,부산광역시 서구 암남동,경상사고,0,0,3,0,차대차 - 측면직각충돌,안전운전불이행,건조,맑음,단일로 - 기타,승용,남,34세,상해없음,승용,남,22세,경상
2015062000100624,2015년 6월 20일 23시,토요일,부산광역시 해운대구 좌동,경상사고,0,0,1,0,차대사람 - 기타,안전운전불이행,건조,맑음,단일로 - 기타,승용,남,44세,상해없음,보행자,여,23세,경상
2015062100100007,2015년 6월 21일 00시,일요일,부산광역시 연제구 연산동,경상사고,0,0,2,0,차대차 - 측면직각충돌,신호위반,건조,맑음,교차로 - 교차로안,승용,남,33세,상해없음,승용,남,47세,경상
2015062100100051,2015년 6월 21일 02시,일요일,부산광역시 동래구 명륜동,경상사고,0,0,1,0,차대사람 - 길가장자리구역통행중,안전운전불이행,건조,맑음,단일로 - 기타,승용,남,45세,상해없음,보행자,남,43세,경상
2015062100100063,2015년 6월 21일 03시,일요일,부산광역시 남구 용호동,경상사고,0,0,1,0,차대사람 - 길가장자리구역통행중,안전운전불이행,건조,맑음,단일로 - 기타,승용,기타불명,기타불명,기타불명,보행자,남,28세,경상
2015062100100075,2015년 6월 21일 04시,일요일,부산광역시 동래구 온천동,경상사고,0,0,1,0,차대차 - 측면직각충돌,중앙선침범,건조,맑음,단일로 - 기타,승용,남,20세,상해없음,승용,남,59세,상해없음
2015062100100076,2015년 6월 21일 04시,일요일,부산광역시 해운대구 반송동,부상신고사고,0,0,0,1,차대차 - 추돌 - 주정차중,안전운전불이행,건조,흐림,교차로 - 교차로부근,승용,남,22세,상해없음,승용,남,65세,부상신고
2015062100100089,2015년 6월 21일 05시,일요일,부산광역시 북구 금곡동,경상사고,0,0,1,0,차량단독 - 공작물충돌,안전거리미확보,건조,맑음,단일로 - 기타,승용,남,27세,경상,,,,
2015062100100112,2015년 6월 21일 07시,일요일,부산광역시 해운대구 우동,경상사고,0,0,1,0,차대차 - 기타,안전운전불이행,건조,맑음,교차로 - 교차로안,승용,남,23세,상해없음,원동기,남,25세,경상
2015062100100120,2015년 6월 21일 08시,일요일,부산광역시 북구 만덕동,경상사고,0,0,1,0,차대차 - 추돌 - 진행중,차로위반,건조,맑음,단일로 - 기타,화물,남,52세,상해없음,승용,여,51세,경상
2015062100100133,2015년 6월 21일 09시,일요일,부산광역시 해운대구 송정동,중상사고,0,1,0,0,차대사람 - 횡단중,신호위반,건조,맑음,단일로 - 횡단보도상,승용,남,44세,상해없음,보행자,여,66세,중상
2015062100100169,2015년 6월 21일 11시,일요일,부산광역시 남구 대연동,중상사고,0,1,0,0,차대차 - 정면충돌,안전거리미확보,건조,맑음,단일로 - 기타,승용,남,43세,상해없음,승합,남,53세,상해없음
2015062100100170,2015년 6월 21일 11시,일요일,부산광역시 강서구 명지동,중상사고,0,2,1,0,차대차 - 측면직각충돌,교차로운행방법위반,건조,맑음,교차로 - 교차로부근,승용,남,63세,중상,승용,남,29세,경상
2015062100100224,2015년 6월 21일 13시,일요일,부산광역시 해운대구 우동,부상신고사고,0,0,0,1,차대차 - 측면직각충돌,안전운전불이행,건조,맑음,교차로 - 교차로부근,원동기,남,56세,부상신고,승용,남,36세,상해없음
2015062100100256,2015년 6월 21일 14시,일요일,부산광역시 중구 보수동1가,중상사고,0,1,0,0,차대차 - 측면직각충돌,교차로운행방법위반,건조,맑음,교차로 - 교차로안,승용,남,57세,상해없음,이륜,남,40세,중상
2015062100100257,2015년 6월 21일 14시,일요일,부산광역시 남구 문현동,경상사고,0,0,1,0,차대차 - 기타,차로위반,건조,맑음,교차로 - 교차로부근,승용,남,28세,상해없음,원동기,남,29세,경상
2015062100100258,2015년 6월 21일 14시,일요일,부산광역시 해운대구 중동,경상사고,0,0,1,0,차대차 - 추돌 - 진행중,안전거리미확보,건조,맑음,단일로 - 기타,승용,남,59세,상해없음,승용,여,40세,경상
2015062100100289,2015년 6월 21일 15시,일요일,부산광역시 남구 용호동,경상사고,0,0,1,0,차대차 - 측면직각충돌,안전운전불이행,건조,맑음,단일로 - 기타,이륜,남,22세,상해없음,자전거,남,41세,경상
2015062100100316,2015년 6월 21일 16시,일요일,부산광역시 북구 덕천동,경상사고,0,0,1,0,차대차 - 측면직각충돌,안전운전불이행,건조,흐림,단일로 - 기타,승용,남,38세,상해없음,승용,남,52세,경상
2015062100100317,2015년 6월 21일 16시,일요일,부산광역시 해운대구 반여동,중상사고,0,4,0,0,차대차 - 측면직각충돌,신호위반,건조,맑음,교차로 - 교차로안,승용,남,55세,상해없음,화물,남,54세,중상
2015062100100416,2015년 6월 21일 19시,일요일,부산광역시 남구 감만동,경상사고,0,0,1,0,차대사람 - 횡단중,안전운전불이행,건조,맑음,단일로 - 기타,원동기,남,36세,상해없음,보행자,남,2세,경상
2015062100100417,2015년 6월 21일 19시,일요일,부산광역시 사상구 주례동,경상사고,0,0,2,0,차대차 - 측면직각충돌,안전거리미확보,건조,맑음,교차로 - 교차로부근,승용,남,52세,상해없음,승용,남,30세,경상
2015062100100443,2015년 6월 21일 20시,일요일,부산광역시 영도구 영선동1가,중상사고,0,1,0,0,차대사람 - 횡단중,보행자보호의무위반,건조,맑음,단일로 - 횡단보도상,승용,남,57세,상해없음,보행자,남,55세,중상
2015062100100471,2015년 6월 21일 21시,일요일,부산광역시 동래구 온천동,경상사고,0,0,1,0,차대사람 - 횡단중,안전운전불이행,건조,맑음,단일로 - 기타,승용,남,52세,상해없음,보행자,남,54세,경상
2015062200100065,2015년 6월 22일 06시,월요일,부산광역시 해운대구 반여동,경상사고,0,0,3,0,차대차 - 기타,교차로운행방법위반,건조,맑음,교차로 - 교차로안,승합,남,70세,상해없음,이륜,남,19세,경상
2015062200100082,2015년 6월 22일 07시,월요일,부산광역시 북구 덕천동,중상사고,0,1,0,0,차대차 - 기타,안전거리미확보,건조,맑음,단일로 - 기타,건설기계,남,52세,상해없음,원동기,남,30세,중상
2015062200100112,2015년 6월 22일 08시,월요일,부산광역시 중구 중앙동4가,경상사고,0,0,1,0,차대차 - 기타,안전운전불이행,건조,맑음,단일로 - 기타,승용,여,40세,상해없음,자전거,남,35세,경상
2015062200100113,2015년 6월 22일 08시,월요일,부산광역시 해운대구 중동,경상사고,0,0,1,0,차대사람 - 길가장자리구역통행중,안전운전불이행,건조,맑음,교차로 - 교차로부근,승용,남,87세,상해없음,보행자,여,30세,경상
2015062200100114,2015년 6월 22일 08시,월요일,부산광역시 연제구 연산동,경상사고,0,0,1,0,차대차 - 추돌 - 주정차중,안전운전불이행,건조,맑음,단일로 - 기타,화물,남,61세,기타불명,승용,남,34세,경상
2015062200100243,2015년 6월 22일 12시,월요일,부산광역시 서구 암남동,중상사고,0,1,1,0,차대차 - 추돌 - 주정차중,안전운전불이행,건조,맑음,단일로 - 기타,승용,여,48세,경상,승용,남,34세,상해없음
2015062200100244,2015년 6월 22일 12시,월요일,부산광역시 해운대구 좌동,경상사고,0,0,2,0,차대차 - 추돌 - 진행중,안전운전불이행,건조,맑음,교차로 - 교차로안,승용,여,40세,상해없음,승합,여,59세,경상
2015062200100269,2015년 6월 22일 13시,월요일,부산광역시 강서구 녹산동,중상사고,0,3,2,0,차대차 - 추돌 - 주정차중,안전운전불이행,건조,맑음,교차로 - 교차로부근,건설기계,남,35세,상해없음,화물,남,30세,경상
2015062200100270,2015년 6월 22일 13시,월요일,부산광역시 기장군 일광면,부상신고사고,0,0,0,1,차대사람 - 차도통행중,안전운전불이행,건조,맑음,단일로 - 기타,승용,여,50세,상해없음,보행자,남,52세,부상신고
2015062200100301,2015년 6월 22일 14시,월요일,부산광역시 해운대구 우동,경상사고,0,0,1,0,차대사람 - 길가장자리구역통행중,안전운전불이행,건조,맑음,단일로 - 기타,승용,남,56세,상해없음,보행자,여,71세,경상
2015062200100344,2015년 6월 22일 15시,월요일,부산광역시 중구 부평동1가,경상사고,0,0,1,0,차대차 - 측면직각충돌,교차로운행방법위반,건조,맑음,교차로 - 교차로안,승용,남,28세,상해없음,승용,여,36세,상해없음
2015062200100345,2015년 6월 22일 15시,월요일,부산광역시 동래구 명륜동,중상사고,0,1,0,0,차대차 - 정면충돌,교차로운행방법위반,건조,맑음,교차로 - 교차로안,승용,남,52세,상해없음,원동기,남,51세,중상
2015062200100346,2015년 6월 22일 15시,월요일,부산광역시 부산진구 부전동,경상사고,0,0,1,0,차대차 - 기타,교차로운행방법위반,건조,맑음,교차로 - 교차로안,승용,여,53세,상해없음,승용,남,33세,경상
2015062200100347,2015년 6월 22일 15시,월요일,부산광역시 사상구 삼락동,중상사고,0,1,0,0,차대차 - 측면직각충돌,신호위반,건조,맑음,교차로 - 교차로안,승용,여,32세,상해없음,이륜,남,57세,중상
2015062200100386,2015년 6월 22일 16시,월요일,부산광역시 서구 서대신동2가,경상사고,0,0,1,0,차대차 - 측면직각충돌,안전운전불이행,건조,맑음,교차로 - 교차로부근,화물,남,61세,상해없음,승용,남,64세,경상
2015062200100387,2015년 6월 22일 16시,월요일,부산광역시 사하구 괴정동,경상사고,0,0,1,0,차대차 - 기타,기타,건조,맑음,교차로 - 교차로부근,승용,남,61세,상해없음,이륜,남,52세,경상
2015062200100423,2015년 6월 22일 17시,월요일,부산광역시 연제구 거제동,경상사고,0,0,1,0,차대사람 - 횡단중,보행자보호의무위반,건조,맑음,단일로 - 횡단보도상,승용,남,20세,상해없음,보행자,여,75세,경상
2015062200100468,2015년 6월 22일 18시,월요일,부산광역시 동래구 명장동,중상사고,0,1,0,0,차대사람 - 차도통행중,안전운전불이행,건조,맑음,단일로 - 기타,승용,여,45세,상해없음,보행자,남,38세,중상
2015062200100469,2015년 6월 22일 18시,월요일,부산광역시 연제구 연산동,중상사고,0,1,0,0,차대차 - 측면직각충돌,안전운전불이행,건조,맑음,교차로 - 교차로안,승합,여,56세,상해없음,자전거,남,24세,중상
2015062200100545,2015년 6월 22일 20시,월요일,부산광역시 강서구 명지동,중상사고,0,1,0,0,차대차 - 측면직각충돌,안전운전불이행,건조,맑음,교차로 - 교차로안,승용,남,49세,상해없음,이륜,남,17세,중상
2015062200100600,2015년 6월 22일 22시,월요일,부산광역시 사하구 신평동,중상사고,0,1,0,0,차대차 - 측면직각충돌,신호위반,건조,맑음,교차로 - 교차로안,승합,남,58세,상해없음,자전거,남,29세,중상
2015062300100004,2015년 6월 23일 00시,화요일,부산광역시 남구 대연동,경상사고,0,0,1,0,차대차 - 측면직각충돌,안전운전불이행,건조,맑음,단일로 - 기타,승용,남,45세,상해없음,승용,여,45세,경상
2015062300100005,2015년 6월 23일 00시,화요일,부산광역시 북구 만덕동,사망사고,2,0,0,0,차량단독 - 공작물충돌,안전운전불이행,건조,맑음,단일로 - 기타,이륜,남,18세,사망,,,,
2015062300100026,2015년 6월 23일 01시,화요일,부산광역시 영도구 봉래동3가,경상사고,0,0,2,0,차대차 - 추돌 - 진행중,안전거리미확보,건조,맑음,단일로 - 기타,승합,남,63세,상해없음,원동기,남,23세,경상
2015062300100027,2015년 6월 23일 01시,화요일,부산광역시 부산진구 부암동,경상사고,0,0,1,0,차대차 - 측면직각충돌,안전운전불이행,건조,맑음,단일로 - 횡단보도부근,승용,남,60세,상해없음,자전거,남,23세,경상
2015062300100037,2015년 6월 23일 02시,화요일,부산광역시 사하구 하단동,경상사고,0,0,1,0,차대사람 - 기타,안전운전불이행,건조,맑음,교차로 - 교차로안,승용,남,59세,상해없음,보행자,남,39세,경상
2015062300100038,2015년 6월 23일 02시,화요일,부산광역시 사하구 괴정동,중상사고,0,2,1,0,차대차 - 측면직각충돌,안전운전불이행,건조,맑음,단일로 - 기타,승용,남,29세,상해없음,이륜,남,18세,경상
2015062300100057,2015년 6월 23일 04시,화요일,부산광역시 동래구 수안동,중상사고,0,1,1,0,차대차 - 측면직각충돌,신호위반,건조,맑음,교차로 - 교차로안,승합,남,30세,상해없음,승용,남,29세,경상
2015062300100080,2015년 6월 23일 06시,화요일,부산광역시 동구 수정동,경상사고,0,0,1,0,차대차 - 기타,신호위반,건조,맑음,교차로 - 교차로안,승용,남,71세,상해없음,승용,남,36세,경상
2015062300100081,2015년 6월 23일 06시,화요일,부산광역시 남구 용호동,중상사고,0,1,0,0,차대차 - 추돌 - 진행중,차로위반,건조,맑음,단일로 - 기타,자전거,남,75세,중상,승합,남,36세,상해없음
2015062300100095,2015년 6월 23일 07시,화요일,부산광역시 동구 좌천동,중상사고,0,1,0,0,차대차 - 기타,안전운전불이행,건조,맑음,단일로 - 기타,이륜,남,51세,상해없음,자전거,남,73세,중상
2015062300100096,2015년 6월 23일 07시,화요일,부산광역시 강서구 송정동,사망사고,1,1,0,0,차대차 - 기타,신호위반,건조,맑음,교차로 - 교차로안,승용,남,27세,상해없음,승용,남,75세,사망
2015062300100118,2015년 6월 23일 08시,화요일,부산광역시 해운대구 우동,경상사고,0,0,2,0,차대차 - 추돌 - 주정차중,안전운전불이행,건조,맑음,교차로 - 교차로부근,승용,여,46세,상해없음,승용,여,40세,경상
2015062300100178,2015년 6월 23일 10시,화요일,부산광역시 사하구 감천동,중상사고,0,1,0,0,차대차 - 기타,안전운전불이행,건조,맑음,단일로 - 기타,승용,남,26세,상해없음,화물,남,47세,중상
2015062300100230,2015년 6월 23일 12시,화요일,부산광역시 남구 용당동,경상사고,0,0,1,0,차대사람 - 횡단중,안전운전불이행,건조,맑음,단일로 - 기타,이륜,남,17세,상해없음,보행자,남,58세,경상
2015062300100254,2015년 6월 23일 13시,화요일,부산광역시 동래구 온천동,중상사고,0,1,0,0,차대차 - 추돌 - 진행중,안전운전불이행,건조,맑음,단일로 - 기타,승용,여,55세,상해없음,이륜,여,59세,중상
2015062300100271,2015년 6월 23일 14시,화요일,부산광역시 금정구 노포동,부상신고사고,0,0,0,1,차대차 - 측면직각충돌,안전거리미확보,건조,맑음,단일로 - 기타,화물,남,63세,상해없음,이륜,남,24세,부상신고
2015062300100338,2015년 6월 23일 16시,화요일,부산광역시 동래구 낙민동,중상사고,0,1,0,0,차대차 - 측면직각충돌,신호위반,건조,맑음,교차로 - 교차로안,승용,여,61세,상해없음,이륜,남,18세,중상
2015062300100339,2015년 6월 23일 16시,화요일,부산광역시 해운대구 반송동,중상사고,0,1,0,0,차대사람 - 기타,안전운전불이행,건조,맑음,교차로 - 교차로안,승용,남,65세,상해없음,보행자,남,74세,중상
2015062300100340,2015년 6월 23일 16시,화요일,부산광역시 금정구 부곡동,중상사고,0,1,2,0,차대차 - 측면직각충돌,신호위반,건조,맑음,단일로 - 기타,승용,남,74세,경상,이륜,남,22세,중상
2015062300100376,2015년 6월 23일 17시,화요일,부산광역시 동구 수정동,경상사고,0,0,1,0,차대차 - 측면직각충돌,교차로운행방법위반,건조,맑음,교차로 - 교차로안,승용,여,34세,기타불명,승용,남,56세,경상
2015062300100377,2015년 6월 23일 17시,화요일,부산광역시 사하구 장림동,경상사고,0,0,1,0,차대차 - 기타,안전운전불이행,건조,맑음,단일로 - 기타,승용,남,59세,상해없음,승용,남,31세,경상
2015062300100422,2015년 6월 23일 18시,화요일,부산광역시 북구 만덕동,경상사고,0,0,1,0,차대차 - 측면직각충돌,안전운전불이행,건조,맑음,교차로 - 교차로안,승용,남,25세,상해없음,승용,남,59세,경상
2015062300100423,2015년 6월 23일 18시,화요일,부산광역시 동래구 온천동,경상사고,0,0,1,0,차대사람 - 횡단중,보행자보호의무위반,건조,맑음,교차로 - 교차로부근,승용,남,28세,상해없음,보행자,남,17세,경상
2015062300100424,2015년 6월 23일 18시,화요일,부산광역시 사하구 하단동,중상사고,0,1,0,1,차대차 - 기타,안전운전불이행,건조,맑음,단일로 - 기타,이륜,남,20세,상해없음,승용,남,51세,부상신고
2015062300100460,2015년 6월 23일 19시,화요일,부산광역시 서구 암남동,중상사고,0,1,0,0,차대차 - 측면직각충돌,중앙선침범,건조,맑음,단일로 - 기타,승용,남,69세,상해없음,승용,여,49세,중상
2015062300100482,2015년 6월 23일 20시,화요일,부산광역시 수영구 민락동,중상사고,0,1,0,0,차대사람 - 기타,안전운전불이행,건조,맑음,단일로 - 기타,자전거,남,47세,상해없음,보행자,여,62세,중상
2015062300100483,2015년 6월 23일 20시,화요일,부산광역시 남구 우암동,중상사고,0,1,2,0,차대차 - 측면직각충돌,안전운전불이행,건조,맑음,단일로 - 기타,승용,남,22세,상해없음,승용,남,60세,중상
2015062300100511,2015년 6월 23일 21시,화요일,부산광역시 동구 좌천동,중상사고,0,1,0,0,차대차 - 기타,안전운전불이행,건조,맑음,단일로 - 기타,승용,여,41세,상해없음,원동기,남,18세,중상
2015062300100512,2015년 6월 23일 21시,화요일,부산광역시 사하구 괴정동,경상사고,0,0,1,0,차대사람 - 횡단중,보행자보호의무위반,건조,맑음,단일로 - 횡단보도상,승용,남,33세,상해없음,보행자,여,23세,경상
2015062300100543,2015년 6월 23일 22시,화요일,부산광역시 수영구 망미동,중상사고,0,2,0,0,차대차 - 기타,안전운전불이행,건조,맑음,교차로 - 교차로안,승용,여,44세,중상,승용,남,71세,중상
2015062300100579,2015년 6월 23일 23시,화요일,부산광역시 기장군 기장읍,사망사고,1,0,0,1,차대사람 - 횡단중,과속,건조,맑음,교차로 - 교차로부근,승용,남,27세,상해없음,보행자,남,58세,사망
2015062400100007,2015년 6월 24일 00시,수요일,부산광역시 남구 대연동,경상사고,0,0,1,0,차대차 - 추돌 - 진행중,안전운전불이행,건조,맑음,교차로 - 교차로부근,이륜,기타불명,기타불명,기타불명,자전거,남,19세,경상
2015062400100028,2015년 6월 24일 01시,수요일,부산광역시 수영구 광안동,경상사고,0,0,1,0,차대차 - 측면직각충돌,안전운전불이행,건조,맑음,단일로 - 기타,승용,기타불명,기타불명,기타불명,자전거,남,19세,경상
2015062400100067,2015년 6월 24일 05시,수요일,부산광역시 동래구 온천동,경상사고,0,0,1,0,차대차 - 추돌 - 주정차중,안전운전불이행,건조,맑음,교차로 - 교차로부근,승용,남,25세,상해없음,승용,남,37세,상해없음
2015062400100079,2015년 6월 24일 06시,수요일,부산광역시 사상구 주례동,중상사고,0,1,0,0,차대사람 - 차도통행중,안전운전불이행,건조,맑음,단일로 - 기타,승용,남,62세,상해없음,보행자,여,51세,중상
2015062400100089,2015년 6월 24일 07시,수요일,부산광역시 동래구 명장동,경상사고,0,0,1,0,차대차 - 측면직각충돌,차로위반,건조,맑음,단일로 - 기타,화물,남,50세,상해없음,승용,여,24세,경상
2015062400100090,2015년 6월 24일 07시,수요일,부산광역시 금정구 노포동,중상사고,0,1,0,0,차대차 - 추돌 - 진행중,기타,건조,맑음,단일로 - 기타,승용,남,49세,상해없음,원동기,여,55세,중상
2015062400100091,2015년 6월 24일 07시,수요일,부산광역시 사하구 하단동,경상사고,0,0,1,0,차대차 - 기타,안전운전불이행,건조,맑음,단일로 - 기타,승용,남,68세,상해없음,승용,남,28세,경상
2015062400100111,2015년 6월 24일 08시,수요일,부산광역시 사하구 신평동,중상사고,0,1,0,0,차량단독 - 전도전복,중앙선침범,건조,맑음,단일로 - 기타,자전거,여,57세,중상,,,,
2015062400100199,2015년 6월 24일 10시,수요일,부산광역시 수영구 남천동,경상사고,0,0,1,0,차대차 - 추돌 - 진행중,안전운전불이행,건조,맑음,단일로 - 기타,화물,남,39세,상해없음,화물,여,38세,상해없음
2015062400100200,2015년 6월 24일 10시,수요일,부산광역시 해운대구 반여동,경상사고,0,0,1,0,차대사람 - 기타,안전운전불이행,건조,맑음,단일로 - 기타,승용,여,71세,상해없음,보행자,여,35세,경상
2015062400100201,2015년 6월 24일 10시,수요일,부산광역시 사상구 모라동,경상사고,0,0,1,0,차대차 - 추돌 - 진행중,안전거리미확보,건조,맑음,교차로 - 교차로안,건설기계,남,38세,상해없음,승용,여,49세,경상
2015062400100222,2015년 6월 24일 11시,수요일,부산광역시 남구 용호동,경상사고,0,0,1,0,차대차 - 측면직각충돌,교차로운행방법위반,건조,맑음,교차로 - 교차로안,승용,여,56세,상해없음,승용,남,45세,경상
2015062400100223,2015년 6월 24일 11시,수요일,부산광역시 해운대구 반송동,경상사고,0,0,1,1,차대차 - 추돌 - 주정차중,안전운전불이행,건조,맑음,교차로 - 교차로안,승합,남,58세,상해없음,승용,남,27세,경상
2015062400100247,2015년 6월 24일 12시,수요일,부산광역시 수영구 남천동,사망사고,1,0,0,0,차대차 - 측면직각충돌,불법유턴,건조,맑음,교차로 - 교차로부근,자전거,남,77세,사망,승용,여,28세,상해없음
2015062400100275,2015년 6월 24일 13시,수요일,부산광역시 부산진구 부전동,중상사고,0,1,1,0,차대차 - 측면직각충돌,안전운전불이행,건조,맑음,교차로 - 교차로안,승용,남,26세,상해없음,승용,남,57세,경상
2015062400100299,2015년 6월 24일 14시,수요일,부산광역시 중구 부평동1가,중상사고,0,1,0,0,차대사람 - 기타,안전운전불이행,건조,맑음,단일로 - 기타,이륜,남,48세,상해없음,보행자,여,59세,중상
2015062400100300,2015년 6월 24일 14시,수요일,부산광역시 서구 충무동1가,중상사고,0,1,0,0,차량단독 - 기타,안전운전불이행,건조,맑음,단일로 - 기타,승합,남,40세,상해없음,,,,
2015062400100301,2015년 6월 24일 14시,수요일,부산광역시 수영구 광안동,경상사고,0,0,1,0,차대사람 - 차도통행중,안전운전불이행,건조,맑음,단일로 - 기타,승용,여,26세,상해없음,보행자,남,37세,경상
2015062400100302,2015년 6월 24일 14시,수요일,부산광역시 동래구 사직동,경상사고,0,0,1,0,차대차 - 측면직각충돌,안전운전불이행,건조,맑음,단일로 - 횡단보도상,승용,남,50세,상해없음,자전거,남,11세,경상
2015062400100303,2015년 6월 24일 14시,수요일,부산광역시 기장군 정관면,중상사고,0,1,0,0,차대차 - 측면직각충돌,교차로운행방법위반,건조,맑음,교차로 - 교차로안,승합,남,54세,상해없음,이륜,남,33세,중상
2015062400100338,2015년 6월 24일 15시,수요일,부산광역시 수영구 망미동,경상사고,0,0,2,0,차대차 - 측면직각충돌,안전운전불이행,건조,맑음,단일로 - 기타,승용,여,55세,상해없음,승용,여,31세,경상
2015062400100339,2015년 6월 24일 15시,수요일,부산광역시 연제구 거제동,경상사고,0,0,1,0,차대차 - 추돌 - 주정차중,안전운전불이행,건조,맑음,단일로 - 기타,승용,남,63세,상해없음,승용,남,50세,경상
2015062400100372,2015년 6월 24일 16시,수요일,부산광역시 북구 구포동,중상사고,0,1,0,0,차량단독 - 전도전복,안전운전불이행,건조,맑음,단일로 - 기타,이륜,남,49세,중상,,,,
2015062400100373,2015년 6월 24일 16시,수요일,부산광역시 동래구 사직동,경상사고,0,0,3,0,차대차 - 측면직각충돌,교차로운행방법위반,건조,맑음,교차로 - 교차로안,승용,남,30세,상해없음,승용,남,70세,경상
2015062400100374,2015년 6월 24일 16시,수요일,부산광역시 영도구 동삼동,경상사고,0,0,1,0,차대차 - 기타,신호위반,건조,맑음,교차로 - 교차로안,승용,남,31세,상해없음,이륜,남,23세,경상
2015062400100407,2015년 6월 24일 17시,수요일,부산광역시 서구 서대신동3가,경상사고,0,0,1,0,차대차 - 추돌 - 진행중,안전운전불이행,건조,맑음,단일로 - 기타,승용,남,15세,상해없음,화물,남,44세,경상
2015062400100481,2015년 6월 24일 19시,수요일,부산광역시 해운대구 재송동,중상사고,0,1,0,0,차대차 - 추돌 - 진행중,교차로운행방법위반,건조,맑음,교차로 - 교차로부근,승용,여,57세,상해없음,화물,남,33세,중상
2015062400100482,2015년 6월 24일 19시,수요일,부산광역시 기장군 정관면,경상사고,0,0,1,0,차대차 - 추돌 - 진행중,안전운전불이행,건조,맑음,단일로 - 기타,승용,남,42세,상해없음,승용,남,26세,경상
2015062400100507,2015년 6월 24일 20시,수요일,부산광역시 금정구 장전동,경상사고,0,0,1,0,차대사람 - 기타,기타,건조,맑음,단일로 - 기타,승합,남,45세,상해없음,보행자,여,66세,경상
2015062400100508,2015년 6월 24일 20시,수요일,부산광역시 사하구 다대동,중상사고,0,1,0,0,차량단독 - 공작물충돌,안전운전불이행,건조,맑음,단일로 - 기타,이륜,남,51세,중상,,,,
2015062400100550,2015년 6월 24일 21시,수요일,부산광역시 수영구 남천동,경상사고,0,0,1,0,차대차 - 기타,신호위반,건조,맑음,교차로 - 교차로안,승용,남,29세,상해없음,자전거,남,25세,경상
2015062400100551,2015년 6월 24일 21시,수요일,부산광역시 금정구 금사동,경상사고,0,0,1,1,차대차 - 추돌 - 주정차중,안전거리미확보,건조,맑음,단일로 - 교량,화물,남,47세,상해없음,승용,남,43세,부상신고
2015062400100577,2015년 6월 24일 22시,수요일,부산광역시 남구 용호동,부상신고사고,0,0,0,1,차대차 - 측면직각충돌,안전거리미확보,건조,맑음,단일로 - 기타,승용,여,54세,상해없음,승용,여,31세,부상신고
2015062400100578,2015년 6월 24일 22시,수요일,부산광역시 영도구 동삼동,경상사고,0,0,2,0,차대차 - 측면직각충돌,교차로운행방법위반,건조,맑음,교차로 - 교차로안,이륜,남,19세,상해없음,이륜,남,25세,경상
2015062400100579,2015년 6월 24일 22시,수요일,부산광역시 부산진구 범천동,중상사고,0,1,0,0,차대차 - 기타,신호위반,건조,맑음,단일로 - 기타,승용,남,27세,상해없음,승용,남,29세,중상
2015062400100580,2015년 6월 24일 22시,수요일,부산광역시 금정구 남산동,경상사고,0,0,1,0,차대차 - 측면직각충돌,안전운전불이행,건조,맑음,교차로 - 교차로부근,이륜,남,19세,경상,승용,남,46세,상해없음
2015062500100029,2015년 6월 25일 01시,목요일,부산광역시 사하구 하단동,중상사고,0,2,0,0,차량단독 - 공작물충돌,안전운전불이행,건조,맑음,단일로 - 교량,이륜,남,16세,상해없음,,,,