사고번호,사고일시,요일,시군구,사고내용,사망자수,중상자수,경상자수,부상신고자수,사고유형,법규위반,노면상태,기상상태,도로형태,가해운전자 차종,가해운전자 성별,가해운전자 연령,가해운전자 상해정도,피해운전자 차종,피해운전자 성별,피해운전자 연령,피해운전자 상해정도
2015062700100624,2015년 6월 27일 21시,토요일,부산광역시 해운대구 재송동,중상사고,0,2,3,0,차대차 - 추돌 - 주정차중,안전운전불이행,건조,맑음,단일로 - 기타,승용,여,39세,상해없음,승용,남,39세,경상
2015062700100625,2015년 6월 27일 21시,토요일,부산광역시 해운대구 반송동,중상사고,0,1,0,0,차대사람 - 횡단중,안전운전불이행,건조,맑음,단일로 - 기타,이륜,남,18세,상해없음,보행자,남,53세,중상
2015062700100626,2015년 6월 27일 21시,토요일,부산광역시 사하구 괴정동,경상사고,0,0,2,0,차대차 - 기타,신호위반,건조,맑음,교차로 - 교차로안,승용,여,38세,상해없음,승용,남,65세,경상
2015062700100627,2015년 6월 27일 21시,토요일,부산광역시 연제구 연산동,경상사고,0,0,1,0,차대차 - 측면직각충돌,신호위반,건조,맑음,교차로 - 교차로안,승용,남,50세,상해없음,승용,남,39세,경상
2015062700100628,2015년 6월 27일 21시,토요일,부산광역시 사상구 덕포동,사망사고,1,1,0,0,차대차 - 측면직각충돌,신호위반,건조,맑음,단일로 - 기타,승용,남,47세,상해없음,이륜,남,32세,사망
2015062700100667,2015년 6월 27일 22시,토요일,부산광역시 동래구 사직동,부상신고사고,0,0,0,1,차대차 - 측면직각충돌,교차로운행방법위반,건조,맑음,교차로 - 교차로안,원동기,남,18세,부상신고,승용,남,41세,상해없음
2015062700100668,2015년 6월 27일 22시,토요일,부산광역시 부산진구 부전동,중상사고,0,1,0,0,차대사람 - 횡단중,안전운전불이행,건조,맑음,단일로 - 기타,이륜,남,36세,상해없음,보행자,남,54세,중상
2015062700100699,2015년 6월 27일 23시,토요일,부산광역시 사상구 엄궁동,중상사고,0,2,1,0,차대차 - 측면직각충돌,신호위반,건조,맑음,단일로 - 기타,원동기,남,18세,중상,승합,남,35세,상해없음
2015062800100009,2015년 6월 28일 00시,일요일,부산광역시 부산진구 양정동,경상사고,0,0,1,0,차대차 - 측면직각충돌,신호위반,건조,맑음,단일로 - 기타,승용,남,57세,상해없음,이륜,남,32세,경상
2015062800100010,2015년 6월 28일 00시,일요일,부산광역시 금정구 장전동,경상사고,0,0,1,0,차대사람 - 차도통행중,안전운전불이행,건조,맑음,단일로 - 기타,이륜,남,22세,상해없음,보행자,남,25세,경상
2015062800100011,2015년 6월 28일 00시,일요일,부산광역시 금정구 금사동,경상사고,0,0,1,4,차대차 - 추돌 - 주정차중,안전거리미확보,건조,맑음,단일로 - 기타,승용,남,60세,상해없음,승용,남,64세,경상
2015062800100036,2015년 6월 28일 01시,일요일,부산광역시 부산진구 개금동,중상사고,0,1,0,0,차대사람 - 횡단중,안전운전불이행,건조,맑음,단일로 - 기타,승용,남,60세,상해없음,보행자,남,46세,중상
2015062800100056,2015년 6월 28일 02시,일요일,부산광역시 중구 중앙동2가,경상사고,0,0,2,0,차대차 - 측면직각충돌,안전운전불이행,건조,맑음,단일로 - 기타,승용,남,21세,상해없음,승용,남,47세,경상
2015062800100057,2015년 6월 28일 02시,일요일,부산광역시 수영구 남천동,사망사고,2,0,0,0,차대차 - 정면충돌,중앙선침범,건조,맑음,단일로 - 기타,원동기,남,18세,사망,승용,남,57세,상해없음
2015062800100058,2015년 6월 28일 02시,일요일,부산광역시 수영구 망미동,부상신고사고,0,0,0,1,차량단독 - 전도전복,안전운전불이행,건조,맑음,단일로 - 기타,원동기,남,22세,부상신고,,,,
2015062800100072,2015년 6월 28일 03시,일요일,부산광역시 부산진구 부전동,경상사고,0,0,1,0,차대사람 - 기타,안전운전불이행,건조,맑음,단일로 - 기타,승용,남,72세,상해없음,보행자,남,29세,경상
2015062800100111,2015년 6월 28일 06시,일요일,부산광역시 북구 금곡동,중상사고,0,1,1,0,차대차 - 측면직각충돌,안전거리미확보,건조,맑음,교차로 - 교차로안,승용,남,55세,기타불명,승용,남,70세,상해없음
2015062800100151,2015년 6월 28일 09시,일요일,부산광역시 수영구 광안동,중상사고,0,1,0,0,차대차 - 측면직각충돌,신호위반,건조,맑음,단일로 - 기타,승용,여,32세,상해없음,이륜,남,39세,중상
2015062800100152,2015년 6월 28일 09시,일요일,부산광역시 북구 덕천동,경상사고,0,0,3,0,차대차 - 정면충돌,신호위반,건조,흐림,교차로 - 교차로안,승합,남,65세,상해없음,승용,여,44세,경상
2015062800100153,2015년 6월 28일 09시,일요일,부산광역시 연제구 연산동,경상사고,0,0,1,0,차대사람 - 횡단중,안전운전불이행,건조,맑음,단일로 - 기타,승용,남,78세,상해없음,보행자,남,63세,경상
2015062800100169,2015년 6월 28일 10시,일요일,부산광역시 동구 수정동,중상사고,0,1,0,0,차대사람 - 기타,안전운전불이행,건조,맑음,단일로 - 기타,원동기,남,71세,상해없음,보행자,여,81세,중상
2015062800100220,2015년 6월 28일 13시,일요일,부산광역시 해운대구 송정동,부상신고사고,0,0,0,1,차대차 - 측면직각충돌,안전거리미확보,건조,맑음,교차로 - 교차로부근,승용,남,47세,상해없음,승용,여,64세,부상신고
2015062800100221,2015년 6월 28일 13시,일요일,부산광역시 연제구 거제동,경상사고,0,0,3,0,차대차 - 측면직각충돌,신호위반,건조,맑음,교차로 - 교차로안,승용,남,66세,상해없음,승용,여,27세,경상
2015062800100262,2015년 6월 28일 15시,일요일,부산광역시 수영구 민락동,중상사고,0,1,0,0,차대사람 - 횡단중,보행자보호의무위반,건조,맑음,단일로 - 횡단보도상,승용,남,42세,상해없음,보행자,남,7세,중상
2015062800100263,2015년 6월 28일 15시,일요일,부산광역시 해운대구 송정동,경상사고,0,0,5,0,차대차 - 기타,안전운전불이행,건조,맑음,단일로 - 터널,승용,남,24세,상해없음,승용,남,27세,경상
2015062800100292,2015년 6월 28일 16시,일요일,부산광역시 서구 남부민동,중상사고,0,1,1,0,차량단독 - 기타,안전운전불이행,건조,맑음,단일로 - 기타,승용,여,39세,상해없음,,,,
2015062800100323,2015년 6월 28일 17시,일요일,부산광역시 북구 구포동,경상사고,0,0,2,0,차대차 - 정면충돌,신호위반,건조,맑음,교차로 - 교차로안,이륜,남,65세,상해없음,승용,남,30세,경상
2015062800100324,2015년 6월 28일 17시,일요일,부산광역시 강서구 지사동,중상사고,0,1,0,0,차대차 - 측면직각충돌,교차로운행방법위반,건조,맑음,교차로 - 교차로안,승용,여,36세,상해없음,승합,남,59세,중상
2015062800100379,2015년 6월 28일 19시,일요일,부산광역시 금정구 장전동,중상사고,0,1,0,0,차대사람 - 기타,안전운전불이행,건조,맑음,단일로 - 기타,승합,남,21세,상해없음,보행자,여,36세,중상
2015062800100398,2015년 6월 28일 20시,일요일,부산광역시 북구 덕천동,경상사고,0,0,1,0,차대사람 - 기타,안전운전불이행,건조,맑음,기타 - 기타,승용,남,24세,상해없음,보행자,여,40세,경상
2015062800100399,2015년 6월 28일 20시,일요일,부산광역시 부산진구 초읍동,경상사고,0,0,2,0,차대차 - 측면직각충돌,안전운전불이행,건조,맑음,기타 - 기타,승용,남,66세,상해없음,승용,남,63세,경상
2015062800100400,2015년 6월 28일 20시,일요일,부산광역시 사상구 괘법동,경상사고,0,0,4,0,차대차 - 정면충돌,신호위반,건조,맑음,교차로 - 교차로안,승용,남,57세,상해없음,승용,남,38세,경상
2015062800100401,2015년 6월 28일 20시,일요일,부산광역시 기장군 정관면,경상사고,0,0,1,0,차대차 - 추돌 - 진행중,안전운전불이행,건조,맑음,교차로 - 교차로부근,승용,여,43세,상해없음,화물,남,44세,경상
2015062800100427,2015년 6월 28일 21시,일요일,부산광역시 해운대구 우동,경상사고,0,0,1,0,차대차 - 측면직각충돌,안전거리미확보,건조,맑음,교차로 - 교차로부근,원동기,남,61세,경상,화물,남,60세,상해없음
2015062800100428,2015년 6월 28일 21시,일요일,부산광역시 부산진구 부전동,중상사고,0,1,0,0,차대사람 - 횡단중,안전운전불이행,건조,맑음,단일로 - 기타,승용,남,20세,상해없음,보행자,남,49세,중상
2015062800100470,2015년 6월 28일 23시,일요일,부산광역시 사하구 괴정동,중상사고,0,1,0,0,차대사람 - 차도통행중,안전운전불이행,건조,맑음,교차로 - 교차로부근,승용,남,63세,상해없음,보행자,여,56세,중상
2015062900100005,2015년 6월 29일 00시,월요일,부산광역시 동래구 안락동,경상사고,0,0,1,0,차대차 - 추돌 - 진행중,안전운전불이행,건조,맑음,단일로 - 기타,화물,남,23세,상해없음,승용,남,23세,경상
2015062900100016,2015년 6월 29일 01시,월요일,부산광역시 사하구 다대동,경상사고,0,0,2,0,차대사람 - 횡단중,신호위반,건조,맑음,단일로 - 횡단보도상,승용,남,19세,상해없음,보행자,여,52세,경상
2015062900100017,2015년 6월 29일 01시,월요일,부산광역시 사하구 하단동,경상사고,0,0,1,0,차대차 - 기타,신호위반,건조,맑음,단일로 - 기타,승용,남,55세,상해없음,이륜,남,19세,경상
2015062900100018,2015년 6월 29일 01시,월요일,부산광역시 수영구 수영동,경상사고,0,0,1,0,차대사람 - 기타,안전운전불이행,건조,맑음,단일로 - 기타,승용,기타불명,기타불명,기타불명,보행자,여,78세,경상
2015062900100059,2015년 6월 29일 06시,월요일,부산광역시 동래구 명륜동,중상사고,0,1,0,0,차대차 - 측면직각충돌,기타,건조,맑음,단일로 - 기타,승용,남,65세,상해없음,이륜,남,73세,중상
2015062900100075,2015년 6월 29일 07시,월요일,부산광역시 해운대구 우동,경상사고,0,0,3,0,차대차 - 추돌 - 진행중,안전운전불이행,건조,맑음,단일로 - 터널,승용,여,29세,상해없음,승용,남,34세,경상
2015062900100105,2015년 6월 29일 08시,월요일,부산광역시 수영구 민락동,경상사고,0,0,1,0,차대사람 - 횡단중,안전운전불이행,건조,맑음,단일로 - 기타,승용,남,53세,상해없음,보행자,여,59세,경상
2015062900100106,2015년 6월 29일 08시,월요일,부산광역시 동래구 명장동,중상사고,0,1,0,0,차대차 - 측면직각충돌,신호위반,건조,맑음,교차로 - 교차로안,화물,남,55세,상해없음,승용,여,36세,중상
2015062900100107,2015년 6월 29일 08시,월요일,부산광역시 사하구 다대동,경상사고,0,0,4,0,차대차 - 기타,교차로운행방법위반,건조,맑음,단일로 - 기타,승합,남,45세,상해없음,승용,남,28세,경상
2015062900100108,2015년 6월 29일 08시,월요일,부산광역시 사하구 구평동,경상사고,0,0,2,0,차대차 - 정면충돌,안전운전불이행,건조,맑음,단일로 - 기타,이륜,남,41세,경상,승합,남,42세,경상
2015062900100154,2015년 6월 29일 09시,월요일,부산광역시 동구 초량동,중상사고,0,1,0,0,차대차 - 기타,신호위반,건조,맑음,교차로 - 교차로부근,승용,남,56세,상해없음,이륜,남,56세,중상
2015062900100193,2015년 6월 29일 10시,월요일,부산광역시 북구 만덕동,중상사고,0,1,0,0,차량단독 - 기타,안전운전불이행,건조,맑음,단일로 - 기타,원동기,남,18세,중상,,,,
2015062900100194,2015년 6월 29일 10시,월요일,부산광역시 기장군 기장읍,경상사고,0,0,1,0,차대차 - 측면직각충돌,안전운전불이행,건조,맑음,단일로 - 기타,화물,남,25세,상해없음,화물,남,47세,경상
2015062900100222,2015년 6월 29일 11시,월요일,부산광역시 남구 대연동,중상사고,0,1,1,0,차대차 - 측면직각충돌,신호위반,건조,맑음,교차로 - 교차로안,승용,남,30세,상해없음,승용,남,37세,중상
2015062900100223,2015년 6월 29일 11시,월요일,부산광역시 영도구 봉래동1가,중상사고,0,1,0,0,차대차 - 측면직각충돌,안전운전불이행,건조,맑음,단일로 - 기타,승용,남,29세,상해없음,승합,남,51세,상해없음
2015062900100224,2015년 6월 29일 11시,월요일,부산광역시 해운대구 반여동,부상신고사고,0,0,0,1,차대사람 - 차도통행중,안전운전불이행,건조,맑음,단일로 - 기타,승용,남,67세,상해없음,보행자,남,18세,부상신고
2015062900100254,2015년 6월 29일 12시,월요일,부산광역시 영도구 남항동1가,경상사고,0,0,1,0,차대사람 - 기타,안전운전불이행,건조,맑음,단일로 - 기타,승용,여,46세,상해없음,보행자,여,73세,경상
2015062900100255,2015년 6월 29일 12시,월요일,부산광역시 사하구 신평동,경상사고,0,0,1,0,차대차 - 기타,교차로운행방법위반,건조,맑음,단일로 - 기타,승용,남,65세,상해없음,승용,남,33세,경상
2015062900100290,2015년 6월 29일 13시,월요일,부산광역시 사상구 모라동,경상사고,0,0,1,0,차대차 - 측면직각충돌,안전거리미확보,건조,맑음,단일로 - 기타,승용,남,65세,상해없음,승합,남,51세,경상
2015062900100325,2015년 6월 29일 14시,월요일,부산광역시 해운대구 재송동,경상사고,0,0,1,0,차대사람 - 기타,신호위반,기타,맑음,단일로 - 기타,승용,남,51세,상해없음,보행자,여,52세,경상
2015062900100326,2015년 6월 29일 14시,월요일,부산광역시 부산진구 부암동,중상사고,0,1,0,0,차대사람 - 기타,안전운전불이행,건조,맑음,단일로 - 횡단보도부근,승용,남,72세,상해없음,보행자,여,83세,중상
2015062900100327,2015년 6월 29일 14시,월요일,부산광역시 금정구 구서동,중상사고,0,1,0,0,차대차 - 측면직각충돌,교차로운행방법위반,건조,맑음,교차로 - 교차로부근,화물,남,56세,상해없음,원동기,남,43세,중상
2015062900100384,2015년 6월 29일 15시,월요일,부산광역시 중구 부평동2가,중상사고,0,1,0,0,차대사람 - 횡단중,안전운전불이행,건조,맑음,단일로 - 기타,승용,남,67세,상해없음,보행자,여,66세,중상
2015062900100385,2015년 6월 29일 15시,월요일,부산광역시 해운대구 좌동,중상사고,0,1,0,0,차대사람 - 횡단중,보행자보호의무위반,건조,맑음,단일로 - 횡단보도상,승용,여,55세,상해없음,보행자,남,63세,중상
2015062900100386,2015년 6월 29일 15시,월요일,부산광역시 사하구 하단동,부상신고사고,0,0,0,1,차대차 - 기타,교차로운행방법위반,건조,맑음,교차로 - 교차로부근,승용,여,51세,상해없음,승용,남,29세,부상신고
2015062900100472,2015년 6월 29일 17시,월요일,부산광역시 북구 덕천동,경상사고,0,0,2,0,차대차 - 추돌 - 진행중,안전운전불이행,건조,맑음,단일로 - 기타,승용,여,53세,상해없음,승용,남,25세,상해없음
2015062900100473,2015년 6월 29일 17시,월요일,부산광역시 동래구 낙민동,중상사고,0,1,0,0,차량단독 - 공작물충돌,기타,건조,맑음,단일로 - 기타,승합,남,45세,상해없음,,,,
2015062900100516,2015년 6월 29일 18시,월요일,부산광역시 남구 대연동,중상사고,0,1,0,0,차량단독 - 기타,안전운전불이행,습기,비,교차로 - 교차로부근,승합,남,51세,상해없음,,,,
2015062900100557,2015년 6월 29일 19시,월요일,부산광역시 서구 서대신동1가,중상사고,0,1,0,0,차대차 - 추돌 - 진행중,안전운전불이행,건조,맑음,교차로 - 교차로안,승용,남,60세,상해없음,자전거,남,25세,중상
2015062900100558,2015년 6월 29일 19시,월요일,부산광역시 남구 문현동,중상사고,0,1,0,0,차대차 - 측면직각충돌,안전거리미확보,건조,맑음,단일로 - 기타,승용,남,44세,상해없음,자전거,남,55세,중상
2015062900100559,2015년 6월 29일 19시,월요일,부산광역시 남구 문현동,중상사고,0,1,0,0,차대사람 - 횡단중,중앙선침범,건조,맑음,교차로 - 교차로부근,승용,남,35세,상해없음,보행자,남,64세,중상
2015062900100560,2015년 6월 29일 19시,월요일,부산광역시 부산진구 양정동,중상사고,0,1,0,0,차대차 - 추돌 - 주정차중,안전운전불이행,기타,맑음,단일로 - 기타,승용,남,38세,상해없음,승용,남,40세,중상
2015062900100604,2015년 6월 29일 20시,월요일,부산광역시 수영구 광안동,중상사고,0,1,0,0,차대사람 - 횡단중,안전운전불이행,건조,맑음,교차로 - 교차로안,승용,남,28세,상해없음,보행자,여,12세,중상
2015062900100605,2015년 6월 29일 20시,월요일,부산광역시 해운대구 우동,중상사고,0,1,0,0,차대차 - 측면직각충돌,안전거리미확보,건조,맑음,단일로 - 기타,승용,남,62세,상해없음,원동기,남,45세,중상
2015062900100632,2015년 6월 29일 21시,월요일,부산광역시 금정구 구서동,경상사고,0,0,1,0,차대차 - 측면직각충돌,중앙선침범,건조,맑음,단일로 - 기타,승용,남,69세,상해없음,이륜,남,23세,경상
2015062900100633,2015년 6월 29일 21시,월요일,부산광역시 금정구 부곡동,경상사고,0,0,1,1,차대차 - 측면직각충돌,직진우회전진행방해,건조,맑음,교차로 - 교차로안,승용,여,50세,상해없음,승용,남,50세,경상
2015062900100634,2015년 6월 29일 21시,월요일,부산광역시 사하구 당리동,경상사고,0,0,2,0,차대차 - 기타,안전운전불이행,건조,맑음,단일로 - 기타,승용,남,59세,상해없음,승용,남,28세,경상
2015062900100635,2015년 6월 29일 21시,월요일,부산광역시 기장군 정관면,경상사고,0,0,1,0,차대차 - 추돌 - 진행중,안전거리미확보,건조,맑음,기타 - 기타,승용,여,34세,상해없음,원동기,남,22세,경상
2015062900100663,2015년 6월 29일 22시,월요일,부산광역시 서구 동대신동3가,중상사고,0,1,1,0,차대차 - 추돌 - 진행중,안전운전불이행,건조,맑음,단일로 - 기타,승용,남,42세,상해없음,원동기,여,18세,중상
2015063000100050,2015년 6월 30일 03시,화요일,부산광역시 수영구 민락동,경상사고,0,0,1,0,차대차 - 추돌 - 주정차중,안전운전불이행,건조,맑음,단일로 - 기타,승용,남,36세,상해없음,승용,남,28세,경상
2015063000100077,2015년 6월 30일 06시,화요일,부산광역시 강서구 명지동,경상사고,0,0,1,0,차대차 - 추돌 - 진행중,신호위반,습기,비,교차로 - 교차로안,승용,남,50세,상해없음,화물,남,45세,경상
2015063000100092,2015년 6월 30일 07시,화요일,부산광역시 동래구 사직동,경상사고,0,0,1,0,차대차 - 측면직각충돌,교차로운행방법위반,건조,맑음,교차로 - 교차로안,승용,남,58세,상해없음,승용,여,53세,경상
2015063000100123,2015년 6월 30일 08시,화요일,부산광역시 동구 범일동,경상사고,0,0,1,0,차대사람 - 횡단중,안전운전불이행,건조,맑음,단일로 - 기타,화물,남,45세,상해없음,보행자,여,11세,경상
2015063000100124,2015년 6월 30일 08시,화요일,부산광역시 동래구 사직동,중상사고,0,1,0,0,차대사람 - 횡단중,보행자보호의무위반,건조,맑음,단일로 - 횡단보도상,승용,남,35세,상해없음,보행자,여,57세,중상
2015063000100190,2015년 6월 30일 10시,화요일,부산광역시 동구 범일동,중상사고,0,1,0,0,차대사람 - 기타,안전운전불이행,습기,비,단일로 - 기타,원동기,남,43세,상해없음,보행자,여,46세,중상
2015063000100191,2015년 6월 30일 10시,화요일,부산광역시 부산진구 전포동,중상사고,0,1,0,0,차대사람 - 기타,보행자보호의무위반,건조,맑음,교차로 - 교차로부근,원동기,남,27세,상해없음,보행자,여,62세,중상
2015063000100192,2015년 6월 30일 10시,화요일,부산광역시 강서구 명지동,경상사고,0,0,1,0,차대차 - 추돌 - 진행중,안전운전불이행,건조,흐림,교차로 - 교차로부근,승용,남,41세,상해없음,원동기,남,76세,경상
2015063000100224,2015년 6월 30일 11시,화요일,부산광역시 강서구 대저2동,중상사고,0,1,1,0,차대차 - 추돌 - 주정차중,안전운전불이행,습기,비,교차로 - 교차로부근,화물,남,55세,상해없음,화물,남,52세,중상
2015063000100255,2015년 6월 30일 12시,화요일,부산광역시 서구 서대신동2가,경상사고,0,0,1,0,차대차 - 추돌 - 진행중,안전거리미확보,습기,비,단일로 - 기타,승용,여,29세,상해없음,승용,남,62세,경상
2015063000100282,2015년 6월 30일 13시,화요일,부산광역시 동래구 낙민동,경상사고,0,0,1,0,차대차 - 측면직각충돌,신호위반,습기,비,교차로 - 교차로안,승용,여,54세,상해없음,승용,남,78세,경상
2015063000100283,2015년 6월 30일 13시,화요일,부산광역시 강서구 녹산동,중상사고,0,4,0,0,차량단독 - 공작물충돌,안전운전불이행,습기,비,단일로 - 기타,승용,남,61세,상해없음,,,,
2015063000100284,2015년 6월 30일 13시,화요일,부산광역시 사상구 괘법동,경상사고,0,0,1,0,차대차 - 측면직각충돌,직진우회전진행방해,습기,비,교차로 - 교차로안,승용,남,65세,상해없음,승용,여,27세,경상
2015063000100307,2015년 6월 30일 14시,화요일,부산광역시 부산진구 범천동,경상사고,0,0,1,0,차대사람 - 기타,신호위반,습기,비,교차로 - 교차로안,승용,남,65세,상해없음,보행자,여,73세,경상
2015063000100308,2015년 6월 30일 14시,화요일,부산광역시 사하구 당리동,중상사고,0,1,0,0,차대차 - 정면충돌,중앙선침범,건조,맑음,단일로 - 기타,승용,여,60세,상해없음,이륜,남,46세,중상
2015063000100309,2015년 6월 30일 14시,화요일,부산광역시 연제구 연산동,경상사고,0,0,1,0,차대차 - 측면직각충돌,안전운전불이행,습기,비,교차로 - 교차로부근,화물,남,48세,상해없음,이륜,남,32세,경상
2015063000100335,2015년 6월 30일 15시,화요일,부산광역시 해운대구 좌동,경상사고,0,0,1,0,차대사람 - 횡단중,보행자보호의무위반,습기,비,단일로 - 횡단보도상,승용,여,48세,상해없음,보행자,남,14세,경상
2015063000100336,2015년 6월 30일 15시,화요일,부산광역시 부산진구 범천동,경상사고,0,0,1,0,차량단독 - 기타,안전운전불이행,건조,맑음,단일로 - 기타,승용,남,54세,상해없음,,,,
2015063000100373,2015년 6월 30일 16시,화요일,부산광역시 북구 화명동,경상사고,0,0,1,0,차대차 - 추돌 - 주정차중,안전운전불이행,습기,비,기타 - 기타,승용,여,64세,상해없음,승용,남,30세,경상
2015063000100407,2015년 6월 30일 17시,화요일,부산광역시 동래구 온천동,경상사고,0,0,2,0,차대차 - 측면직각충돌,안전운전불이행,습기,비,단일로 - 기타,승용,남,55세,상해없음,화물,남,36세,경상
2015063000100408,2015년 6월 30일 17시,화요일,부산광역시 강서구 지사동,중상사고,0,1,0,0,차대차 - 측면직각충돌,안전운전불이행,습기,비,단일로 - 기타,승용,남,43세,상해없음,승용,남,35세,중상
2015063000100409,2015년 6월 30일 17시,화요일,부산광역시 사상구 주례동,중상사고,0,1,2,0,차대차 - 추돌 - 주정차중,안전거리미확보,습기,비,교차로 - 교차로부근,화물,남,37세,상해없음,승용,남,55세,중상
2015063000100447,2015년 6월 30일 18시,화요일,부산광역시 강서구 식만동,중상사고,0,1,0,0,차대차 - 측면직각충돌,안전운전불이행,습기,비,단일로 - 기타,화물,남,61세,상해없음,승용,여,29세,중상
2015063000100490,2015년 6월 30일 19시,화요일,부산광역시 수영구 광안동,경상사고,0,0,2,0,차대차 - 추돌 - 주정차중,안전운전불이행,습기,비,교차로 - 교차로부근,승용,남,47세,상해없음,승용,남,49세,경상
2015063000100491,2015년 6월 30일 19시,화요일,부산광역시 강서구 지사동,중상사고,0,1,1,0,차대차 - 추돌 - 진행중,안전운전불이행,습기,비,단일로 - 기타,승용,남,49세,상해없음,승용,남,30세,중상
2015063000100536,2015년 6월 30일 20시,화요일,부산광역시 서구 서대신동2가,경상사고,0,0,1,0,차대사람 - 횡단중,보행자보호의무위반,습기,비,교차로 - 교차로안,승용,여,42세,상해없음,보행자,여,58세,경상
2015063000100537,2015년 6월 30일 20시,화요일,부산광역시 동래구 온천동,경상사고,0,0,1,0,차대차 - 측면직각충돌,안전거리미확보,습기,비,교차로 - 교차로안,승용,남,54세,상해없음,원동기,남,45세,경상
2015063000100538,2015년 6월 30일 20시,화요일,부산광역시 동래구 온천동,경상사고,0,0,1,0,차대차 - 측면직각충돌,안전운전불이행,습기,비,단일로 - 기타,승용,남,50세,상해없음,화물,남,57세,상해없음
2015063000100539,2015년 6월 30일 20시,화요일,부산광역시 해운대구 재송동,중상사고,0,1,0,0,차대사람 - 횡단중,보행자보호의무위반,습기,비,교차로 - 교차로부근,승용,남,63세,상해없음,보행자,여,75세,중상
2015063000100540,2015년 6월 30일 20시,화요일,부산광역시 금정구 장전동,중상사고,0,1,0,0,차대차 - 기타,안전거리미확보,습기,비,단일로 - 기타,승합,남,53세,상해없음,이륜,남,37세,중상
2015063000100541,2015년 6월 30일 20시,화요일,부산광역시 금정구 구서동,경상사고,0,0,1,0,차대차 - 측면직각충돌,안전거리미확보,습기,비,교차로 - 교차로안,승용,남,35세,상해없음,화물,남,42세,경상
2015063000100580,2015년 6월 30일 21시,화요일,부산광역시 해운대구 중동,중상사고,0,1,0,0,차대사람 - 횡단중,신호위반,습기,비,단일로 - 기타,승용,남,47세,상해없음,보행자,여,69세,중상
2015063000100581,2015년 6월 30일 21시,화요일,부산광역시 금정구 장전동,중상사고,0,1,2,1,차대차 - 추돌 - 주정차중,안전운전불이행,습기,비,교차로 - 교차로부근,승용,남,58세,상해없음,승용,남,58세,중상
2015063000100616,2015년 6월 30일 22시,화요일,부산광역시 동래구 온천동,중상사고,0,1,0,0,차대차 - 측면직각충돌,직진우회전진행방해,습기,비,교차로 - 교차로안,승용,여,46세,상해없음,승용,여,30세,중상
2015063000100617,2015년 6월 30일 22시,화요일,부산광역시 금정구 남산동,부상신고사고,0,0,0,1,차대차 - 측면직각충돌,기타,습기,비,교차로 - 교차로안,화물,남,25세,상해없음,이륜,남,17세,부상신고
2015063000100618,2015년 6월 30일 22시,화요일,부산광역시 사하구 괴정동,경상사고,0,0,1,0,차대차 - 추돌 - 주정차중,안전거리미확보,건조,맑음,단일로 - 기타,이륜,남,28세,상해없음,승용,여,34세,경상
2015063000100619,2015년 6월 30일 22시,화요일,부산광역시 기장군 장안읍,중상사고,0,1,2,0,차대차 - 추돌 - 진행중,안전운전불이행,건조,맑음,단일로 - 기타,승용,남,39세,상해없음,승용,여,44세,중상
2015063000100660,2015년 6월 30일 23시,화요일,부산광역시 북구 화명동,중상사고,0,1,0,0,차대차 - 추돌 - 진행중,중앙선침범,습기,비,단일로 - 기타,승용,남,51세,상해없음,원동기,남,18세,중상
2015063000100661,2015년 6월 30일 23시,화요일,부산광역시 부산진구 가야동,중상사고,0,2,0,0,차대차 - 기타,안전운전불이행,습기,비,단일로 - 기타,승용,남,44세,상해없음,승용,남,53세,중상
2015063000100662,2015년 6월 30일 23시,화요일,부산광역시 부산진구 가야동,경상사고,0,0,1,0,차대차 - 기타,기타,습기,비,교차로 - 교차로안,승용,남,53세,상해없음,이륜,여,46세,경상
2015063000100663,2015년 6월 30일 23시,화요일,부산광역시 사하구 하단동,경상사고,0,0,1,0,차대차 - 추돌 - 진행중,안전거리미확보,습기,비,교차로 - 교차로안,승용,남,51세,상해없음,승용,남,60세,경상
2015070100100006,2015년 7월 1일 00시,수요일,부산광역시 북구 만덕동,중상사고,0,3,0,0,차대차 - 추돌 - 주정차중,안전운전불이행,습기,흐림,교차로 - 교차로부근,승용,여,47세,상해없음,승용,여,29세,중상
2015070100100007,2015년 7월 1일 00시,수요일,부산광역시 연제구 연산동,중상사고,0,2,1,0,차대차 - 측면직각충돌,신호위반,건조,흐림,교차로 - 교차로안,승용,남,58세,상해없음,승용,남,56세,중상
2015070100100024,2015년 7월 1일 01시,수요일,부산광역시 남구 문현동,중상사고,0,1,0,0,차대차 - 추돌 - 진행중,안전운전불이행,건조,기타,단일로 - 교량,승합,남,67세,중상,승용,남,36세,상해없음
2015070100100025,2015년 7월 1일 01시,수요일,부산광역시 북구 화명동,경상사고,0,0,1,0,차대차 - 추돌 - 진행중,안전운전불이행,건조,맑음,단일로 - 기타,승용,남,32세,상해없음,승용,남,60세,경상
2015070100100044,2015년 7월 1일 02시,수요일,부산광역시 중구 남포동2가,경상사고,0,0,2,0,차대차 - 추돌 - 주정차중,안전거리미확보,건조,맑음,교차로 - 교차로안,승용,남,41세,상해없음,승용,남,28세,경상
2015070100100128,2015년 7월 1일 08시,수요일,부산광역시 연제구 연산동,부상신고사고,0,0,0,1,차대사람 - 차도통행중,안전운전불이행,건조,맑음,교차로 - 교차로안,승용,여,55세,상해없음,보행자,여,44세,부상신고