사고번호,사고일시,요일,시군구,사고내용,사망자수,중상자수,경상자수,부상신고자수,사고유형,법규위반,노면상태,기상상태,도로형태,가해운전자 차종,가해운전자 성별,가해운전자 연령,가해운전자 상해정도,피해운전자 차종,피해운전자 성별,피해운전자 연령,피해운전자 상해정도
2015070400100550,2015년 7월 4일 19시,토요일,부산광역시 사하구 감천동,경상사고,0,0,1,0,차대차 - 기타,안전운전불이행,건조,맑음,단일로 - 기타,화물,남,58세,상해없음,승용,남,36세,경상
2015070400100551,2015년 7월 4일 19시,토요일,부산광역시 사상구 학장동,중상사고,0,1,0,0,차대사람 - 횡단중,보행자보호의무위반,건조,맑음,단일로 - 횡단보도상,승용,남,24세,상해없음,보행자,남,29세,중상
2015070400100552,2015년 7월 4일 19시,토요일,부산광역시 사상구 엄궁동,경상사고,0,0,1,0,차대사람 - 횡단중,안전운전불이행,건조,맑음,단일로 - 기타,승용,여,25세,상해없음,보행자,남,15세,경상
2015070400100604,2015년 7월 4일 21시,토요일,부산광역시 연제구 연산동,경상사고,0,0,1,0,차대차 - 측면직각충돌,안전운전불이행,건조,맑음,단일로 - 기타,승용,남,49세,상해없음,승용,남,43세,상해없음
2015070400100605,2015년 7월 4일 21시,토요일,부산광역시 강서구 대저2동,중상사고,0,5,1,0,차대차 - 추돌 - 주정차중,안전운전불이행,건조,맑음,교차로 - 교차로부근,승용,남,52세,상해없음,승용,여,59세,중상
2015070400100636,2015년 7월 4일 22시,토요일,부산광역시 부산진구 부암동,경상사고,0,0,1,0,차대차 - 측면직각충돌,신호위반,건조,맑음,교차로 - 교차로안,승용,남,74세,상해없음,이륜,남,69세,경상
2015070400100665,2015년 7월 4일 23시,토요일,부산광역시 수영구 민락동,경상사고,0,0,1,0,차대차 - 추돌 - 진행중,안전운전불이행,건조,맑음,단일로 - 기타,승용,남,22세,상해없음,승용,남,28세,경상
2015070400100666,2015년 7월 4일 23시,토요일,부산광역시 동래구 낙민동,중상사고,0,2,0,0,차대차 - 추돌 - 진행중,기타,건조,맑음,단일로 - 기타,승용,남,22세,상해없음,승용,여,28세,중상
2015070400100667,2015년 7월 4일 23시,토요일,부산광역시 연제구 거제동,중상사고,0,1,0,0,차대사람 - 차도통행중,중앙선침범,건조,맑음,단일로 - 기타,승용,남,31세,상해없음,보행자,남,34세,중상
2015070500100007,2015년 7월 5일 00시,일요일,부산광역시 부산진구 양정동,중상사고,0,1,0,0,차대차 - 측면직각충돌,중앙선침범,건조,맑음,단일로 - 기타,이륜,남,31세,중상,승용,남,63세,상해없음
2015070500100008,2015년 7월 5일 00시,일요일,부산광역시 사상구 주례동,경상사고,0,0,1,0,차대사람 - 길가장자리구역통행중,안전운전불이행,건조,맑음,교차로 - 교차로안,승용,남,58세,상해없음,보행자,남,22세,경상
2015070500100022,2015년 7월 5일 01시,일요일,부산광역시 사하구 괴정동,중상사고,0,1,1,0,차대차 - 기타,안전운전불이행,건조,맑음,단일로 - 기타,승용,남,44세,상해없음,승용,남,38세,경상
2015070500100069,2015년 7월 5일 05시,일요일,부산광역시 해운대구 중동,경상사고,0,0,1,0,차대차 - 정면충돌,중앙선침범,건조,맑음,단일로 - 기타,승용,여,25세,상해없음,승용,남,33세,경상
2015070500100078,2015년 7월 5일 06시,일요일,부산광역시 사하구 괴정동,중상사고,0,1,0,0,차대차 - 기타,중앙선침범,건조,맑음,단일로 - 기타,승용,남,74세,상해없음,승용,남,54세,중상
2015070500100099,2015년 7월 5일 08시,일요일,부산광역시 부산진구 부전동,중상사고,0,1,0,0,차대사람 - 기타,안전운전불이행,건조,맑음,단일로 - 기타,화물,남,44세,상해없음,보행자,여,81세,중상
2015070500100135,2015년 7월 5일 10시,일요일,부산광역시 금정구 회동동,경상사고,0,0,2,0,차대차 - 추돌 - 진행중,안전운전불이행,건조,맑음,단일로 - 기타,승용,남,41세,경상,화물,남,52세,경상
2015070500100136,2015년 7월 5일 10시,일요일,부산광역시 사상구 괘법동,경상사고,0,0,1,0,차대사람 - 길가장자리구역통행중,안전운전불이행,건조,흐림,단일로 - 기타,승용,남,75세,기타불명,보행자,여,53세,경상
2015070500100178,2015년 7월 5일 12시,일요일,부산광역시 기장군 정관면,경상사고,0,0,1,0,차대사람 - 차도통행중,안전운전불이행,건조,맑음,단일로 - 기타,이륜,남,25세,상해없음,보행자,남,52세,경상
2015070500100245,2015년 7월 5일 14시,일요일,부산광역시 북구 구포동,경상사고,0,0,1,0,차대차 - 추돌 - 진행중,안전운전불이행,건조,맑음,기타 - 기타,승용,남,39세,상해없음,승용,남,26세,경상
2015070500100246,2015년 7월 5일 14시,일요일,부산광역시 금정구 서동,경상사고,0,0,1,0,차대사람 - 횡단중,기타,건조,맑음,단일로 - 기타,승용,남,47세,상해없음,보행자,남,6세,경상
2015070500100278,2015년 7월 5일 15시,일요일,부산광역시 사하구 다대동,경상사고,0,0,1,0,차대차 - 측면직각충돌,중앙선침범,건조,맑음,단일로 - 기타,승용,여,46세,상해없음,승용,남,60세,경상
2015070500100305,2015년 7월 5일 16시,일요일,부산광역시 남구 우암동,경상사고,0,0,1,0,차대사람 - 횡단중,안전운전불이행,건조,맑음,단일로 - 기타,승용,기타불명,기타불명,기타불명,보행자,남,27세,경상
2015070500100306,2015년 7월 5일 16시,일요일,부산광역시 북구 만덕동,경상사고,0,0,3,0,차대차 - 측면직각충돌,안전거리미확보,건조,맑음,단일로 - 기타,승용,남,32세,상해없음,승용,여,50세,경상
2015070500100307,2015년 7월 5일 16시,일요일,부산광역시 금정구 부곡동,부상신고사고,0,0,0,1,차대사람 - 길가장자리구역통행중,안전운전불이행,건조,맑음,단일로 - 기타,승합,기타불명,기타불명,기타불명,보행자,여,27세,부상신고
2015070500100308,2015년 7월 5일 16시,일요일,부산광역시 기장군 기장읍,경상사고,0,0,1,0,차대차 - 기타,안전운전불이행,건조,맑음,단일로 - 기타,건설기계,남,47세,상해없음,승합,남,53세,경상
2015070500100341,2015년 7월 5일 17시,일요일,부산광역시 남구 감만동,경상사고,0,0,1,0,차대차 - 추돌 - 진행중,안전운전불이행,건조,맑음,단일로 - 기타,승용,남,25세,상해없음,자전거,남,39세,경상
2015070500100342,2015년 7월 5일 17시,일요일,부산광역시 사하구 괴정동,중상사고,0,1,0,0,차량단독 - 기타,안전운전불이행,건조,맑음,단일로 - 기타,승합,남,57세,상해없음,,,,
2015070500100378,2015년 7월 5일 18시,일요일,부산광역시 해운대구 우동,부상신고사고,0,0,0,1,차대차 - 추돌 - 진행중,차로위반,건조,맑음,단일로 - 기타,이륜,남,18세,부상신고,승용,남,49세,상해없음
2015070500100379,2015년 7월 5일 18시,일요일,부산광역시 사하구 구평동,중상사고,0,1,0,0,차대사람 - 기타,안전운전불이행,건조,맑음,교차로 - 교차로부근,승용,남,37세,상해없음,보행자,여,57세,중상
2015070500100380,2015년 7월 5일 18시,일요일,부산광역시 강서구 미음동,중상사고,0,3,1,0,차대차 - 추돌 - 진행중,안전운전불이행,건조,맑음,교차로 - 교차로부근,승용,남,44세,상해없음,승용,남,57세,경상
2015070500100381,2015년 7월 5일 18시,일요일,부산광역시 사상구 감전동,중상사고,0,1,1,1,차대차 - 측면직각충돌,기타,건조,맑음,교차로 - 교차로부근,승용,남,32세,부상신고,승용,남,29세,경상
2015070500100414,2015년 7월 5일 19시,일요일,부산광역시 해운대구 반송동,중상사고,0,1,0,0,차대차 - 기타,안전운전불이행,건조,맑음,단일로 - 기타,승용,남,60세,상해없음,이륜,남,60세,중상
2015070500100442,2015년 7월 5일 20시,일요일,부산광역시 중구 남포동2가,경상사고,0,0,2,0,차대차 - 추돌 - 진행중,안전운전불이행,건조,맑음,단일로 - 기타,승용,남,28세,상해없음,승용,남,35세,경상
2015070500100498,2015년 7월 5일 22시,일요일,부산광역시 사하구 하단동,경상사고,0,0,1,0,차대차 - 측면직각충돌,신호위반,건조,맑음,교차로 - 교차로안,승용,남,57세,상해없음,이륜,남,16세,경상
2015070500100499,2015년 7월 5일 22시,일요일,부산광역시 연제구 연산동,경상사고,0,0,3,0,차대차 - 측면직각충돌,신호위반,건조,맑음,교차로 - 교차로안,승용,여,20세,상해없음,승용,남,52세,경상
2015070500100518,2015년 7월 5일 23시,일요일,부산광역시 부산진구 부암동,중상사고,0,1,0,0,차대차 - 기타,안전운전불이행,건조,맑음,교차로 - 교차로안,승용,남,26세,상해없음,이륜,남,58세,중상
2015070600100004,2015년 7월 6일 00시,월요일,부산광역시 북구 만덕동,중상사고,0,1,1,0,차대차 - 측면직각충돌,불법유턴,건조,맑음,교차로 - 교차로안,이륜,여,37세,중상,승용,남,56세,경상
2015070600100005,2015년 7월 6일 00시,월요일,부산광역시 동래구 안락동,경상사고,0,0,1,0,차대차 - 추돌 - 주정차중,안전운전불이행,건조,맑음,단일로 - 기타,승용,남,49세,상해없음,승용,남,27세,경상
2015070600100006,2015년 7월 6일 00시,월요일,부산광역시 해운대구 석대동,사망사고,1,0,0,0,차대사람 - 횡단중,과속,건조,맑음,단일로 - 기타,승용,남,58세,상해없음,보행자,남,64세,사망
2015070600100032,2015년 7월 6일 04시,월요일,부산광역시 강서구 강동동,사망사고,1,0,0,0,차량단독 - 공작물충돌,안전운전불이행,건조,맑음,단일로 - 기타,화물,남,53세,사망,,,,
2015070600100049,2015년 7월 6일 05시,월요일,부산광역시 강서구 송정동,경상사고,0,0,1,0,차대차 - 기타,신호위반,건조,맑음,교차로 - 교차로안,승용,남,42세,상해없음,승용,남,63세,경상
2015070600100054,2015년 7월 6일 06시,월요일,부산광역시 부산진구 개금동,중상사고,0,1,0,0,차대차 - 기타,안전운전불이행,건조,맑음,단일로 - 기타,승용,여,46세,중상,승용,남,64세,상해없음
2015070600100076,2015년 7월 6일 07시,월요일,부산광역시 서구 아미동2가,부상신고사고,0,0,0,1,차대차 - 정면충돌,중앙선침범,건조,맑음,단일로 - 기타,특수,남,51세,상해없음,화물,남,27세,상해없음
2015070600100077,2015년 7월 6일 07시,월요일,부산광역시 남구 용당동,경상사고,0,0,1,0,차대차 - 측면직각충돌,안전운전불이행,건조,맑음,교차로 - 교차로안,화물,남,50세,상해없음,승용,남,50세,상해없음
2015070600100078,2015년 7월 6일 07시,월요일,부산광역시 영도구 영선동1가,중상사고,0,1,1,0,차대차 - 측면직각충돌,신호위반,건조,맑음,교차로 - 교차로안,화물,남,48세,상해없음,승용,남,43세,경상
2015070600100079,2015년 7월 6일 07시,월요일,부산광역시 사하구 하단동,경상사고,0,0,1,0,차대차 - 측면직각충돌,직진우회전진행방해,건조,맑음,교차로 - 교차로안,승용,남,37세,상해없음,승용,남,63세,경상
2015070600100119,2015년 7월 6일 08시,월요일,부산광역시 부산진구 부전동,경상사고,0,0,2,0,차대차 - 기타,안전거리미확보,건조,맑음,교차로 - 교차로안,승용,여,64세,상해없음,승용,여,59세,경상
2015070600100120,2015년 7월 6일 08시,월요일,부산광역시 강서구 강동동,경상사고,0,0,1,0,차대차 - 추돌 - 진행중,교차로운행방법위반,건조,맑음,교차로 - 교차로안,이륜,남,53세,경상,승용,남,49세,상해없음
2015070600100121,2015년 7월 6일 08시,월요일,부산광역시 사상구 주례동,경상사고,0,0,22,4,차대차 - 측면직각충돌,기타,건조,맑음,단일로 - 기타,화물,남,57세,상해없음,승합,남,57세,상해없음
2015070600100176,2015년 7월 6일 09시,월요일,부산광역시 남구 우암동,경상사고,0,0,1,0,차대사람 - 기타,안전운전불이행,건조,맑음,단일로 - 횡단보도상,화물,남,45세,상해없음,보행자,여,62세,경상
2015070600100177,2015년 7월 6일 09시,월요일,부산광역시 부산진구 양정동,경상사고,0,0,2,0,차대차 - 추돌 - 주정차중,안전운전불이행,건조,맑음,단일로 - 기타,승용,남,44세,상해없음,이륜,여,23세,경상
2015070600100178,2015년 7월 6일 09시,월요일,부산광역시 부산진구 당감동,경상사고,0,0,2,0,차대차 - 추돌 - 진행중,안전거리미확보,건조,맑음,단일로 - 기타,승용,남,25세,상해없음,승용,남,64세,상해없음
2015070600100179,2015년 7월 6일 09시,월요일,부산광역시 금정구 구서동,중상사고,0,2,0,0,차대차 - 기타,안전거리미확보,건조,맑음,단일로 - 기타,승용,여,56세,상해없음,화물,남,41세,상해없음
2015070600100180,2015년 7월 6일 09시,월요일,부산광역시 강서구 대저2동,경상사고,0,0,1,0,차대차 - 측면직각충돌,기타,건조,맑음,교차로 - 교차로안,승용,남,55세,상해없음,승용,남,37세,경상
2015070600100181,2015년 7월 6일 09시,월요일,부산광역시 강서구 대저1동,경상사고,0,0,1,0,차대차 - 기타,교차로운행방법위반,건조,맑음,교차로 - 교차로안,화물,남,52세,상해없음,화물,남,41세,경상
2015070600100211,2015년 7월 6일 10시,월요일,부산광역시 사하구 신평동,중상사고,0,1,0,0,차대사람 - 횡단중,보행자보호의무위반,건조,맑음,단일로 - 횡단보도상,승합,남,42세,상해없음,보행자,남,60세,중상
2015070600100241,2015년 7월 6일 11시,월요일,부산광역시 해운대구 재송동,경상사고,0,0,1,0,차대차 - 추돌 - 주정차중,안전운전불이행,건조,맑음,단일로 - 기타,승용,남,63세,상해없음,승용,여,41세,경상
2015070600100242,2015년 7월 6일 11시,월요일,부산광역시 부산진구 양정동,중상사고,0,2,1,0,차대차 - 추돌 - 주정차중,안전거리미확보,건조,맑음,단일로 - 기타,화물,남,69세,상해없음,승용,남,61세,경상
2015070600100266,2015년 7월 6일 12시,월요일,부산광역시 금정구 금사동,경상사고,0,0,1,0,차대차 - 정면충돌,안전운전불이행,건조,맑음,단일로 - 기타,승용,남,43세,상해없음,이륜,남,40세,경상
2015070600100291,2015년 7월 6일 13시,월요일,부산광역시 북구 덕천동,경상사고,0,0,2,0,차대차 - 기타,교차로운행방법위반,건조,맑음,교차로 - 교차로안,승합,남,51세,상해없음,이륜,남,20세,경상
2015070600100292,2015년 7월 6일 13시,월요일,부산광역시 사하구 다대동,경상사고,0,0,1,0,차대차 - 기타,교차로운행방법위반,건조,맑음,교차로 - 교차로안,화물,남,61세,상해없음,승합,남,42세,경상
2015070600100317,2015년 7월 6일 14시,월요일,부산광역시 부산진구 부암동,중상사고,0,1,0,0,차대사람 - 횡단중,안전운전불이행,건조,맑음,단일로 - 기타,승용,여,60세,상해없음,보행자,여,54세,중상
2015070600100318,2015년 7월 6일 14시,월요일,부산광역시 강서구 대저2동,경상사고,0,0,1,0,차대차 - 기타,안전거리미확보,건조,맑음,단일로 - 기타,승용,남,23세,상해없음,승용,여,30세,경상
2015070600100348,2015년 7월 6일 15시,월요일,부산광역시 북구 금곡동,경상사고,0,0,1,0,차대차 - 추돌 - 주정차중,안전운전불이행,건조,맑음,교차로 - 교차로부근,승합,남,52세,상해없음,화물,남,56세,상해없음
2015070600100349,2015년 7월 6일 15시,월요일,부산광역시 사상구 주례동,경상사고,0,0,1,0,차대사람 - 기타,기타,건조,맑음,단일로 - 기타,승합,남,39세,기타불명,보행자,남,13세,경상
2015070600100375,2015년 7월 6일 16시,월요일,부산광역시 남구 우암동,경상사고,0,0,1,0,차대차 - 추돌 - 진행중,신호위반,건조,맑음,교차로 - 교차로안,원동기,남,54세,상해없음,승용,남,37세,경상
2015070600100376,2015년 7월 6일 16시,월요일,부산광역시 해운대구 반여동,중상사고,0,1,0,0,차대사람 - 기타,기타,건조,맑음,단일로 - 기타,승용,남,29세,상해없음,보행자,여,7세,중상
2015070600100377,2015년 7월 6일 16시,월요일,부산광역시 부산진구 부전동,경상사고,0,0,2,0,차대차 - 기타,안전운전불이행,건조,맑음,단일로 - 기타,승용,여,54세,상해없음,승용,남,23세,경상
2015070600100414,2015년 7월 6일 17시,월요일,부산광역시 서구 남부민동,경상사고,0,0,1,0,차대사람 - 기타,보행자보호의무위반,건조,맑음,단일로 - 기타,자전거,남,72세,상해없음,보행자,남,61세,경상
2015070600100415,2015년 7월 6일 17시,월요일,부산광역시 동래구 명륜동,경상사고,0,0,1,0,차대차 - 측면직각충돌,교차로운행방법위반,건조,맑음,교차로 - 교차로안,화물,남,66세,상해없음,승용,남,56세,경상
2015070600100416,2015년 7월 6일 17시,월요일,부산광역시 금정구 부곡동,경상사고,0,0,2,0,차대차 - 측면직각충돌,안전운전불이행,건조,맑음,교차로 - 교차로안,승용,남,52세,상해없음,승용,여,46세,경상
2015070600100417,2015년 7월 6일 17시,월요일,부산광역시 강서구 대저1동,경상사고,0,0,1,0,차대차 - 기타,안전거리미확보,건조,맑음,단일로 - 기타,화물,남,44세,상해없음,화물,남,60세,경상
2015070600100448,2015년 7월 6일 18시,월요일,부산광역시 동래구 복천동,중상사고,0,1,0,0,차대사람 - 횡단중,안전운전불이행,건조,맑음,단일로 - 기타,화물,남,50세,상해없음,보행자,여,13세,중상
2015070600100449,2015년 7월 6일 18시,월요일,부산광역시 사하구 감천동,중상사고,0,2,0,0,차대차 - 기타,안전거리미확보,건조,맑음,단일로 - 기타,승용,남,42세,중상,승용,남,54세,중상
2015070600100483,2015년 7월 6일 19시,월요일,부산광역시 사하구 감천동,중상사고,0,1,0,0,차대차 - 기타,안전운전불이행,건조,맑음,단일로 - 기타,원동기,남,51세,중상,승용,남,41세,상해없음
2015070600100505,2015년 7월 6일 20시,월요일,부산광역시 수영구 광안동,중상사고,0,4,0,0,차대차 - 추돌 - 진행중,안전운전불이행,건조,기타,단일로 - 기타,승용,남,22세,상해없음,승용,남,23세,중상
2015070600100506,2015년 7월 6일 20시,월요일,부산광역시 동래구 안락동,경상사고,0,0,1,0,차대차 - 측면직각충돌,교차로운행방법위반,건조,맑음,교차로 - 교차로안,승용,남,57세,상해없음,자전거,남,26세,경상
2015070600100507,2015년 7월 6일 20시,월요일,부산광역시 금정구 두구동,경상사고,0,0,1,0,차대차 - 추돌 - 주정차중,안전거리미확보,건조,맑음,단일로 - 기타,이륜,남,24세,경상,승용,여,29세,상해없음
2015070700100007,2015년 7월 7일 00시,화요일,부산광역시 금정구 장전동,부상신고사고,0,0,0,1,차대차 - 측면직각충돌,신호위반,건조,맑음,교차로 - 교차로안,승용,남,52세,상해없음,자전거,남,32세,부상신고
2015070700100038,2015년 7월 7일 01시,화요일,부산광역시 연제구 거제동,경상사고,0,0,1,0,차대차 - 추돌 - 진행중,안전거리미확보,건조,맑음,단일로 - 기타,이륜,남,17세,상해없음,승용,남,64세,상해없음
2015070700100047,2015년 7월 7일 02시,화요일,부산광역시 사상구 학장동,경상사고,0,0,1,0,차대차 - 측면직각충돌,신호위반,건조,맑음,교차로 - 교차로안,승용,여,39세,상해없음,승용,남,49세,경상
2015070700100059,2015년 7월 7일 03시,화요일,부산광역시 해운대구 우동,경상사고,0,0,2,0,차대차 - 추돌 - 진행중,교차로운행방법위반,건조,맑음,교차로 - 교차로안,승용,남,22세,상해없음,승용,남,30세,경상
2015070700100060,2015년 7월 7일 03시,화요일,부산광역시 수영구 망미동,중상사고,0,1,0,0,차량단독 - 공작물충돌,안전운전불이행,건조,맑음,단일로 - 기타,승용,남,69세,상해없음,,,,
2015070700100070,2015년 7월 7일 04시,화요일,부산광역시 연제구 연산동,중상사고,0,1,0,0,차대사람 - 차도통행중,안전운전불이행,건조,맑음,단일로 - 기타,승용,남,49세,상해없음,보행자,남,53세,중상
2015070700100121,2015년 7월 7일 08시,화요일,부산광역시 동구 초량동,경상사고,0,0,2,0,차대차 - 측면직각충돌,교차로운행방법위반,습기,비,교차로 - 교차로안,승용,여,62세,상해없음,승용,남,66세,상해없음
2015070700100155,2015년 7월 7일 09시,화요일,부산광역시 해운대구 중동,경상사고,0,0,1,0,차대사람 - 기타,보행자보호의무위반,습기,비,단일로 - 횡단보도상,승용,남,48세,상해없음,보행자,남,82세,경상
2015070700100204,2015년 7월 7일 11시,화요일,부산광역시 동래구 온천동,중상사고,0,2,0,0,차대사람 - 기타,기타,건조,맑음,단일로 - 기타,승용,남,46세,상해없음,보행자,여,21세,중상
2015070700100205,2015년 7월 7일 11시,화요일,부산광역시 동래구 온천동,사망사고,1,0,0,0,차대차 - 측면직각충돌,중앙선침범,습기,비,단일로 - 기타,화물,남,59세,상해없음,화물,남,61세,상해없음
2015070700100206,2015년 7월 7일 11시,화요일,부산광역시 동래구 안락동,경상사고,0,0,2,0,차대차 - 측면직각충돌,안전운전불이행,습기,비,단일로 - 기타,승합,남,56세,상해없음,승용,남,60세,경상
2015070700100207,2015년 7월 7일 11시,화요일,부산광역시 해운대구 좌동,중상사고,0,1,0,0,차대차 - 측면직각충돌,중앙선침범,건조,맑음,단일로 - 기타,승용,남,48세,상해없음,원동기,남,41세,중상
2015070700100235,2015년 7월 7일 12시,화요일,부산광역시 동구 범일동,경상사고,0,0,1,0,차대차 - 기타,안전운전불이행,습기,비,단일로 - 기타,승용,남,57세,상해없음,원동기,남,22세,경상
2015070700100236,2015년 7월 7일 12시,화요일,부산광역시 수영구 광안동,경상사고,0,0,1,0,차대차 - 측면직각충돌,안전운전불이행,습기,비,교차로 - 교차로안,승용,남,76세,경상,화물,남,37세,상해없음
2015070700100237,2015년 7월 7일 12시,화요일,부산광역시 해운대구 좌동,경상사고,0,0,1,0,차량단독 - 기타,안전운전불이행,습기,비,단일로 - 기타,승합,남,49세,상해없음,,,,
2015070700100238,2015년 7월 7일 12시,화요일,부산광역시 부산진구 부전동,경상사고,0,0,1,0,차대차 - 측면직각충돌,신호위반,건조,맑음,교차로 - 교차로안,화물,남,31세,상해없음,이륜,여,62세,경상
2015070700100239,2015년 7월 7일 12시,화요일,부산광역시 부산진구 가야동,경상사고,0,0,2,0,차대차 - 추돌 - 주정차중,안전운전불이행,습기,비,교차로 - 교차로부근,승용,남,51세,상해없음,승용,남,58세,경상
2015070700100307,2015년 7월 7일 14시,화요일,부산광역시 남구 대연동,경상사고,0,0,1,0,차대차 - 측면직각충돌,안전운전불이행,습기,비,단일로 - 기타,승용,남,56세,상해없음,승용,여,31세,경상
2015070700100351,2015년 7월 7일 15시,화요일,부산광역시 사하구 하단동,중상사고,0,5,0,1,차량단독 - 기타,안전운전불이행,습기,비,단일로 - 기타,승합,남,59세,상해없음,,,,
2015070700100352,2015년 7월 7일 15시,화요일,부산광역시 사상구 괘법동,경상사고,0,0,1,0,차대사람 - 횡단중,안전운전불이행,습기,비,교차로 - 교차로부근,승용,남,69세,상해없음,보행자,남,34세,경상
2015070700100420,2015년 7월 7일 17시,화요일,부산광역시 금정구 구서동,중상사고,0,1,0,0,차대사람 - 보도통행중,보행자보호의무위반,습기,비,교차로 - 교차로부근,승용,남,70세,상해없음,보행자,여,75세,중상
2015070700100421,2015년 7월 7일 17시,화요일,부산광역시 사상구 괘법동,중상사고,0,1,0,0,차대사람 - 보도통행중,신호위반,건조,맑음,단일로 - 기타,원동기,남,40세,기타불명,보행자,여,59세,중상
2015070700100474,2015년 7월 7일 18시,화요일,부산광역시 북구 금곡동,중상사고,0,1,0,0,차대차 - 측면직각충돌,안전운전불이행,습기,비,교차로 - 교차로부근,승용,남,34세,상해없음,승용,남,29세,중상
2015070700100475,2015년 7월 7일 18시,화요일,부산광역시 해운대구 좌동,부상신고사고,0,0,0,1,차대사람 - 기타,안전운전불이행,습기,비,단일로 - 기타,승용,기타불명,기타불명,기타불명,보행자,남,15세,부상신고
2015070700100476,2015년 7월 7일 18시,화요일,부산광역시 금정구 장전동,경상사고,0,0,2,0,차대차 - 측면직각충돌,교차로운행방법위반,기타,비,교차로 - 교차로안,승용,남,27세,상해없음,승용,여,36세,경상
2015070700100523,2015년 7월 7일 19시,화요일,부산광역시 남구 대연동,경상사고,0,0,2,2,차대차 - 측면직각충돌,신호위반,습기,비,교차로 - 교차로안,승용,남,41세,부상신고,승합,남,37세,상해없음
2015070700100524,2015년 7월 7일 19시,화요일,부산광역시 남구 우암동,중상사고,0,1,0,0,차대사람 - 기타,안전운전불이행,습기,비,단일로 - 기타,승용,남,41세,상해없음,보행자,여,29세,중상
2015070700100567,2015년 7월 7일 20시,화요일,부산광역시 수영구 광안동,경상사고,0,0,1,0,차대차 - 추돌 - 주정차중,안전운전불이행,습기,비,단일로 - 기타,승용,남,48세,상해없음,승용,남,33세,상해없음
2015070700100608,2015년 7월 7일 21시,화요일,부산광역시 동래구 온천동,경상사고,0,0,1,0,차대차 - 기타,안전운전불이행,습기,비,교차로 - 교차로안,승용,남,72세,상해없음,승용,남,34세,경상
2015070700100609,2015년 7월 7일 21시,화요일,부산광역시 해운대구 좌동,중상사고,0,1,0,0,차대사람 - 횡단중,신호위반,습기,비,단일로 - 기타,원동기,남,18세,상해없음,보행자,여,56세,중상
2015070700100646,2015년 7월 7일 22시,화요일,부산광역시 금정구 장전동,경상사고,0,0,2,0,차대사람 - 횡단중,보행자보호의무위반,기타,비,단일로 - 횡단보도상,원동기,남,37세,상해없음,보행자,남,36세,경상
2015070700100647,2015년 7월 7일 22시,화요일,부산광역시 금정구 구서동,경상사고,0,0,1,0,차대차 - 기타,교차로운행방법위반,습기,비,교차로 - 교차로안,승용,남,41세,상해없음,승용,남,64세,경상
2015070700100689,2015년 7월 7일 23시,화요일,부산광역시 동구 초량동,중상사고,0,1,0,0,차대차 - 측면직각충돌,직진우회전진행방해,습기,비,교차로 - 교차로안,승용,남,58세,상해없음,승용,여,39세,중상
2015070700100690,2015년 7월 7일 23시,화요일,부산광역시 서구 남부민동,경상사고,0,0,2,0,차대차 - 추돌 - 진행중,안전운전불이행,습기,비,단일로 - 기타,승용,남,58세,상해없음,승용,남,36세,경상
2015070700100691,2015년 7월 7일 23시,화요일,부산광역시 남구 대연동,경상사고,0,0,1,0,차대차 - 추돌 - 주정차중,안전운전불이행,습기,비,단일로 - 기타,승용,남,59세,상해없음,승용,남,61세,상해없음
2015070800100004,2015년 7월 8일 00시,수요일,부산광역시 서구 충무동3가,경상사고,0,0,1,0,차대차 - 측면직각충돌,직진우회전진행방해,습기,비,교차로 - 교차로안,승용,남,31세,상해없음,승용,남,37세,경상
2015070800100025,2015년 7월 8일 01시,수요일,부산광역시 중구 부평동2가,경상사고,0,0,1,0,차대차 - 측면직각충돌,안전운전불이행,습기,비,단일로 - 기타,승용,남,34세,상해없음,승용,남,29세,경상
2015070800100026,2015년 7월 8일 01시,수요일,부산광역시 사하구 하단동,경상사고,0,0,1,0,차대차 - 추돌 - 주정차중,안전운전불이행,습기,비,교차로 - 교차로부근,승용,남,29세,상해없음,승용,남,64세,상해없음
2015070800100046,2015년 7월 8일 02시,수요일,부산광역시 북구 구포동,경상사고,0,0,1,0,차대사람 - 기타,안전운전불이행,습기,비,단일로 - 기타,승용,남,36세,상해없음,보행자,여,41세,경상
2015070800100047,2015년 7월 8일 02시,수요일,부산광역시 동래구 온천동,경상사고,0,0,1,0,차대차 - 측면직각충돌,신호위반,습기,비,교차로 - 교차로안,승합,남,42세,상해없음,승용,남,54세,경상
2015070800100055,2015년 7월 8일 03시,수요일,부산광역시 해운대구 재송동,중상사고,0,1,0,0,차대차 - 측면직각충돌,안전운전불이행,습기,비,단일로 - 기타,기타불명,기타불명,기타불명,기타불명,승용,여,49세,중상
2015070800100109,2015년 7월 8일 07시,수요일,부산광역시 동구 수정동,경상사고,0,0,3,0,차대차 - 정면충돌,중앙선침범,습기,비,단일로 - 기타,승용,남,51세,상해없음,승합,남,46세,경상
2015070800100110,2015년 7월 8일 07시,수요일,부산광역시 사하구 감천동,사망사고,1,0,0,0,차대차 - 기타,중앙선침범,습기,비,단일로 - 기타,승용,남,40세,상해없음,원동기,남,43세,사망
2015070800100111,2015년 7월 8일 07시,수요일,부산광역시 연제구 연산동,경상사고,0,0,1,0,차대차 - 추돌 - 주정차중,안전운전불이행,습기,비,단일로 - 기타,화물,남,61세,상해없음,승용,남,65세,경상
2015070800100134,2015년 7월 8일 08시,수요일,부산광역시 연제구 연산동,중상사고,0,2,0,0,차대차 - 측면직각충돌,중앙선침범,건조,맑음,교차로 - 교차로안,승용,남,45세,상해없음,승용,남,63세,중상