사고번호,사고일시,요일,시군구,사고내용,사망자수,중상자수,경상자수,부상신고자수,사고유형,법규위반,노면상태,기상상태,도로형태,가해운전자 차종,가해운전자 성별,가해운전자 연령,가해운전자 상해정도,피해운전자 차종,피해운전자 성별,피해운전자 연령,피해운전자 상해정도
2015071900100128,2015년 7월 19일 08시,일요일,부산광역시 해운대구 우동,중상사고,0,1,0,0,차대차 - 측면직각충돌,교차로운행방법위반,건조,맑음,교차로 - 교차로안,승용,남,51세,상해없음,자전거,남,69세,중상
2015071900100148,2015년 7월 19일 09시,일요일,부산광역시 영도구 청학동,중상사고,0,1,0,0,차대차 - 기타,신호위반,건조,맑음,교차로 - 교차로안,승용,여,64세,상해없음,승합,남,44세,상해없음
2015071900100149,2015년 7월 19일 09시,일요일,부산광역시 사하구 신평동,경상사고,0,0,1,0,차대차 - 기타,교차로운행방법위반,건조,맑음,교차로 - 교차로안,승용,여,49세,상해없음,승용,여,70세,경상
2015071900100162,2015년 7월 19일 10시,일요일,부산광역시 동래구 온천동,경상사고,0,0,1,0,차대차 - 측면직각충돌,교차로운행방법위반,건조,맑음,교차로 - 교차로안,승용,남,21세,상해없음,승용,남,57세,상해없음
2015071900100163,2015년 7월 19일 10시,일요일,부산광역시 해운대구 반여동,경상사고,0,0,1,0,차대사람 - 횡단중,교차로운행방법위반,건조,맑음,교차로 - 교차로안,승용,남,54세,상해없음,보행자,여,79세,경상
2015071900100164,2015년 7월 19일 10시,일요일,부산광역시 기장군 정관면,경상사고,0,0,1,0,차대차 - 추돌 - 진행중,신호위반,건조,흐림,교차로 - 교차로안,승용,여,48세,상해없음,승용,여,56세,경상
2015071900100187,2015년 7월 19일 11시,일요일,부산광역시 강서구 명지동,경상사고,0,0,1,0,차대차 - 측면직각충돌,불법유턴,건조,맑음,단일로 - 기타,승용,여,42세,상해없음,승용,남,25세,경상
2015071900100188,2015년 7월 19일 11시,일요일,부산광역시 사상구 괘법동,경상사고,0,0,1,0,차대차 - 측면직각충돌,신호위반,건조,맑음,교차로 - 교차로안,승용,남,45세,상해없음,승합,남,48세,경상
2015071900100206,2015년 7월 19일 12시,일요일,부산광역시 연제구 연산동,중상사고,0,1,0,0,차대차 - 측면직각충돌,신호위반,건조,맑음,단일로 - 기타,승용,남,71세,상해없음,이륜,남,26세,중상
2015071900100207,2015년 7월 19일 12시,일요일,부산광역시 연제구 연산동,경상사고,0,0,2,0,차대차 - 측면직각충돌,안전운전불이행,건조,맑음,단일로 - 기타,승합,남,63세,상해없음,승합,남,53세,상해없음
2015071900100232,2015년 7월 19일 13시,일요일,부산광역시 수영구 민락동,경상사고,0,0,1,0,차대사람 - 기타,기타,건조,맑음,단일로 - 기타,자전거,남,45세,상해없음,보행자,남,3세,경상
2015071900100296,2015년 7월 19일 15시,일요일,부산광역시 남구 대연동,경상사고,0,0,1,0,차대차 - 측면직각충돌,중앙선침범,습기,비,단일로 - 기타,승용,남,86세,상해없음,승용,남,44세,경상
2015071900100297,2015년 7월 19일 15시,일요일,부산광역시 영도구 동삼동,중상사고,0,1,0,0,차대사람 - 기타,신호위반,건조,맑음,교차로 - 교차로안,승용,남,59세,상해없음,보행자,남,39세,중상
2015071900100337,2015년 7월 19일 16시,일요일,부산광역시 해운대구 좌동,경상사고,0,0,1,0,차대차 - 기타,안전거리미확보,습기,비,단일로 - 기타,승용,남,47세,상해없음,이륜,남,32세,경상
2015071900100338,2015년 7월 19일 16시,일요일,부산광역시 금정구 구서동,부상신고사고,0,0,0,1,차대사람 - 기타,안전운전불이행,건조,맑음,단일로 - 기타,자전거,남,16세,상해없음,보행자,여,7세,부상신고
2015071900100339,2015년 7월 19일 16시,일요일,부산광역시 사상구 괘법동,경상사고,0,0,1,0,차대차 - 측면직각충돌,안전운전불이행,건조,맑음,단일로 - 기타,승용,남,53세,상해없음,자전거,남,18세,경상
2015071900100377,2015년 7월 19일 17시,일요일,부산광역시 영도구 봉래동4가,경상사고,0,0,1,0,차대사람 - 횡단중,안전운전불이행,건조,맑음,단일로 - 기타,승용,남,39세,상해없음,보행자,남,11세,경상
2015071900100410,2015년 7월 19일 18시,일요일,부산광역시 동래구 온천동,경상사고,0,0,1,0,차대차 - 측면직각충돌,교차로운행방법위반,건조,맑음,단일로 - 기타,원동기,남,32세,경상,승용,남,46세,상해없음
2015071900100411,2015년 7월 19일 18시,일요일,부산광역시 부산진구 개금동,경상사고,0,0,1,0,차대차 - 기타,안전운전불이행,건조,맑음,단일로 - 기타,승용,남,34세,상해없음,승용,남,49세,경상
2015071900100438,2015년 7월 19일 19시,일요일,부산광역시 남구 대연동,경상사고,0,0,2,0,차대차 - 추돌 - 진행중,안전운전불이행,건조,맑음,교차로 - 교차로안,승용,남,58세,상해없음,화물,남,50세,경상
2015071900100439,2015년 7월 19일 19시,일요일,부산광역시 해운대구 재송동,경상사고,0,0,1,0,차대차 - 추돌 - 진행중,안전거리미확보,건조,맑음,교차로 - 교차로부근,이륜,남,24세,경상,승용,남,54세,상해없음
2015071900100440,2015년 7월 19일 19시,일요일,부산광역시 해운대구 송정동,경상사고,0,0,1,0,차대차 - 추돌 - 진행중,안전운전불이행,건조,맑음,단일로 - 기타,승용,남,57세,상해없음,자전거,남,27세,경상
2015071900100470,2015년 7월 19일 20시,일요일,부산광역시 강서구 미음동,중상사고,0,2,3,0,차대차 - 추돌 - 진행중,안전운전불이행,건조,맑음,단일로 - 기타,승용,남,52세,상해없음,승합,남,63세,상해없음
2015071900100491,2015년 7월 19일 21시,일요일,부산광역시 해운대구 재송동,부상신고사고,0,0,0,1,차대사람 - 기타,안전운전불이행,기타,맑음,단일로 - 기타,승용,남,24세,상해없음,보행자,남,48세,부상신고
2015072000100004,2015년 7월 20일 00시,월요일,부산광역시 사상구 감전동,중상사고,0,1,0,0,차대차 - 기타,안전운전불이행,건조,맑음,단일로 - 기타,자전거,남,18세,상해없음,이륜,남,27세,중상
2015072000100060,2015년 7월 20일 06시,월요일,부산광역시 부산진구 가야동,경상사고,0,0,1,0,차대차 - 측면직각충돌,신호위반,건조,맑음,교차로 - 교차로안,승용,남,26세,상해없음,승용,남,49세,경상
2015072000100103,2015년 7월 20일 08시,월요일,부산광역시 영도구 봉래동4가,중상사고,0,1,0,0,차대사람 - 기타,안전운전불이행,건조,맑음,기타 - 기타,화물,남,71세,상해없음,보행자,남,53세,중상
2015072000100146,2015년 7월 20일 09시,월요일,부산광역시 동래구 명륜동,경상사고,0,0,1,0,차대사람 - 기타,안전운전불이행,건조,흐림,단일로 - 기타,승용,여,49세,상해없음,보행자,남,19세,경상
2015072000100147,2015년 7월 20일 09시,월요일,부산광역시 동래구 낙민동,경상사고,0,0,1,0,차대사람 - 보도통행중,기타,건조,맑음,단일로 - 기타,이륜,남,56세,상해없음,보행자,남,74세,경상
2015072000100176,2015년 7월 20일 10시,월요일,부산광역시 부산진구 전포동,경상사고,0,0,1,0,차대차 - 측면직각충돌,교차로운행방법위반,건조,맑음,교차로 - 교차로안,승용,남,40세,상해없음,자전거,남,59세,경상
2015072000100177,2015년 7월 20일 10시,월요일,부산광역시 사상구 학장동,경상사고,0,0,1,0,차대차 - 추돌 - 주정차중,안전운전불이행,건조,맑음,단일로 - 기타,화물,남,65세,상해없음,화물,남,47세,경상
2015072000100217,2015년 7월 20일 11시,월요일,부산광역시 서구 동대신동3가,경상사고,0,0,1,0,차대차 - 측면직각충돌,안전거리미확보,습기,흐림,단일로 - 기타,승용,여,54세,상해없음,승합,남,48세,상해없음
2015072000100218,2015년 7월 20일 11시,월요일,부산광역시 부산진구 부암동,중상사고,0,1,0,0,차대사람 - 횡단중,보행자보호의무위반,건조,맑음,단일로 - 횡단보도상,승용,남,59세,상해없음,보행자,여,65세,중상
2015072000100219,2015년 7월 20일 11시,월요일,부산광역시 사상구 삼락동,중상사고,0,2,0,0,차대차 - 측면직각충돌,차로위반,건조,흐림,단일로 - 기타,특수,남,50세,상해없음,승용,여,65세,중상
2015072000100288,2015년 7월 20일 13시,월요일,부산광역시 영도구 동삼동,경상사고,0,0,1,0,차대차 - 기타,중앙선침범,건조,맑음,단일로 - 기타,승합,남,23세,상해없음,승용,남,68세,경상
2015072000100289,2015년 7월 20일 13시,월요일,부산광역시 사하구 다대동,경상사고,0,0,1,0,차대사람 - 기타,안전운전불이행,건조,맑음,교차로 - 교차로부근,승용,남,37세,상해없음,보행자,여,65세,경상
2015072000100325,2015년 7월 20일 14시,월요일,부산광역시 서구 서대신동1가,중상사고,0,1,0,0,차대차 - 정면충돌,중앙선침범,습기,비,단일로 - 기타,승용,남,33세,상해없음,화물,남,45세,중상
2015072000100326,2015년 7월 20일 14시,월요일,부산광역시 동래구 명장동,경상사고,0,0,1,0,차대차 - 측면직각충돌,안전운전불이행,습기,비,단일로 - 기타,승용,남,34세,상해없음,원동기,남,34세,경상
2015072000100327,2015년 7월 20일 14시,월요일,부산광역시 강서구 송정동,경상사고,0,0,1,0,차대사람 - 차도통행중,안전운전불이행,건조,맑음,교차로 - 교차로부근,승합,남,55세,상해없음,보행자,여,57세,경상
2015072000100368,2015년 7월 20일 15시,월요일,부산광역시 동래구 명장동,중상사고,0,1,0,0,차대차 - 기타,안전거리미확보,습기,비,단일로 - 기타,승용,남,63세,상해없음,이륜,여,32세,중상
2015072000100404,2015년 7월 20일 16시,월요일,부산광역시 동구 초량동,경상사고,0,0,1,0,차대차 - 기타,신호위반,습기,비,교차로 - 교차로안,화물,남,61세,경상,특수,남,57세,상해없음
2015072000100431,2015년 7월 20일 17시,월요일,부산광역시 동구 범일동,경상사고,0,0,2,1,차대차 - 기타,안전운전불이행,건조,맑음,단일로 - 기타,승용,남,46세,부상신고,화물,남,40세,경상
2015072000100432,2015년 7월 20일 17시,월요일,부산광역시 해운대구 반여동,부상신고사고,0,0,0,1,차대차 - 기타,안전운전불이행,습기,비,교차로 - 교차로부근,승용,남,54세,상해없음,이륜,남,48세,부상신고
2015072000100433,2015년 7월 20일 17시,월요일,부산광역시 부산진구 전포동,경상사고,0,0,1,0,차대차 - 측면직각충돌,안전운전불이행,습기,비,교차로 - 교차로안,승용,남,56세,상해없음,승용,남,27세,경상
2015072000100434,2015년 7월 20일 17시,월요일,부산광역시 부산진구 부전동,중상사고,0,1,0,0,차대차 - 추돌 - 진행중,안전거리미확보,습기,비,교차로 - 교차로안,승용,남,23세,상해없음,승용,남,42세,중상
2015072000100435,2015년 7월 20일 17시,월요일,부산광역시 금정구 남산동,경상사고,0,0,1,1,차대차 - 기타,안전운전불이행,건조,맑음,단일로 - 기타,승용,남,67세,상해없음,승용,남,53세,상해없음
2015072000100436,2015년 7월 20일 17시,월요일,부산광역시 연제구 연산동,경상사고,0,0,1,0,차대사람 - 길가장자리구역통행중,안전운전불이행,건조,맑음,교차로 - 교차로부근,승용,남,31세,상해없음,보행자,여,54세,경상
2015072000100476,2015년 7월 20일 18시,월요일,부산광역시 북구 구포동,중상사고,0,1,0,0,차대차 - 추돌 - 진행중,차로위반,건조,맑음,단일로 - 기타,승용,남,63세,상해없음,승용,여,41세,중상
2015072000100538,2015년 7월 20일 20시,월요일,부산광역시 해운대구 재송동,경상사고,0,0,1,0,차대차 - 측면직각충돌,교차로운행방법위반,습기,비,교차로 - 교차로안,승용,여,40세,상해없음,이륜,남,63세,경상
2015072000100539,2015년 7월 20일 20시,월요일,부산광역시 사하구 다대동,부상신고사고,0,0,0,1,차량단독 - 기타,신호위반,건조,맑음,단일로 - 기타,승합,남,64세,상해없음,,,,
2015072000100540,2015년 7월 20일 20시,월요일,부산광역시 강서구 천성동,중상사고,0,2,0,0,차대차 - 측면직각충돌,안전거리미확보,습기,비,미분류 - 미분류,화물,남,64세,상해없음,화물,남,67세,중상
2015072000100565,2015년 7월 20일 21시,월요일,부산광역시 수영구 광안동,중상사고,0,1,3,0,차대차 - 측면직각충돌,과속,습기,비,단일로 - 교량,승용,남,38세,상해없음,승용,남,44세,경상
2015072000100608,2015년 7월 20일 22시,월요일,부산광역시 해운대구 재송동,중상사고,0,1,0,0,차량단독 - 기타,안전운전불이행,건조,맑음,단일로 - 기타,승용,여,48세,중상,,,,
2015072000100609,2015년 7월 20일 22시,월요일,부산광역시 부산진구 부암동,중상사고,0,1,0,0,차대사람 - 기타,안전운전불이행,습기,비,단일로 - 횡단보도상,승용,여,36세,상해없음,보행자,여,59세,중상
2015072000100650,2015년 7월 20일 23시,월요일,부산광역시 동래구 온천동,경상사고,0,0,2,0,차대차 - 추돌 - 진행중,안전운전불이행,건조,맑음,단일로 - 기타,승용,남,49세,상해없음,승용,남,48세,경상
2015072000100651,2015년 7월 20일 23시,월요일,부산광역시 금정구 구서동,경상사고,0,0,1,0,차대사람 - 기타,안전운전불이행,습기,비,단일로 - 기타,승용,남,57세,상해없음,보행자,남,51세,경상
2015072100100003,2015년 7월 21일 00시,화요일,부산광역시 사하구 장림동,부상신고사고,0,0,0,2,차대차 - 기타,안전운전불이행,습기,비,단일로 - 기타,승용,남,28세,상해없음,승용,남,43세,부상신고
2015072100100004,2015년 7월 21일 00시,화요일,부산광역시 연제구 연산동,경상사고,0,0,1,0,차대사람 - 횡단중,신호위반,건조,맑음,단일로 - 기타,승용,여,53세,상해없음,보행자,여,49세,경상
2015072100100005,2015년 7월 21일 00시,화요일,부산광역시 강서구 신호동,중상사고,0,1,0,0,차대차 - 측면직각충돌,신호위반,습기,비,교차로 - 교차로안,승용,남,54세,상해없음,승용,여,39세,중상
2015072100100025,2015년 7월 21일 01시,화요일,부산광역시 해운대구 우동,경상사고,0,0,1,0,차대차 - 측면직각충돌,교차로운행방법위반,건조,맑음,교차로 - 교차로안,승용,남,31세,상해없음,승용,남,35세,경상
2015072100100080,2015년 7월 21일 06시,화요일,부산광역시 강서구 대저1동,중상사고,0,1,0,0,차대차 - 측면직각충돌,안전운전불이행,건조,맑음,교차로 - 교차로부근,특수,남,54세,상해없음,승용,남,46세,중상
2015072100100091,2015년 7월 21일 07시,화요일,부산광역시 북구 화명동,경상사고,0,0,1,0,차대차 - 추돌 - 진행중,안전거리미확보,건조,맑음,단일로 - 기타,승용,여,49세,기타불명,승용,여,28세,경상
2015072100100092,2015년 7월 21일 07시,화요일,부산광역시 사상구 감전동,경상사고,0,0,1,0,차대차 - 측면직각충돌,중앙선침범,건조,맑음,단일로 - 기타,원동기,남,68세,경상,승용,남,31세,상해없음
2015072100100111,2015년 7월 21일 08시,화요일,부산광역시 해운대구 송정동,경상사고,0,0,1,0,차대차 - 측면직각충돌,신호위반,건조,맑음,교차로 - 교차로안,승용,남,56세,상해없음,화물,남,29세,경상
2015072100100193,2015년 7월 21일 10시,화요일,부산광역시 중구 영주동,부상신고사고,0,0,0,1,차대차 - 기타,안전운전불이행,건조,맑음,단일로 - 기타,이륜,남,62세,부상신고,승용,여,60세,상해없음
2015072100100194,2015년 7월 21일 10시,화요일,부산광역시 남구 용호동,중상사고,0,1,0,0,차대사람 - 기타,기타,건조,맑음,단일로 - 기타,승용,남,56세,상해없음,보행자,남,67세,중상
2015072100100195,2015년 7월 21일 10시,화요일,부산광역시 해운대구 우동,경상사고,0,0,1,0,차대차 - 기타,교차로운행방법위반,건조,맑음,교차로 - 교차로안,원동기,남,38세,경상,승용,남,42세,상해없음
2015072100100196,2015년 7월 21일 10시,화요일,부산광역시 강서구 대저1동,경상사고,0,0,1,0,차대차 - 측면직각충돌,교차로운행방법위반,건조,맑음,교차로 - 교차로안,승용,남,43세,상해없음,승용,남,71세,상해없음
2015072100100227,2015년 7월 21일 11시,화요일,부산광역시 서구 초장동,경상사고,0,0,1,0,차대사람 - 기타,보행자보호의무위반,건조,맑음,단일로 - 기타,승용,남,36세,상해없음,보행자,남,88세,경상
2015072100100258,2015년 7월 21일 12시,화요일,부산광역시 사하구 다대동,경상사고,0,0,1,0,차대차 - 측면직각충돌,안전운전불이행,건조,맑음,교차로 - 교차로부근,승용,여,46세,상해없음,자전거,남,9세,경상
2015072100100335,2015년 7월 21일 15시,화요일,부산광역시 중구 남포동2가,중상사고,0,1,0,0,차대차 - 기타,중앙선침범,건조,맑음,단일로 - 기타,승용,남,58세,상해없음,이륜,남,57세,중상
2015072100100336,2015년 7월 21일 15시,화요일,부산광역시 서구 초장동,경상사고,0,0,1,0,차대차 - 측면직각충돌,교차로운행방법위반,건조,맑음,교차로 - 교차로안,승용,여,57세,상해없음,승합,남,30세,경상
2015072100100338,2015년 7월 21일 15시,화요일,부산광역시 해운대구 우동,중상사고,0,1,1,0,차대차 - 추돌 - 진행중,안전운전불이행,건조,맑음,단일로 - 기타,승용,여,46세,상해없음,승용,여,46세,경상
2015072100100339,2015년 7월 21일 15시,화요일,부산광역시 사상구 학장동,경상사고,0,0,1,0,차대차 - 측면직각충돌,안전운전불이행,습기,흐림,교차로 - 교차로부근,승용,남,42세,상해없음,승용,여,36세,경상
2015072100100365,2015년 7월 21일 16시,화요일,부산광역시 영도구 봉래동4가,중상사고,0,1,0,0,차대차 - 정면충돌,안전운전불이행,건조,맑음,단일로 - 기타,승용,남,58세,상해없음,자전거,남,13세,중상
2015072100100366,2015년 7월 21일 16시,화요일,부산광역시 부산진구 연지동,부상신고사고,0,0,0,1,차대차 - 기타,안전운전불이행,건조,맑음,단일로 - 기타,이륜,남,24세,부상신고,승용,남,60세,상해없음
2015072100100367,2015년 7월 21일 16시,화요일,부산광역시 부산진구 가야동,경상사고,0,0,1,0,차대차 - 기타,기타,건조,맑음,교차로 - 교차로부근,건설기계,남,51세,상해없음,승용,여,39세,경상
2015072100100440,2015년 7월 21일 18시,화요일,부산광역시 남구 용당동,경상사고,0,0,1,0,차대차 - 기타,안전운전불이행,건조,맑음,기타 - 기타,승용,남,35세,상해없음,승합,남,43세,경상
2015072100100483,2015년 7월 21일 19시,화요일,부산광역시 서구 부민동1가,중상사고,0,2,0,0,차대사람 - 횡단중,보행자보호의무위반,습기,흐림,단일로 - 횡단보도상,승용,여,53세,상해없음,보행자,여,19세,중상
2015072100100484,2015년 7월 21일 19시,화요일,부산광역시 기장군 기장읍,중상사고,0,2,2,0,차대차 - 측면직각충돌,교차로운행방법위반,습기,비,교차로 - 교차로안,승용,여,22세,중상,승합,여,54세,경상
2015072100100511,2015년 7월 21일 20시,화요일,부산광역시 사하구 하단동,경상사고,0,0,1,0,차대차 - 기타,직진우회전진행방해,건조,흐림,교차로 - 교차로안,기타불명,기타불명,기타불명,기타불명,자전거,남,54세,경상
2015072100100512,2015년 7월 21일 20시,화요일,부산광역시 강서구 미음동,경상사고,0,0,1,0,차대차 - 추돌 - 주정차중,안전운전불이행,건조,맑음,교차로 - 교차로부근,승용,남,64세,상해없음,승용,여,44세,경상
2015072100100535,2015년 7월 21일 21시,화요일,부산광역시 북구 구포동,중상사고,0,1,0,0,차대사람 - 기타,안전운전불이행,건조,맑음,교차로 - 교차로부근,승용,남,29세,상해없음,보행자,남,16세,중상
2015072100100536,2015년 7월 21일 21시,화요일,부산광역시 해운대구 좌동,경상사고,0,0,1,0,차대사람 - 횡단중,신호위반,건조,맑음,단일로 - 횡단보도상,승용,남,74세,상해없음,보행자,남,41세,경상
2015072100100571,2015년 7월 21일 22시,화요일,부산광역시 북구 만덕동,경상사고,0,0,1,0,차량단독 - 기타,안전운전불이행,건조,맑음,단일로 - 기타,승합,남,47세,상해없음,,,,
2015072100100572,2015년 7월 21일 22시,화요일,부산광역시 동래구 안락동,경상사고,0,0,1,0,차대차 - 추돌 - 주정차중,안전운전불이행,습기,비,교차로 - 교차로안,승용,남,38세,상해없음,승용,남,50세,경상
2015072100100601,2015년 7월 21일 23시,화요일,부산광역시 동구 수정동,경상사고,0,0,1,0,차대차 - 추돌 - 진행중,안전운전불이행,습기,비,단일로 - 기타,원동기,남,18세,상해없음,승용,남,61세,경상
2015072100100602,2015년 7월 21일 23시,화요일,부산광역시 해운대구 중동,사망사고,1,0,0,0,차대차 - 측면직각충돌,신호위반,습기,비,교차로 - 교차로안,승용,남,18세,상해없음,승용,남,68세,사망
2015072100100603,2015년 7월 21일 23시,화요일,부산광역시 부산진구 양정동,경상사고,0,0,1,0,차대사람 - 횡단중,신호위반,습기,비,단일로 - 횡단보도상,승용,남,62세,상해없음,보행자,여,56세,경상
2015072200100023,2015년 7월 22일 01시,수요일,부산광역시 서구 충무동1가,경상사고,0,0,1,0,차대차 - 추돌 - 주정차중,안전거리미확보,습기,비,교차로 - 교차로부근,화물,남,39세,상해없음,승용,남,27세,경상
2015072200100051,2015년 7월 22일 03시,수요일,부산광역시 사하구 하단동,경상사고,0,0,1,0,차대사람 - 기타,안전운전불이행,건조,맑음,단일로 - 기타,승용,남,39세,상해없음,보행자,여,31세,경상
2015072200100065,2015년 7월 22일 04시,수요일,부산광역시 동구 초량동,중상사고,0,1,0,0,차대사람 - 기타,안전운전불이행,건조,맑음,단일로 - 기타,승용,남,69세,상해없음,보행자,남,23세,중상
2015072200100066,2015년 7월 22일 04시,수요일,부산광역시 사하구 감천동,경상사고,0,0,3,0,차대차 - 측면직각충돌,안전거리미확보,습기,비,단일로 - 기타,승용,남,30세,상해없음,승용,남,55세,경상
2015072200100084,2015년 7월 22일 06시,수요일,부산광역시 사하구 장림동,중상사고,0,1,0,0,차대사람 - 횡단중,안전운전불이행,습기,흐림,단일로 - 기타,승용,남,58세,상해없음,보행자,남,71세,중상
2015072200100108,2015년 7월 22일 07시,수요일,부산광역시 영도구 영선동2가,중상사고,0,1,0,0,차대차 - 기타,중앙선침범,건조,맑음,단일로 - 기타,원동기,남,55세,상해없음,승용,남,33세,중상
2015072200100109,2015년 7월 22일 07시,수요일,부산광역시 부산진구 가야동,경상사고,0,0,1,0,차대차 - 측면직각충돌,신호위반,건조,맑음,교차로 - 교차로안,승용,남,56세,상해없음,승용,남,61세,경상
2015072200100110,2015년 7월 22일 07시,수요일,부산광역시 금정구 부곡동,중상사고,0,1,0,0,차대차 - 측면직각충돌,직진우회전진행방해,건조,맑음,교차로 - 교차로안,승용,남,52세,상해없음,승용,남,47세,중상
2015072200100143,2015년 7월 22일 08시,수요일,부산광역시 동래구 명륜동,중상사고,0,1,0,0,차대사람 - 횡단중,보행자보호의무위반,건조,맑음,단일로 - 기타,승용,여,23세,상해없음,보행자,여,31세,중상
2015072200100144,2015년 7월 22일 08시,수요일,부산광역시 영도구 봉래동1가,경상사고,0,0,1,0,차대차 - 정면충돌,중앙선침범,건조,흐림,단일로 - 기타,승용,남,34세,상해없음,이륜,남,46세,경상
2015072200100145,2015년 7월 22일 08시,수요일,부산광역시 연제구 연산동,경상사고,0,0,1,0,차대차 - 추돌 - 진행중,안전거리미확보,건조,맑음,단일로 - 기타,화물,남,61세,상해없음,승용,남,45세,경상
2015072200100205,2015년 7월 22일 10시,수요일,부산광역시 사하구 장림동,중상사고,0,1,1,0,차대차 - 측면직각충돌,안전거리미확보,건조,흐림,교차로 - 교차로부근,이륜,남,59세,경상,승용,남,40세,상해없음
2015072200100235,2015년 7월 22일 11시,수요일,부산광역시 중구 보수동1가,경상사고,0,0,2,0,차대차 - 추돌 - 주정차중,안전거리미확보,건조,맑음,단일로 - 기타,화물,남,50세,상해없음,승용,남,51세,경상
2015072200100236,2015년 7월 22일 11시,수요일,부산광역시 수영구 수영동,중상사고,0,1,0,0,차대차 - 추돌 - 진행중,안전거리미확보,건조,맑음,단일로 - 기타,승용,남,35세,상해없음,승용,여,55세,중상
2015072200100237,2015년 7월 22일 11시,수요일,부산광역시 금정구 구서동,중상사고,0,1,0,0,차대사람 - 기타,신호위반,습기,흐림,단일로 - 횡단보도상,화물,남,65세,상해없음,보행자,여,55세,중상
2015072200100238,2015년 7월 22일 11시,수요일,부산광역시 금정구 구서동,경상사고,0,0,1,0,차대사람 - 기타,안전운전불이행,습기,흐림,단일로 - 기타,화물,남,41세,상해없음,보행자,여,90세 이상,경상
2015072200100268,2015년 7월 22일 12시,수요일,부산광역시 서구 동대신동1가,중상사고,0,1,0,0,차대차 - 기타,안전거리미확보,건조,흐림,단일로 - 기타,화물,남,40세,상해없음,승용,남,56세,중상
2015072200100269,2015년 7월 22일 12시,수요일,부산광역시 부산진구 양정동,경상사고,0,0,1,0,차대차 - 측면직각충돌,안전운전불이행,건조,맑음,단일로 - 기타,승용,남,73세,상해없음,승용,남,58세,경상
2015072200100270,2015년 7월 22일 12시,수요일,부산광역시 금정구 부곡동,경상사고,0,0,1,0,차대사람 - 길가장자리구역통행중,안전운전불이행,건조,흐림,교차로 - 교차로부근,승용,남,40세,상해없음,보행자,여,74세,경상
2015072200100304,2015년 7월 22일 13시,수요일,부산광역시 금정구 구서동,중상사고,0,1,0,0,차대사람 - 차도통행중,안전운전불이행,건조,맑음,단일로 - 횡단보도부근,승합,남,58세,상해없음,보행자,여,49세,중상
2015072200100341,2015년 7월 22일 14시,수요일,부산광역시 서구 암남동,경상사고,0,0,1,1,차대차 - 기타,신호위반,건조,흐림,교차로 - 교차로안,승용,여,54세,상해없음,승용,남,56세,상해없음
2015072200100342,2015년 7월 22일 14시,수요일,부산광역시 남구 대연동,중상사고,0,1,1,0,차대차 - 추돌 - 진행중,안전운전불이행,건조,맑음,단일로 - 교량,승용,여,50세,상해없음,승용,여,59세,상해없음
2015072200100343,2015년 7월 22일 14시,수요일,부산광역시 해운대구 우동,경상사고,0,0,1,0,차대사람 - 보도통행중,보행자보호의무위반,기타,맑음,단일로 - 기타,자전거,남,16세,상해없음,보행자,여,10세,경상
2015072200100344,2015년 7월 22일 14시,수요일,부산광역시 수영구 망미동,경상사고,0,0,1,0,차대차 - 기타,안전운전불이행,건조,맑음,교차로 - 교차로안,화물,남,61세,상해없음,화물,남,32세,경상
2015072200100345,2015년 7월 22일 14시,수요일,부산광역시 연제구 연산동,경상사고,0,0,1,0,차대사람 - 횡단중,안전운전불이행,건조,맑음,교차로 - 교차로안,승용,남,55세,기타불명,보행자,남,9세,경상
2015072200100383,2015년 7월 22일 15시,수요일,부산광역시 남구 대연동,경상사고,0,0,1,0,차대차 - 측면직각충돌,안전운전불이행,건조,맑음,교차로 - 교차로안,승용,남,36세,상해없음,자전거,남,16세,경상
2015072200100384,2015년 7월 22일 15시,수요일,부산광역시 부산진구 당감동,경상사고,0,0,1,0,차대사람 - 횡단중,보행자보호의무위반,건조,맑음,교차로 - 교차로안,승용,남,64세,상해없음,보행자,여,74세,경상
2015072200100423,2015년 7월 22일 16시,수요일,부산광역시 동구 초량동,경상사고,0,0,2,1,차대차 - 측면직각충돌,차로위반,건조,맑음,단일로 - 기타,승용,남,59세,상해없음,승용,남,19세,경상
2015072200100424,2015년 7월 22일 16시,수요일,부산광역시 해운대구 석대동,사망사고,1,1,0,0,차대차 - 정면충돌,중앙선침범,건조,맑음,단일로 - 기타,화물,남,66세,사망,승합,남,51세,중상
2015072200100425,2015년 7월 22일 16시,수요일,부산광역시 연제구 연산동,중상사고,0,1,0,0,차대차 - 기타,안전운전불이행,건조,맑음,단일로 - 기타,승용,여,49세,상해없음,원동기,남,46세,중상
2015072200100426,2015년 7월 22일 16시,수요일,부산광역시 기장군 기장읍,경상사고,0,0,1,0,차대차 - 기타,안전운전불이행,건조,맑음,단일로 - 기타,승용,여,51세,상해없음,자전거,남,11세,경상
2015072200100464,2015년 7월 22일 17시,수요일,부산광역시 사상구 감전동,중상사고,0,1,0,0,차대차 - 측면직각충돌,안전거리미확보,건조,맑음,단일로 - 기타,이륜,남,17세,중상,화물,여,56세,상해없음
2015072200100508,2015년 7월 22일 18시,수요일,부산광역시 서구 서대신동1가,중상사고,0,1,0,0,차대차 - 측면직각충돌,안전거리미확보,건조,맑음,단일로 - 기타,승용,남,28세,상해없음,승용,남,42세,중상