사고번호,사고일시,요일,시군구,사고내용,사망자수,중상자수,경상자수,부상신고자수,사고유형,법규위반,노면상태,기상상태,도로형태,가해운전자 차종,가해운전자 성별,가해운전자 연령,가해운전자 상해정도,피해운전자 차종,피해운전자 성별,피해운전자 연령,피해운전자 상해정도
2015072200100509,2015년 7월 22일 18시,수요일,부산광역시 동래구 명륜동,부상신고사고,0,0,0,1,차대사람 - 길가장자리구역통행중,안전운전불이행,건조,맑음,단일로 - 기타,승용,여,50세,상해없음,보행자,남,50세,부상신고
2015072200100510,2015년 7월 22일 18시,수요일,부산광역시 영도구 봉래동1가,중상사고,0,1,0,0,차대차 - 측면직각충돌,교차로운행방법위반,건조,맑음,교차로 - 교차로안,승용,남,63세,상해없음,이륜,남,29세,중상
2015072200100511,2015년 7월 22일 18시,수요일,부산광역시 해운대구 반여동,중상사고,0,1,0,0,차대차 - 측면직각충돌,기타,건조,맑음,교차로 - 교차로부근,승용,남,46세,상해없음,원동기,남,22세,중상
2015072200100512,2015년 7월 22일 18시,수요일,부산광역시 부산진구 부암동,경상사고,0,0,1,0,차대사람 - 기타,보행자보호의무위반,건조,맑음,단일로 - 기타,승용,남,65세,상해없음,보행자,여,13세,경상
2015072200100555,2015년 7월 22일 19시,수요일,부산광역시 동래구 안락동,경상사고,0,0,2,0,차대차 - 추돌 - 진행중,안전거리미확보,건조,맑음,단일로 - 기타,승용,여,27세,상해없음,승용,여,40세,경상
2015072200100556,2015년 7월 22일 19시,수요일,부산광역시 사하구 하단동,경상사고,0,0,1,1,차대차 - 기타,신호위반,건조,맑음,단일로 - 기타,화물,남,42세,부상신고,승용,남,25세,경상
2015072200100557,2015년 7월 22일 19시,수요일,부산광역시 사상구 감전동,경상사고,0,0,2,0,차대차 - 측면직각충돌,안전거리미확보,건조,맑음,단일로 - 기타,화물,여,49세,경상,화물,남,44세,경상
2015072200100586,2015년 7월 22일 20시,수요일,부산광역시 영도구 대교동1가,경상사고,0,0,1,0,차대차 - 기타,안전운전불이행,습기,흐림,기타 - 기타,승용,남,61세,상해없음,승합,남,56세,상해없음
2015072200100650,2015년 7월 22일 22시,수요일,부산광역시 중구 영주동,중상사고,0,1,1,0,차대사람 - 기타,안전운전불이행,습기,비,단일로 - 기타,원동기,남,17세,기타불명,보행자,여,25세,경상
2015072200100651,2015년 7월 22일 22시,수요일,부산광역시 동래구 온천동,경상사고,0,0,1,0,차대차 - 측면직각충돌,신호위반,건조,맑음,교차로 - 교차로안,승용,남,53세,상해없음,승용,남,31세,경상
2015072200100652,2015년 7월 22일 22시,수요일,부산광역시 해운대구 좌동,중상사고,0,1,0,0,차대사람 - 횡단중,안전운전불이행,습기,비,단일로 - 기타,자전거,남,16세,상해없음,보행자,여,49세,중상
2015072200100686,2015년 7월 22일 23시,수요일,부산광역시 서구 아미동2가,경상사고,0,0,2,0,차량단독 - 공작물충돌,안전운전불이행,습기,비,교차로 - 교차로부근,승용,남,69세,상해없음,,,,
2015072200100687,2015년 7월 22일 23시,수요일,부산광역시 금정구 구서동,경상사고,0,0,1,2,차대사람 - 기타,기타,습기,비,교차로 - 교차로부근,승용,여,40세,부상신고,보행자,남,66세,경상
2015072200100688,2015년 7월 22일 23시,수요일,부산광역시 금정구 부곡동,중상사고,0,1,2,0,차대차 - 추돌 - 주정차중,중앙선침범,습기,비,교차로 - 교차로안,승용,남,37세,경상,승용,남,33세,중상
2015072200100689,2015년 7월 22일 23시,수요일,부산광역시 금정구 구서동,경상사고,0,0,1,2,차대차 - 추돌 - 진행중,안전거리미확보,습기,흐림,단일로 - 기타,승용,남,53세,상해없음,승용,남,34세,경상
2015072300100004,2015년 7월 23일 00시,목요일,부산광역시 부산진구 초읍동,중상사고,0,1,0,0,차대사람 - 횡단중,안전운전불이행,습기,비,단일로 - 기타,승용,남,51세,상해없음,보행자,남,44세,중상
2015072300100018,2015년 7월 23일 01시,목요일,부산광역시 해운대구 우동,경상사고,0,0,1,0,차대차 - 추돌 - 주정차중,안전운전불이행,습기,비,단일로 - 기타,승용,여,38세,상해없음,승용,남,50세,경상
2015072300100019,2015년 7월 23일 01시,목요일,부산광역시 부산진구 가야동,경상사고,0,0,1,0,차대차 - 추돌 - 진행중,신호위반,건조,맑음,교차로 - 교차로안,승용,남,27세,상해없음,승용,남,62세,경상
2015072300100048,2015년 7월 23일 03시,목요일,부산광역시 연제구 연산동,중상사고,0,1,0,0,차대사람 - 횡단중,안전운전불이행,습기,비,단일로 - 횡단보도상,승용,남,54세,상해없음,보행자,여,49세,중상
2015072300100056,2015년 7월 23일 04시,목요일,부산광역시 부산진구 부전동,중상사고,0,1,0,0,차대사람 - 기타,보행자보호의무위반,습기,비,단일로 - 횡단보도상,승용,남,44세,상해없음,보행자,여,41세,중상
2015072300100061,2015년 7월 23일 05시,목요일,부산광역시 동구 초량동,중상사고,0,1,0,0,차대차 - 측면직각충돌,안전거리미확보,습기,비,단일로 - 기타,승용,여,57세,상해없음,이륜,남,60세,중상
2015072300100062,2015년 7월 23일 05시,목요일,부산광역시 사상구 학장동,중상사고,0,1,0,0,차대사람 - 기타,안전운전불이행,습기,비,단일로 - 기타,승용,남,30세,상해없음,보행자,남,51세,중상
2015072300100069,2015년 7월 23일 06시,목요일,부산광역시 부산진구 부전동,중상사고,0,1,0,0,차대차 - 기타,교차로운행방법위반,습기,흐림,교차로 - 교차로안,화물,남,34세,중상,승용,남,29세,상해없음
2015072300100081,2015년 7월 23일 07시,목요일,부산광역시 동구 좌천동,경상사고,0,0,1,0,차대차 - 추돌 - 주정차중,안전운전불이행,습기,비,단일로 - 기타,승용,남,29세,상해없음,승용,남,62세,경상
2015072300100147,2015년 7월 23일 09시,목요일,부산광역시 수영구 광안동,경상사고,0,0,1,1,차대차 - 기타,차로위반,습기,비,교차로 - 교차로부근,승용,여,60세,부상신고,승용,남,71세,경상
2015072300100148,2015년 7월 23일 09시,목요일,부산광역시 영도구 동삼동,경상사고,0,0,2,0,차대차 - 측면직각충돌,안전운전불이행,습기,비,교차로 - 교차로안,승용,여,55세,상해없음,화물,남,45세,경상
2015072300100149,2015년 7월 23일 09시,목요일,부산광역시 사하구 하단동,부상신고사고,0,0,0,1,차대차 - 측면직각충돌,안전운전불이행,건조,맑음,단일로 - 기타,이륜,남,22세,상해없음,승용,남,42세,부상신고
2015072300100175,2015년 7월 23일 10시,목요일,부산광역시 북구 덕천동,경상사고,0,0,1,0,차대차 - 추돌 - 진행중,신호위반,건조,맑음,교차로 - 교차로안,승용,남,74세,상해없음,승용,여,30세,경상
2015072300100213,2015년 7월 23일 11시,목요일,부산광역시 해운대구 반여동,경상사고,0,0,1,0,차량단독 - 기타,안전운전불이행,건조,맑음,단일로 - 기타,승합,남,52세,상해없음,,,,
2015072300100237,2015년 7월 23일 12시,목요일,부산광역시 서구 동대신동1가,중상사고,0,1,0,0,차량단독 - 기타,안전운전불이행,건조,맑음,단일로 - 기타,승합,남,53세,상해없음,,,,
2015072300100238,2015년 7월 23일 12시,목요일,부산광역시 영도구 봉래동1가,경상사고,0,0,1,0,차대차 - 측면직각충돌,안전운전불이행,건조,맑음,단일로 - 기타,승용,여,47세,상해없음,이륜,남,34세,경상
2015072300100239,2015년 7월 23일 12시,목요일,부산광역시 부산진구 양정동,경상사고,0,0,1,0,차대차 - 기타,안전운전불이행,건조,흐림,교차로 - 교차로부근,승용,여,69세,상해없음,원동기,남,18세,경상
2015072300100322,2015년 7월 23일 14시,목요일,부산광역시 남구 대연동,경상사고,0,0,4,0,차대차 - 추돌 - 주정차중,안전운전불이행,건조,맑음,단일로 - 터널,승용,남,63세,상해없음,화물,남,68세,경상
2015072300100360,2015년 7월 23일 15시,목요일,부산광역시 서구 남부민동,부상신고사고,0,0,0,1,차대차 - 기타,안전운전불이행,건조,맑음,단일로 - 기타,승용,기타불명,기타불명,기타불명,승용,기타불명,기타불명,기타불명
2015072300100361,2015년 7월 23일 15시,목요일,부산광역시 영도구 동삼동,중상사고,0,2,0,0,차대차 - 측면직각충돌,안전거리미확보,건조,맑음,단일로 - 기타,승용,남,61세,상해없음,이륜,남,22세,중상
2015072300100362,2015년 7월 23일 15시,목요일,부산광역시 금정구 청룡동,경상사고,0,0,2,0,차대차 - 추돌 - 주정차중,안전거리미확보,건조,맑음,단일로 - 기타,승용,남,58세,상해없음,승용,남,21세,경상
2015072300100400,2015년 7월 23일 16시,목요일,부산광역시 남구 감만동,중상사고,0,1,0,0,차대차 - 기타,안전운전불이행,건조,맑음,단일로 - 기타,승용,남,44세,상해없음,이륜,남,48세,중상
2015072300100401,2015년 7월 23일 16시,목요일,부산광역시 해운대구 우동,경상사고,0,0,1,0,차대차 - 추돌 - 주정차중,안전운전불이행,건조,맑음,단일로 - 기타,승용,남,28세,상해없음,승용,남,33세,경상
2015072300100440,2015년 7월 23일 17시,목요일,부산광역시 서구 암남동,경상사고,0,0,1,0,차대사람 - 길가장자리구역통행중,안전운전불이행,건조,맑음,단일로 - 기타,승용,남,22세,상해없음,보행자,여,46세,경상
2015072300100441,2015년 7월 23일 17시,목요일,부산광역시 영도구 봉래동1가,중상사고,0,1,0,0,차대사람 - 횡단중,안전운전불이행,건조,맑음,교차로 - 교차로안,승용,남,64세,상해없음,보행자,남,50세,중상
2015072300100483,2015년 7월 23일 18시,목요일,부산광역시 북구 덕천동,경상사고,0,0,1,0,차대차 - 측면직각충돌,안전거리미확보,건조,맑음,단일로 - 기타,화물,여,56세,상해없음,승용,남,49세,경상
2015072300100484,2015년 7월 23일 18시,목요일,부산광역시 동래구 명장동,중상사고,0,1,0,0,차대차 - 측면직각충돌,안전거리미확보,건조,맑음,단일로 - 기타,화물,남,41세,상해없음,원동기,남,51세,중상
2015072300100485,2015년 7월 23일 18시,목요일,부산광역시 해운대구 반송동,중상사고,0,1,0,0,차대사람 - 횡단중,신호위반,건조,맑음,단일로 - 기타,승용,남,51세,상해없음,보행자,남,11세,중상
2015072300100486,2015년 7월 23일 18시,목요일,부산광역시 부산진구 가야동,경상사고,0,0,1,0,차대사람 - 기타,안전운전불이행,건조,흐림,단일로 - 기타,승용,남,58세,상해없음,보행자,여,13세,경상
2015072300100531,2015년 7월 23일 19시,목요일,부산광역시 중구 영주동,중상사고,0,1,0,0,차대차 - 측면직각충돌,중앙선침범,습기,흐림,미분류 - 미분류,승용,남,44세,상해없음,승용,남,34세,중상
2015072300100532,2015년 7월 23일 19시,목요일,부산광역시 금정구 부곡동,경상사고,0,0,1,0,차대사람 - 횡단중,안전운전불이행,습기,비,교차로 - 교차로안,승용,남,47세,상해없음,보행자,여,23세,경상
2015072300100533,2015년 7월 23일 19시,목요일,부산광역시 사하구 신평동,중상사고,0,1,1,0,차대차 - 기타,안전운전불이행,습기,흐림,교차로 - 교차로안,화물,남,42세,상해없음,승용,남,21세,중상
2015072300100534,2015년 7월 23일 19시,목요일,부산광역시 강서구 대저1동,중상사고,0,1,0,0,차대차 - 기타,안전운전불이행,건조,흐림,단일로 - 기타,이륜,남,80세,중상,승용,남,19세,상해없음
2015072300100575,2015년 7월 23일 20시,목요일,부산광역시 금정구 부곡동,부상신고사고,0,0,0,1,차대차 - 기타,안전운전불이행,습기,비,교차로 - 교차로안,이륜,남,21세,부상신고,승용,남,51세,상해없음
2015072300100576,2015년 7월 23일 20시,목요일,부산광역시 연제구 연산동,부상신고사고,0,0,0,2,차대차 - 측면직각충돌,안전운전불이행,건조,맑음,교차로 - 교차로부근,승용,남,58세,상해없음,승용,여,21세,부상신고
2015072300100624,2015년 7월 23일 21시,목요일,부산광역시 부산진구 연지동,중상사고,0,2,0,0,차대차 - 측면직각충돌,중앙선침범,건조,맑음,단일로 - 기타,승용,남,57세,상해없음,이륜,남,46세,중상
2015072300100670,2015년 7월 23일 22시,목요일,부산광역시 서구 암남동,경상사고,0,0,4,1,차대차 - 기타,신호위반,습기,흐림,교차로 - 교차로안,승용,남,20세,상해없음,승용,남,25세,경상
2015072300100671,2015년 7월 23일 22시,목요일,부산광역시 사하구 장림동,중상사고,0,1,0,0,차량단독 - 기타,안전운전불이행,건조,맑음,단일로 - 기타,승합,남,57세,상해없음,,,,
2015072300100672,2015년 7월 23일 22시,목요일,부산광역시 수영구 망미동,중상사고,0,1,0,0,차량단독 - 기타,기타,건조,맑음,교차로 - 교차로부근,승용,남,52세,상해없음,,,,
2015072300100722,2015년 7월 23일 23시,목요일,부산광역시 서구 동대신동1가,부상신고사고,0,0,0,2,차대차 - 측면직각충돌,안전운전불이행,건조,흐림,단일로 - 기타,승용,남,58세,상해없음,원동기,남,18세,부상신고
2015072300100723,2015년 7월 23일 23시,목요일,부산광역시 해운대구 반여동,중상사고,0,3,1,0,차대차 - 기타,신호위반,기타,맑음,교차로 - 교차로안,승용,남,50세,상해없음,승용,남,19세,기타불명
2015072300100724,2015년 7월 23일 23시,목요일,부산광역시 사하구 하단동,경상사고,0,0,1,0,차대차 - 정면충돌,중앙선침범,습기,흐림,단일로 - 기타,승용,남,33세,상해없음,승합,남,64세,상해없음
2015072300100725,2015년 7월 23일 23시,목요일,부산광역시 수영구 수영동,경상사고,0,0,2,0,차대차 - 추돌 - 진행중,안전운전불이행,건조,맑음,교차로 - 교차로부근,승용,남,58세,상해없음,승용,남,21세,경상
2015072400100016,2015년 7월 24일 00시,금요일,부산광역시 사하구 신평동,경상사고,0,0,1,0,차대차 - 추돌 - 진행중,안전거리미확보,습기,흐림,단일로 - 기타,이륜,남,19세,경상,화물,남,24세,상해없음
2015072400100050,2015년 7월 24일 01시,금요일,부산광역시 금정구 장전동,경상사고,0,0,1,0,차대사람 - 기타,보행자보호의무위반,건조,맑음,단일로 - 기타,승용,남,29세,기타불명,보행자,남,55세,경상
2015072400100068,2015년 7월 24일 02시,금요일,부산광역시 남구 대연동,경상사고,0,0,2,0,차대차 - 추돌 - 진행중,안전운전불이행,습기,비,단일로 - 기타,승용,기타불명,기타불명,기타불명,화물,남,59세,경상
2015072400100087,2015년 7월 24일 03시,금요일,부산광역시 동구 초량동,경상사고,0,0,2,0,차대차 - 추돌 - 주정차중,안전운전불이행,습기,비,단일로 - 기타,승용,남,35세,상해없음,화물,여,59세,경상
2015072400100088,2015년 7월 24일 03시,금요일,부산광역시 해운대구 우동,경상사고,0,0,1,0,차대차 - 추돌 - 주정차중,안전거리미확보,습기,비,단일로 - 기타,승용,기타불명,기타불명,기타불명,승용,남,58세,경상
2015072400100113,2015년 7월 24일 05시,금요일,부산광역시 영도구 대교동2가,경상사고,0,0,2,0,차대차 - 추돌 - 주정차중,안전운전불이행,건조,맑음,단일로 - 기타,승용,남,25세,상해없음,승용,남,52세,경상
2015072400100114,2015년 7월 24일 05시,금요일,부산광역시 부산진구 전포동,경상사고,0,0,1,0,차대차 - 측면직각충돌,신호위반,습기,비,교차로 - 교차로안,이륜,남,39세,상해없음,승용,남,60세,경상
2015072400100124,2015년 7월 24일 06시,금요일,부산광역시 사하구 신평동,중상사고,0,2,1,0,차대차 - 추돌 - 진행중,안전거리미확보,습기,흐림,단일로 - 기타,승용,남,31세,경상,승용,남,28세,상해없음
2015072400100143,2015년 7월 24일 07시,금요일,부산광역시 서구 서대신동3가,경상사고,0,0,1,0,차대차 - 측면직각충돌,안전운전불이행,건조,맑음,단일로 - 기타,승용,남,26세,상해없음,이륜,남,50세,경상
2015072400100144,2015년 7월 24일 07시,금요일,부산광역시 연제구 연산동,경상사고,0,0,1,0,차대차 - 측면직각충돌,안전거리미확보,습기,흐림,단일로 - 기타,승합,남,55세,상해없음,화물,남,39세,경상
2015072400100165,2015년 7월 24일 08시,금요일,부산광역시 동구 범일동,경상사고,0,0,1,0,차대차 - 측면직각충돌,안전운전불이행,건조,맑음,교차로 - 교차로안,승합,남,62세,상해없음,승합,남,51세,경상
2015072400100166,2015년 7월 24일 08시,금요일,부산광역시 부산진구 당감동,경상사고,0,0,1,0,차대차 - 추돌 - 진행중,안전거리미확보,건조,맑음,단일로 - 기타,승용,여,31세,상해없음,승용,여,47세,경상
2015072400100209,2015년 7월 24일 09시,금요일,부산광역시 남구 대연동,경상사고,0,0,1,0,차대차 - 측면직각충돌,안전운전불이행,건조,맑음,단일로 - 기타,승용,남,31세,상해없음,승용,남,38세,경상
2015072400100210,2015년 7월 24일 09시,금요일,부산광역시 사하구 당리동,중상사고,0,1,0,0,차대사람 - 횡단중,보행자보호의무위반,건조,맑음,단일로 - 횡단보도상,승합,남,67세,상해없음,보행자,여,28세,중상
2015072400100211,2015년 7월 24일 09시,금요일,부산광역시 강서구 범방동,중상사고,0,1,0,0,차대차 - 기타,중앙선침범,건조,맑음,단일로 - 기타,화물,남,32세,상해없음,승용,여,60세,중상
2015072400100242,2015년 7월 24일 10시,금요일,부산광역시 중구 영주동,경상사고,0,0,4,0,차대차 - 측면직각충돌,중앙선침범,건조,맑음,단일로 - 기타,승용,여,54세,경상,승합,남,40세,경상
2015072400100243,2015년 7월 24일 10시,금요일,부산광역시 수영구 광안동,중상사고,0,1,0,0,차대사람 - 횡단중,안전운전불이행,건조,흐림,단일로 - 횡단보도부근,건설기계,남,47세,상해없음,보행자,여,56세,중상
2015072400100244,2015년 7월 24일 10시,금요일,부산광역시 해운대구 우동,사망사고,1,0,0,0,차대차 - 측면직각충돌,불법유턴,습기,비,교차로 - 교차로안,자전거,여,61세,사망,승용,여,51세,상해없음
2015072400100245,2015년 7월 24일 10시,금요일,부산광역시 금정구 회동동,경상사고,0,0,1,0,차대사람 - 횡단중,안전운전불이행,건조,맑음,단일로 - 기타,원동기,남,16세,상해없음,보행자,여,17세,경상
2015072400100278,2015년 7월 24일 11시,금요일,부산광역시 영도구 청학동,경상사고,0,0,1,0,차대차 - 기타,신호위반,습기,비,교차로 - 교차로안,승용,여,61세,상해없음,이륜,남,37세,경상
2015072400100279,2015년 7월 24일 11시,금요일,부산광역시 해운대구 반여동,부상신고사고,0,0,0,1,차대차 - 측면직각충돌,안전운전불이행,건조,맑음,교차로 - 교차로안,이륜,남,20세,부상신고,화물,남,54세,상해없음
2015072400100280,2015년 7월 24일 11시,금요일,부산광역시 연제구 거제동,경상사고,0,0,1,0,차대차 - 기타,안전운전불이행,건조,맑음,교차로 - 교차로부근,승용,남,43세,기타불명,승용,여,35세,경상
2015072400100323,2015년 7월 24일 12시,금요일,부산광역시 해운대구 좌동,중상사고,0,1,0,0,차량단독 - 기타,안전운전불이행,건조,맑음,단일로 - 기타,승합,남,58세,상해없음,,,,
2015072400100352,2015년 7월 24일 13시,금요일,부산광역시 동구 초량동,경상사고,0,0,1,0,차량단독 - 도로외이탈 - 추락,안전운전불이행,건조,맑음,단일로 - 기타,승용,남,58세,경상,,,,
2015072400100353,2015년 7월 24일 13시,금요일,부산광역시 사상구 주례동,경상사고,0,0,1,0,차대차 - 측면직각충돌,안전거리미확보,건조,맑음,단일로 - 기타,승용,여,45세,상해없음,이륜,남,24세,경상
2015072400100388,2015년 7월 24일 14시,금요일,부산광역시 서구 암남동,경상사고,0,0,1,0,차대차 - 측면직각충돌,안전운전불이행,건조,맑음,단일로 - 기타,승용,남,51세,상해없음,승용,남,58세,경상
2015072400100389,2015년 7월 24일 14시,금요일,부산광역시 해운대구 반여동,중상사고,0,2,0,0,차대차 - 측면직각충돌,교차로운행방법위반,건조,맑음,교차로 - 교차로안,승용,남,67세,상해없음,승용,남,62세,중상
2015072400100390,2015년 7월 24일 14시,금요일,부산광역시 금정구 서동,경상사고,0,0,1,0,차대사람 - 기타,안전운전불이행,건조,맑음,단일로 - 기타,승용,남,53세,상해없음,보행자,남,73세,경상
2015072400100429,2015년 7월 24일 15시,금요일,부산광역시 동구 좌천동,중상사고,0,2,0,0,차대차 - 측면직각충돌,중앙선침범,건조,맑음,단일로 - 기타,화물,남,29세,상해없음,승용,남,44세,중상
2015072400100430,2015년 7월 24일 15시,금요일,부산광역시 수영구 광안동,부상신고사고,0,0,0,1,차대사람 - 기타,보행자보호의무위반,건조,맑음,단일로 - 기타,승용,남,30세,상해없음,보행자,남,7세,부상신고
2015072400100431,2015년 7월 24일 15시,금요일,부산광역시 부산진구 부전동,중상사고,0,1,0,0,차대사람 - 횡단중,중앙선침범,건조,맑음,단일로 - 기타,승용,남,58세,상해없음,보행자,여,56세,중상
2015072400100466,2015년 7월 24일 16시,금요일,부산광역시 북구 구포동,경상사고,0,0,1,0,차대차 - 측면직각충돌,안전거리미확보,건조,맑음,단일로 - 기타,승용,여,52세,상해없음,승용,남,27세,경상
2015072400100467,2015년 7월 24일 16시,금요일,부산광역시 금정구 서동,경상사고,0,0,3,0,차대차 - 측면직각충돌,교차로운행방법위반,건조,맑음,교차로 - 교차로안,승용,남,56세,상해없음,이륜,남,18세,경상
2015072400100468,2015년 7월 24일 16시,금요일,부산광역시 사상구 엄궁동,경상사고,0,0,1,0,차대차 - 측면직각충돌,안전운전불이행,건조,맑음,교차로 - 교차로부근,이륜,남,16세,경상,화물,남,64세,상해없음
2015072400100550,2015년 7월 24일 18시,금요일,부산광역시 강서구 범방동,경상사고,0,0,1,0,차대차 - 추돌 - 진행중,안전운전불이행,건조,맑음,기타 - 기타,특수,남,49세,상해없음,승용,남,31세,경상
2015072400100581,2015년 7월 24일 19시,금요일,부산광역시 해운대구 반여동,경상사고,0,0,1,0,차대사람 - 기타,안전운전불이행,건조,맑음,단일로 - 기타,자전거,남,22세,상해없음,보행자,여,39세,경상
2015072400100582,2015년 7월 24일 19시,금요일,부산광역시 부산진구 가야동,경상사고,0,0,1,0,차대차 - 측면직각충돌,안전운전불이행,건조,맑음,교차로 - 교차로부근,승합,남,46세,상해없음,승합,남,51세,경상
2015072400100583,2015년 7월 24일 19시,금요일,부산광역시 강서구 대저2동,사망사고,1,0,0,0,차대사람 - 기타,안전운전불이행,건조,맑음,단일로 - 횡단보도부근,화물,남,50세,상해없음,보행자,남,4세,사망
2015072400100623,2015년 7월 24일 20시,금요일,부산광역시 동래구 온천동,중상사고,0,2,0,0,차대차 - 기타,안전거리미확보,건조,맑음,단일로 - 기타,승용,남,52세,상해없음,승합,남,51세,상해없음
2015072400100624,2015년 7월 24일 20시,금요일,부산광역시 사하구 다대동,중상사고,0,1,0,0,차대사람 - 기타,안전운전불이행,건조,맑음,단일로 - 기타,승용,남,45세,상해없음,보행자,여,57세,중상
2015072400100671,2015년 7월 24일 21시,금요일,부산광역시 수영구 민락동,부상신고사고,0,0,0,1,차대사람 - 길가장자리구역통행중,안전운전불이행,건조,맑음,교차로 - 교차로부근,화물,남,34세,상해없음,보행자,남,47세,부상신고
2015072400100672,2015년 7월 24일 21시,금요일,부산광역시 동래구 안락동,중상사고,0,2,0,0,차대차 - 추돌 - 주정차중,안전운전불이행,건조,맑음,단일로 - 기타,승용,남,46세,상해없음,승용,남,33세,중상
2015072400100673,2015년 7월 24일 21시,금요일,부산광역시 동래구 온천동,경상사고,0,0,1,0,차대사람 - 차도통행중,안전운전불이행,건조,맑음,단일로 - 기타,승용,남,42세,상해없음,보행자,남,60세,경상
2015072400100708,2015년 7월 24일 22시,금요일,부산광역시 사하구 하단동,경상사고,0,0,1,0,차대차 - 추돌 - 주정차중,안전운전불이행,건조,맑음,교차로 - 교차로부근,화물,기타불명,기타불명,기타불명,자전거,남,17세,경상
2015072400100709,2015년 7월 24일 22시,금요일,부산광역시 연제구 연산동,경상사고,0,0,1,0,차대사람 - 차도통행중,안전운전불이행,건조,맑음,단일로 - 기타,승용,남,18세,상해없음,보행자,남,7세,경상
2015072400100753,2015년 7월 24일 23시,금요일,부산광역시 해운대구 우동,중상사고,0,1,0,0,차대사람 - 기타,교차로운행방법위반,건조,맑음,교차로 - 교차로안,승용,여,41세,상해없음,보행자,남,57세,중상
2015072500100008,2015년 7월 25일 00시,토요일,부산광역시 중구 보수동1가,중상사고,0,1,0,0,차대사람 - 기타,안전운전불이행,건조,맑음,단일로 - 기타,승용,남,45세,상해없음,보행자,여,63세,중상
2015072500100040,2015년 7월 25일 01시,토요일,부산광역시 중구 보수동1가,경상사고,0,0,2,0,차대차 - 측면직각충돌,차로위반,건조,맑음,교차로 - 교차로안,승용,남,54세,상해없음,승용,남,70세,경상
2015072500100041,2015년 7월 25일 01시,토요일,부산광역시 수영구 광안동,부상신고사고,0,0,0,1,차대사람 - 길가장자리구역통행중,안전운전불이행,건조,맑음,단일로 - 기타,승용,여,24세,기타불명,보행자,남,34세,부상신고
2015072500100042,2015년 7월 25일 01시,토요일,부산광역시 해운대구 중동,중상사고,0,2,2,0,차대차 - 정면충돌,신호위반,건조,맑음,교차로 - 교차로안,승용,남,51세,중상,승용,남,29세,경상
2015072500100043,2015년 7월 25일 01시,토요일,부산광역시 사하구 다대동,경상사고,0,0,1,0,차대차 - 기타,안전운전불이행,건조,맑음,단일로 - 기타,화물,남,42세,상해없음,승합,남,63세,경상
2015072500100044,2015년 7월 25일 01시,토요일,부산광역시 사하구 구평동,경상사고,0,0,4,0,차대차 - 기타,안전운전불이행,건조,맑음,단일로 - 기타,화물,남,48세,상해없음,승용,남,25세,경상
2015072500100070,2015년 7월 25일 02시,토요일,부산광역시 부산진구 부전동,사망사고,1,0,0,0,차대사람 - 횡단중,과속,건조,맑음,단일로 - 기타,승용,남,59세,상해없음,보행자,여,25세,사망
2015072500100090,2015년 7월 25일 03시,토요일,부산광역시 사하구 하단동,경상사고,0,0,1,0,차대사람 - 기타,안전운전불이행,건조,맑음,단일로 - 기타,승용,남,53세,상해없음,보행자,여,25세,경상
2015072500100109,2015년 7월 25일 04시,토요일,부산광역시 남구 문현동,경상사고,0,0,1,0,차대차 - 추돌 - 주정차중,안전운전불이행,건조,맑음,교차로 - 교차로부근,승용,남,26세,상해없음,승용,남,71세,경상
2015072500100137,2015년 7월 25일 05시,토요일,부산광역시 해운대구 반송동,중상사고,0,1,0,0,차대사람 - 횡단중,보행자보호의무위반,건조,맑음,교차로 - 교차로안,승용,여,61세,상해없음,보행자,남,66세,중상
2015072500100176,2015년 7월 25일 07시,토요일,부산광역시 해운대구 재송동,중상사고,0,2,3,0,차대차 - 정면충돌,중앙선침범,건조,맑음,교차로 - 교차로부근,승용,남,38세,중상,승용,남,39세,상해없음
2015072500100177,2015년 7월 25일 07시,토요일,부산광역시 강서구 명지동,중상사고,0,1,0,0,차대차 - 기타,안전거리미확보,건조,맑음,단일로 - 기타,승용,남,23세,상해없음,승용,남,31세,중상
2015072500100200,2015년 7월 25일 08시,토요일,부산광역시 사상구 학장동,경상사고,0,0,2,0,차대차 - 추돌 - 주정차중,안전거리미확보,건조,맑음,단일로 - 기타,승용,여,30세,경상,화물,남,46세,상해없음
2015072500100220,2015년 7월 25일 09시,토요일,부산광역시 동구 초량동,경상사고,0,0,1,0,차대사람 - 기타,안전운전불이행,건조,맑음,단일로 - 기타,승용,남,30세,기타불명,보행자,남,67세,경상
2015072500100221,2015년 7월 25일 09시,토요일,부산광역시 북구 만덕동,중상사고,0,1,0,0,차대차 - 추돌 - 주정차중,안전운전불이행,건조,맑음,단일로 - 기타,건설기계,남,49세,상해없음,승용,남,47세,중상
2015072500100222,2015년 7월 25일 09시,토요일,부산광역시 사하구 신평동,경상사고,0,0,1,0,차대차 - 측면직각충돌,안전거리미확보,건조,맑음,단일로 - 기타,화물,남,52세,상해없음,승용,여,51세,경상
2015072500100249,2015년 7월 25일 10시,토요일,부산광역시 해운대구 반송동,중상사고,0,1,0,0,차대차 - 기타,신호위반,건조,맑음,교차로 - 교차로안,승용,남,60세,상해없음,자전거,남,24세,중상
2015072500100250,2015년 7월 25일 10시,토요일,부산광역시 부산진구 당감동,경상사고,0,0,1,0,차대사람 - 횡단중,안전운전불이행,건조,맑음,단일로 - 기타,승용,남,47세,상해없음,보행자,남,29세,경상