사고번호,사고일시,요일,시군구,사고내용,사망자수,중상자수,경상자수,부상신고자수,사고유형,법규위반,노면상태,기상상태,도로형태,가해운전자 차종,가해운전자 성별,가해운전자 연령,가해운전자 상해정도,피해운전자 차종,피해운전자 성별,피해운전자 연령,피해운전자 상해정도
2015072500100278,2015년 7월 25일 11시,토요일,부산광역시 해운대구 반송동,중상사고,0,1,0,0,차량단독 - 공작물충돌,안전운전불이행,건조,맑음,단일로 - 기타,승합,남,40세,상해없음,,,,
2015072500100321,2015년 7월 25일 12시,토요일,부산광역시 부산진구 부전동,중상사고,0,1,0,0,차대차 - 측면직각충돌,신호위반,건조,맑음,교차로 - 교차로안,승용,여,36세,상해없음,승용,여,41세,중상
2015072500100353,2015년 7월 25일 13시,토요일,부산광역시 사하구 구평동,중상사고,0,3,0,0,차대차 - 추돌 - 진행중,안전거리미확보,건조,맑음,단일로 - 기타,승용,남,52세,상해없음,승용,여,39세,중상
2015072500100374,2015년 7월 25일 14시,토요일,부산광역시 북구 구포동,부상신고사고,0,0,0,1,차대차 - 추돌 - 주정차중,안전운전불이행,건조,맑음,단일로 - 기타,승용,남,43세,상해없음,승용,남,49세,부상신고
2015072500100375,2015년 7월 25일 14시,토요일,부산광역시 동래구 안락동,경상사고,0,0,1,0,차대차 - 측면직각충돌,신호위반,건조,맑음,교차로 - 교차로안,승용,여,47세,상해없음,승용,남,67세,경상
2015072500100376,2015년 7월 25일 14시,토요일,부산광역시 해운대구 우동,경상사고,0,0,3,0,차대차 - 추돌 - 진행중,안전거리미확보,건조,맑음,단일로 - 터널,승용,남,31세,상해없음,승용,남,31세,경상
2015072500100406,2015년 7월 25일 15시,토요일,부산광역시 서구 부민동1가,중상사고,0,1,0,0,차대차 - 추돌 - 진행중,안전운전불이행,건조,맑음,교차로 - 교차로안,이륜,남,31세,중상,건설기계,남,58세,상해없음
2015072500100407,2015년 7월 25일 15시,토요일,부산광역시 해운대구 반여동,중상사고,0,1,0,0,차대사람 - 기타,신호위반,건조,맑음,단일로 - 횡단보도상,승용,여,41세,상해없음,보행자,여,9세,중상
2015072500100408,2015년 7월 25일 15시,토요일,부산광역시 사하구 하단동,경상사고,0,0,1,0,차대차 - 기타,차로위반,건조,맑음,단일로 - 기타,승용,남,56세,상해없음,승용,남,65세,경상
2015072500100409,2015년 7월 25일 15시,토요일,부산광역시 사하구 신평동,경상사고,0,0,3,0,차대차 - 추돌 - 주정차중,안전운전불이행,건조,맑음,단일로 - 기타,화물,남,47세,상해없음,승용,남,21세,경상
2015072500100410,2015년 7월 25일 15시,토요일,부산광역시 강서구 대저2동,경상사고,0,0,1,0,차대차 - 측면직각충돌,교차로운행방법위반,건조,맑음,교차로 - 교차로안,승용,남,61세,상해없음,승용,남,32세,경상
2015072500100446,2015년 7월 25일 16시,토요일,부산광역시 부산진구 전포동,중상사고,0,1,0,0,차량단독 - 기타,기타,건조,맑음,단일로 - 기타,승합,남,37세,상해없음,,,,
2015072500100476,2015년 7월 25일 17시,토요일,부산광역시 동구 수정동,중상사고,0,1,0,0,차대사람 - 기타,안전운전불이행,건조,맑음,단일로 - 기타,승합,남,68세,상해없음,보행자,남,56세,중상
2015072500100477,2015년 7월 25일 17시,토요일,부산광역시 부산진구 양정동,중상사고,0,5,0,0,차대차 - 측면직각충돌,신호위반,건조,맑음,교차로 - 교차로안,승용,남,29세,상해없음,승용,남,46세,중상
2015072500100519,2015년 7월 25일 18시,토요일,부산광역시 동구 범일동,경상사고,0,0,1,0,차대사람 - 횡단중,신호위반,건조,맑음,교차로 - 교차로부근,승용,남,51세,상해없음,보행자,남,52세,경상
2015072500100520,2015년 7월 25일 18시,토요일,부산광역시 수영구 광안동,중상사고,0,1,0,0,차대사람 - 횡단중,안전운전불이행,건조,맑음,단일로 - 기타,화물,남,59세,상해없음,보행자,여,62세,중상
2015072500100521,2015년 7월 25일 18시,토요일,부산광역시 해운대구 좌동,중상사고,0,1,0,0,차대사람 - 횡단중,신호위반,건조,맑음,단일로 - 횡단보도상,승용,여,49세,상해없음,보행자,여,63세,중상
2015072500100522,2015년 7월 25일 18시,토요일,부산광역시 금정구 부곡동,중상사고,0,1,2,0,차대차 - 기타,안전운전불이행,건조,맑음,교차로 - 교차로안,원동기,남,67세,경상,승용,남,71세,중상
2015072500100559,2015년 7월 25일 19시,토요일,부산광역시 동구 수정동,경상사고,0,0,1,0,차대차 - 정면충돌,안전운전불이행,건조,맑음,단일로 - 기타,승용,남,31세,상해없음,이륜,남,57세,경상
2015072500100560,2015년 7월 25일 19시,토요일,부산광역시 수영구 광안동,중상사고,0,1,0,0,차대차 - 측면직각충돌,안전운전불이행,건조,맑음,교차로 - 교차로안,승용,남,36세,상해없음,이륜,남,30세,중상
2015072500100561,2015년 7월 25일 19시,토요일,부산광역시 금정구 회동동,중상사고,0,1,1,1,차대차 - 기타,중앙선침범,건조,맑음,단일로 - 기타,승용,남,51세,중상,승용,남,60세,경상
2015072500100680,2015년 7월 25일 22시,토요일,부산광역시 동래구 안락동,중상사고,0,1,1,0,차대차 - 추돌 - 진행중,안전거리미확보,건조,맑음,단일로 - 기타,승용,여,43세,상해없음,승용,남,40세,경상
2015072500100681,2015년 7월 25일 22시,토요일,부산광역시 부산진구 부전동,경상사고,0,0,1,0,차대사람 - 횡단중,안전운전불이행,건조,맑음,기타 - 기타,원동기,남,28세,상해없음,보행자,여,26세,경상
2015072500100707,2015년 7월 25일 23시,토요일,부산광역시 해운대구 재송동,경상사고,0,0,1,0,차대차 - 기타,교차로운행방법위반,건조,맑음,교차로 - 교차로안,승용,남,50세,상해없음,승용,남,60세,경상
2015072500100708,2015년 7월 25일 23시,토요일,부산광역시 사하구 감천동,경상사고,0,0,1,0,차대차 - 기타,안전거리미확보,건조,맑음,단일로 - 기타,승용,남,30세,상해없음,승용,남,66세,경상
2015072600100140,2015년 7월 26일 09시,일요일,부산광역시 중구 영주동,경상사고,0,0,1,0,차대사람 - 기타,안전운전불이행,건조,맑음,단일로 - 기타,승용,남,43세,상해없음,보행자,남,68세,경상
2015072600100155,2015년 7월 26일 10시,일요일,부산광역시 금정구 구서동,부상신고사고,0,0,0,1,차대차 - 기타,중앙선침범,건조,맑음,단일로 - 기타,이륜,남,33세,부상신고,승용,남,48세,상해없음
2015072600100231,2015년 7월 26일 13시,일요일,부산광역시 해운대구 중동,중상사고,0,1,0,0,차대사람 - 기타,보행자보호의무위반,건조,맑음,단일로 - 횡단보도상,승용,여,54세,상해없음,보행자,여,64세,중상
2015072600100259,2015년 7월 26일 14시,일요일,부산광역시 동구 범일동,경상사고,0,0,1,0,차대차 - 측면직각충돌,교차로운행방법위반,건조,맑음,교차로 - 교차로안,승용,남,65세,상해없음,승용,남,54세,상해없음
2015072600100291,2015년 7월 26일 15시,일요일,부산광역시 중구 보수동1가,부상신고사고,0,0,0,1,차대차 - 추돌 - 진행중,안전거리미확보,건조,맑음,단일로 - 기타,원동기,남,57세,부상신고,승합,남,46세,상해없음
2015072600100292,2015년 7월 26일 15시,일요일,부산광역시 남구 용호동,중상사고,0,1,0,0,차대차 - 측면직각충돌,안전운전불이행,건조,맑음,단일로 - 기타,승용,남,55세,상해없음,승합,남,43세,상해없음
2015072600100293,2015년 7월 26일 15시,일요일,부산광역시 부산진구 개금동,경상사고,0,0,1,0,차대사람 - 기타,기타,건조,맑음,기타 - 기타,승합,남,53세,상해없음,보행자,여,35세,경상
2015072600100294,2015년 7월 26일 15시,일요일,부산광역시 부산진구 가야동,경상사고,0,0,4,0,차대차 - 측면직각충돌,신호위반,건조,맑음,교차로 - 교차로안,승용,여,55세,상해없음,승용,남,68세,경상
2015072600100295,2015년 7월 26일 15시,일요일,부산광역시 기장군 기장읍,중상사고,0,1,0,0,차량단독 - 기타,기타,건조,맑음,단일로 - 기타,승합,남,41세,상해없음,,,,
2015072600100320,2015년 7월 26일 16시,일요일,부산광역시 북구 구포동,경상사고,0,0,1,0,차대사람 - 기타,안전운전불이행,건조,맑음,단일로 - 기타,승합,남,42세,상해없음,보행자,남,53세,경상
2015072600100321,2015년 7월 26일 16시,일요일,부산광역시 수영구 망미동,경상사고,0,0,1,0,차대사람 - 기타,안전운전불이행,건조,맑음,단일로 - 기타,승용,남,23세,상해없음,보행자,남,67세,경상
2015072600100346,2015년 7월 26일 17시,일요일,부산광역시 남구 감만동,중상사고,0,1,1,0,차대차 - 기타,안전거리미확보,건조,맑음,기타 - 기타,원동기,남,55세,경상,승용,남,41세,상해없음
2015072600100347,2015년 7월 26일 17시,일요일,부산광역시 남구 문현동,경상사고,0,0,3,0,차대차 - 추돌 - 진행중,안전거리미확보,건조,맑음,교차로 - 교차로부근,화물,남,37세,상해없음,승용,여,47세,상해없음
2015072600100402,2015년 7월 26일 19시,일요일,부산광역시 금정구 장전동,경상사고,0,0,1,0,차대차 - 측면직각충돌,직진우회전진행방해,건조,맑음,교차로 - 교차로안,승용,남,55세,상해없음,승용,남,52세,상해없음
2015072600100403,2015년 7월 26일 19시,일요일,부산광역시 수영구 망미동,부상신고사고,0,0,0,1,차대차 - 추돌 - 진행중,안전거리미확보,건조,맑음,단일로 - 기타,이륜,남,68세,부상신고,승용,여,42세,상해없음
2015072600100429,2015년 7월 26일 20시,일요일,부산광역시 북구 금곡동,중상사고,0,1,0,0,차대차 - 기타,안전거리미확보,건조,맑음,단일로 - 기타,승용,남,66세,상해없음,승용,남,40세,중상
2015072600100456,2015년 7월 26일 21시,일요일,부산광역시 해운대구 반여동,경상사고,0,0,1,0,차대차 - 정면충돌,신호위반,건조,맑음,교차로 - 교차로안,승용,남,64세,상해없음,이륜,남,16세,경상
2015072700100011,2015년 7월 27일 01시,월요일,부산광역시 수영구 수영동,경상사고,0,0,2,0,차대차 - 측면직각충돌,안전운전불이행,건조,맑음,단일로 - 기타,승용,남,55세,상해없음,승용,남,36세,경상
2015072700100012,2015년 7월 27일 01시,월요일,부산광역시 사상구 감전동,중상사고,0,1,1,0,차대차 - 측면직각충돌,안전거리미확보,건조,맑음,교차로 - 교차로안,승용,남,56세,상해없음,이륜,남,18세,중상
2015072700100056,2015년 7월 27일 06시,월요일,부산광역시 중구 남포동1가,중상사고,0,1,0,0,차대사람 - 횡단중,보행자보호의무위반,건조,맑음,교차로 - 교차로안,화물,남,41세,상해없음,보행자,남,62세,중상
2015072700100090,2015년 7월 27일 08시,월요일,부산광역시 동래구 온천동,경상사고,0,0,1,0,차대차 - 추돌 - 주정차중,안전운전불이행,건조,맑음,교차로 - 교차로부근,승용,남,33세,상해없음,승용,남,33세,경상
2015072700100091,2015년 7월 27일 08시,월요일,부산광역시 금정구 금사동,중상사고,0,1,0,0,차대차 - 측면직각충돌,기타,건조,맑음,교차로 - 교차로안,승용,여,25세,상해없음,원동기,남,57세,중상
2015072700100092,2015년 7월 27일 08시,월요일,부산광역시 강서구 범방동,부상신고사고,0,0,0,1,차대차 - 측면직각충돌,안전운전불이행,건조,맑음,교차로 - 교차로부근,승용,여,57세,부상신고,건설기계,남,42세,상해없음
2015072700100128,2015년 7월 27일 09시,월요일,부산광역시 남구 대연동,중상사고,0,1,0,0,차량단독 - 공작물충돌,안전운전불이행,건조,맑음,단일로 - 기타,화물,남,64세,상해없음,,,,
2015072700100170,2015년 7월 27일 10시,월요일,부산광역시 남구 문현동,경상사고,0,0,1,0,차대사람 - 기타,보행자보호의무위반,건조,맑음,단일로 - 횡단보도상,승용,남,55세,상해없음,보행자,남,8세,경상
2015072700100171,2015년 7월 27일 10시,월요일,부산광역시 수영구 남천동,경상사고,0,0,1,0,차대차 - 추돌 - 진행중,안전운전불이행,건조,맑음,단일로 - 기타,승용,남,62세,상해없음,승용,남,32세,경상
2015072700100172,2015년 7월 27일 10시,월요일,부산광역시 사하구 신평동,경상사고,0,0,4,0,차대차 - 기타,교차로운행방법위반,건조,맑음,교차로 - 교차로안,승용,여,53세,상해없음,승용,남,32세,경상
2015072700100208,2015년 7월 27일 11시,월요일,부산광역시 남구 대연동,경상사고,0,0,1,0,차대차 - 기타,안전운전불이행,건조,맑음,단일로 - 기타,승용,여,70세,상해없음,화물,남,36세,경상
2015072700100209,2015년 7월 27일 11시,월요일,부산광역시 해운대구 우동,경상사고,0,0,1,0,차대차 - 추돌 - 진행중,안전거리미확보,건조,맑음,단일로 - 교량,승용,남,41세,상해없음,승용,남,28세,경상
2015072700100210,2015년 7월 27일 11시,월요일,부산광역시 기장군 기장읍,경상사고,0,0,2,0,차대차 - 추돌 - 진행중,중앙선침범,건조,맑음,단일로 - 기타,이륜,남,71세,상해없음,승용,남,60세,경상
2015072700100240,2015년 7월 27일 12시,월요일,부산광역시 강서구 신호동,중상사고,0,2,0,0,차대차 - 측면직각충돌,신호위반,건조,맑음,교차로 - 교차로안,승용,남,38세,중상,승용,남,35세,중상
2015072700100241,2015년 7월 27일 12시,월요일,부산광역시 강서구 명지동,경상사고,0,0,4,0,차대차 - 측면직각충돌,신호위반,건조,맑음,교차로 - 교차로안,승용,여,53세,상해없음,승용,남,36세,경상
2015072700100285,2015년 7월 27일 14시,월요일,부산광역시 서구 남부민동,경상사고,0,0,1,0,차대차 - 측면직각충돌,교차로운행방법위반,건조,맑음,교차로 - 교차로부근,승용,남,71세,상해없음,승용,여,50세,경상
2015072700100286,2015년 7월 27일 14시,월요일,부산광역시 영도구 영선동4가,경상사고,0,0,1,0,차대사람 - 기타,안전운전불이행,건조,맑음,단일로 - 기타,승용,남,68세,상해없음,보행자,여,49세,경상
2015072700100287,2015년 7월 27일 14시,월요일,부산광역시 사하구 하단동,경상사고,0,0,1,0,차대차 - 기타,교차로운행방법위반,건조,맑음,교차로 - 교차로안,승용,여,31세,상해없음,자전거,남,23세,경상
2015072700100288,2015년 7월 27일 14시,월요일,부산광역시 사하구 다대동,경상사고,0,0,1,0,차대차 - 측면직각충돌,안전운전불이행,건조,맑음,단일로 - 기타,승합,남,69세,상해없음,자전거,남,67세,경상
2015072700100319,2015년 7월 27일 15시,월요일,부산광역시 북구 덕천동,경상사고,0,0,1,0,차량단독 - 기타,안전운전불이행,건조,맑음,단일로 - 기타,승합,남,62세,상해없음,,,,
2015072700100320,2015년 7월 27일 15시,월요일,부산광역시 강서구 식만동,중상사고,0,1,1,0,차대차 - 측면직각충돌,교차로운행방법위반,건조,맑음,교차로 - 교차로안,화물,남,53세,상해없음,화물,여,57세,중상
2015072700100357,2015년 7월 27일 16시,월요일,부산광역시 남구 대연동,경상사고,0,0,1,0,차대차 - 기타,교차로운행방법위반,건조,맑음,교차로 - 교차로안,승용,여,60세,상해없음,승용,여,51세,경상
2015072700100358,2015년 7월 27일 16시,월요일,부산광역시 동래구 수안동,중상사고,0,1,0,0,차대차 - 추돌 - 진행중,안전운전불이행,건조,맑음,단일로 - 횡단보도부근,화물,남,50세,상해없음,자전거,남,64세,중상
2015072700100360,2015년 7월 27일 16시,월요일,부산광역시 수영구 수영동,경상사고,0,0,1,0,차대차 - 기타,안전운전불이행,건조,맑음,단일로 - 기타,승용,여,56세,기타불명,승용,남,27세,경상
2015072700100361,2015년 7월 27일 16시,월요일,부산광역시 강서구 송정동,경상사고,0,0,2,0,차대차 - 측면직각충돌,교차로운행방법위반,건조,맑음,교차로 - 교차로안,화물,남,40세,상해없음,승용,남,35세,경상
2015072700100407,2015년 7월 27일 17시,월요일,부산광역시 강서구 대저2동,경상사고,0,0,1,0,차대차 - 측면직각충돌,중앙선침범,건조,맑음,기타 - 기타,승용,남,37세,상해없음,승용,남,30세,경상
2015072700100408,2015년 7월 27일 17시,월요일,부산광역시 사상구 학장동,경상사고,0,0,1,0,차대차 - 측면직각충돌,직진우회전진행방해,건조,맑음,교차로 - 교차로안,승용,남,54세,상해없음,승용,남,62세,경상
2015072700100487,2015년 7월 27일 19시,월요일,부산광역시 남구 대연동,경상사고,0,0,1,0,차대차 - 기타,안전운전불이행,건조,맑음,단일로 - 기타,이륜,남,21세,상해없음,이륜,남,20세,경상
2015072700100488,2015년 7월 27일 19시,월요일,부산광역시 기장군 기장읍,부상신고사고,0,0,0,1,차대차 - 기타,신호위반,건조,맑음,교차로 - 교차로안,승용,남,50세,부상신고,승용,남,69세,상해없음
2015072700100519,2015년 7월 27일 20시,월요일,부산광역시 수영구 민락동,경상사고,0,0,1,0,차대차 - 기타,차로위반,건조,맑음,기타 - 기타,승용,남,30세,상해없음,승용,여,46세,경상
2015072700100520,2015년 7월 27일 20시,월요일,부산광역시 해운대구 반여동,경상사고,0,0,1,0,차대차 - 기타,교차로운행방법위반,건조,맑음,교차로 - 교차로안,승용,여,55세,상해없음,승용,남,23세,경상
2015072700100521,2015년 7월 27일 20시,월요일,부산광역시 부산진구 범천동,경상사고,0,0,2,0,차대차 - 추돌 - 진행중,안전운전불이행,건조,맑음,단일로 - 기타,승용,남,27세,상해없음,승용,남,40세,경상
2015072700100522,2015년 7월 27일 20시,월요일,부산광역시 연제구 연산동,경상사고,0,0,4,0,차대차 - 기타,신호위반,건조,맑음,교차로 - 교차로안,승합,남,70세,상해없음,승합,남,57세,경상
2015072700100546,2015년 7월 27일 21시,월요일,부산광역시 중구 남포동2가,경상사고,0,0,3,0,차대차 - 측면직각충돌,안전운전불이행,건조,맑음,단일로 - 기타,승용,남,34세,경상,승용,남,44세,경상
2015072700100547,2015년 7월 27일 21시,월요일,부산광역시 남구 대연동,부상신고사고,0,0,0,1,차대차 - 측면직각충돌,안전운전불이행,건조,맑음,단일로 - 기타,승용,남,49세,상해없음,자전거,남,76세,부상신고
2015072700100548,2015년 7월 27일 21시,월요일,부산광역시 수영구 광안동,중상사고,0,1,0,0,차대사람 - 기타,안전운전불이행,건조,맑음,단일로 - 횡단보도부근,자전거,남,42세,상해없음,보행자,여,63세,중상
2015072700100591,2015년 7월 27일 22시,월요일,부산광역시 부산진구 전포동,중상사고,0,2,0,2,차대차 - 측면직각충돌,교차로운행방법위반,건조,맑음,교차로 - 교차로안,승용,남,65세,상해없음,승용,남,55세,상해없음
2015072700100592,2015년 7월 27일 22시,월요일,부산광역시 기장군 정관면,경상사고,0,0,1,0,차대차 - 추돌 - 주정차중,안전운전불이행,건조,맑음,교차로 - 교차로안,승용,남,54세,상해없음,승용,여,31세,경상
2015072800100060,2015년 7월 28일 04시,화요일,부산광역시 부산진구 양정동,부상신고사고,0,0,0,1,차대차 - 측면직각충돌,안전운전불이행,건조,맑음,교차로 - 교차로안,이륜,남,57세,부상신고,승용,남,57세,상해없음
2015072800100086,2015년 7월 28일 06시,화요일,부산광역시 서구 암남동,경상사고,0,0,1,1,차대차 - 추돌 - 주정차중,안전운전불이행,건조,맑음,교차로 - 교차로부근,화물,남,52세,상해없음,승용,남,52세,경상
2015072800100128,2015년 7월 28일 08시,화요일,부산광역시 사하구 신평동,경상사고,0,0,1,0,차대차 - 기타,안전거리미확보,건조,맑음,단일로 - 기타,승용,남,69세,상해없음,화물,남,71세,경상
2015072800100148,2015년 7월 28일 09시,화요일,부산광역시 부산진구 초읍동,중상사고,0,1,0,0,차대차 - 측면직각충돌,안전운전불이행,건조,맑음,단일로 - 기타,이륜,남,62세,중상,승용,남,54세,상해없음
2015072800100185,2015년 7월 28일 10시,화요일,부산광역시 동구 수정동,경상사고,0,0,1,0,차대사람 - 기타,보행자보호의무위반,건조,맑음,단일로 - 횡단보도상,화물,남,44세,상해없음,보행자,여,60세,경상
2015072800100186,2015년 7월 28일 10시,화요일,부산광역시 수영구 남천동,경상사고,0,0,1,0,차대사람 - 기타,안전운전불이행,건조,맑음,단일로 - 기타,승용,남,39세,상해없음,보행자,남,58세,경상
2015072800100208,2015년 7월 28일 11시,화요일,부산광역시 북구 화명동,중상사고,0,1,0,0,차대사람 - 횡단중,보행자보호의무위반,건조,맑음,단일로 - 횡단보도상,승용,여,52세,상해없음,보행자,여,67세,중상
2015072800100209,2015년 7월 28일 11시,화요일,부산광역시 북구 만덕동,중상사고,0,1,0,0,차대차 - 정면충돌,신호위반,건조,맑음,교차로 - 교차로안,승용,여,38세,상해없음,승용,여,57세,중상
2015072800100210,2015년 7월 28일 11시,화요일,부산광역시 동래구 사직동,경상사고,0,0,1,0,차대차 - 측면직각충돌,안전운전불이행,건조,맑음,교차로 - 교차로부근,승용,남,59세,상해없음,승용,남,41세,경상
2015072800100318,2015년 7월 28일 14시,화요일,부산광역시 서구 충무동1가,부상신고사고,0,0,0,1,차대차 - 측면직각충돌,안전운전불이행,건조,맑음,단일로 - 기타,이륜,남,78세,부상신고,승용,여,50세,상해없음
2015072800100319,2015년 7월 28일 14시,화요일,부산광역시 수영구 광안동,사망사고,1,0,0,0,차량단독 - 공작물충돌,안전운전불이행,건조,맑음,단일로 - 기타,승용,남,60세,상해없음,,,,
2015072800100320,2015년 7월 28일 14시,화요일,부산광역시 강서구 대저2동,중상사고,0,1,0,0,차대차 - 측면직각충돌,안전운전불이행,건조,맑음,교차로 - 교차로안,이륜,남,52세,중상,화물,남,28세,상해없음
2015072800100321,2015년 7월 28일 14시,화요일,부산광역시 사상구 주례동,중상사고,0,1,0,0,차대사람 - 길가장자리구역통행중,안전운전불이행,건조,맑음,단일로 - 기타,승용,여,33세,상해없음,보행자,여,30세,중상
2015072800100362,2015년 7월 28일 15시,화요일,부산광역시 강서구 송정동,경상사고,0,0,1,0,차대차 - 측면직각충돌,안전운전불이행,건조,맑음,교차로 - 교차로안,승용,여,30세,경상,화물,남,47세,상해없음
2015072800100393,2015년 7월 28일 16시,화요일,부산광역시 부산진구 범전동,경상사고,0,0,1,0,차대차 - 기타,안전운전불이행,건조,맑음,단일로 - 기타,승용,남,21세,기타불명,승용,남,56세,경상
2015072800100394,2015년 7월 28일 16시,화요일,부산광역시 금정구 금사동,부상신고사고,0,0,0,1,차대차 - 기타,안전운전불이행,건조,맑음,교차로 - 교차로안,승용,남,52세,부상신고,승합,남,39세,상해없음
2015072800100395,2015년 7월 28일 16시,화요일,부산광역시 사하구 하단동,경상사고,0,0,1,0,차대사람 - 기타,안전운전불이행,건조,맑음,단일로 - 기타,자전거,남,14세,상해없음,보행자,남,58세,경상
2015072800100396,2015년 7월 28일 16시,화요일,부산광역시 사하구 하단동,부상신고사고,0,0,0,1,차대차 - 추돌 - 주정차중,기타,건조,맑음,단일로 - 횡단보도부근,승용,남,45세,상해없음,자전거,남,30세,부상신고
2015072800100429,2015년 7월 28일 17시,화요일,부산광역시 북구 금곡동,부상신고사고,0,0,0,1,차대사람 - 차도통행중,안전운전불이행,건조,맑음,교차로 - 교차로안,승용,여,29세,상해없음,보행자,여,87세,부상신고
2015072800100430,2015년 7월 28일 17시,화요일,부산광역시 금정구 남산동,중상사고,0,1,0,0,차대차 - 측면직각충돌,안전거리미확보,건조,맑음,단일로 - 기타,화물,남,61세,상해없음,승합,남,31세,중상
2015072800100463,2015년 7월 28일 18시,화요일,부산광역시 동구 초량동,경상사고,0,0,1,0,차량단독 - 기타,안전운전불이행,건조,맑음,교차로 - 교차로부근,승합,남,35세,상해없음,,,,
2015072800100464,2015년 7월 28일 18시,화요일,부산광역시 서구 동대신동3가,경상사고,0,0,1,0,차대사람 - 횡단중,중앙선침범,건조,맑음,단일로 - 횡단보도상,승용,남,46세,상해없음,보행자,여,17세,경상
2015072800100465,2015년 7월 28일 18시,화요일,부산광역시 남구 대연동,경상사고,0,0,1,0,차대사람 - 횡단중,보행자보호의무위반,건조,맑음,교차로 - 교차로부근,승용,남,23세,상해없음,보행자,여,23세,경상
2015072800100538,2015년 7월 28일 20시,화요일,부산광역시 해운대구 중동,경상사고,0,0,1,0,차대차 - 추돌 - 주정차중,안전운전불이행,건조,맑음,교차로 - 교차로안,승용,남,67세,상해없음,승용,남,38세,경상
2015072800100539,2015년 7월 28일 20시,화요일,부산광역시 부산진구 부전동,경상사고,0,0,1,0,차대차 - 기타,안전거리미확보,건조,맑음,단일로 - 기타,이륜,남,21세,상해없음,이륜,남,25세,경상
2015072800100572,2015년 7월 28일 21시,화요일,부산광역시 해운대구 반송동,중상사고,0,1,1,0,차대차 - 측면직각충돌,안전운전불이행,건조,맑음,단일로 - 기타,승합,남,61세,상해없음,승용,남,62세,중상
2015072800100573,2015년 7월 28일 21시,화요일,부산광역시 해운대구 좌동,경상사고,0,0,1,0,차대차 - 측면직각충돌,안전운전불이행,건조,맑음,교차로 - 교차로안,승용,남,37세,상해없음,원동기,남,39세,경상
2015072800100602,2015년 7월 28일 22시,화요일,부산광역시 동구 범일동,중상사고,0,1,2,0,차대차 - 기타,안전거리미확보,건조,맑음,단일로 - 기타,승용,남,22세,상해없음,원동기,남,59세,중상
2015072800100603,2015년 7월 28일 22시,화요일,부산광역시 북구 덕천동,중상사고,0,1,0,0,차대사람 - 횡단중,안전운전불이행,건조,맑음,단일로 - 기타,승용,여,39세,상해없음,보행자,남,53세,중상
2015072800100604,2015년 7월 28일 22시,화요일,부산광역시 부산진구 가야동,경상사고,0,0,1,0,차대사람 - 기타,안전운전불이행,건조,맑음,단일로 - 기타,승용,남,18세,상해없음,보행자,여,59세,경상
2015072800100605,2015년 7월 28일 22시,화요일,부산광역시 금정구 금사동,경상사고,0,0,1,0,차대차 - 측면직각충돌,직진우회전진행방해,건조,맑음,교차로 - 교차로안,승용,남,67세,상해없음,이륜,남,34세,경상
2015072900100007,2015년 7월 29일 00시,수요일,부산광역시 수영구 광안동,중상사고,0,1,0,0,차대사람 - 횡단중,안전운전불이행,건조,맑음,단일로 - 기타,이륜,남,31세,상해없음,보행자,여,25세,중상
2015072900100039,2015년 7월 29일 02시,수요일,부산광역시 부산진구 부암동,중상사고,0,1,1,0,차대차 - 정면충돌,안전운전불이행,건조,맑음,교차로 - 교차로안,이륜,남,57세,상해없음,이륜,남,61세,중상
2015072900100048,2015년 7월 29일 03시,수요일,부산광역시 부산진구 가야동,중상사고,0,1,0,0,차대차 - 측면직각충돌,신호위반,건조,맑음,교차로 - 교차로안,이륜,남,23세,중상,승용,남,50세,상해없음
2015072900100053,2015년 7월 29일 04시,수요일,부산광역시 서구 서대신동2가,중상사고,0,2,1,0,차량단독 - 공작물충돌,안전운전불이행,건조,맑음,단일로 - 터널,승용,남,50세,중상,,,,
2015072900100061,2015년 7월 29일 05시,수요일,부산광역시 북구 금곡동,경상사고,0,0,1,0,차량단독 - 전도전복,안전운전불이행,습기,비,단일로 - 기타,이륜,남,21세,경상,,,,
2015072900100079,2015년 7월 29일 07시,수요일,부산광역시 해운대구 우동,중상사고,0,1,0,0,차대사람 - 기타,안전운전불이행,건조,맑음,단일로 - 기타,승용,남,37세,상해없음,보행자,남,23세,중상
2015072900100105,2015년 7월 29일 08시,수요일,부산광역시 서구 암남동,사망사고,1,5,8,1,차대차 - 추돌 - 주정차중,안전운전불이행,습기,맑음,단일로 - 기타,건설기계,남,62세,상해없음,승용,남,32세,부상신고
2015072900100106,2015년 7월 29일 08시,수요일,부산광역시 북구 구포동,중상사고,0,1,0,0,차대차 - 측면직각충돌,안전운전불이행,건조,맑음,교차로 - 교차로안,이륜,남,18세,상해없음,자전거,남,21세,중상
2015072900100107,2015년 7월 29일 08시,수요일,부산광역시 금정구 금사동,경상사고,0,0,1,1,차대차 - 측면직각충돌,기타,건조,맑음,교차로 - 교차로안,승용,남,65세,경상,화물,남,43세,부상신고
2015072900100139,2015년 7월 29일 09시,수요일,부산광역시 사하구 괴정동,중상사고,0,4,8,0,차대차 - 측면직각충돌,중앙선침범,건조,맑음,단일로 - 기타,승용,남,70세,상해없음,승합,남,54세,경상
2015072900100140,2015년 7월 29일 09시,수요일,부산광역시 남구 대연동,중상사고,0,1,0,0,차대차 - 측면직각충돌,안전운전불이행,건조,맑음,교차로 - 교차로안,자전거,남,70세,중상,화물,남,37세,상해없음