사고번호,사고일시,요일,시군구,사고내용,사망자수,중상자수,경상자수,부상신고자수,사고유형,법규위반,노면상태,기상상태,도로형태,가해운전자 차종,가해운전자 성별,가해운전자 연령,가해운전자 상해정도,피해운전자 차종,피해운전자 성별,피해운전자 연령,피해운전자 상해정도
2015072900100141,2015년 7월 29일 09시,수요일,부산광역시 연제구 거제동,중상사고,0,1,0,0,차대차 - 추돌 - 진행중,안전운전불이행,건조,맑음,교차로 - 교차로안,자전거,여,45세,중상,승용,남,65세,상해없음
2015072900100170,2015년 7월 29일 10시,수요일,부산광역시 서구 서대신동3가,경상사고,0,0,2,0,차대차 - 추돌 - 주정차중,안전운전불이행,건조,맑음,단일로 - 기타,승용,남,29세,상해없음,화물,남,54세,경상
2015072900100171,2015년 7월 29일 10시,수요일,부산광역시 수영구 광안동,중상사고,0,1,0,0,차대사람 - 차도통행중,안전운전불이행,건조,맑음,단일로 - 기타,승용,여,46세,상해없음,보행자,남,56세,중상
2015072900100172,2015년 7월 29일 10시,수요일,부산광역시 부산진구 양정동,경상사고,0,0,1,0,차대사람 - 횡단중,보행자보호의무위반,건조,맑음,단일로 - 횡단보도상,화물,남,42세,상해없음,보행자,여,61세,경상
2015072900100205,2015년 7월 29일 11시,수요일,부산광역시 해운대구 반여동,중상사고,0,1,0,0,차대사람 - 기타,안전운전불이행,건조,맑음,단일로 - 횡단보도상,승용,기타불명,기타불명,기타불명,보행자,여,40세,중상
2015072900100206,2015년 7월 29일 11시,수요일,부산광역시 연제구 거제동,경상사고,0,0,2,2,차대차 - 추돌 - 진행중,신호위반,건조,맑음,교차로 - 교차로안,승용,남,63세,상해없음,승용,여,58세,경상
2015072900100207,2015년 7월 29일 11시,수요일,부산광역시 기장군 기장읍,중상사고,0,1,1,0,차대차 - 측면직각충돌,안전거리미확보,건조,맑음,단일로 - 기타,이륜,남,52세,중상,승용,남,76세,상해없음
2015072900100230,2015년 7월 29일 12시,수요일,부산광역시 수영구 민락동,경상사고,0,0,1,0,차대사람 - 기타,신호위반,건조,맑음,단일로 - 횡단보도상,승용,남,28세,상해없음,보행자,여,48세,경상
2015072900100231,2015년 7월 29일 12시,수요일,부산광역시 사하구 장림동,중상사고,0,1,0,0,차대사람 - 횡단중,신호위반,건조,맑음,단일로 - 횡단보도상,승용,여,54세,상해없음,보행자,여,66세,중상
2015072900100232,2015년 7월 29일 12시,수요일,부산광역시 기장군 정관면,중상사고,0,1,1,0,차대차 - 측면직각충돌,신호위반,건조,맑음,교차로 - 교차로안,이륜,남,59세,중상,승용,남,58세,경상
2015072900100261,2015년 7월 29일 13시,수요일,부산광역시 북구 구포동,경상사고,0,0,1,0,차대차 - 기타,안전운전불이행,건조,맑음,단일로 - 기타,화물,남,72세,상해없음,이륜,남,53세,경상
2015072900100262,2015년 7월 29일 13시,수요일,부산광역시 북구 덕천동,경상사고,0,0,2,0,차대차 - 추돌 - 진행중,교차로운행방법위반,건조,맑음,교차로 - 교차로안,승용,남,40세,경상,승용,여,53세,경상
2015072900100292,2015년 7월 29일 14시,수요일,부산광역시 수영구 광안동,중상사고,0,1,0,0,차대차 - 추돌 - 진행중,중앙선침범,건조,맑음,단일로 - 기타,승용,남,62세,상해없음,이륜,남,19세,중상
2015072900100293,2015년 7월 29일 14시,수요일,부산광역시 강서구 명지동,경상사고,0,0,1,0,차대사람 - 기타,안전운전불이행,건조,맑음,단일로 - 기타,승용,여,33세,상해없음,보행자,남,4세,경상
2015072900100294,2015년 7월 29일 14시,수요일,부산광역시 사상구 삼락동,경상사고,0,0,3,0,차대차 - 추돌 - 주정차중,불법유턴,건조,맑음,단일로 - 기타,승용,남,37세,상해없음,승용,여,34세,경상
2015072900100328,2015년 7월 29일 15시,수요일,부산광역시 금정구 부곡동,경상사고,0,0,1,0,차대차 - 측면직각충돌,직진우회전진행방해,건조,맑음,교차로 - 교차로안,승용,여,47세,상해없음,승용,남,31세,경상
2015072900100329,2015년 7월 29일 15시,수요일,부산광역시 사상구 학장동,경상사고,0,0,1,0,차대차 - 측면직각충돌,안전거리미확보,건조,맑음,단일로 - 기타,승합,남,65세,상해없음,승용,남,36세,경상
2015072900100362,2015년 7월 29일 16시,수요일,부산광역시 사하구 다대동,중상사고,0,1,0,0,차대차 - 기타,안전운전불이행,건조,맑음,단일로 - 기타,승합,남,55세,상해없음,자전거,남,40세,중상
2015072900100363,2015년 7월 29일 16시,수요일,부산광역시 연제구 연산동,중상사고,0,1,0,0,차량단독 - 기타,안전운전불이행,건조,맑음,단일로 - 기타,승합,남,59세,상해없음,,,,
2015072900100406,2015년 7월 29일 17시,수요일,부산광역시 연제구 연산동,경상사고,0,0,1,0,차대차 - 추돌 - 진행중,안전거리미확보,건조,맑음,단일로 - 기타,승용,남,37세,상해없음,승용,남,59세,경상
2015072900100447,2015년 7월 29일 18시,수요일,부산광역시 부산진구 가야동,경상사고,0,0,3,0,차대차 - 기타,안전운전불이행,건조,맑음,단일로 - 기타,승용,남,28세,상해없음,승용,남,38세,경상
2015072900100448,2015년 7월 29일 18시,수요일,부산광역시 사상구 주례동,중상사고,0,1,0,0,차대차 - 측면직각충돌,안전거리미확보,건조,맑음,단일로 - 기타,승용,남,27세,상해없음,이륜,남,17세,중상
2015072900100449,2015년 7월 29일 18시,수요일,부산광역시 사상구 모라동,경상사고,0,0,1,0,차대차 - 측면직각충돌,안전거리미확보,건조,맑음,단일로 - 기타,승용,남,44세,경상,화물,남,44세,상해없음
2015072900100487,2015년 7월 29일 19시,수요일,부산광역시 수영구 남천동,경상사고,0,0,1,0,차대차 - 추돌 - 진행중,안전거리미확보,건조,맑음,단일로 - 교량,승용,여,37세,상해없음,승용,여,26세,경상
2015072900100488,2015년 7월 29일 19시,수요일,부산광역시 연제구 연산동,경상사고,0,0,1,0,차대차 - 측면직각충돌,안전운전불이행,건조,맑음,단일로 - 기타,승용,남,31세,상해없음,원동기,남,33세,경상
2015072900100520,2015년 7월 29일 20시,수요일,부산광역시 동래구 온천동,경상사고,0,0,2,0,차대차 - 추돌 - 진행중,안전거리미확보,건조,맑음,단일로 - 기타,승용,남,49세,상해없음,승용,남,57세,경상
2015072900100521,2015년 7월 29일 20시,수요일,부산광역시 금정구 부곡동,경상사고,0,0,1,0,차대차 - 측면직각충돌,교차로운행방법위반,건조,맑음,교차로 - 교차로안,승용,여,50세,상해없음,원동기,남,20세,경상
2015072900100522,2015년 7월 29일 20시,수요일,부산광역시 연제구 거제동,경상사고,0,0,1,0,차대차 - 측면직각충돌,교차로운행방법위반,건조,맑음,교차로 - 교차로안,승용,남,49세,상해없음,승용,남,32세,상해없음
2015072900100558,2015년 7월 29일 21시,수요일,부산광역시 서구 서대신동1가,경상사고,0,0,3,1,차대차 - 측면직각충돌,교차로운행방법위반,건조,맑음,교차로 - 교차로부근,승용,여,69세,부상신고,승용,여,50세,경상
2015072900100559,2015년 7월 29일 21시,수요일,부산광역시 북구 화명동,중상사고,0,1,1,0,차대차 - 추돌 - 진행중,안전운전불이행,건조,맑음,교차로 - 교차로안,승용,남,31세,상해없음,승용,남,50세,중상
2015072900100606,2015년 7월 29일 22시,수요일,부산광역시 연제구 거제동,중상사고,0,1,0,0,차대사람 - 차도통행중,안전운전불이행,건조,맑음,단일로 - 기타,승용,남,45세,상해없음,보행자,남,38세,중상
2015072900100633,2015년 7월 29일 23시,수요일,부산광역시 수영구 민락동,경상사고,0,0,1,0,차대차 - 정면충돌,신호위반,건조,맑음,교차로 - 교차로안,자전거,남,13세,경상,승용,남,35세,상해없음
2015072900100634,2015년 7월 29일 23시,수요일,부산광역시 남구 용호동,경상사고,0,0,1,0,차대사람 - 횡단중,안전운전불이행,건조,맑음,단일로 - 기타,이륜,남,64세,상해없음,보행자,여,65세,경상
2015072900100635,2015년 7월 29일 23시,수요일,부산광역시 북구 덕천동,경상사고,0,0,1,0,차대사람 - 횡단중,안전운전불이행,건조,맑음,단일로 - 기타,승용,남,30세,상해없음,보행자,남,28세,경상
2015072900100636,2015년 7월 29일 23시,수요일,부산광역시 금정구 장전동,경상사고,0,0,2,0,차대차 - 측면직각충돌,중앙선침범,건조,맑음,단일로 - 기타,자전거,남,51세,경상,원동기,남,23세,경상
2015072900100637,2015년 7월 29일 23시,수요일,부산광역시 동래구 명륜동,중상사고,0,1,0,0,차대차 - 기타,안전운전불이행,건조,맑음,단일로 - 기타,승용,남,39세,상해없음,승용,기타불명,기타불명,기타불명
2015072900100638,2015년 7월 29일 23시,수요일,부산광역시 동래구 낙민동,경상사고,0,0,1,0,차대차 - 측면직각충돌,신호위반,건조,맑음,교차로 - 교차로안,승용,남,63세,상해없음,승용,남,27세,경상
2015073000100005,2015년 7월 30일 00시,목요일,부산광역시 금정구 부곡동,경상사고,0,0,1,0,차대차 - 추돌 - 진행중,기타,건조,맑음,단일로 - 기타,승용,남,52세,상해없음,이륜,남,29세,경상
2015073000100006,2015년 7월 30일 00시,목요일,부산광역시 사하구 신평동,중상사고,0,1,0,0,차대차 - 기타,안전운전불이행,건조,맑음,단일로 - 기타,승용,남,44세,상해없음,이륜,남,16세,중상
2015073000100062,2015년 7월 30일 04시,목요일,부산광역시 동래구 사직동,중상사고,0,1,0,0,차대차 - 기타,중앙선침범,건조,맑음,단일로 - 기타,화물,남,55세,상해없음,승합,남,38세,중상
2015073000100069,2015년 7월 30일 05시,목요일,부산광역시 동구 수정동,중상사고,0,1,1,0,차대차 - 기타,중앙선침범,건조,맑음,단일로 - 기타,승용,남,47세,상해없음,승용,남,60세,경상
2015073000100088,2015년 7월 30일 07시,목요일,부산광역시 북구 구포동,경상사고,0,0,1,0,차대차 - 측면직각충돌,안전운전불이행,건조,맑음,교차로 - 교차로부근,승합,남,50세,상해없음,승용,남,23세,경상
2015073000100089,2015년 7월 30일 07시,목요일,부산광역시 해운대구 좌동,경상사고,0,0,2,0,차대차 - 추돌 - 진행중,안전거리미확보,기타,맑음,단일로 - 기타,승용,여,30세,상해없음,승합,남,35세,경상
2015073000100136,2015년 7월 30일 09시,목요일,부산광역시 해운대구 좌동,중상사고,0,1,0,0,차대사람 - 횡단중,안전운전불이행,건조,맑음,교차로 - 교차로부근,승용,여,50세,상해없음,보행자,여,78세,중상
2015073000100200,2015년 7월 30일 11시,목요일,부산광역시 동래구 안락동,중상사고,0,1,0,0,차대사람 - 횡단중,보행자보호의무위반,건조,맑음,교차로 - 교차로안,승용,여,47세,상해없음,보행자,여,57세,중상
2015073000100201,2015년 7월 30일 11시,목요일,부산광역시 사하구 신평동,경상사고,0,0,1,0,차대사람 - 횡단중,안전운전불이행,건조,맑음,단일로 - 기타,화물,남,40세,상해없음,보행자,여,48세,경상
2015073000100276,2015년 7월 30일 13시,목요일,부산광역시 연제구 거제동,경상사고,0,0,1,0,차대차 - 기타,교차로운행방법위반,건조,맑음,교차로 - 교차로부근,원동기,남,56세,경상,승용,남,30세,상해없음
2015073000100277,2015년 7월 30일 13시,목요일,부산광역시 사상구 괘법동,경상사고,0,0,2,1,차대차 - 추돌 - 진행중,안전거리미확보,건조,맑음,교차로 - 교차로부근,화물,남,50세,경상,승합,남,52세,상해없음
2015073000100315,2015년 7월 30일 14시,목요일,부산광역시 중구 광복동1가,경상사고,0,0,1,0,차대차 - 측면직각충돌,안전운전불이행,건조,맑음,교차로 - 교차로안,이륜,남,27세,경상,승용,여,31세,상해없음
2015073000100316,2015년 7월 30일 14시,목요일,부산광역시 해운대구 중동,경상사고,0,0,1,0,차대차 - 추돌 - 진행중,안전운전불이행,건조,맑음,교차로 - 교차로부근,승용,남,59세,상해없음,승용,남,45세,경상
2015073000100317,2015년 7월 30일 14시,목요일,부산광역시 금정구 부곡동,경상사고,0,0,1,0,차대차 - 기타,직진우회전진행방해,건조,맑음,교차로 - 교차로안,승용,여,60세,기타불명,자전거,여,20세,경상
2015073000100356,2015년 7월 30일 15시,목요일,부산광역시 동래구 온천동,경상사고,0,0,1,0,차대차 - 기타,안전운전불이행,건조,맑음,단일로 - 기타,이륜,남,73세,상해없음,이륜,남,54세,경상
2015073000100406,2015년 7월 30일 16시,목요일,부산광역시 남구 문현동,중상사고,0,1,0,0,차대사람 - 기타,중앙선침범,건조,맑음,단일로 - 기타,승용,남,59세,상해없음,보행자,여,80세,중상
2015073000100436,2015년 7월 30일 17시,목요일,부산광역시 영도구 남항동1가,경상사고,0,0,2,0,차대사람 - 횡단중,안전운전불이행,건조,맑음,기타 - 기타,승용,여,58세,상해없음,보행자,여,52세,경상
2015073000100482,2015년 7월 30일 18시,목요일,부산광역시 동래구 낙민동,경상사고,0,0,1,0,차대차 - 추돌 - 진행중,안전운전불이행,건조,맑음,단일로 - 기타,승용,남,53세,상해없음,승합,남,43세,상해없음
2015073000100483,2015년 7월 30일 18시,목요일,부산광역시 동래구 복천동,중상사고,0,1,0,0,차대차 - 기타,중앙선침범,건조,맑음,단일로 - 기타,승용,남,37세,상해없음,자전거,남,31세,중상
2015073000100523,2015년 7월 30일 19시,목요일,부산광역시 동구 범일동,경상사고,0,0,1,0,차대차 - 측면직각충돌,차로위반,건조,맑음,단일로 - 기타,승용,여,65세,상해없음,승용,남,45세,경상
2015073000100524,2015년 7월 30일 19시,목요일,부산광역시 동래구 안락동,부상신고사고,0,0,0,1,차대차 - 측면직각충돌,안전운전불이행,건조,맑음,단일로 - 기타,화물,남,56세,상해없음,이륜,남,27세,부상신고
2015073000100561,2015년 7월 30일 20시,목요일,부산광역시 연제구 연산동,중상사고,0,1,0,0,차대차 - 기타,안전거리미확보,건조,맑음,단일로 - 기타,승용,남,57세,상해없음,원동기,남,34세,중상
2015073000100598,2015년 7월 30일 21시,목요일,부산광역시 해운대구 중동,중상사고,0,1,0,0,차대사람 - 기타,안전운전불이행,건조,맑음,교차로 - 교차로안,화물,남,40세,상해없음,보행자,여,75세,중상
2015073000100599,2015년 7월 30일 21시,목요일,부산광역시 금정구 구서동,경상사고,0,0,1,0,차대사람 - 보도통행중,보행자보호의무위반,건조,맑음,단일로 - 횡단보도상,승용,남,32세,기타불명,보행자,남,35세,경상
2015073000100635,2015년 7월 30일 22시,목요일,부산광역시 북구 덕천동,중상사고,0,1,0,0,차대차 - 측면직각충돌,안전운전불이행,건조,맑음,단일로 - 기타,자전거,남,16세,상해없음,자전거,남,61세,중상
2015073000100636,2015년 7월 30일 22시,목요일,부산광역시 연제구 연산동,중상사고,0,1,0,0,차대차 - 추돌 - 진행중,안전운전불이행,건조,맑음,단일로 - 기타,승용,여,54세,상해없음,이륜,남,58세,중상
2015073000100637,2015년 7월 30일 22시,목요일,부산광역시 사상구 학장동,경상사고,0,0,2,0,차대차 - 추돌 - 주정차중,안전거리미확보,건조,맑음,단일로 - 기타,승용,여,50세,상해없음,승용,남,64세,상해없음
2015073000100638,2015년 7월 30일 22시,목요일,부산광역시 사상구 덕포동,경상사고,0,0,1,0,차대사람 - 횡단중,보행자보호의무위반,건조,맑음,교차로 - 교차로안,화물,남,60세,상해없음,보행자,남,45세,경상
2015073000100667,2015년 7월 30일 23시,목요일,부산광역시 금정구 구서동,중상사고,0,1,0,0,차대차 - 측면직각충돌,신호위반,건조,맑음,교차로 - 교차로안,승용,남,64세,상해없음,원동기,남,25세,중상
2015073000100668,2015년 7월 30일 23시,목요일,부산광역시 사하구 다대동,경상사고,0,0,1,0,차대차 - 측면직각충돌,안전운전불이행,건조,맑음,단일로 - 기타,승용,남,47세,상해없음,이륜,남,17세,경상
2015073100100033,2015년 7월 31일 02시,금요일,부산광역시 사하구 장림동,경상사고,0,0,3,0,차대차 - 추돌 - 주정차중,안전거리미확보,건조,맑음,단일로 - 기타,승용,남,32세,상해없음,승용,남,57세,경상
2015073100100034,2015년 7월 31일 02시,금요일,부산광역시 사상구 감전동,경상사고,0,0,1,0,차대차 - 추돌 - 주정차중,안전운전불이행,건조,맑음,교차로 - 교차로부근,승용,남,57세,상해없음,이륜,남,38세,경상
2015073100100078,2015년 7월 31일 06시,금요일,부산광역시 연제구 연산동,중상사고,0,1,0,0,차대사람 - 횡단중,중앙선침범,건조,맑음,교차로 - 교차로부근,특수,남,40세,상해없음,보행자,여,47세,중상
2015073100100116,2015년 7월 31일 08시,금요일,부산광역시 사상구 학장동,경상사고,0,0,2,0,차량단독 - 공작물충돌,안전운전불이행,건조,맑음,교차로 - 교차로부근,화물,남,61세,상해없음,,,,
2015073100100144,2015년 7월 31일 09시,금요일,부산광역시 해운대구 우동,경상사고,0,0,1,0,차대차 - 기타,안전운전불이행,건조,맑음,단일로 - 기타,화물,남,54세,상해없음,승용,남,50세,경상
2015073100100201,2015년 7월 31일 11시,금요일,부산광역시 사하구 당리동,경상사고,0,0,1,0,차대차 - 기타,교차로운행방법위반,건조,맑음,교차로 - 교차로안,승용,남,56세,상해없음,승용,남,50세,경상
2015073100100277,2015년 7월 31일 13시,금요일,부산광역시 동구 좌천동,중상사고,0,1,0,0,차대차 - 기타,신호위반,건조,맑음,단일로 - 횡단보도상,화물,남,47세,상해없음,원동기,남,31세,중상
2015073100100278,2015년 7월 31일 13시,금요일,부산광역시 서구 남부민동,중상사고,0,1,0,0,차대사람 - 횡단중,안전운전불이행,건조,맑음,교차로 - 교차로안,승용,남,67세,상해없음,보행자,여,54세,중상
2015073100100279,2015년 7월 31일 13시,금요일,부산광역시 부산진구 가야동,경상사고,0,0,1,0,차대차 - 측면직각충돌,안전운전불이행,건조,맑음,단일로 - 기타,자전거,남,47세,상해없음,자전거,남,65세,경상
2015073100100309,2015년 7월 31일 14시,금요일,부산광역시 남구 대연동,경상사고,0,0,3,0,차대차 - 기타,안전운전불이행,건조,맑음,단일로 - 기타,승용,여,33세,상해없음,승용,남,38세,경상
2015073100100310,2015년 7월 31일 14시,금요일,부산광역시 연제구 거제동,중상사고,0,1,0,0,차대차 - 측면직각충돌,안전운전불이행,건조,맑음,교차로 - 교차로안,승용,남,42세,상해없음,원동기,남,42세,중상
2015073100100343,2015년 7월 31일 15시,금요일,부산광역시 수영구 광안동,중상사고,0,1,0,0,차대사람 - 횡단중,보행자보호의무위반,건조,맑음,단일로 - 기타,승용,남,51세,상해없음,보행자,여,71세,중상
2015073100100344,2015년 7월 31일 15시,금요일,부산광역시 해운대구 재송동,중상사고,0,1,0,0,차대사람 - 기타,안전운전불이행,건조,맑음,단일로 - 기타,승용,남,58세,상해없음,보행자,남,16세,중상
2015073100100345,2015년 7월 31일 15시,금요일,부산광역시 금정구 남산동,경상사고,0,0,1,0,차대차 - 정면충돌,신호위반,건조,맑음,단일로 - 기타,이륜,남,18세,경상,화물,남,54세,상해없음
2015073100100388,2015년 7월 31일 16시,금요일,부산광역시 해운대구 중동,부상신고사고,0,0,0,1,차대차 - 측면직각충돌,안전운전불이행,건조,맑음,교차로 - 교차로부근,승용,여,76세,상해없음,승용,남,25세,부상신고
2015073100100425,2015년 7월 31일 17시,금요일,부산광역시 부산진구 범천동,사망사고,1,0,0,0,차대차 - 측면직각충돌,중앙선침범,건조,맑음,단일로 - 기타,이륜,남,50세,사망,승합,남,57세,상해없음
2015073100100426,2015년 7월 31일 17시,금요일,부산광역시 사상구 괘법동,경상사고,0,0,1,0,차대사람 - 횡단중,보행자보호의무위반,건조,맑음,단일로 - 기타,화물,남,39세,상해없음,보행자,여,43세,경상
2015073100100479,2015년 7월 31일 18시,금요일,부산광역시 해운대구 우동,경상사고,0,0,1,0,차대사람 - 기타,안전운전불이행,건조,맑음,교차로 - 교차로안,자전거,남,56세,상해없음,보행자,여,9세,경상
2015073100100530,2015년 7월 31일 19시,금요일,부산광역시 중구 보수동3가,경상사고,0,0,3,0,차대차 - 측면직각충돌,차로위반,건조,맑음,단일로 - 기타,승용,남,60세,상해없음,승용,남,56세,경상
2015073100100531,2015년 7월 31일 19시,금요일,부산광역시 수영구 남천동,중상사고,0,1,0,1,차대차 - 측면직각충돌,신호위반,건조,맑음,교차로 - 교차로안,승용,남,31세,상해없음,승용,남,73세,중상
2015073100100532,2015년 7월 31일 19시,금요일,부산광역시 북구 구포동,경상사고,0,0,1,0,차대사람 - 기타,보행자보호의무위반,건조,맑음,단일로 - 기타,화물,남,46세,상해없음,보행자,남,7세,경상
2015073100100533,2015년 7월 31일 19시,금요일,부산광역시 사상구 엄궁동,중상사고,0,1,0,2,차량단독 - 전도전복,안전운전불이행,건조,맑음,단일로 - 기타,이륜,남,16세,부상신고,,,,
2015073100100534,2015년 7월 31일 19시,금요일,부산광역시 사상구 엄궁동,중상사고,0,1,2,0,차대차 - 측면직각충돌,직진우회전진행방해,건조,맑음,교차로 - 교차로안,승용,남,62세,상해없음,승용,남,39세,중상
2015073100100572,2015년 7월 31일 20시,금요일,부산광역시 서구 남부민동,중상사고,0,1,0,0,차대사람 - 기타,보행자보호의무위반,건조,맑음,교차로 - 교차로안,승용,남,68세,상해없음,보행자,여,79세,중상
2015073100100573,2015년 7월 31일 20시,금요일,부산광역시 서구 남부민동,경상사고,0,0,1,0,차대사람 - 기타,안전운전불이행,건조,맑음,단일로 - 기타,승용,남,17세,기타불명,보행자,남,21세,경상
2015073100100574,2015년 7월 31일 20시,금요일,부산광역시 금정구 남산동,부상신고사고,0,0,0,1,차대차 - 추돌 - 진행중,신호위반,건조,맑음,교차로 - 교차로안,자전거,남,18세,부상신고,승용,남,51세,상해없음
2015073100100616,2015년 7월 31일 21시,금요일,부산광역시 해운대구 중동,중상사고,0,2,0,0,차대차 - 측면직각충돌,신호위반,건조,맑음,교차로 - 교차로안,승용,남,55세,상해없음,화물,남,56세,중상
2015073100100617,2015년 7월 31일 21시,금요일,부산광역시 금정구 장전동,경상사고,0,0,1,0,차대차 - 측면직각충돌,신호위반,건조,맑음,교차로 - 교차로안,승용,남,48세,상해없음,원동기,남,48세,경상
2015073100100656,2015년 7월 31일 22시,금요일,부산광역시 동구 범일동,경상사고,0,0,1,0,차대차 - 측면직각충돌,신호위반,건조,맑음,교차로 - 교차로안,승용,여,36세,상해없음,승용,남,46세,경상
2015073100100657,2015년 7월 31일 22시,금요일,부산광역시 연제구 거제동,경상사고,0,0,1,0,차대차 - 추돌 - 주정차중,안전운전불이행,건조,맑음,단일로 - 기타,승용,여,43세,상해없음,승용,남,58세,경상
2015073100100693,2015년 7월 31일 23시,금요일,부산광역시 부산진구 양정동,중상사고,0,1,1,0,차대차 - 추돌 - 주정차중,안전운전불이행,건조,맑음,교차로 - 교차로부근,승용,남,35세,상해없음,승용,남,74세,중상
2015080100100023,2015년 8월 1일 01시,토요일,부산광역시 금정구 부곡동,경상사고,0,0,1,0,차대사람 - 기타,안전운전불이행,건조,맑음,단일로 - 기타,승용,기타불명,기타불명,기타불명,보행자,남,30세,경상
2015080100100165,2015년 8월 1일 10시,토요일,부산광역시 수영구 남천동,경상사고,0,0,1,0,차대차 - 기타,안전운전불이행,건조,맑음,교차로 - 교차로부근,승용,남,31세,상해없음,승용,여,40세,경상
2015080100100166,2015년 8월 1일 10시,토요일,부산광역시 남구 용호동,경상사고,0,0,1,0,차량단독 - 기타,안전운전불이행,건조,맑음,교차로 - 교차로부근,승합,남,54세,상해없음,,,,
2015080100100202,2015년 8월 1일 11시,토요일,부산광역시 동구 초량동,경상사고,0,0,1,0,차대차 - 추돌 - 진행중,차로위반,건조,맑음,단일로 - 기타,승용,기타불명,기타불명,기타불명,자전거,남,34세,경상
2015080100100203,2015년 8월 1일 11시,토요일,부산광역시 북구 만덕동,경상사고,0,0,1,0,차대차 - 측면직각충돌,안전거리미확보,건조,맑음,단일로 - 기타,승용,남,37세,상해없음,승용,남,36세,경상
2015080100100235,2015년 8월 1일 12시,토요일,부산광역시 해운대구 재송동,부상신고사고,0,0,0,1,차대차 - 기타,안전운전불이행,기타,맑음,단일로 - 기타,이륜,남,57세,부상신고,승용,남,52세,상해없음
2015080100100280,2015년 8월 1일 13시,토요일,부산광역시 동구 초량동,경상사고,0,0,2,0,차대차 - 기타,차로위반,건조,맑음,교차로 - 교차로부근,승용,여,43세,상해없음,승용,여,57세,경상
2015080100100281,2015년 8월 1일 13시,토요일,부산광역시 북구 덕천동,경상사고,0,0,1,0,차대차 - 기타,안전거리미확보,건조,맑음,단일로 - 기타,승용,남,36세,상해없음,이륜,남,23세,경상
2015080100100282,2015년 8월 1일 13시,토요일,부산광역시 동래구 안락동,중상사고,0,1,0,0,차대사람 - 횡단중,신호위반,건조,맑음,단일로 - 기타,승용,남,57세,상해없음,보행자,남,35세,중상
2015080100100312,2015년 8월 1일 14시,토요일,부산광역시 남구 감만동,경상사고,0,0,4,0,차대차 - 기타,교차로운행방법위반,건조,맑음,교차로 - 교차로안,승용,남,26세,경상,승용,남,45세,경상
2015080100100313,2015년 8월 1일 14시,토요일,부산광역시 동래구 복천동,중상사고,0,1,0,0,차대사람 - 기타,보행자보호의무위반,건조,맑음,단일로 - 기타,승용,남,23세,상해없음,보행자,여,85세,중상
2015080100100314,2015년 8월 1일 14시,토요일,부산광역시 해운대구 우동,경상사고,0,0,1,0,차대사람 - 기타,안전운전불이행,기타,맑음,단일로 - 기타,자전거,남,18세,상해없음,보행자,여,44세,경상
2015080100100347,2015년 8월 1일 15시,토요일,부산광역시 북구 구포동,경상사고,0,0,1,0,차대차 - 측면직각충돌,안전운전불이행,건조,맑음,단일로 - 기타,화물,남,35세,기타불명,이륜,남,30세,경상
2015080100100348,2015년 8월 1일 15시,토요일,부산광역시 해운대구 좌동,중상사고,0,2,0,3,차대차 - 추돌 - 주정차중,안전거리미확보,건조,맑음,단일로 - 터널,승합,남,23세,부상신고,화물,남,23세,상해없음
2015080100100349,2015년 8월 1일 15시,토요일,부산광역시 해운대구 우동,경상사고,0,0,1,0,차대차 - 측면직각충돌,신호위반,기타,맑음,교차로 - 교차로부근,화물,남,35세,상해없음,승용,여,38세,경상
2015080100100350,2015년 8월 1일 15시,토요일,부산광역시 사상구 삼락동,경상사고,0,0,1,3,차대차 - 추돌 - 주정차중,안전거리미확보,건조,맑음,단일로 - 기타,화물,남,58세,상해없음,승용,남,53세,부상신고
2015080100100351,2015년 8월 1일 15시,토요일,부산광역시 기장군 정관면,중상사고,0,1,0,0,차대차 - 기타,안전운전불이행,건조,맑음,교차로 - 교차로안,화물,남,72세,상해없음,자전거,남,19세,중상
2015080100100392,2015년 8월 1일 16시,토요일,부산광역시 동래구 온천동,경상사고,0,0,2,0,차대차 - 측면직각충돌,신호위반,건조,맑음,교차로 - 교차로안,승용,남,62세,상해없음,승용,남,38세,경상
2015080100100393,2015년 8월 1일 16시,토요일,부산광역시 부산진구 개금동,중상사고,0,1,0,0,차대사람 - 기타,안전운전불이행,건조,맑음,단일로 - 기타,승용,남,26세,상해없음,보행자,여,71세,중상
2015080100100394,2015년 8월 1일 16시,토요일,부산광역시 금정구 구서동,경상사고,0,0,1,0,차대차 - 기타,중앙선침범,건조,맑음,단일로 - 기타,화물,남,51세,상해없음,승용,여,37세,상해없음
2015080100100423,2015년 8월 1일 17시,토요일,부산광역시 금정구 남산동,경상사고,0,0,1,0,차대차 - 측면직각충돌,안전운전불이행,건조,맑음,단일로 - 기타,원동기,남,75세,상해없음,승용,남,25세,경상
2015080100100464,2015년 8월 1일 18시,토요일,부산광역시 금정구 장전동,부상신고사고,0,0,0,1,차대차 - 측면직각충돌,직진우회전진행방해,건조,맑음,교차로 - 교차로안,승용,남,47세,부상신고,승용,남,38세,상해없음
2015080100100498,2015년 8월 1일 19시,토요일,부산광역시 해운대구 우동,경상사고,0,0,2,0,차대차 - 추돌 - 주정차중,안전운전불이행,건조,맑음,단일로 - 기타,승용,여,42세,상해없음,승용,남,27세,경상
2015080100100533,2015년 8월 1일 20시,토요일,부산광역시 남구 용호동,경상사고,0,0,1,0,차대차 - 기타,중앙선침범,건조,맑음,단일로 - 기타,승용,남,50세,상해없음,원동기,남,17세,경상