사고번호,사고일시,요일,시군구,사고내용,사망자수,중상자수,경상자수,부상신고자수,사고유형,법규위반,노면상태,기상상태,도로형태,가해운전자 차종,가해운전자 성별,가해운전자 연령,가해운전자 상해정도,피해운전자 차종,피해운전자 성별,피해운전자 연령,피해운전자 상해정도
2015080800100228,2015년 8월 8일 11시,토요일,부산광역시 사상구 주례동,중상사고,0,1,1,0,차대차 - 측면직각충돌,안전운전불이행,건조,맑음,교차로 - 교차로안,원동기,기타불명,기타불명,기타불명,승용,여,38세,중상
2015080800100273,2015년 8월 8일 12시,토요일,부산광역시 동래구 안락동,경상사고,0,0,3,0,차대차 - 정면충돌,중앙선침범,건조,맑음,단일로 - 기타,승용,남,20세,상해없음,승용,남,43세,경상
2015080800100274,2015년 8월 8일 12시,토요일,부산광역시 해운대구 좌동,중상사고,0,1,0,0,차대사람 - 기타,안전운전불이행,건조,맑음,단일로 - 기타,화물,남,34세,상해없음,보행자,남,28세,중상
2015080800100377,2015년 8월 8일 15시,토요일,부산광역시 금정구 서동,경상사고,0,0,1,0,차대사람 - 길가장자리구역통행중,안전운전불이행,건조,맑음,단일로 - 기타,승용,기타불명,기타불명,기타불명,보행자,여,59세,경상
2015080800100465,2015년 8월 8일 17시,토요일,부산광역시 서구 부민동1가,경상사고,0,0,1,0,차대차 - 측면직각충돌,교차로운행방법위반,건조,맑음,교차로 - 교차로안,승용,남,78세,상해없음,이륜,남,21세,경상
2015080800100512,2015년 8월 8일 18시,토요일,부산광역시 서구 아미동2가,경상사고,0,0,1,0,차대사람 - 기타,보행자보호의무위반,건조,맑음,단일로 - 기타,승용,남,22세,상해없음,보행자,여,58세,경상
2015080800100513,2015년 8월 8일 18시,토요일,부산광역시 동래구 온천동,경상사고,0,0,1,0,차대사람 - 횡단중,안전운전불이행,건조,맑음,단일로 - 기타,원동기,남,19세,상해없음,보행자,여,51세,경상
2015080800100514,2015년 8월 8일 18시,토요일,부산광역시 기장군 기장읍,경상사고,0,0,2,0,차대차 - 추돌 - 진행중,안전거리미확보,건조,맑음,교차로 - 교차로안,승용,남,19세,상해없음,승용,남,47세,경상
2015080800100557,2015년 8월 8일 19시,토요일,부산광역시 사상구 엄궁동,중상사고,0,1,0,0,차대차 - 측면직각충돌,안전운전불이행,건조,맑음,단일로 - 기타,승용,남,41세,상해없음,승용,남,26세,기타불명
2015080800100583,2015년 8월 8일 20시,토요일,부산광역시 동래구 낙민동,경상사고,0,0,3,1,차대차 - 추돌 - 진행중,안전거리미확보,건조,맑음,단일로 - 기타,승용,남,50세,상해없음,승용,여,43세,경상
2015080800100584,2015년 8월 8일 20시,토요일,부산광역시 강서구 범방동,중상사고,0,1,0,0,차대차 - 측면직각충돌,안전운전불이행,건조,맑음,단일로 - 기타,화물,남,62세,상해없음,이륜,남,57세,중상
2015080800100617,2015년 8월 8일 21시,토요일,부산광역시 서구 동대신동2가,중상사고,0,2,1,2,차대차 - 기타,안전거리미확보,건조,맑음,단일로 - 기타,승용,남,31세,상해없음,승용,남,39세,경상
2015080800100618,2015년 8월 8일 21시,토요일,부산광역시 남구 용호동,경상사고,0,0,1,0,차대차 - 기타,직진우회전진행방해,건조,맑음,교차로 - 교차로부근,승용,여,41세,상해없음,이륜,남,35세,경상
2015080800100619,2015년 8월 8일 21시,토요일,부산광역시 동래구 명륜동,중상사고,0,2,0,0,차대차 - 측면직각충돌,안전운전불이행,건조,맑음,단일로 - 기타,승용,남,29세,상해없음,원동기,남,16세,중상
2015080800100647,2015년 8월 8일 22시,토요일,부산광역시 사하구 하단동,중상사고,0,1,0,0,차대사람 - 횡단중,안전운전불이행,건조,맑음,교차로 - 교차로부근,승용,남,60세,상해없음,보행자,남,60세,중상
2015080800100682,2015년 8월 8일 23시,토요일,부산광역시 부산진구 부전동,경상사고,0,0,1,0,차대차 - 측면직각충돌,기타,건조,맑음,단일로 - 기타,승용,여,28세,상해없음,자전거,남,29세,경상
2015080900100005,2015년 8월 9일 00시,일요일,부산광역시 북구 구포동,경상사고,0,0,1,0,차대사람 - 기타,안전운전불이행,건조,맑음,단일로 - 기타,승용,남,25세,상해없음,보행자,남,53세,경상
2015080900100006,2015년 8월 9일 00시,일요일,부산광역시 사상구 덕포동,중상사고,0,1,1,0,차대차 - 측면직각충돌,차로위반,건조,맑음,교차로 - 교차로안,승용,남,55세,상해없음,이륜,남,22세,경상
2015080900100022,2015년 8월 9일 01시,일요일,부산광역시 해운대구 송정동,부상신고사고,0,0,0,1,차량단독 - 기타,안전운전불이행,기타,맑음,단일로 - 기타,이륜,여,22세,부상신고,,,,
2015080900100023,2015년 8월 9일 01시,일요일,부산광역시 사상구 삼락동,중상사고,0,1,0,0,차대차 - 측면직각충돌,불법유턴,건조,맑음,단일로 - 기타,자전거,남,52세,상해없음,승용,남,60세,상해없음
2015080900100038,2015년 8월 9일 02시,일요일,부산광역시 연제구 연산동,경상사고,0,0,1,0,차대사람 - 차도통행중,안전운전불이행,건조,맑음,단일로 - 기타,승용,남,52세,상해없음,보행자,남,30세,경상
2015080900100083,2015년 8월 9일 06시,일요일,부산광역시 북구 덕천동,중상사고,0,1,0,0,차대차 - 측면직각충돌,안전운전불이행,건조,맑음,교차로 - 교차로부근,화물,남,67세,상해없음,승용,남,32세,중상
2015080900100084,2015년 8월 9일 06시,일요일,부산광역시 해운대구 중동,경상사고,0,0,1,0,차대차 - 기타,신호위반,기타,맑음,교차로 - 교차로안,승용,남,55세,상해없음,승용,여,62세,경상
2015080900100097,2015년 8월 9일 07시,일요일,부산광역시 영도구 동삼동,중상사고,0,1,0,0,차대사람 - 기타,안전운전불이행,건조,맑음,단일로 - 기타,화물,남,57세,상해없음,보행자,여,25세,중상
2015080900100117,2015년 8월 9일 09시,일요일,부산광역시 부산진구 가야동,중상사고,0,1,3,0,차대차 - 추돌 - 주정차중,안전운전불이행,건조,맑음,단일로 - 기타,승용,남,33세,상해없음,승용,남,65세,경상
2015080900100205,2015년 8월 9일 13시,일요일,부산광역시 북구 덕천동,부상신고사고,0,0,0,2,차대차 - 기타,안전운전불이행,건조,맑음,단일로 - 기타,승용,남,61세,상해없음,승용,남,53세,부상신고
2015080900100206,2015년 8월 9일 13시,일요일,부산광역시 금정구 금사동,중상사고,0,1,2,0,차대차 - 기타,안전거리미확보,건조,맑음,단일로 - 기타,화물,남,60세,상해없음,승용,여,33세,중상
2015080900100231,2015년 8월 9일 14시,일요일,부산광역시 해운대구 우동,경상사고,0,0,1,0,차대차 - 측면직각충돌,안전거리미확보,건조,맑음,단일로 - 기타,승용,남,33세,상해없음,이륜,남,19세,경상
2015080900100258,2015년 8월 9일 15시,일요일,부산광역시 수영구 광안동,중상사고,0,1,0,0,차대사람 - 기타,안전운전불이행,건조,맑음,단일로 - 기타,승용,남,27세,상해없음,보행자,여,67세,중상
2015080900100282,2015년 8월 9일 16시,일요일,부산광역시 사하구 하단동,경상사고,0,0,1,0,차대차 - 측면직각충돌,안전운전불이행,건조,맑음,단일로 - 기타,승용,남,59세,상해없음,이륜,남,39세,경상
2015080900100314,2015년 8월 9일 17시,일요일,부산광역시 중구 영주동,경상사고,0,0,1,0,차대차 - 측면직각충돌,안전운전불이행,건조,맑음,단일로 - 기타,승용,여,57세,상해없음,승용,남,39세,경상
2015080900100348,2015년 8월 9일 18시,일요일,부산광역시 금정구 장전동,부상신고사고,0,0,0,1,차대사람 - 길가장자리구역통행중,안전운전불이행,건조,맑음,단일로 - 기타,승용,남,22세,상해없음,보행자,남,45세,부상신고
2015080900100349,2015년 8월 9일 18시,일요일,부산광역시 사하구 하단동,경상사고,0,0,2,2,차대차 - 기타,안전운전불이행,건조,맑음,단일로 - 기타,승용,남,34세,상해없음,화물,남,46세,경상
2015080900100379,2015년 8월 9일 19시,일요일,부산광역시 해운대구 우동,부상신고사고,0,0,0,1,차대차 - 추돌 - 진행중,안전거리미확보,건조,맑음,교차로 - 교차로부근,이륜,남,56세,부상신고,승용,여,28세,상해없음
2015080900100415,2015년 8월 9일 20시,일요일,부산광역시 금정구 두구동,경상사고,0,0,2,0,차대차 - 추돌 - 주정차중,안전운전불이행,건조,맑음,단일로 - 기타,승용,남,55세,기타불명,승용,남,44세,경상
2015080900100449,2015년 8월 9일 21시,일요일,부산광역시 남구 감만동,경상사고,0,0,2,0,차대차 - 기타,안전운전불이행,건조,맑음,교차로 - 교차로부근,승용,남,33세,상해없음,승용,남,68세,상해없음
2015080900100450,2015년 8월 9일 21시,일요일,부산광역시 사상구 학장동,경상사고,0,0,1,0,차량단독 - 기타,기타,건조,맑음,단일로 - 기타,승합,남,49세,상해없음,,,,
2015080900100451,2015년 8월 9일 21시,일요일,부산광역시 기장군 기장읍,중상사고,0,1,1,0,차대사람 - 횡단중,보행자보호의무위반,건조,맑음,교차로 - 교차로부근,원동기,남,22세,경상,보행자,여,52세,중상
2015080900100472,2015년 8월 9일 22시,일요일,부산광역시 북구 구포동,경상사고,0,0,4,0,차대차 - 추돌 - 주정차중,안전운전불이행,건조,맑음,교차로 - 교차로부근,승용,남,44세,상해없음,승용,남,42세,상해없음
2015080900100495,2015년 8월 9일 23시,일요일,부산광역시 수영구 광안동,경상사고,0,0,1,0,차대차 - 추돌 - 주정차중,안전운전불이행,건조,맑음,단일로 - 기타,이륜,남,60세,상해없음,승용,남,33세,상해없음
2015080900100496,2015년 8월 9일 23시,일요일,부산광역시 해운대구 우동,경상사고,0,0,1,0,차대차 - 측면직각충돌,신호위반,건조,맑음,교차로 - 교차로부근,승용,여,36세,상해없음,원동기,남,16세,경상
2015081000100037,2015년 8월 10일 04시,월요일,부산광역시 기장군 기장읍,경상사고,0,0,1,1,차량단독 - 전도전복,안전운전불이행,건조,맑음,단일로 - 기타,이륜,남,40세,부상신고,,,,
2015081000100055,2015년 8월 10일 06시,월요일,부산광역시 부산진구 개금동,경상사고,0,0,1,0,차대차 - 기타,안전거리미확보,건조,맑음,미분류 - 미분류,특수,남,54세,상해없음,승용,남,50세,경상
2015081000100056,2015년 8월 10일 06시,월요일,부산광역시 강서구 구랑동,중상사고,0,1,0,0,차량단독 - 공작물충돌,안전운전불이행,건조,맑음,단일로 - 기타,화물,남,32세,상해없음,,,,
2015081000100070,2015년 8월 10일 07시,월요일,부산광역시 금정구 부곡동,경상사고,0,0,1,0,차대차 - 측면직각충돌,직진우회전진행방해,건조,맑음,교차로 - 교차로안,화물,남,40세,상해없음,자전거,여,22세,경상
2015081000100128,2015년 8월 10일 09시,월요일,부산광역시 해운대구 재송동,중상사고,0,1,0,0,차대차 - 추돌 - 주정차중,안전운전불이행,건조,맑음,단일로 - 기타,승합,남,60세,상해없음,승용,남,39세,중상
2015081000100129,2015년 8월 10일 09시,월요일,부산광역시 사하구 신평동,사망사고,1,0,0,0,차대차 - 측면직각충돌,불법유턴,건조,맑음,교차로 - 교차로안,승용,남,29세,상해없음,원동기,남,55세,사망
2015081000100130,2015년 8월 10일 09시,월요일,부산광역시 사상구 덕포동,경상사고,0,0,1,0,차대사람 - 길가장자리구역통행중,안전운전불이행,건조,맑음,단일로 - 기타,화물,남,53세,상해없음,보행자,남,25세,경상
2015081000100157,2015년 8월 10일 10시,월요일,부산광역시 사상구 괘법동,부상신고사고,0,0,0,2,차대차 - 측면직각충돌,안전거리미확보,건조,맑음,단일로 - 기타,승용,남,29세,상해없음,이륜,남,64세,부상신고
2015081000100158,2015년 8월 10일 10시,월요일,부산광역시 사상구 엄궁동,중상사고,0,1,0,0,차대사람 - 횡단중,안전운전불이행,건조,맑음,교차로 - 교차로부근,승용,남,47세,상해없음,보행자,여,81세,중상
2015081000100190,2015년 8월 10일 11시,월요일,부산광역시 남구 대연동,경상사고,0,0,1,0,차대사람 - 기타,신호위반,건조,맑음,교차로 - 교차로안,승용,여,29세,상해없음,보행자,여,12세,경상
2015081000100224,2015년 8월 10일 12시,월요일,부산광역시 수영구 광안동,경상사고,0,0,1,0,차대차 - 추돌 - 진행중,안전운전불이행,건조,맑음,단일로 - 기타,승용,남,60세,상해없음,이륜,남,48세,경상
2015081000100225,2015년 8월 10일 12시,월요일,부산광역시 남구 용호동,경상사고,0,0,1,0,차대사람 - 기타,안전운전불이행,건조,맑음,교차로 - 교차로안,승용,남,59세,상해없음,보행자,여,61세,경상
2015081000100226,2015년 8월 10일 12시,월요일,부산광역시 동래구 온천동,경상사고,0,0,1,0,차대차 - 측면직각충돌,안전거리미확보,건조,맑음,단일로 - 기타,화물,남,50세,상해없음,승용,남,50세,경상
2015081000100227,2015년 8월 10일 12시,월요일,부산광역시 사상구 덕포동,중상사고,0,1,0,0,차대차 - 측면직각충돌,기타,건조,맑음,기타 - 기타,승용,여,42세,상해없음,승용,남,53세,중상
2015081000100266,2015년 8월 10일 13시,월요일,부산광역시 남구 대연동,경상사고,0,0,1,0,차량단독 - 기타,안전운전불이행,건조,맑음,단일로 - 기타,이륜,남,58세,상해없음,,,,
2015081000100267,2015년 8월 10일 13시,월요일,부산광역시 해운대구 우동,경상사고,0,0,1,0,차대차 - 기타,신호위반,기타,맑음,교차로 - 교차로안,승용,남,81세,상해없음,승용,남,34세,경상
2015081000100268,2015년 8월 10일 13시,월요일,부산광역시 사상구 엄궁동,중상사고,0,1,0,0,차대차 - 추돌 - 주정차중,안전거리미확보,건조,맑음,단일로 - 기타,화물,남,59세,상해없음,화물,남,45세,중상
2015081000100305,2015년 8월 10일 14시,월요일,부산광역시 부산진구 전포동,부상신고사고,0,0,0,1,차대차 - 기타,안전운전불이행,건조,맑음,단일로 - 기타,이륜,남,15세,부상신고,승용,남,24세,상해없음
2015081000100306,2015년 8월 10일 14시,월요일,부산광역시 강서구 대저1동,경상사고,0,0,1,0,차대차 - 추돌 - 진행중,안전운전불이행,건조,맑음,단일로 - 횡단보도부근,승용,남,53세,상해없음,승용,남,42세,경상
2015081000100307,2015년 8월 10일 14시,월요일,부산광역시 사상구 엄궁동,경상사고,0,0,1,0,차대차 - 측면직각충돌,안전운전불이행,건조,맑음,단일로 - 기타,승용,남,24세,상해없음,승용,여,54세,경상
2015081000100349,2015년 8월 10일 15시,월요일,부산광역시 해운대구 반여동,중상사고,0,1,0,0,차대차 - 측면직각충돌,교차로운행방법위반,건조,맑음,교차로 - 교차로안,승용,여,40세,상해없음,승용,여,54세,중상
2015081000100350,2015년 8월 10일 15시,월요일,부산광역시 사상구 덕포동,경상사고,0,0,1,0,차대차 - 측면직각충돌,안전거리미확보,건조,맑음,단일로 - 기타,승용,남,37세,상해없음,승용,남,28세,경상
2015081000100390,2015년 8월 10일 16시,월요일,부산광역시 북구 만덕동,중상사고,0,1,0,0,차대사람 - 횡단중,신호위반,건조,맑음,교차로 - 교차로안,승용,여,35세,상해없음,보행자,남,7세,중상
2015081000100391,2015년 8월 10일 16시,월요일,부산광역시 부산진구 범전동,경상사고,0,0,1,0,차대차 - 기타,안전운전불이행,건조,맑음,단일로 - 기타,자전거,남,25세,경상,승용,남,55세,상해없음
2015081000100435,2015년 8월 10일 17시,월요일,부산광역시 부산진구 가야동,경상사고,0,0,1,0,차대사람 - 횡단중,보행자보호의무위반,건조,맑음,미분류 - 미분류,승합,남,25세,상해없음,보행자,여,12세,경상
2015081000100472,2015년 8월 10일 18시,월요일,부산광역시 해운대구 좌동,경상사고,0,0,1,1,차대차 - 기타,안전운전불이행,건조,맑음,단일로 - 기타,이륜,남,23세,경상,승용,남,64세,상해없음
2015081000100473,2015년 8월 10일 18시,월요일,부산광역시 수영구 망미동,경상사고,0,0,1,0,차대사람 - 횡단중,안전운전불이행,건조,맑음,단일로 - 기타,승용,여,34세,상해없음,보행자,남,5세,경상
2015081000100517,2015년 8월 10일 19시,월요일,부산광역시 금정구 금사동,경상사고,0,0,1,0,차대차 - 측면직각충돌,기타,건조,맑음,교차로 - 교차로안,승용,남,64세,상해없음,승합,남,40세,경상
2015081000100562,2015년 8월 10일 20시,월요일,부산광역시 해운대구 좌동,중상사고,0,1,0,0,차대사람 - 횡단중,안전운전불이행,건조,맑음,교차로 - 교차로안,승용,남,49세,상해없음,보행자,남,52세,중상
2015081000100563,2015년 8월 10일 20시,월요일,부산광역시 사하구 장림동,경상사고,0,0,1,0,차대차 - 기타,안전운전불이행,건조,맑음,교차로 - 교차로부근,화물,남,52세,상해없음,이륜,남,19세,경상
2015081000100592,2015년 8월 10일 21시,월요일,부산광역시 동래구 복천동,경상사고,0,0,1,0,차대차 - 측면직각충돌,안전운전불이행,건조,맑음,교차로 - 교차로안,승용,기타불명,기타불명,기타불명,승용,남,30세,경상
2015081000100593,2015년 8월 10일 21시,월요일,부산광역시 영도구 청학동,중상사고,0,1,0,0,차대사람 - 차도통행중,안전운전불이행,건조,맑음,단일로 - 횡단보도부근,승용,남,35세,상해없음,보행자,남,65세,중상
2015081000100652,2015년 8월 10일 23시,월요일,부산광역시 동래구 온천동,중상사고,0,1,0,0,차대사람 - 횡단중,안전운전불이행,건조,맑음,단일로 - 기타,승용,남,28세,상해없음,보행자,여,52세,중상
2015081000100653,2015년 8월 10일 23시,월요일,부산광역시 영도구 동삼동,경상사고,0,0,1,0,차대차 - 추돌 - 진행중,안전운전불이행,건조,맑음,교차로 - 교차로안,승용,여,46세,상해없음,승용,남,38세,경상
2015081000100654,2015년 8월 10일 23시,월요일,부산광역시 사하구 감천동,경상사고,0,0,2,0,차대차 - 추돌 - 주정차중,안전운전불이행,건조,맑음,단일로 - 기타,승용,남,43세,경상,승용,남,27세,경상
2015081100100026,2015년 8월 11일 01시,화요일,부산광역시 남구 감만동,경상사고,0,0,1,0,차대차 - 측면직각충돌,안전거리미확보,건조,맑음,단일로 - 기타,승용,남,41세,상해없음,승용,남,68세,경상
2015081100100035,2015년 8월 11일 02시,화요일,부산광역시 부산진구 부전동,중상사고,0,3,5,0,차대사람 - 기타,안전운전불이행,건조,맑음,교차로 - 교차로안,승용,남,55세,상해없음,보행자,남,58세,중상
2015081100100048,2015년 8월 11일 04시,화요일,부산광역시 남구 용호동,경상사고,0,0,2,0,차량단독 - 기타,안전운전불이행,건조,맑음,단일로 - 기타,원동기,남,19세,경상,,,,
2015081100100057,2015년 8월 11일 05시,화요일,부산광역시 남구 감만동,부상신고사고,0,0,0,1,차량단독 - 기타,안전운전불이행,건조,기타,단일로 - 기타,원동기,남,24세,부상신고,,,,
2015081100100071,2015년 8월 11일 06시,화요일,부산광역시 사하구 괴정동,중상사고,0,1,0,0,차대사람 - 기타,안전운전불이행,건조,맑음,단일로 - 기타,승용,남,47세,상해없음,보행자,남,78세,중상
2015081100100072,2015년 8월 11일 06시,화요일,부산광역시 사하구 신평동,중상사고,0,1,0,0,차대차 - 기타,교차로운행방법위반,건조,맑음,교차로 - 교차로안,자전거,남,75세,중상,화물,남,59세,상해없음
2015081100100109,2015년 8월 11일 08시,화요일,부산광역시 수영구 남천동,중상사고,0,1,0,0,차대사람 - 기타,안전운전불이행,건조,맑음,단일로 - 기타,승용,남,71세,상해없음,보행자,여,62세,중상
2015081100100110,2015년 8월 11일 08시,화요일,부산광역시 연제구 거제동,경상사고,0,0,1,0,차대차 - 기타,중앙선침범,건조,맑음,단일로 - 기타,승용,남,31세,상해없음,원동기,남,46세,경상
2015081100100111,2015년 8월 11일 08시,화요일,부산광역시 기장군 기장읍,경상사고,0,0,1,0,차대차 - 추돌 - 주정차중,안전운전불이행,건조,맑음,교차로 - 교차로안,승용,남,44세,상해없음,승용,여,54세,경상
2015081100100145,2015년 8월 11일 09시,화요일,부산광역시 기장군 기장읍,경상사고,0,0,1,0,차대사람 - 기타,안전운전불이행,건조,맑음,교차로 - 교차로안,승용,남,35세,상해없음,보행자,여,66세,경상
2015081100100174,2015년 8월 11일 10시,화요일,부산광역시 수영구 광안동,중상사고,0,1,0,0,차대차 - 측면직각충돌,안전운전불이행,건조,맑음,단일로 - 기타,승용,남,67세,상해없음,이륜,남,55세,중상
2015081100100175,2015년 8월 11일 10시,화요일,부산광역시 부산진구 범천동,중상사고,0,1,0,0,차대차 - 기타,안전운전불이행,건조,맑음,단일로 - 기타,승용,남,60세,상해없음,자전거,여,58세,중상
2015081100100206,2015년 8월 11일 11시,화요일,부산광역시 서구 토성동4가,중상사고,0,1,0,0,차대사람 - 보도통행중,보행자보호의무위반,건조,맑음,단일로 - 기타,승용,여,36세,상해없음,보행자,여,61세,중상
2015081100100207,2015년 8월 11일 11시,화요일,부산광역시 영도구 청학동,경상사고,0,0,1,0,차대사람 - 기타,안전운전불이행,건조,맑음,단일로 - 기타,승용,남,50세,상해없음,보행자,남,61세,경상
2015081100100237,2015년 8월 11일 12시,화요일,부산광역시 남구 우암동,중상사고,0,2,1,0,차대차 - 추돌 - 주정차중,안전운전불이행,건조,맑음,단일로 - 기타,승용,남,29세,중상,화물,남,54세,경상
2015081100100238,2015년 8월 11일 12시,화요일,부산광역시 남구 대연동,경상사고,0,0,1,0,차량단독 - 기타,안전운전불이행,건조,맑음,단일로 - 기타,승합,남,51세,상해없음,,,,
2015081100100270,2015년 8월 11일 13시,화요일,부산광역시 중구 남포동1가,중상사고,0,1,0,0,차대사람 - 횡단중,안전운전불이행,건조,맑음,단일로 - 횡단보도부근,승용,여,23세,상해없음,보행자,여,74세,중상
2015081100100311,2015년 8월 11일 14시,화요일,부산광역시 연제구 연산동,중상사고,0,1,2,0,차대차 - 측면직각충돌,신호위반,건조,맑음,교차로 - 교차로안,승용,남,26세,상해없음,승용,남,70세,중상
2015081100100312,2015년 8월 11일 14시,화요일,부산광역시 연제구 연산동,경상사고,0,0,1,0,차대사람 - 횡단중,보행자보호의무위반,건조,맑음,교차로 - 교차로부근,화물,남,58세,상해없음,보행자,남,20세,경상
2015081100100349,2015년 8월 11일 15시,화요일,부산광역시 해운대구 재송동,경상사고,0,0,1,0,차대차 - 측면직각충돌,안전거리미확보,건조,맑음,단일로 - 기타,화물,남,37세,상해없음,이륜,남,42세,경상
2015081100100350,2015년 8월 11일 15시,화요일,부산광역시 사상구 학장동,경상사고,0,0,1,0,차대차 - 측면직각충돌,안전거리미확보,건조,맑음,단일로 - 기타,화물,남,64세,상해없음,원동기,남,24세,경상
2015081100100351,2015년 8월 11일 15시,화요일,부산광역시 기장군 정관면,부상신고사고,0,0,0,1,차대사람 - 횡단중,신호위반,건조,맑음,교차로 - 교차로안,이륜,남,25세,상해없음,보행자,여,60세,부상신고
2015081100100392,2015년 8월 11일 16시,화요일,부산광역시 수영구 광안동,중상사고,0,1,0,0,차대사람 - 기타,안전운전불이행,건조,맑음,단일로 - 기타,승용,여,61세,상해없음,보행자,여,45세,중상
2015081100100393,2015년 8월 11일 16시,화요일,부산광역시 사하구 신평동,중상사고,0,1,1,0,차대차 - 측면직각충돌,신호위반,건조,맑음,교차로 - 교차로안,승용,여,51세,상해없음,화물,남,33세,중상
2015081100100394,2015년 8월 11일 16시,화요일,부산광역시 사상구 주례동,경상사고,0,0,1,0,차대차 - 측면직각충돌,안전운전불이행,건조,맑음,단일로 - 기타,이륜,남,21세,경상,이륜,남,19세,상해없음
2015081100100431,2015년 8월 11일 17시,화요일,부산광역시 해운대구 우동,중상사고,0,1,0,0,차대차 - 측면직각충돌,안전거리미확보,건조,맑음,단일로 - 기타,이륜,남,16세,중상,승용,여,63세,상해없음
2015081100100461,2015년 8월 11일 18시,화요일,부산광역시 강서구 대저2동,중상사고,0,1,1,0,차대차 - 추돌 - 진행중,안전운전불이행,건조,맑음,교차로 - 교차로안,화물,남,31세,상해없음,이륜,남,61세,경상
2015081100100515,2015년 8월 11일 19시,화요일,부산광역시 해운대구 재송동,경상사고,0,0,1,0,차대차 - 추돌 - 진행중,안전거리미확보,건조,맑음,단일로 - 기타,승용,남,41세,상해없음,승용,여,51세,경상
2015081100100516,2015년 8월 11일 19시,화요일,부산광역시 금정구 서동,경상사고,0,0,1,0,차대차 - 추돌 - 진행중,안전거리미확보,건조,맑음,단일로 - 기타,승용,남,50세,상해없음,승용,여,48세,경상
2015081100100556,2015년 8월 11일 20시,화요일,부산광역시 동래구 온천동,중상사고,0,1,0,0,차대사람 - 횡단중,안전운전불이행,습기,비,단일로 - 기타,승용,남,60세,상해없음,보행자,남,58세,중상
2015081100100557,2015년 8월 11일 20시,화요일,부산광역시 사상구 모라동,경상사고,0,0,2,0,차대차 - 측면직각충돌,신호위반,습기,비,교차로 - 교차로안,화물,남,52세,상해없음,승용,남,47세,경상
2015081100100604,2015년 8월 11일 21시,화요일,부산광역시 북구 금곡동,경상사고,0,0,1,0,차대차 - 추돌 - 진행중,안전운전불이행,건조,맑음,단일로 - 기타,화물,기타불명,기타불명,기타불명,승용,남,46세,경상
2015081100100605,2015년 8월 11일 21시,화요일,부산광역시 부산진구 당감동,경상사고,0,0,1,0,차대차 - 추돌 - 진행중,안전거리미확보,건조,맑음,교차로 - 교차로부근,승용,남,45세,상해없음,이륜,남,16세,경상
2015081100100645,2015년 8월 11일 22시,화요일,부산광역시 영도구 남항동1가,경상사고,0,0,1,0,차대차 - 기타,안전거리미확보,습기,비,단일로 - 기타,승합,남,62세,상해없음,원동기,남,17세,경상
2015081100100646,2015년 8월 11일 22시,화요일,부산광역시 해운대구 중동,경상사고,0,0,1,0,차대사람 - 횡단중,안전운전불이행,습기,비,단일로 - 기타,승용,남,59세,상해없음,보행자,여,43세,경상
2015081100100647,2015년 8월 11일 22시,화요일,부산광역시 부산진구 개금동,경상사고,0,0,1,0,차대사람 - 기타,안전운전불이행,습기,비,단일로 - 기타,승용,남,51세,상해없음,보행자,남,33세,경상
2015081100100685,2015년 8월 11일 23시,화요일,부산광역시 중구 부평동2가,경상사고,0,0,1,0,차대사람 - 횡단중,신호위반,습기,비,단일로 - 횡단보도부근,승용,남,24세,상해없음,보행자,남,49세,경상
2015081100100686,2015년 8월 11일 23시,화요일,부산광역시 중구 남포동4가,경상사고,0,0,1,0,차대사람 - 기타,불법유턴,습기,비,단일로 - 기타,승용,남,20세,상해없음,보행자,남,34세,경상
2015081100100687,2015년 8월 11일 23시,화요일,부산광역시 금정구 구서동,중상사고,0,1,0,0,차대사람 - 횡단중,신호위반,습기,비,단일로 - 기타,승용,남,23세,상해없음,보행자,남,28세,중상
2015081100100688,2015년 8월 11일 23시,화요일,부산광역시 금정구 부곡동,중상사고,0,1,0,1,차대사람 - 횡단중,신호위반,습기,비,단일로 - 기타,승용,남,49세,상해없음,보행자,여,33세,부상신고
2015081100100689,2015년 8월 11일 23시,화요일,부산광역시 사하구 장림동,중상사고,0,1,0,0,차대사람 - 기타,안전운전불이행,습기,비,단일로 - 기타,기타불명,기타불명,기타불명,기타불명,보행자,남,53세,중상
2015081100100690,2015년 8월 11일 23시,화요일,부산광역시 강서구 명지동,경상사고,0,0,1,0,차량단독 - 공작물충돌,안전운전불이행,습기,비,단일로 - 기타,승용,남,62세,상해없음,,,,
2015081200100006,2015년 8월 12일 00시,수요일,부산광역시 서구 동대신동2가,중상사고,0,1,1,0,차대차 - 추돌 - 주정차중,안전거리미확보,습기,비,교차로 - 교차로부근,화물,남,28세,상해없음,승용,남,50세,경상
2015081200100007,2015년 8월 12일 00시,수요일,부산광역시 서구 서대신동2가,중상사고,0,1,0,0,차량단독 - 공작물충돌,안전운전불이행,습기,비,단일로 - 터널,승용,남,57세,상해없음,,,,
2015081200100019,2015년 8월 12일 01시,수요일,부산광역시 동구 범일동,경상사고,0,0,1,0,차대차 - 측면직각충돌,신호위반,습기,비,교차로 - 교차로안,승합,남,51세,상해없음,승용,남,60세,경상
2015081200100020,2015년 8월 12일 01시,수요일,부산광역시 사하구 하단동,경상사고,0,0,1,0,차대사람 - 기타,안전운전불이행,건조,흐림,단일로 - 기타,승용,남,44세,상해없음,보행자,남,27세,경상
2015081200100031,2015년 8월 12일 02시,수요일,부산광역시 사상구 모라동,경상사고,0,0,2,0,차대차 - 추돌 - 주정차중,안전운전불이행,습기,비,단일로 - 기타,승용,남,34세,상해없음,승용,여,41세,경상