사고번호,사고일시,요일,시군구,사고내용,사망자수,중상자수,경상자수,부상신고자수,사고유형,법규위반,노면상태,기상상태,도로형태,가해운전자 차종,가해운전자 성별,가해운전자 연령,가해운전자 상해정도,피해운전자 차종,피해운전자 성별,피해운전자 연령,피해운전자 상해정도
2015081200100064,2015년 8월 12일 05시,수요일,부산광역시 강서구 송정동,경상사고,0,0,1,0,차량단독 - 기타,안전운전불이행,습기,맑음,단일로 - 기타,화물,남,43세,경상,,,,
2015081200100077,2015년 8월 12일 06시,수요일,부산광역시 중구 영주동,부상신고사고,0,0,0,1,차대차 - 기타,안전운전불이행,습기,비,단일로 - 기타,기타불명,기타불명,기타불명,기타불명,승용,남,41세,부상신고
2015081200100110,2015년 8월 12일 08시,수요일,부산광역시 사하구 하단동,경상사고,0,0,1,0,차대차 - 측면직각충돌,안전거리미확보,건조,맑음,단일로 - 기타,승용,남,60세,상해없음,화물,남,47세,경상
2015081200100146,2015년 8월 12일 09시,수요일,부산광역시 동구 범일동,중상사고,0,1,0,0,차대차 - 기타,차로위반,건조,맑음,교차로 - 교차로부근,승합,남,59세,상해없음,승용,남,23세,중상
2015081200100147,2015년 8월 12일 09시,수요일,부산광역시 남구 대연동,경상사고,0,0,1,0,차량단독 - 기타,안전운전불이행,건조,맑음,교차로 - 교차로부근,승용,남,63세,상해없음,,,,
2015081200100148,2015년 8월 12일 09시,수요일,부산광역시 기장군 기장읍,중상사고,0,1,0,0,차대차 - 추돌 - 주정차중,안전운전불이행,습기,기타,단일로 - 기타,승용,남,52세,상해없음,승용,여,52세,상해없음
2015081200100174,2015년 8월 12일 10시,수요일,부산광역시 북구 덕천동,경상사고,0,0,1,0,차대차 - 추돌 - 진행중,안전운전불이행,건조,맑음,단일로 - 기타,승용,남,36세,상해없음,화물,남,65세,경상
2015081200100207,2015년 8월 12일 11시,수요일,부산광역시 서구 암남동,경상사고,0,0,1,0,차대사람 - 차도통행중,안전운전불이행,습기,비,단일로 - 기타,승용,남,51세,상해없음,보행자,남,22세,경상
2015081200100208,2015년 8월 12일 11시,수요일,부산광역시 북구 금곡동,중상사고,0,1,0,0,차대차 - 추돌 - 진행중,안전운전불이행,건조,맑음,교차로 - 교차로부근,승용,남,34세,상해없음,승용,여,44세,중상
2015081200100236,2015년 8월 12일 12시,수요일,부산광역시 수영구 수영동,부상신고사고,0,0,0,1,차대차 - 기타,안전운전불이행,습기,비,단일로 - 기타,승용,남,67세,상해없음,이륜,남,25세,부상신고
2015081200100237,2015년 8월 12일 12시,수요일,부산광역시 부산진구 개금동,경상사고,0,0,1,0,차대차 - 추돌 - 주정차중,안전거리미확보,건조,맑음,단일로 - 기타,승용,여,43세,상해없음,승용,여,67세,경상
2015081200100238,2015년 8월 12일 12시,수요일,부산광역시 수영구 망미동,경상사고,0,0,1,0,차대차 - 측면직각충돌,안전거리미확보,건조,맑음,단일로 - 기타,승용,남,60세,상해없음,이륜,남,50세,경상
2015081200100272,2015년 8월 12일 13시,수요일,부산광역시 북구 화명동,부상신고사고,0,0,0,1,차대차 - 측면직각충돌,신호위반,습기,비,교차로 - 교차로부근,원동기,남,17세,상해없음,승용,남,56세,부상신고
2015081200100308,2015년 8월 12일 14시,수요일,부산광역시 동래구 명장동,중상사고,0,3,0,0,차대차 - 측면직각충돌,신호위반,건조,맑음,교차로 - 교차로안,승용,여,48세,상해없음,승용,남,35세,중상
2015081200100309,2015년 8월 12일 14시,수요일,부산광역시 연제구 연산동,경상사고,0,0,1,0,차대차 - 측면직각충돌,신호위반,습기,비,교차로 - 교차로안,승용,여,28세,상해없음,승용,여,68세,상해없음
2015081200100342,2015년 8월 12일 15시,수요일,부산광역시 금정구 부곡동,경상사고,0,0,1,0,차대사람 - 기타,안전운전불이행,건조,맑음,단일로 - 기타,승용,기타불명,기타불명,기타불명,보행자,여,60세,경상
2015081200100378,2015년 8월 12일 16시,수요일,부산광역시 동래구 온천동,경상사고,0,0,1,0,차대차 - 측면직각충돌,신호위반,건조,맑음,교차로 - 교차로안,승용,남,60세,상해없음,이륜,남,34세,경상
2015081200100502,2015년 8월 12일 19시,수요일,부산광역시 부산진구 범천동,경상사고,0,0,2,0,차대차 - 추돌 - 진행중,차로위반,건조,맑음,단일로 - 기타,승용,남,57세,상해없음,승용,남,26세,경상
2015081200100537,2015년 8월 12일 20시,수요일,부산광역시 북구 덕천동,중상사고,0,1,0,0,차대차 - 기타,안전거리미확보,건조,맑음,단일로 - 기타,승용,남,63세,상해없음,이륜,남,29세,중상
2015081200100538,2015년 8월 12일 20시,수요일,부산광역시 사하구 괴정동,중상사고,0,1,0,0,차대사람 - 기타,안전운전불이행,건조,맑음,단일로 - 기타,승합,남,48세,상해없음,보행자,여,51세,중상
2015081200100539,2015년 8월 12일 20시,수요일,부산광역시 사하구 괴정동,부상신고사고,0,0,0,1,차대차 - 기타,안전운전불이행,건조,맑음,단일로 - 기타,원동기,남,16세,부상신고,승용,남,60세,상해없음
2015081200100588,2015년 8월 12일 21시,수요일,부산광역시 부산진구 전포동,경상사고,0,0,1,0,차대차 - 추돌 - 진행중,차로위반,건조,맑음,교차로 - 교차로부근,원동기,남,44세,경상,승용,남,72세,상해없음
2015081200100589,2015년 8월 12일 21시,수요일,부산광역시 연제구 연산동,부상신고사고,0,0,0,1,차대차 - 추돌 - 진행중,안전거리미확보,건조,맑음,단일로 - 기타,승용,남,49세,상해없음,승용,여,33세,부상신고
2015081200100610,2015년 8월 12일 22시,수요일,부산광역시 사상구 괘법동,중상사고,0,1,0,0,차대차 - 정면충돌,중앙선침범,건조,흐림,단일로 - 기타,승용,남,59세,상해없음,이륜,남,16세,중상
2015081200100642,2015년 8월 12일 23시,수요일,부산광역시 동래구 온천동,경상사고,0,0,1,0,차대사람 - 횡단중,안전운전불이행,건조,맑음,단일로 - 기타,승용,여,28세,상해없음,보행자,남,68세,경상
2015081200100643,2015년 8월 12일 23시,수요일,부산광역시 동래구 온천동,경상사고,0,0,1,0,차대사람 - 길가장자리구역통행중,안전운전불이행,건조,맑음,단일로 - 기타,승용,남,53세,상해없음,보행자,남,40세,경상
2015081200100644,2015년 8월 12일 23시,수요일,부산광역시 영도구 대교동1가,중상사고,0,1,0,0,차대차 - 측면직각충돌,안전운전불이행,건조,맑음,교차로 - 교차로안,이륜,남,33세,상해없음,이륜,남,31세,중상
2015081200100645,2015년 8월 12일 23시,수요일,부산광역시 기장군 정관면,경상사고,0,0,2,0,차대차 - 기타,안전운전불이행,건조,맑음,교차로 - 교차로안,승용,남,33세,상해없음,승용,남,55세,경상
2015081300100083,2015년 8월 13일 06시,목요일,부산광역시 서구 부민동1가,부상신고사고,0,0,0,1,차대차 - 측면직각충돌,안전운전불이행,건조,맑음,교차로 - 교차로안,이륜,남,54세,상해없음,승용,남,56세,상해없음
2015081300100118,2015년 8월 13일 08시,목요일,부산광역시 동구 좌천동,경상사고,0,0,2,0,차대차 - 추돌 - 진행중,안전거리미확보,건조,맑음,단일로 - 기타,화물,남,29세,상해없음,화물,여,36세,경상
2015081300100162,2015년 8월 13일 09시,목요일,부산광역시 부산진구 범전동,경상사고,0,0,1,0,차대차 - 기타,안전운전불이행,건조,맑음,단일로 - 기타,승용,남,27세,상해없음,승용,남,54세,경상
2015081300100163,2015년 8월 13일 09시,목요일,부산광역시 사하구 신평동,경상사고,0,0,1,0,차대사람 - 기타,안전운전불이행,건조,맑음,단일로 - 기타,승용,남,63세,상해없음,보행자,남,17세,경상
2015081300100190,2015년 8월 13일 10시,목요일,부산광역시 중구 영주동,중상사고,0,1,0,0,차대사람 - 횡단중,안전운전불이행,건조,맑음,단일로 - 기타,승용,남,59세,상해없음,보행자,여,39세,중상
2015081300100191,2015년 8월 13일 10시,목요일,부산광역시 금정구 남산동,중상사고,0,1,0,0,차대차 - 측면직각충돌,기타,건조,맑음,교차로 - 교차로안,화물,남,46세,상해없음,자전거,남,12세,중상
2015081300100215,2015년 8월 13일 11시,목요일,부산광역시 강서구 녹산동,사망사고,1,0,0,0,차량단독 - 도로외이탈 - 추락,안전운전불이행,건조,맑음,단일로 - 기타,승용,여,27세,사망,,,,
2015081300100248,2015년 8월 13일 12시,목요일,부산광역시 영도구 청학동,중상사고,0,1,0,0,차대사람 - 기타,기타,건조,맑음,단일로 - 기타,승합,남,52세,상해없음,보행자,여,72세,중상
2015081300100249,2015년 8월 13일 12시,목요일,부산광역시 금정구 서동,경상사고,0,0,1,0,차대차 - 측면직각충돌,교차로운행방법위반,건조,맑음,교차로 - 교차로안,승합,남,46세,상해없음,승용,남,70세,경상
2015081300100250,2015년 8월 13일 12시,목요일,부산광역시 강서구 봉림동,중상사고,0,1,0,0,차대차 - 추돌 - 주정차중,안전운전불이행,건조,맑음,교차로 - 교차로부근,화물,남,38세,중상,화물,남,73세,상해없음
2015081300100284,2015년 8월 13일 13시,목요일,부산광역시 중구 보수동1가,경상사고,0,0,1,0,차대사람 - 횡단중,안전운전불이행,건조,맑음,단일로 - 기타,승용,여,55세,상해없음,보행자,여,77세,경상
2015081300100285,2015년 8월 13일 13시,목요일,부산광역시 사하구 장림동,중상사고,0,1,0,0,차대사람 - 기타,안전운전불이행,건조,맑음,단일로 - 기타,승용,여,57세,상해없음,보행자,여,80세,중상
2015081300100286,2015년 8월 13일 13시,목요일,부산광역시 사하구 괴정동,경상사고,0,0,2,0,차대차 - 측면직각충돌,신호위반,건조,흐림,단일로 - 기타,승용,남,62세,상해없음,승용,남,49세,경상
2015081300100287,2015년 8월 13일 13시,목요일,부산광역시 연제구 거제동,중상사고,0,1,0,0,차대사람 - 길가장자리구역통행중,안전운전불이행,건조,맑음,단일로 - 기타,승용,남,49세,상해없음,보행자,여,59세,중상
2015081300100389,2015년 8월 13일 16시,목요일,부산광역시 해운대구 우동,경상사고,0,0,1,0,차대사람 - 보도통행중,보행자보호의무위반,건조,맑음,단일로 - 기타,원동기,남,56세,상해없음,보행자,여,32세,경상
2015081300100390,2015년 8월 13일 16시,목요일,부산광역시 부산진구 당감동,경상사고,0,0,1,0,차대차 - 측면직각충돌,기타,건조,맑음,단일로 - 기타,승용,남,70세,상해없음,이륜,남,24세,경상
2015081300100428,2015년 8월 13일 17시,목요일,부산광역시 남구 대연동,경상사고,0,0,1,0,차대차 - 기타,안전운전불이행,건조,맑음,단일로 - 기타,승용,남,33세,상해없음,이륜,남,26세,경상
2015081300100466,2015년 8월 13일 18시,목요일,부산광역시 서구 아미동2가,경상사고,0,0,1,0,차대차 - 측면직각충돌,신호위반,건조,맑음,교차로 - 교차로안,승용,남,28세,상해없음,자전거,남,13세,경상
2015081300100467,2015년 8월 13일 18시,목요일,부산광역시 남구 용호동,경상사고,0,0,1,0,차대차 - 기타,안전운전불이행,건조,맑음,교차로 - 교차로부근,승용,여,42세,상해없음,자전거,여,56세,경상
2015081300100468,2015년 8월 13일 18시,목요일,부산광역시 동래구 낙민동,경상사고,0,0,2,0,차대차 - 측면직각충돌,안전운전불이행,건조,맑음,단일로 - 기타,원동기,남,24세,상해없음,승용,남,27세,경상
2015081300100469,2015년 8월 13일 18시,목요일,부산광역시 해운대구 우동,경상사고,0,0,1,0,차대사람 - 보도통행중,안전운전불이행,건조,맑음,단일로 - 기타,원동기,기타불명,35세,기타불명,보행자,여,29세,경상
2015081300100470,2015년 8월 13일 18시,목요일,부산광역시 부산진구 부전동,경상사고,0,0,1,0,차대차 - 추돌 - 진행중,안전거리미확보,건조,맑음,교차로 - 교차로부근,승용,남,30세,상해없음,승용,여,47세,경상
2015081300100524,2015년 8월 13일 19시,목요일,부산광역시 사하구 하단동,경상사고,0,0,1,0,차대차 - 측면직각충돌,안전운전불이행,건조,맑음,단일로 - 횡단보도상,승용,남,38세,상해없음,자전거,남,72세,경상
2015081300100525,2015년 8월 13일 19시,목요일,부산광역시 강서구 송정동,경상사고,0,0,4,0,차대차 - 추돌 - 진행중,교차로운행방법위반,건조,맑음,교차로 - 교차로안,화물,남,38세,상해없음,승용,남,41세,경상
2015081300100566,2015년 8월 13일 20시,목요일,부산광역시 부산진구 부전동,경상사고,0,0,1,0,차대사람 - 기타,안전운전불이행,건조,맑음,교차로 - 교차로안,승용,여,55세,상해없음,보행자,남,48세,경상
2015081300100567,2015년 8월 13일 20시,목요일,부산광역시 사상구 주례동,부상신고사고,0,0,0,1,차대차 - 추돌 - 진행중,안전거리미확보,건조,맑음,단일로 - 기타,승용,남,61세,상해없음,이륜,남,21세,부상신고
2015081300100608,2015년 8월 13일 21시,목요일,부산광역시 해운대구 우동,중상사고,0,1,0,0,차대차 - 기타,교차로운행방법위반,건조,맑음,교차로 - 교차로부근,승용,남,31세,상해없음,자전거,남,14세,중상
2015081300100609,2015년 8월 13일 21시,목요일,부산광역시 부산진구 부전동,경상사고,0,0,1,0,차대사람 - 횡단중,안전운전불이행,건조,맑음,단일로 - 기타,기타불명,기타불명,기타불명,기타불명,보행자,여,22세,경상
2015081300100647,2015년 8월 13일 22시,목요일,부산광역시 해운대구 재송동,중상사고,0,1,0,0,차대사람 - 기타,안전운전불이행,건조,맑음,단일로 - 기타,승용,남,65세,상해없음,보행자,남,55세,중상
2015081300100679,2015년 8월 13일 23시,목요일,부산광역시 동래구 온천동,중상사고,0,1,0,0,차량단독 - 전도전복,안전운전불이행,건조,맑음,단일로 - 기타,원동기,남,39세,중상,,,,
2015081300100680,2015년 8월 13일 23시,목요일,부산광역시 사하구 하단동,경상사고,0,0,4,0,차대차 - 추돌 - 주정차중,안전거리미확보,건조,맑음,단일로 - 기타,승용,남,27세,상해없음,승용,남,32세,경상
2015081300100681,2015년 8월 13일 23시,목요일,부산광역시 연제구 연산동,중상사고,0,1,2,0,차대차 - 기타,신호위반,건조,맑음,교차로 - 교차로안,승용,남,66세,상해없음,승용,남,53세,중상
2015081300100682,2015년 8월 13일 23시,목요일,부산광역시 기장군 장안읍,중상사고,0,1,0,0,차대차 - 측면직각충돌,중앙선침범,건조,맑음,단일로 - 기타,이륜,남,26세,중상,승용,남,61세,상해없음
2015081400100032,2015년 8월 14일 01시,금요일,부산광역시 동구 좌천동,중상사고,0,1,1,0,차대차 - 기타,안전운전불이행,건조,맑음,교차로 - 교차로부근,승용,남,69세,상해없음,승용,남,62세,중상
2015081400100069,2015년 8월 14일 03시,금요일,부산광역시 강서구 송정동,경상사고,0,0,1,0,차대차 - 추돌 - 주정차중,안전운전불이행,건조,맑음,단일로 - 기타,승용,남,28세,상해없음,승용,남,43세,경상
2015081400100133,2015년 8월 14일 08시,금요일,부산광역시 서구 초장동,중상사고,0,1,0,0,차대차 - 측면직각충돌,안전거리미확보,건조,맑음,단일로 - 기타,승용,남,60세,상해없음,이륜,여,32세,중상
2015081400100134,2015년 8월 14일 08시,금요일,부산광역시 부산진구 부전동,중상사고,0,1,0,0,차대차 - 추돌 - 진행중,안전거리미확보,건조,맑음,단일로 - 기타,승용,남,24세,상해없음,승용,남,63세,중상
2015081400100135,2015년 8월 14일 08시,금요일,부산광역시 사하구 하단동,중상사고,0,1,0,0,차대차 - 기타,교차로운행방법위반,건조,맑음,교차로 - 교차로안,화물,남,33세,상해없음,자전거,남,24세,중상
2015081400100136,2015년 8월 14일 08시,금요일,부산광역시 사상구 엄궁동,경상사고,0,0,1,0,차대차 - 정면충돌,중앙선침범,건조,맑음,단일로 - 기타,승합,남,58세,상해없음,승합,남,45세,경상
2015081400100159,2015년 8월 14일 09시,금요일,부산광역시 동구 범일동,경상사고,0,0,1,0,차대차 - 측면직각충돌,신호위반,건조,맑음,교차로 - 교차로안,승용,여,47세,상해없음,승용,남,61세,경상
2015081400100160,2015년 8월 14일 09시,금요일,부산광역시 남구 대연동,경상사고,0,0,1,0,차대사람 - 기타,안전운전불이행,건조,맑음,단일로 - 기타,승용,남,62세,상해없음,보행자,여,25세,경상
2015081400100161,2015년 8월 14일 09시,금요일,부산광역시 해운대구 송정동,중상사고,0,1,1,0,차대사람 - 기타,안전운전불이행,건조,맑음,단일로 - 기타,승용,남,18세,상해없음,보행자,남,38세,경상
2015081400100162,2015년 8월 14일 09시,금요일,부산광역시 사하구 괴정동,중상사고,0,1,0,0,차대차 - 기타,안전운전불이행,건조,맑음,단일로 - 기타,이륜,남,51세,중상,승용,여,39세,상해없음
2015081400100193,2015년 8월 14일 10시,금요일,부산광역시 수영구 남천동,경상사고,0,0,1,0,차대차 - 기타,안전운전불이행,건조,맑음,단일로 - 기타,자전거,남,14세,상해없음,자전거,남,67세,경상
2015081400100194,2015년 8월 14일 10시,금요일,부산광역시 동래구 복천동,경상사고,0,0,1,0,차대차 - 추돌 - 진행중,교차로운행방법위반,건조,맑음,교차로 - 교차로안,자전거,남,80세,경상,승용,남,51세,상해없음
2015081400100259,2015년 8월 14일 12시,금요일,부산광역시 사하구 다대동,중상사고,0,1,0,0,차대사람 - 기타,안전거리미확보,건조,맑음,단일로 - 기타,승용,남,47세,상해없음,보행자,여,76세,중상
2015081400100295,2015년 8월 14일 13시,금요일,부산광역시 서구 암남동,경상사고,0,0,2,0,차대차 - 추돌 - 주정차중,안전운전불이행,건조,맑음,교차로 - 교차로부근,승용,남,31세,상해없음,승용,남,67세,경상
2015081400100296,2015년 8월 14일 13시,금요일,부산광역시 수영구 남천동,중상사고,0,1,0,0,차대차 - 기타,차로위반,건조,맑음,교차로 - 교차로부근,화물,남,65세,상해없음,승합,남,46세,상해없음
2015081400100297,2015년 8월 14일 13시,금요일,부산광역시 동래구 사직동,경상사고,0,0,1,0,차대차 - 측면직각충돌,안전운전불이행,건조,맑음,단일로 - 기타,이륜,남,23세,경상,승용,남,69세,상해없음
2015081400100298,2015년 8월 14일 13시,금요일,부산광역시 사하구 신평동,경상사고,0,0,1,0,차대차 - 기타,교차로운행방법위반,건조,맑음,교차로 - 교차로부근,건설기계,남,55세,상해없음,원동기,남,28세,경상
2015081400100345,2015년 8월 14일 14시,금요일,부산광역시 중구 남포동3가,경상사고,0,0,1,0,차대차 - 측면직각충돌,안전거리미확보,건조,맑음,단일로 - 기타,승합,여,58세,상해없음,승용,남,46세,경상
2015081400100373,2015년 8월 14일 15시,금요일,부산광역시 북구 금곡동,경상사고,0,0,1,0,차대차 - 측면직각충돌,신호위반,건조,맑음,교차로 - 교차로안,승용,여,61세,상해없음,이륜,남,30세,경상
2015081400100374,2015년 8월 14일 15시,금요일,부산광역시 부산진구 부전동,경상사고,0,0,1,0,차대사람 - 기타,안전운전불이행,기타,맑음,기타 - 기타,승용,기타불명,기타불명,기타불명,보행자,여,21세,경상
2015081400100375,2015년 8월 14일 15시,금요일,부산광역시 사하구 괴정동,중상사고,0,1,0,0,차대사람 - 기타,안전운전불이행,건조,맑음,단일로 - 기타,승용,남,59세,상해없음,보행자,여,8세,중상
2015081400100376,2015년 8월 14일 15시,금요일,부산광역시 사하구 당리동,부상신고사고,0,0,0,1,차대차 - 기타,교차로운행방법위반,건조,맑음,교차로 - 교차로안,승용,여,53세,상해없음,자전거,남,8세,부상신고
2015081400100417,2015년 8월 14일 16시,금요일,부산광역시 서구 토성동3가,중상사고,0,1,0,0,차대차 - 측면직각충돌,직진우회전진행방해,건조,맑음,교차로 - 교차로안,승용,남,60세,상해없음,이륜,남,65세,중상
2015081400100418,2015년 8월 14일 16시,금요일,부산광역시 서구 토성동4가,중상사고,0,1,0,0,차대차 - 기타,안전운전불이행,건조,맑음,단일로 - 기타,승합,남,46세,상해없음,기타불명,남,70세,상해없음
2015081400100419,2015년 8월 14일 16시,금요일,부산광역시 영도구 동삼동,경상사고,0,0,3,0,차대차 - 측면직각충돌,보행자보호의무위반,건조,맑음,교차로 - 교차로안,승용,남,31세,상해없음,승용,여,27세,경상
2015081400100420,2015년 8월 14일 16시,금요일,부산광역시 연제구 연산동,사망사고,1,0,0,0,차대사람 - 길가장자리구역통행중,안전운전불이행,건조,맑음,단일로 - 기타,승용,남,24세,상해없음,보행자,여,72세,사망
2015081400100421,2015년 8월 14일 16시,금요일,부산광역시 강서구 명지동,중상사고,0,1,0,0,차대차 - 추돌 - 진행중,안전거리미확보,건조,맑음,교차로 - 교차로부근,화물,남,37세,상해없음,승용,여,64세,중상
2015081400100422,2015년 8월 14일 16시,금요일,부산광역시 기장군 장안읍,중상사고,0,1,5,5,차대차 - 추돌 - 주정차중,안전운전불이행,건조,맑음,단일로 - 기타,화물,남,62세,상해없음,승합,남,40세,경상
2015081400100423,2015년 8월 14일 16시,금요일,부산광역시 기장군 기장읍,중상사고,0,5,8,3,차대차 - 기타,안전운전불이행,건조,맑음,교차로 - 교차로안,승합,남,53세,상해없음,화물,남,66세,상해없음
2015081400100501,2015년 8월 14일 18시,금요일,부산광역시 남구 문현동,중상사고,0,1,0,0,차대사람 - 기타,안전운전불이행,건조,맑음,단일로 - 기타,승용,남,25세,상해없음,보행자,남,5세,중상
2015081400100532,2015년 8월 14일 19시,금요일,부산광역시 남구 용호동,중상사고,0,1,0,0,차대차 - 기타,교차로운행방법위반,건조,맑음,교차로 - 교차로안,승용,남,30세,상해없음,원동기,남,32세,중상
2015081400100533,2015년 8월 14일 19시,금요일,부산광역시 동래구 안락동,경상사고,0,0,1,1,차대차 - 추돌 - 진행중,안전운전불이행,건조,맑음,단일로 - 기타,원동기,남,23세,부상신고,자전거,남,15세,경상
2015081400100534,2015년 8월 14일 19시,금요일,부산광역시 동래구 온천동,경상사고,0,0,1,0,차대차 - 측면직각충돌,안전거리미확보,건조,맑음,단일로 - 기타,화물,남,54세,상해없음,승용,남,66세,경상
2015081400100573,2015년 8월 14일 20시,금요일,부산광역시 북구 화명동,사망사고,1,0,0,0,차대사람 - 기타,안전운전불이행,건조,맑음,단일로 - 기타,승용,남,63세,상해없음,보행자,남,67세,사망
2015081400100574,2015년 8월 14일 20시,금요일,부산광역시 동래구 낙민동,중상사고,0,1,0,0,차대사람 - 횡단중,신호위반,건조,맑음,단일로 - 횡단보도상,승용,남,30세,상해없음,보행자,여,65세,중상
2015081400100575,2015년 8월 14일 20시,금요일,부산광역시 부산진구 양정동,부상신고사고,0,0,0,1,차대차 - 측면직각충돌,안전운전불이행,건조,맑음,단일로 - 기타,이륜,남,41세,부상신고,승용,남,31세,상해없음
2015081400100576,2015년 8월 14일 20시,금요일,부산광역시 연제구 연산동,경상사고,0,0,1,0,차대차 - 측면직각충돌,교차로운행방법위반,건조,맑음,교차로 - 교차로안,승용,여,61세,상해없음,자전거,남,25세,경상
2015081400100614,2015년 8월 14일 21시,금요일,부산광역시 동래구 안락동,경상사고,0,0,1,0,차대차 - 측면직각충돌,신호위반,건조,맑음,교차로 - 교차로안,승합,남,50세,상해없음,승용,남,18세,경상
2015081400100615,2015년 8월 14일 21시,금요일,부산광역시 영도구 대교동1가,경상사고,0,0,1,0,차대차 - 기타,교차로운행방법위반,건조,맑음,교차로 - 교차로안,원동기,여,56세,경상,승용,남,26세,상해없음
2015081400100643,2015년 8월 14일 22시,금요일,부산광역시 연제구 연산동,중상사고,0,1,0,0,차대사람 - 차도통행중,안전운전불이행,건조,맑음,단일로 - 기타,승용,남,29세,상해없음,보행자,남,50세,중상
2015081400100671,2015년 8월 14일 23시,금요일,부산광역시 남구 문현동,경상사고,0,0,3,0,차대차 - 측면직각충돌,신호위반,건조,맑음,교차로 - 교차로안,이륜,남,54세,경상,승용,남,32세,경상
2015081500100035,2015년 8월 15일 01시,토요일,부산광역시 사하구 하단동,중상사고,0,3,0,0,차대차 - 기타,신호위반,건조,맑음,단일로 - 기타,승용,남,31세,상해없음,승용,남,60세,중상
2015081500100075,2015년 8월 15일 04시,토요일,부산광역시 해운대구 우동,경상사고,0,0,1,0,차대사람 - 기타,안전운전불이행,건조,맑음,단일로 - 기타,승용,남,23세,상해없음,보행자,남,59세,경상
2015081500100091,2015년 8월 15일 05시,토요일,부산광역시 연제구 연산동,중상사고,0,1,1,0,차대차 - 측면직각충돌,신호위반,건조,맑음,교차로 - 교차로안,승용,남,59세,상해없음,승용,남,39세,중상
2015081500100092,2015년 8월 15일 05시,토요일,부산광역시 수영구 망미동,경상사고,0,0,2,0,차대차 - 측면직각충돌,신호위반,건조,맑음,교차로 - 교차로안,승용,남,47세,상해없음,승용,남,24세,경상
2015081500100093,2015년 8월 15일 05시,토요일,부산광역시 사상구 엄궁동,중상사고,0,1,0,0,차대사람 - 길가장자리구역통행중,안전운전불이행,건조,맑음,단일로 - 기타,승용,여,51세,상해없음,보행자,남,57세,중상
2015081500100100,2015년 8월 15일 06시,토요일,부산광역시 동래구 안락동,경상사고,0,0,2,0,차대차 - 측면직각충돌,중앙선침범,건조,맑음,단일로 - 기타,승용,남,25세,상해없음,화물,남,49세,경상
2015081500100101,2015년 8월 15일 06시,토요일,부산광역시 해운대구 우동,중상사고,0,2,0,0,차대차 - 측면직각충돌,신호위반,건조,맑음,교차로 - 교차로안,승용,남,71세,상해없음,승용,남,43세,중상
2015081500100115,2015년 8월 15일 07시,토요일,부산광역시 사상구 엄궁동,중상사고,0,1,0,0,차대사람 - 기타,안전운전불이행,건조,맑음,기타 - 기타,승용,남,62세,상해없음,보행자,남,51세,중상
2015081500100148,2015년 8월 15일 09시,토요일,부산광역시 동구 좌천동,경상사고,0,0,1,0,차대사람 - 기타,안전운전불이행,건조,맑음,단일로 - 기타,승용,기타불명,기타불명,기타불명,보행자,여,29세,경상
2015081500100149,2015년 8월 15일 09시,토요일,부산광역시 강서구 송정동,중상사고,0,1,0,0,차대차 - 정면충돌,중앙선침범,건조,맑음,단일로 - 기타,화물,남,38세,상해없음,이륜,남,52세,중상
2015081500100173,2015년 8월 15일 10시,토요일,부산광역시 금정구 노포동,중상사고,0,1,0,0,차대차 - 측면직각충돌,중앙선침범,건조,맑음,단일로 - 기타,자전거,남,80세,중상,승용,남,62세,상해없음
2015081500100174,2015년 8월 15일 10시,토요일,부산광역시 연제구 연산동,경상사고,0,0,1,0,차대차 - 추돌 - 주정차중,안전운전불이행,건조,맑음,단일로 - 기타,승용,남,46세,상해없음,승용,남,33세,경상
2015081500100223,2015년 8월 15일 12시,토요일,부산광역시 북구 화명동,경상사고,0,0,1,0,차대사람 - 횡단중,신호위반,건조,맑음,교차로 - 교차로부근,승용,남,38세,상해없음,보행자,남,6세,경상
2015081500100224,2015년 8월 15일 12시,토요일,부산광역시 해운대구 반송동,경상사고,0,0,3,0,차대차 - 정면충돌,중앙선침범,건조,맑음,단일로 - 교량,화물,남,45세,상해없음,화물,남,42세,경상
2015081500100225,2015년 8월 15일 12시,토요일,부산광역시 해운대구 중동,경상사고,0,0,3,0,차대차 - 기타,안전운전불이행,건조,맑음,기타 - 기타,승용,남,42세,상해없음,승용,남,37세,경상
2015081500100251,2015년 8월 15일 13시,토요일,부산광역시 수영구 수영동,중상사고,0,1,0,0,차대차 - 기타,안전운전불이행,건조,맑음,단일로 - 기타,승용,남,22세,상해없음,승합,남,47세,상해없음
2015081500100252,2015년 8월 15일 13시,토요일,부산광역시 금정구 구서동,부상신고사고,0,0,0,1,차량단독 - 기타,안전거리미확보,건조,맑음,단일로 - 기타,이륜,남,19세,부상신고,,,,
2015081500100285,2015년 8월 15일 14시,토요일,부산광역시 사상구 괘법동,중상사고,0,1,0,0,차대차 - 측면직각충돌,안전운전불이행,건조,맑음,단일로 - 기타,승용,남,30세,상해없음,자전거,여,62세,중상
2015081500100306,2015년 8월 15일 15시,토요일,부산광역시 북구 덕천동,중상사고,0,1,0,0,차대사람 - 기타,안전운전불이행,건조,맑음,단일로 - 기타,승용,남,36세,상해없음,보행자,여,5세,중상
2015081500100307,2015년 8월 15일 15시,토요일,부산광역시 동래구 온천동,중상사고,0,1,0,0,차대차 - 측면직각충돌,불법유턴,건조,맑음,단일로 - 기타,승용,남,25세,상해없음,이륜,남,39세,중상