사고번호,사고일시,요일,시군구,사고내용,사망자수,중상자수,경상자수,부상신고자수,사고유형,법규위반,노면상태,기상상태,도로형태,가해운전자 차종,가해운전자 성별,가해운전자 연령,가해운전자 상해정도,피해운전자 차종,피해운전자 성별,피해운전자 연령,피해운전자 상해정도
2015081500100308,2015년 8월 15일 15시,토요일,부산광역시 금정구 서동,중상사고,0,1,0,0,차대사람 - 기타,안전운전불이행,건조,맑음,교차로 - 교차로안,승용,여,57세,상해없음,보행자,여,58세,중상
2015081500100309,2015년 8월 15일 15시,토요일,부산광역시 사하구 하단동,중상사고,0,1,0,0,차대차 - 기타,교차로운행방법위반,건조,맑음,교차로 - 교차로안,화물,남,25세,상해없음,이륜,남,19세,중상
2015081500100310,2015년 8월 15일 15시,토요일,부산광역시 사상구 학장동,경상사고,0,0,2,0,차대차 - 측면직각충돌,신호위반,건조,맑음,교차로 - 교차로안,화물,남,31세,경상,화물,남,57세,경상
2015081500100363,2015년 8월 15일 17시,토요일,부산광역시 남구 용당동,경상사고,0,0,2,0,차대차 - 추돌 - 진행중,안전운전불이행,건조,맑음,단일로 - 기타,승용,남,54세,상해없음,승용,남,35세,경상
2015081500100364,2015년 8월 15일 17시,토요일,부산광역시 부산진구 양정동,경상사고,0,0,2,0,차대차 - 측면직각충돌,신호위반,건조,맑음,교차로 - 교차로안,이륜,남,19세,경상,이륜,여,60세,경상
2015081500100365,2015년 8월 15일 17시,토요일,부산광역시 강서구 대저1동,경상사고,0,0,1,0,차대차 - 측면직각충돌,직진우회전진행방해,건조,맑음,교차로 - 교차로안,승용,남,38세,상해없음,승용,남,30세,경상
2015081500100430,2015년 8월 15일 19시,토요일,부산광역시 강서구 범방동,경상사고,0,0,4,0,차대차 - 추돌 - 주정차중,안전운전불이행,건조,맑음,단일로 - 횡단보도부근,승용,남,54세,상해없음,승용,남,47세,경상
2015081500100468,2015년 8월 15일 20시,토요일,부산광역시 북구 화명동,중상사고,0,1,0,0,차대차 - 측면직각충돌,안전운전불이행,건조,맑음,단일로 - 기타,승용,남,51세,상해없음,원동기,남,27세,중상
2015081500100469,2015년 8월 15일 20시,토요일,부산광역시 동래구 수안동,경상사고,0,0,1,0,차대차 - 측면직각충돌,신호위반,건조,맑음,교차로 - 교차로안,승용,기타불명,기타불명,기타불명,승용,남,67세,경상
2015081500100470,2015년 8월 15일 20시,토요일,부산광역시 동래구 사직동,중상사고,0,1,0,0,차대사람 - 횡단중,신호위반,건조,맑음,단일로 - 횡단보도상,자전거,남,16세,상해없음,보행자,여,44세,중상
2015081500100471,2015년 8월 15일 20시,토요일,부산광역시 영도구 동삼동,중상사고,0,2,0,0,차대사람 - 횡단중,보행자보호의무위반,건조,맑음,교차로 - 교차로안,이륜,남,18세,상해없음,보행자,여,63세,중상
2015081500100472,2015년 8월 15일 20시,토요일,부산광역시 금정구 장전동,중상사고,0,1,0,0,차대차 - 기타,신호위반,건조,맑음,교차로 - 교차로안,원동기,기타불명,기타불명,기타불명,승용,남,52세,상해없음
2015081500100559,2015년 8월 15일 23시,토요일,부산광역시 해운대구 좌동,중상사고,0,3,0,0,차대차 - 측면직각충돌,교차로운행방법위반,건조,맑음,교차로 - 교차로안,승용,남,42세,중상,승용,남,26세,중상
2015081600100007,2015년 8월 16일 00시,일요일,부산광역시 사하구 감천동,경상사고,0,0,4,0,차대차 - 측면직각충돌,신호위반,건조,맑음,교차로 - 교차로안,원동기,남,24세,상해없음,승용,남,48세,경상
2015081600100036,2015년 8월 16일 02시,일요일,부산광역시 동구 범일동,중상사고,0,3,2,0,차량단독 - 도로외이탈 - 기타,안전운전불이행,건조,맑음,단일로 - 기타,승용,남,31세,경상,,,,
2015081600100037,2015년 8월 16일 02시,일요일,부산광역시 수영구 민락동,경상사고,0,0,2,0,차대차 - 추돌 - 주정차중,안전운전불이행,건조,맑음,단일로 - 기타,승용,남,29세,상해없음,승용,남,59세,경상
2015081600100038,2015년 8월 16일 02시,일요일,부산광역시 수영구 수영동,경상사고,0,0,1,0,차대사람 - 차도통행중,안전운전불이행,건조,맑음,단일로 - 기타,원동기,남,16세,상해없음,보행자,남,57세,경상
2015081600100048,2015년 8월 16일 03시,일요일,부산광역시 기장군 기장읍,경상사고,0,0,1,0,차량단독 - 공작물충돌,안전운전불이행,건조,맑음,단일로 - 기타,승용,남,52세,경상,,,,
2015081600100058,2015년 8월 16일 04시,일요일,부산광역시 동구 수정동,중상사고,0,1,1,0,차대차 - 추돌 - 진행중,안전운전불이행,건조,맑음,단일로 - 기타,승용,남,66세,상해없음,승합,남,58세,상해없음
2015081600100059,2015년 8월 16일 04시,일요일,부산광역시 부산진구 부전동,중상사고,0,1,0,0,차대차 - 측면직각충돌,신호위반,건조,맑음,교차로 - 교차로안,승용,남,52세,상해없음,이륜,남,23세,중상
2015081600100080,2015년 8월 16일 06시,일요일,부산광역시 금정구 장전동,경상사고,0,0,2,0,차대차 - 측면직각충돌,신호위반,건조,맑음,교차로 - 교차로안,승용,여,65세,상해없음,승용,여,24세,경상
2015081600100081,2015년 8월 16일 06시,일요일,부산광역시 강서구 구랑동,사망사고,1,1,0,0,차대차 - 측면직각충돌,교차로운행방법위반,건조,맑음,교차로 - 교차로안,건설기계,남,59세,상해없음,승용,여,49세,중상
2015081600100093,2015년 8월 16일 07시,일요일,부산광역시 수영구 망미동,부상신고사고,0,0,0,1,차대차 - 추돌 - 진행중,안전거리미확보,건조,맑음,단일로 - 기타,승용,남,72세,상해없음,이륜,남,30세,부상신고
2015081600100119,2015년 8월 16일 09시,일요일,부산광역시 북구 덕천동,경상사고,0,0,1,0,차대차 - 측면직각충돌,교차로운행방법위반,건조,맑음,교차로 - 교차로안,승용,남,65세,경상,승용,여,39세,상해없음
2015081600100136,2015년 8월 16일 10시,일요일,부산광역시 해운대구 우동,경상사고,0,0,2,0,차대차 - 기타,신호위반,기타,맑음,교차로 - 교차로안,승용,여,24세,상해없음,승용,남,65세,경상
2015081600100137,2015년 8월 16일 10시,일요일,부산광역시 사하구 하단동,중상사고,0,1,4,0,차대차 - 추돌 - 주정차중,안전운전불이행,건조,맑음,단일로 - 기타,승합,남,55세,상해없음,승용,남,25세,경상
2015081600100176,2015년 8월 16일 12시,일요일,부산광역시 동래구 온천동,경상사고,0,0,2,0,차대차 - 측면직각충돌,중앙선침범,건조,맑음,단일로 - 기타,승용,남,68세,상해없음,승용,남,43세,경상
2015081600100177,2015년 8월 16일 12시,일요일,부산광역시 해운대구 좌동,중상사고,0,1,1,0,차대차 - 측면직각충돌,교차로운행방법위반,건조,맑음,교차로 - 교차로안,승용,남,28세,상해없음,승용,남,64세,경상
2015081600100213,2015년 8월 16일 13시,일요일,부산광역시 동래구 온천동,중상사고,0,1,0,0,차대사람 - 기타,안전운전불이행,건조,맑음,단일로 - 기타,승용,남,36세,상해없음,보행자,남,4세,중상
2015081600100248,2015년 8월 16일 14시,일요일,부산광역시 사상구 엄궁동,경상사고,0,0,1,0,차대차 - 추돌 - 진행중,안전운전불이행,건조,맑음,단일로 - 기타,승용,남,57세,상해없음,이륜,남,32세,경상
2015081600100279,2015년 8월 16일 15시,일요일,부산광역시 부산진구 가야동,경상사고,0,0,3,0,차대차 - 기타,안전운전불이행,건조,맑음,단일로 - 기타,승용,여,58세,상해없음,승용,남,41세,경상
2015081600100280,2015년 8월 16일 15시,일요일,부산광역시 금정구 부곡동,경상사고,0,0,1,0,차대차 - 추돌 - 주정차중,안전거리미확보,건조,맑음,단일로 - 기타,승용,남,62세,상해없음,승용,남,28세,경상
2015081600100281,2015년 8월 16일 15시,일요일,부산광역시 사하구 하단동,경상사고,0,0,1,0,차대차 - 추돌 - 주정차중,안전운전불이행,건조,맑음,교차로 - 교차로부근,승용,남,19세,기타불명,승용,남,31세,경상
2015081600100316,2015년 8월 16일 16시,일요일,부산광역시 부산진구 당감동,부상신고사고,0,0,0,1,차대차 - 기타,안전운전불이행,건조,맑음,교차로 - 교차로안,이륜,남,35세,부상신고,승용,남,51세,상해없음
2015081600100349,2015년 8월 16일 17시,일요일,부산광역시 부산진구 초읍동,중상사고,0,1,0,0,차대사람 - 횡단중,보행자보호의무위반,건조,맑음,단일로 - 횡단보도상,승용,여,65세,상해없음,보행자,여,10세,중상
2015081600100350,2015년 8월 16일 17시,일요일,부산광역시 사상구 모라동,중상사고,0,1,0,0,차대차 - 기타,안전운전불이행,건조,맑음,교차로 - 교차로안,승용,남,35세,상해없음,이륜,남,48세,중상
2015081600100386,2015년 8월 16일 18시,일요일,부산광역시 동래구 온천동,경상사고,0,0,2,0,차대차 - 측면직각충돌,직진우회전진행방해,건조,맑음,교차로 - 교차로안,승용,남,54세,기타불명,승용,남,32세,경상
2015081600100387,2015년 8월 16일 18시,일요일,부산광역시 금정구 금사동,경상사고,0,0,1,0,차대사람 - 기타,안전운전불이행,건조,맑음,단일로 - 기타,승용,남,51세,상해없음,보행자,남,37세,경상
2015081600100427,2015년 8월 16일 19시,일요일,부산광역시 사상구 덕포동,중상사고,0,1,0,0,차대사람 - 횡단중,안전운전불이행,습기,비,단일로 - 횡단보도상,원동기,남,20세,상해없음,보행자,남,66세,중상
2015081600100468,2015년 8월 16일 20시,일요일,부산광역시 북구 금곡동,경상사고,0,0,1,0,차대사람 - 횡단중,신호위반,습기,비,단일로 - 횡단보도상,화물,남,66세,상해없음,보행자,남,39세,경상
2015081600100469,2015년 8월 16일 20시,일요일,부산광역시 북구 구포동,경상사고,0,0,1,0,차대차 - 추돌 - 진행중,안전운전불이행,습기,비,기타 - 기타,승용,남,52세,상해없음,승용,남,26세,경상
2015081600100470,2015년 8월 16일 20시,일요일,부산광역시 영도구 봉래동1가,경상사고,0,0,1,0,차대차 - 추돌 - 주정차중,안전거리미확보,건조,맑음,교차로 - 교차로안,승합,남,52세,상해없음,승용,남,43세,경상
2015081600100471,2015년 8월 16일 20시,일요일,부산광역시 사하구 감천동,경상사고,0,0,2,1,차대차 - 기타,안전운전불이행,건조,맑음,기타 - 기타,승용,남,63세,경상,승용,남,38세,경상
2015081600100512,2015년 8월 16일 21시,일요일,부산광역시 영도구 대평동1가,경상사고,0,0,1,0,차대차 - 측면직각충돌,신호위반,건조,맑음,교차로 - 교차로안,승용,남,49세,상해없음,승용,남,47세,경상
2015081600100513,2015년 8월 16일 21시,일요일,부산광역시 강서구 대저1동,중상사고,0,1,0,0,차대차 - 기타,안전거리미확보,건조,맑음,단일로 - 기타,승용,남,52세,상해없음,승용,여,49세,중상
2015081600100552,2015년 8월 16일 22시,일요일,부산광역시 북구 금곡동,경상사고,0,0,1,0,차대사람 - 횡단중,안전운전불이행,습기,비,단일로 - 횡단보도상,승용,남,57세,상해없음,보행자,여,17세,경상
2015081600100553,2015년 8월 16일 22시,일요일,부산광역시 동래구 명륜동,중상사고,0,1,0,0,차대사람 - 기타,안전운전불이행,건조,맑음,단일로 - 기타,승용,남,56세,상해없음,보행자,남,37세,중상
2015081700100004,2015년 8월 17일 00시,월요일,부산광역시 동구 초량동,경상사고,0,0,2,0,차대차 - 추돌 - 주정차중,안전운전불이행,건조,흐림,교차로 - 교차로부근,승용,남,25세,상해없음,승용,남,61세,경상
2015081700100005,2015년 8월 17일 00시,월요일,부산광역시 해운대구 우동,중상사고,0,1,0,0,차대차 - 측면직각충돌,안전운전불이행,습기,비,교차로 - 교차로부근,이륜,남,35세,중상,승용,남,58세,상해없음
2015081700100006,2015년 8월 17일 00시,월요일,부산광역시 부산진구 양정동,경상사고,0,0,1,0,차대차 - 기타,안전운전불이행,습기,비,단일로 - 기타,승용,남,54세,상해없음,승용,남,71세,경상
2015081700100017,2015년 8월 17일 01시,월요일,부산광역시 해운대구 반여동,중상사고,0,2,0,0,차량단독 - 공작물충돌,안전운전불이행,습기,비,단일로 - 기타,승용,남,60세,중상,,,,
2015081700100031,2015년 8월 17일 03시,월요일,부산광역시 강서구 강동동,중상사고,0,1,0,0,차대차 - 기타,안전운전불이행,습기,비,교차로 - 교차로부근,화물,남,66세,상해없음,화물,남,48세,중상
2015081700100041,2015년 8월 17일 05시,월요일,부산광역시 사상구 모라동,사망사고,1,0,0,0,차대차 - 기타,신호위반,습기,흐림,단일로 - 기타,승용,남,74세,상해없음,이륜,남,66세,사망
2015081700100063,2015년 8월 17일 07시,월요일,부산광역시 강서구 명지동,중상사고,0,1,0,0,차대차 - 측면직각충돌,교차로운행방법위반,건조,맑음,교차로 - 교차로안,승용,남,25세,상해없음,승용,남,29세,중상
2015081700100094,2015년 8월 17일 08시,월요일,부산광역시 서구 남부민동,경상사고,0,0,1,0,차대사람 - 횡단중,안전운전불이행,건조,맑음,단일로 - 기타,승용,남,29세,상해없음,보행자,남,8세,경상
2015081700100155,2015년 8월 17일 10시,월요일,부산광역시 동래구 온천동,중상사고,0,1,0,0,차대차 - 측면직각충돌,신호위반,건조,맑음,단일로 - 횡단보도상,승용,남,64세,상해없음,자전거,여,14세,중상
2015081700100156,2015년 8월 17일 10시,월요일,부산광역시 연제구 연산동,경상사고,0,0,1,0,차대차 - 측면직각충돌,교차로운행방법위반,건조,맑음,교차로 - 교차로안,화물,남,49세,상해없음,원동기,남,40세,경상
2015081700100157,2015년 8월 17일 10시,월요일,부산광역시 기장군 기장읍,중상사고,0,1,1,0,차대차 - 측면직각충돌,교차로운행방법위반,건조,맑음,교차로 - 교차로안,승합,남,51세,상해없음,승용,남,63세,중상
2015081700100198,2015년 8월 17일 11시,월요일,부산광역시 서구 서대신동2가,중상사고,0,1,0,0,차량단독 - 기타,안전운전불이행,건조,맑음,단일로 - 기타,승합,남,54세,상해없음,,,,
2015081700100243,2015년 8월 17일 12시,월요일,부산광역시 북구 덕천동,경상사고,0,0,1,0,차대차 - 추돌 - 주정차중,안전운전불이행,건조,맑음,단일로 - 기타,화물,남,54세,상해없음,화물,남,40세,경상
2015081700100244,2015년 8월 17일 12시,월요일,부산광역시 부산진구 부전동,경상사고,0,0,2,0,차대차 - 측면직각충돌,안전운전불이행,건조,맑음,단일로 - 기타,화물,남,56세,상해없음,승용,여,34세,경상
2015081700100245,2015년 8월 17일 12시,월요일,부산광역시 기장군 정관면,중상사고,0,1,0,0,차대사람 - 횡단중,안전운전불이행,건조,맑음,단일로 - 횡단보도상,승용,여,33세,상해없음,보행자,여,62세,중상
2015081700100315,2015년 8월 17일 14시,월요일,부산광역시 연제구 연산동,경상사고,0,0,1,0,차대차 - 측면직각충돌,신호위반,건조,맑음,교차로 - 교차로안,승용,여,25세,상해없음,원동기,남,32세,경상
2015081700100355,2015년 8월 17일 15시,월요일,부산광역시 수영구 남천동,중상사고,0,1,0,0,차대사람 - 횡단중,과속,건조,맑음,단일로 - 기타,승용,남,21세,상해없음,보행자,여,64세,중상
2015081700100356,2015년 8월 17일 15시,월요일,부산광역시 수영구 광안동,경상사고,0,0,1,0,차대차 - 추돌 - 진행중,안전운전불이행,건조,맑음,단일로 - 기타,자전거,남,50세,상해없음,자전거,여,37세,경상
2015081700100357,2015년 8월 17일 15시,월요일,부산광역시 금정구 구서동,중상사고,0,1,0,0,차대차 - 측면직각충돌,안전운전불이행,건조,맑음,단일로 - 기타,승용,여,39세,상해없음,원동기,남,19세,중상
2015081700100404,2015년 8월 17일 16시,월요일,부산광역시 수영구 남천동,중상사고,0,1,0,0,차대차 - 기타,안전운전불이행,건조,맑음,교차로 - 교차로안,승용,여,35세,상해없음,자전거,남,13세,중상
2015081700100405,2015년 8월 17일 16시,월요일,부산광역시 수영구 광안동,경상사고,0,0,1,0,차대사람 - 기타,안전운전불이행,건조,맑음,단일로 - 기타,승용,남,63세,상해없음,보행자,여,63세,경상
2015081700100451,2015년 8월 17일 17시,월요일,부산광역시 영도구 봉래동4가,경상사고,0,0,1,0,차대차 - 기타,안전운전불이행,건조,맑음,교차로 - 교차로안,승용,남,36세,상해없음,화물,남,46세,경상
2015081700100452,2015년 8월 17일 17시,월요일,부산광역시 부산진구 전포동,경상사고,0,0,1,0,차대사람 - 횡단중,안전운전불이행,건조,맑음,단일로 - 기타,승용,여,55세,상해없음,보행자,여,5세,경상
2015081700100453,2015년 8월 17일 17시,월요일,부산광역시 사상구 감전동,부상신고사고,0,0,0,1,차대차 - 측면직각충돌,안전거리미확보,건조,맑음,단일로 - 기타,이륜,남,20세,부상신고,승합,남,51세,상해없음
2015081700100502,2015년 8월 17일 18시,월요일,부산광역시 남구 용당동,중상사고,0,1,0,0,차대차 - 기타,안전운전불이행,건조,맑음,교차로 - 교차로안,승용,남,66세,상해없음,승용,여,31세,중상
2015081700100503,2015년 8월 17일 18시,월요일,부산광역시 기장군 기장읍,부상신고사고,0,0,0,1,차대사람 - 차도통행중,안전운전불이행,건조,맑음,단일로 - 기타,승용,남,15세,상해없음,보행자,남,7세,부상신고
2015081700100552,2015년 8월 17일 19시,월요일,부산광역시 서구 동대신동2가,경상사고,0,0,1,0,차대차 - 추돌 - 주정차중,안전거리미확보,건조,맑음,교차로 - 교차로부근,승용,남,57세,상해없음,승용,남,29세,상해없음
2015081700100553,2015년 8월 17일 19시,월요일,부산광역시 해운대구 반여동,경상사고,0,0,1,0,차대차 - 측면직각충돌,안전운전불이행,기타,맑음,단일로 - 기타,승용,남,43세,상해없음,승합,남,36세,상해없음
2015081700100554,2015년 8월 17일 19시,월요일,부산광역시 부산진구 전포동,경상사고,0,0,1,0,차대사람 - 기타,안전운전불이행,건조,맑음,단일로 - 기타,승용,여,52세,상해없음,보행자,여,84세,경상
2015081700100600,2015년 8월 17일 20시,월요일,부산광역시 사하구 당리동,경상사고,0,0,1,0,차대차 - 추돌 - 진행중,안전거리미확보,건조,맑음,단일로 - 기타,이륜,남,24세,경상,승용,남,64세,상해없음
2015081700100601,2015년 8월 17일 20시,월요일,부산광역시 연제구 연산동,경상사고,0,0,2,0,차대차 - 측면직각충돌,안전거리미확보,건조,맑음,교차로 - 교차로안,승합,남,59세,상해없음,승용,남,32세,경상
2015081700100637,2015년 8월 17일 21시,월요일,부산광역시 부산진구 전포동,중상사고,0,1,0,0,차대차 - 측면직각충돌,안전운전불이행,건조,맑음,단일로 - 기타,원동기,남,21세,중상,승용,남,36세,상해없음
2015081800100043,2015년 8월 18일 04시,화요일,부산광역시 영도구 영선동3가,경상사고,0,0,1,0,차대차 - 측면직각충돌,교차로운행방법위반,건조,맑음,교차로 - 교차로안,승용,남,42세,상해없음,승용,남,42세,경상
2015081800100081,2015년 8월 18일 07시,화요일,부산광역시 서구 동대신동2가,사망사고,1,2,0,0,차대사람 - 길가장자리구역통행중,안전운전불이행,건조,맑음,단일로 - 기타,승용,여,61세,중상,보행자,남,71세,사망
2015081800100082,2015년 8월 18일 07시,화요일,부산광역시 해운대구 좌동,경상사고,0,0,1,0,차대차 - 기타,안전운전불이행,기타,맑음,단일로 - 기타,승용,남,31세,상해없음,승용,여,29세,경상
2015081800100119,2015년 8월 18일 08시,화요일,부산광역시 해운대구 재송동,경상사고,0,0,1,0,차대차 - 기타,교차로운행방법위반,건조,맑음,교차로 - 교차로안,승용,남,64세,상해없음,승용,남,72세,경상
2015081800100120,2015년 8월 18일 08시,화요일,부산광역시 금정구 남산동,경상사고,0,0,1,0,차대차 - 추돌 - 주정차중,안전운전불이행,건조,맑음,교차로 - 교차로부근,승용,남,63세,상해없음,승합,남,29세,경상
2015081800100160,2015년 8월 18일 09시,화요일,부산광역시 남구 대연동,경상사고,0,0,1,0,차대차 - 기타,안전운전불이행,건조,맑음,교차로 - 교차로부근,자전거,여,58세,경상,승용,여,29세,상해없음
2015081800100161,2015년 8월 18일 09시,화요일,부산광역시 해운대구 우동,경상사고,0,0,1,0,차대차 - 추돌 - 진행중,안전거리미확보,건조,맑음,교차로 - 교차로안,승용,남,69세,상해없음,승용,남,33세,경상
2015081800100162,2015년 8월 18일 09시,화요일,부산광역시 강서구 구랑동,경상사고,0,0,2,0,차대차 - 기타,안전거리미확보,건조,맑음,단일로 - 기타,화물,남,59세,상해없음,승용,남,39세,상해없음
2015081800100230,2015년 8월 18일 11시,화요일,부산광역시 연제구 연산동,경상사고,0,0,1,0,차대차 - 측면직각충돌,안전운전불이행,건조,맑음,단일로 - 기타,승용,여,55세,상해없음,이륜,남,57세,경상
2015081800100258,2015년 8월 18일 12시,화요일,부산광역시 해운대구 반여동,경상사고,0,0,1,1,차대차 - 기타,안전거리미확보,건조,맑음,교차로 - 교차로부근,화물,남,36세,부상신고,화물,남,53세,경상
2015081800100302,2015년 8월 18일 13시,화요일,부산광역시 영도구 동삼동,경상사고,0,0,1,0,차대차 - 기타,신호위반,건조,맑음,교차로 - 교차로안,자전거,남,21세,경상,이륜,남,70세,상해없음
2015081800100303,2015년 8월 18일 13시,화요일,부산광역시 사하구 다대동,경상사고,0,0,1,0,차대차 - 측면직각충돌,안전운전불이행,건조,맑음,단일로 - 기타,승용,남,44세,상해없음,승용,남,45세,경상
2015081800100304,2015년 8월 18일 13시,화요일,부산광역시 연제구 거제동,경상사고,0,0,1,0,차대사람 - 차도통행중,안전운전불이행,건조,맑음,단일로 - 기타,승용,남,69세,상해없음,보행자,남,46세,경상
2015081800100361,2015년 8월 18일 15시,화요일,부산광역시 남구 문현동,중상사고,0,1,0,0,차대차 - 추돌 - 진행중,안전운전불이행,건조,맑음,단일로 - 기타,승용,남,62세,상해없음,원동기,남,26세,중상
2015081800100402,2015년 8월 18일 16시,화요일,부산광역시 부산진구 양정동,경상사고,0,0,1,0,차대사람 - 기타,안전운전불이행,기타,맑음,단일로 - 기타,화물,기타불명,기타불명,기타불명,보행자,남,16세,경상
2015081800100403,2015년 8월 18일 16시,화요일,부산광역시 강서구 화전동,경상사고,0,0,1,0,차대차 - 측면직각충돌,신호위반,건조,맑음,교차로 - 교차로안,화물,남,30세,상해없음,승용,남,34세,경상
2015081800100436,2015년 8월 18일 17시,화요일,부산광역시 남구 문현동,중상사고,0,2,0,0,차대사람 - 기타,안전운전불이행,건조,맑음,단일로 - 기타,승용,남,53세,상해없음,보행자,여,62세,중상
2015081800100437,2015년 8월 18일 17시,화요일,부산광역시 동래구 온천동,중상사고,0,1,0,0,차대사람 - 보도통행중,안전운전불이행,건조,맑음,교차로 - 교차로부근,승합,남,34세,상해없음,보행자,남,28세,중상
2015081800100438,2015년 8월 18일 17시,화요일,부산광역시 해운대구 반여동,경상사고,0,0,1,0,차대사람 - 횡단중,안전운전불이행,건조,맑음,단일로 - 횡단보도부근,승용,남,55세,기타불명,보행자,여,54세,경상
2015081800100439,2015년 8월 18일 17시,화요일,부산광역시 사하구 신평동,중상사고,0,1,2,0,차대차 - 추돌 - 주정차중,안전운전불이행,건조,맑음,교차로 - 교차로부근,승용,남,65세,상해없음,승용,남,49세,경상
2015081800100480,2015년 8월 18일 18시,화요일,부산광역시 남구 대연동,중상사고,0,1,0,0,차대사람 - 기타,보행자보호의무위반,건조,맑음,단일로 - 기타,승용,여,61세,상해없음,보행자,여,58세,중상
2015081800100481,2015년 8월 18일 18시,화요일,부산광역시 금정구 남산동,중상사고,0,1,0,0,차대차 - 측면직각충돌,안전운전불이행,건조,맑음,단일로 - 기타,건설기계,남,55세,상해없음,원동기,남,50세,중상
2015081800100513,2015년 8월 18일 19시,화요일,부산광역시 수영구 민락동,중상사고,0,1,0,0,차대차 - 측면직각충돌,교차로운행방법위반,건조,맑음,교차로 - 교차로부근,승합,남,57세,상해없음,이륜,남,58세,중상
2015081800100514,2015년 8월 18일 19시,화요일,부산광역시 동래구 온천동,부상신고사고,0,0,0,1,차대차 - 측면직각충돌,신호위반,건조,맑음,교차로 - 교차로안,원동기,남,17세,부상신고,승용,남,59세,상해없음
2015081800100550,2015년 8월 18일 20시,화요일,부산광역시 해운대구 중동,경상사고,0,0,1,0,차대사람 - 횡단중,보행자보호의무위반,건조,맑음,교차로 - 교차로안,승용,여,47세,상해없음,보행자,여,61세,경상
2015081800100579,2015년 8월 18일 21시,화요일,부산광역시 금정구 금사동,경상사고,0,0,3,0,차대차 - 추돌 - 주정차중,안전운전불이행,건조,맑음,교차로 - 교차로안,승용,기타불명,기타불명,기타불명,승용,남,67세,상해없음
2015081800100603,2015년 8월 18일 22시,화요일,부산광역시 금정구 장전동,중상사고,0,1,0,0,차대차 - 기타,안전운전불이행,건조,맑음,교차로 - 교차로부근,원동기,기타불명,기타불명,기타불명,자전거,남,31세,중상
2015081800100625,2015년 8월 18일 23시,화요일,부산광역시 서구 토성동3가,부상신고사고,0,0,0,1,차대차 - 기타,안전운전불이행,건조,맑음,교차로 - 교차로안,원동기,남,23세,상해없음,원동기,남,19세,부상신고
2015081800100626,2015년 8월 18일 23시,화요일,부산광역시 북구 덕천동,중상사고,0,2,0,0,차대사람 - 횡단중,안전운전불이행,건조,맑음,단일로 - 기타,승용,남,52세,상해없음,보행자,남,61세,중상
2015081800100627,2015년 8월 18일 23시,화요일,부산광역시 동래구 온천동,경상사고,0,0,1,0,차량단독 - 전도전복,안전운전불이행,건조,맑음,단일로 - 터널,승용,남,60세,상해없음,,,,
2015081800100628,2015년 8월 18일 23시,화요일,부산광역시 부산진구 초읍동,중상사고,0,1,0,0,차대차 - 기타,중앙선침범,건조,맑음,단일로 - 기타,승용,남,21세,상해없음,이륜,남,54세,중상
2015081900100007,2015년 8월 19일 00시,수요일,부산광역시 기장군 정관면,경상사고,0,0,2,0,차량단독 - 기타,안전운전불이행,건조,맑음,단일로 - 기타,원동기,남,16세,경상,,,,
2015081900100023,2015년 8월 19일 01시,수요일,부산광역시 영도구 영선동2가,부상신고사고,0,0,0,1,차대차 - 기타,안전운전불이행,건조,맑음,교차로 - 교차로안,승용,남,64세,상해없음,승용,남,50세,상해없음
2015081900100034,2015년 8월 19일 02시,수요일,부산광역시 해운대구 반여동,중상사고,0,2,0,0,차대사람 - 기타,안전운전불이행,건조,맑음,교차로 - 교차로부근,이륜,남,23세,중상,보행자,남,54세,중상
2015081900100035,2015년 8월 19일 02시,수요일,부산광역시 부산진구 양정동,경상사고,0,0,4,0,차대차 - 추돌 - 주정차중,안전운전불이행,건조,맑음,교차로 - 교차로부근,승용,남,34세,상해없음,승용,남,28세,경상
2015081900100036,2015년 8월 19일 02시,수요일,부산광역시 부산진구 양정동,경상사고,0,0,1,0,차대차 - 추돌 - 주정차중,안전운전불이행,건조,맑음,교차로 - 교차로부근,승용,남,41세,상해없음,승용,남,52세,경상
2015081900100072,2015년 8월 19일 06시,수요일,부산광역시 부산진구 당감동,중상사고,0,1,1,0,차대차 - 기타,신호위반,건조,맑음,교차로 - 교차로안,승용,여,62세,중상,승용,남,44세,경상
2015081900100073,2015년 8월 19일 06시,수요일,부산광역시 사하구 하단동,중상사고,0,1,1,0,차대사람 - 기타,안전운전불이행,건조,맑음,단일로 - 기타,승용,남,67세,상해없음,보행자,남,22세,경상
2015081900100074,2015년 8월 19일 06시,수요일,부산광역시 연제구 연산동,부상신고사고,0,0,0,2,차대차 - 측면직각충돌,신호위반,건조,맑음,교차로 - 교차로안,특수,남,21세,상해없음,승용,남,47세,부상신고
2015081900100117,2015년 8월 19일 08시,수요일,부산광역시 연제구 연산동,중상사고,0,1,0,0,차대사람 - 차도통행중,안전운전불이행,건조,맑음,단일로 - 기타,승용,남,55세,상해없음,보행자,여,67세,중상
2015081900100152,2015년 8월 19일 09시,수요일,부산광역시 해운대구 재송동,경상사고,0,0,2,0,차대차 - 측면직각충돌,차로위반,건조,맑음,단일로 - 기타,승용,남,36세,상해없음,승용,여,55세,경상
2015081900100153,2015년 8월 19일 09시,수요일,부산광역시 해운대구 우동,중상사고,0,1,0,0,차대사람 - 횡단중,안전운전불이행,건조,맑음,단일로 - 기타,승용,남,28세,상해없음,보행자,남,53세,중상