사고번호,사고일시,요일,시군구,사고내용,사망자수,중상자수,경상자수,부상신고자수,사고유형,법규위반,노면상태,기상상태,도로형태,가해운전자 차종,가해운전자 성별,가해운전자 연령,가해운전자 상해정도,피해운전자 차종,피해운전자 성별,피해운전자 연령,피해운전자 상해정도
2015081900100154,2015년 8월 19일 09시,수요일,부산광역시 사상구 학장동,중상사고,0,1,2,0,차대차 - 기타,신호위반,건조,맑음,교차로 - 교차로안,승용,여,47세,상해없음,승용,남,60세,경상
2015081900100187,2015년 8월 19일 10시,수요일,부산광역시 사하구 하단동,중상사고,0,1,0,0,차대차 - 측면직각충돌,안전거리미확보,건조,맑음,단일로 - 기타,건설기계,남,59세,상해없음,승용,여,46세,중상
2015081900100206,2015년 8월 19일 11시,수요일,부산광역시 동구 범일동,중상사고,0,1,0,0,차대차 - 기타,안전거리미확보,건조,맑음,교차로 - 교차로안,승합,남,54세,상해없음,원동기,남,53세,중상
2015081900100207,2015년 8월 19일 11시,수요일,부산광역시 서구 동대신동2가,중상사고,0,1,0,0,차대사람 - 길가장자리구역통행중,안전운전불이행,건조,맑음,단일로 - 기타,화물,남,54세,상해없음,보행자,여,61세,중상
2015081900100208,2015년 8월 19일 11시,수요일,부산광역시 사상구 엄궁동,중상사고,0,1,0,0,차대차 - 측면직각충돌,안전거리미확보,건조,맑음,교차로 - 교차로부근,건설기계,남,50세,상해없음,건설기계,남,46세,중상
2015081900100266,2015년 8월 19일 13시,수요일,부산광역시 사상구 학장동,경상사고,0,0,1,0,차대사람 - 기타,안전운전불이행,건조,맑음,기타 - 기타,승합,남,54세,상해없음,보행자,남,49세,경상
2015081900100303,2015년 8월 19일 14시,수요일,부산광역시 동래구 명륜동,경상사고,0,0,1,0,차대차 - 추돌 - 진행중,안전운전불이행,건조,맑음,단일로 - 기타,승용,여,41세,상해없음,승용,남,40세,경상
2015081900100304,2015년 8월 19일 14시,수요일,부산광역시 부산진구 당감동,경상사고,0,0,1,0,차대차 - 측면직각충돌,안전운전불이행,건조,맑음,단일로 - 기타,원동기,남,20세,경상,승용,남,68세,상해없음
2015081900100336,2015년 8월 19일 15시,수요일,부산광역시 남구 대연동,중상사고,0,1,0,0,차대차 - 추돌 - 진행중,안전운전불이행,건조,맑음,단일로 - 터널,승용,남,52세,상해없음,승용,남,30세,중상
2015081900100337,2015년 8월 19일 15시,수요일,부산광역시 금정구 금성동,경상사고,0,0,1,0,차대차 - 측면직각충돌,안전운전불이행,건조,맑음,단일로 - 기타,화물,남,49세,상해없음,자전거,남,47세,경상
2015081900100338,2015년 8월 19일 15시,수요일,부산광역시 사상구 괘법동,중상사고,0,1,1,1,차대차 - 측면직각충돌,신호위반,건조,맑음,교차로 - 교차로안,승용,여,58세,부상신고,승용,남,22세,경상
2015081900100376,2015년 8월 19일 16시,수요일,부산광역시 해운대구 좌동,경상사고,0,0,2,0,차대차 - 측면직각충돌,중앙선침범,건조,맑음,단일로 - 기타,승용,여,63세,상해없음,승용,여,54세,상해없음
2015081900100377,2015년 8월 19일 16시,수요일,부산광역시 강서구 범방동,경상사고,0,0,1,0,차대차 - 기타,안전거리미확보,건조,맑음,교차로 - 교차로안,화물,남,59세,상해없음,승용,남,24세,경상
2015081900100411,2015년 8월 19일 17시,수요일,부산광역시 해운대구 반송동,경상사고,0,0,2,0,차대차 - 추돌 - 주정차중,안전운전불이행,건조,맑음,교차로 - 교차로안,화물,남,36세,상해없음,승용,남,32세,경상
2015081900100412,2015년 8월 19일 17시,수요일,부산광역시 사상구 덕포동,중상사고,0,1,0,0,차대차 - 측면직각충돌,교차로운행방법위반,건조,맑음,교차로 - 교차로안,승용,남,30세,상해없음,원동기,여,42세,중상
2015081900100452,2015년 8월 19일 18시,수요일,부산광역시 서구 서대신동2가,부상신고사고,0,0,0,1,차대사람 - 횡단중,안전운전불이행,건조,맑음,단일로 - 기타,이륜,남,21세,상해없음,보행자,여,64세,부상신고
2015081900100453,2015년 8월 19일 18시,수요일,부산광역시 남구 문현동,부상신고사고,0,0,0,1,차대사람 - 기타,안전운전불이행,건조,맑음,단일로 - 기타,화물,남,44세,상해없음,보행자,여,27세,부상신고
2015081900100454,2015년 8월 19일 18시,수요일,부산광역시 북구 구포동,경상사고,0,0,1,0,차대사람 - 기타,안전운전불이행,건조,맑음,단일로 - 기타,원동기,남,55세,상해없음,보행자,여,77세,경상
2015081900100494,2015년 8월 19일 19시,수요일,부산광역시 사하구 장림동,중상사고,0,1,0,0,차대차 - 기타,중앙선침범,건조,맑음,교차로 - 교차로안,원동기,남,16세,상해없음,자전거,남,13세,중상
2015081900100495,2015년 8월 19일 19시,수요일,부산광역시 사상구 덕포동,중상사고,0,1,0,0,차대사람 - 횡단중,안전운전불이행,건조,맑음,단일로 - 기타,승용,남,32세,상해없음,보행자,여,60세,중상
2015081900100536,2015년 8월 19일 20시,수요일,부산광역시 해운대구 우동,중상사고,0,1,0,0,차대사람 - 횡단중,보행자보호의무위반,건조,맑음,단일로 - 기타,승용,남,28세,상해없음,보행자,여,37세,중상
2015081900100577,2015년 8월 19일 21시,수요일,부산광역시 남구 우암동,경상사고,0,0,1,0,차대사람 - 기타,안전운전불이행,건조,맑음,단일로 - 기타,승용,여,57세,상해없음,보행자,여,3세,경상
2015081900100578,2015년 8월 19일 21시,수요일,부산광역시 동래구 사직동,경상사고,0,0,2,0,차대차 - 기타,신호위반,건조,맑음,교차로 - 교차로안,승용,남,50세,상해없음,승용,남,33세,경상
2015081900100579,2015년 8월 19일 21시,수요일,부산광역시 금정구 부곡동,중상사고,0,1,0,0,차대사람 - 횡단중,보행자보호의무위반,건조,맑음,교차로 - 교차로안,승용,남,27세,상해없음,보행자,여,41세,중상
2015081900100580,2015년 8월 19일 21시,수요일,부산광역시 사하구 하단동,경상사고,0,0,1,0,차대차 - 측면직각충돌,안전운전불이행,건조,맑음,단일로 - 기타,승용,남,72세,상해없음,승용,남,63세,경상
2015081900100610,2015년 8월 19일 22시,수요일,부산광역시 남구 용호동,경상사고,0,0,1,0,차대차 - 측면직각충돌,중앙선침범,건조,맑음,교차로 - 교차로부근,승용,남,34세,상해없음,승용,여,40세,경상
2015081900100611,2015년 8월 19일 22시,수요일,부산광역시 사하구 하단동,경상사고,0,0,2,0,차대차 - 기타,안전운전불이행,건조,맑음,교차로 - 교차로안,승용,여,50세,상해없음,승용,남,34세,경상
2015081900100637,2015년 8월 19일 23시,수요일,부산광역시 중구 대청동2가,경상사고,0,0,1,0,차대차 - 기타,안전운전불이행,건조,맑음,교차로 - 교차로안,승용,남,22세,상해없음,승용,남,47세,상해없음
2015081900100638,2015년 8월 19일 23시,수요일,부산광역시 해운대구 좌동,경상사고,0,0,3,0,차대차 - 추돌 - 주정차중,안전운전불이행,건조,맑음,단일로 - 기타,승용,남,51세,상해없음,승용,여,28세,경상
2015082000100004,2015년 8월 20일 00시,목요일,부산광역시 부산진구 부전동,경상사고,0,0,1,0,차대차 - 추돌 - 진행중,안전거리미확보,건조,맑음,단일로 - 기타,승용,남,58세,상해없음,승용,남,54세,경상
2015082000100050,2015년 8월 20일 04시,목요일,부산광역시 해운대구 우동,중상사고,0,1,0,0,차량단독 - 공작물충돌,안전운전불이행,건조,맑음,단일로 - 기타,승용,남,47세,중상,,,,
2015082000100087,2015년 8월 20일 07시,목요일,부산광역시 해운대구 우동,경상사고,0,0,1,0,차대차 - 측면직각충돌,교차로운행방법위반,건조,맑음,교차로 - 교차로안,승용,여,46세,상해없음,원동기,남,17세,경상
2015082000100159,2015년 8월 20일 09시,목요일,부산광역시 금정구 장전동,경상사고,0,0,1,0,차대차 - 측면직각충돌,기타,건조,맑음,교차로 - 교차로안,이륜,남,34세,경상,승용,남,50세,상해없음
2015082000100188,2015년 8월 20일 10시,목요일,부산광역시 서구 남부민동,중상사고,0,1,0,0,차대사람 - 보도통행중,기타,건조,맑음,단일로 - 기타,화물,남,39세,상해없음,보행자,여,68세,중상
2015082000100189,2015년 8월 20일 10시,목요일,부산광역시 사하구 장림동,중상사고,0,1,0,0,차대사람 - 횡단중,안전운전불이행,건조,맑음,단일로 - 기타,승용,남,62세,상해없음,보행자,남,68세,중상
2015082000100190,2015년 8월 20일 10시,목요일,부산광역시 사상구 괘법동,경상사고,0,0,1,0,차대차 - 측면직각충돌,교차로운행방법위반,건조,맑음,단일로 - 기타,승합,남,45세,상해없음,자전거,남,72세,경상
2015082000100242,2015년 8월 20일 12시,목요일,부산광역시 북구 화명동,경상사고,0,0,1,0,차대사람 - 기타,기타,건조,맑음,단일로 - 기타,자전거,남,11세,상해없음,보행자,여,10세,경상
2015082000100243,2015년 8월 20일 12시,목요일,부산광역시 연제구 연산동,경상사고,0,0,1,0,차대차 - 측면직각충돌,신호위반,건조,맑음,교차로 - 교차로안,승용,남,50세,상해없음,승용,남,54세,경상
2015082000100244,2015년 8월 20일 12시,목요일,부산광역시 사상구 주례동,경상사고,0,0,2,0,차대차 - 측면직각충돌,신호위반,건조,흐림,교차로 - 교차로안,승용,남,28세,상해없음,승용,남,60세,경상
2015082000100275,2015년 8월 20일 13시,목요일,부산광역시 연제구 연산동,경상사고,0,0,1,0,차대차 - 측면직각충돌,중앙선침범,건조,맑음,교차로 - 교차로부근,건설기계,남,37세,상해없음,승용,여,58세,경상
2015082000100312,2015년 8월 20일 14시,목요일,부산광역시 동구 초량동,부상신고사고,0,0,0,1,차대사람 - 기타,안전운전불이행,건조,맑음,교차로 - 교차로안,승용,남,62세,상해없음,보행자,여,7세,부상신고
2015082000100313,2015년 8월 20일 14시,목요일,부산광역시 부산진구 연지동,경상사고,0,0,1,0,차대차 - 기타,안전운전불이행,건조,맑음,단일로 - 기타,승용,여,56세,상해없음,승용,여,42세,경상
2015082000100351,2015년 8월 20일 15시,목요일,부산광역시 남구 대연동,경상사고,0,0,1,0,차대차 - 기타,안전운전불이행,건조,맑음,교차로 - 교차로부근,승용,남,34세,상해없음,자전거,남,14세,경상
2015082000100352,2015년 8월 20일 15시,목요일,부산광역시 수영구 망미동,중상사고,0,1,1,0,차대차 - 추돌 - 주정차중,안전운전불이행,습기,비,교차로 - 교차로부근,승용,남,46세,상해없음,승용,남,39세,중상
2015082000100391,2015년 8월 20일 16시,목요일,부산광역시 영도구 청학동,중상사고,0,1,0,0,차대사람 - 횡단중,안전운전불이행,건조,맑음,단일로 - 기타,이륜,남,37세,상해없음,보행자,여,30세,중상
2015082000100392,2015년 8월 20일 16시,목요일,부산광역시 부산진구 전포동,중상사고,0,1,0,0,차대차 - 기타,안전거리미확보,습기,비,단일로 - 기타,승용,남,58세,상해없음,승용,여,44세,중상
2015082000100393,2015년 8월 20일 16시,목요일,부산광역시 기장군 기장읍,중상사고,0,1,0,0,차대사람 - 횡단중,안전운전불이행,습기,비,단일로 - 기타,승용,남,77세,상해없음,보행자,여,79세,중상
2015082000100394,2015년 8월 20일 16시,목요일,부산광역시 금정구 노포동,중상사고,0,1,1,0,차대차 - 측면직각충돌,안전운전불이행,습기,비,단일로 - 기타,특수,남,50세,상해없음,화물,남,23세,상해없음
2015082000100430,2015년 8월 20일 17시,목요일,부산광역시 동구 좌천동,중상사고,0,1,0,0,차대차 - 추돌 - 진행중,안전거리미확보,습기,비,단일로 - 기타,특수,남,38세,상해없음,승용,여,49세,중상
2015082000100431,2015년 8월 20일 17시,목요일,부산광역시 연제구 연산동,경상사고,0,0,1,0,차대차 - 측면직각충돌,안전거리미확보,습기,비,교차로 - 교차로안,승용,여,47세,상해없음,이륜,남,26세,경상
2015082000100465,2015년 8월 20일 18시,목요일,부산광역시 중구 보수동1가,부상신고사고,0,0,0,1,차대차 - 측면직각충돌,안전운전불이행,습기,흐림,단일로 - 기타,승용,남,55세,상해없음,이륜,남,15세,부상신고
2015082000100466,2015년 8월 20일 18시,목요일,부산광역시 사하구 하단동,중상사고,0,1,0,0,차대차 - 기타,중앙선침범,습기,비,단일로 - 기타,승용,남,52세,상해없음,이륜,남,24세,중상
2015082000100467,2015년 8월 20일 18시,목요일,부산광역시 사하구 괴정동,중상사고,0,1,0,0,차대차 - 기타,안전거리미확보,건조,맑음,단일로 - 기타,원동기,남,53세,상해없음,원동기,남,58세,중상
2015082000100468,2015년 8월 20일 18시,목요일,부산광역시 기장군 기장읍,경상사고,0,0,1,0,차대차 - 기타,중앙선침범,습기,비,단일로 - 기타,승용,남,36세,상해없음,이륜,남,64세,경상
2015082000100469,2015년 8월 20일 18시,목요일,부산광역시 강서구 대저1동,경상사고,0,0,2,0,차대차 - 추돌 - 진행중,안전운전불이행,건조,맑음,단일로 - 기타,승용,남,44세,상해없음,승용,여,44세,경상
2015082000100508,2015년 8월 20일 19시,목요일,부산광역시 사상구 모라동,경상사고,0,0,1,0,차대차 - 측면직각충돌,기타,건조,흐림,교차로 - 교차로부근,승용,남,54세,상해없음,이륜,남,24세,경상
2015082000100539,2015년 8월 20일 20시,목요일,부산광역시 북구 덕천동,경상사고,0,0,1,0,차대차 - 기타,안전운전불이행,습기,흐림,교차로 - 교차로안,승용,남,39세,상해없음,승용,남,55세,상해없음
2015082000100540,2015년 8월 20일 20시,목요일,부산광역시 해운대구 우동,경상사고,0,0,1,0,차대차 - 측면직각충돌,안전운전불이행,습기,비,교차로 - 교차로부근,승용,남,73세,상해없음,이륜,남,18세,경상
2015082000100578,2015년 8월 20일 21시,목요일,부산광역시 북구 금곡동,중상사고,0,1,0,0,차대사람 - 기타,중앙선침범,습기,흐림,교차로 - 교차로안,승합,여,48세,상해없음,보행자,여,61세,중상
2015082000100611,2015년 8월 20일 22시,목요일,부산광역시 금정구 서동,부상신고사고,0,0,0,1,차대사람 - 기타,안전운전불이행,건조,맑음,단일로 - 기타,이륜,남,30세,상해없음,보행자,여,48세,부상신고
2015082000100612,2015년 8월 20일 22시,목요일,부산광역시 사하구 장림동,경상사고,0,0,1,0,차대차 - 기타,교차로운행방법위반,건조,맑음,교차로 - 교차로안,승용,남,45세,상해없음,승용,남,59세,경상
2015082000100644,2015년 8월 20일 23시,목요일,부산광역시 남구 용호동,경상사고,0,0,1,5,차대차 - 추돌 - 주정차중,안전운전불이행,건조,맑음,단일로 - 기타,승용,남,32세,상해없음,승용,남,65세,경상
2015082100100006,2015년 8월 21일 00시,금요일,부산광역시 금정구 구서동,경상사고,0,0,1,0,차대차 - 기타,기타,습기,비,교차로 - 교차로안,승용,남,23세,상해없음,승용,남,27세,상해없음
2015082100100031,2015년 8월 21일 01시,금요일,부산광역시 남구 대연동,중상사고,0,1,3,0,차대차 - 추돌 - 주정차중,안전운전불이행,습기,비,단일로 - 기타,승용,여,27세,상해없음,승용,남,42세,경상
2015082100100032,2015년 8월 21일 01시,금요일,부산광역시 사하구 괴정동,중상사고,0,1,0,0,차대사람 - 기타,안전운전불이행,습기,비,단일로 - 기타,승용,남,61세,상해없음,보행자,여,40세,중상
2015082100100033,2015년 8월 21일 01시,금요일,부산광역시 연제구 연산동,경상사고,0,0,4,0,차대차 - 측면직각충돌,안전운전불이행,습기,비,단일로 - 기타,승용,남,25세,상해없음,승용,남,59세,경상
2015082100100079,2015년 8월 21일 04시,금요일,부산광역시 동래구 온천동,중상사고,0,1,0,0,차대사람 - 기타,안전운전불이행,습기,비,단일로 - 기타,승용,남,66세,상해없음,보행자,남,60세,중상
2015082100100080,2015년 8월 21일 04시,금요일,부산광역시 사하구 당리동,경상사고,0,0,1,0,차대차 - 정면충돌,안전운전불이행,습기,비,단일로 - 기타,승용,남,60세,경상,승용,남,63세,상해없음
2015082100100081,2015년 8월 21일 04시,금요일,부산광역시 수영구 망미동,중상사고,0,1,0,0,차대차 - 기타,안전거리미확보,습기,비,단일로 - 기타,특수,남,67세,중상,승용,남,41세,기타불명
2015082100100095,2015년 8월 21일 05시,금요일,부산광역시 중구 영주동,중상사고,0,1,0,0,차대사람 - 기타,안전운전불이행,습기,비,단일로 - 기타,승용,남,44세,상해없음,보행자,여,66세,중상
2015082100100096,2015년 8월 21일 05시,금요일,부산광역시 해운대구 좌동,경상사고,0,0,1,0,차대차 - 측면직각충돌,안전운전불이행,습기,비,단일로 - 터널,승용,남,23세,상해없음,승용,여,45세,경상
2015082100100097,2015년 8월 21일 05시,금요일,부산광역시 사하구 괴정동,중상사고,0,1,0,0,차대차 - 기타,중앙선침범,습기,비,단일로 - 기타,승용,여,56세,중상,승용,남,48세,상해없음
2015082100100098,2015년 8월 21일 05시,금요일,부산광역시 사상구 모라동,중상사고,0,1,0,0,차대사람 - 횡단중,신호위반,습기,비,단일로 - 횡단보도상,승용,남,67세,상해없음,보행자,남,60세,중상
2015082100100109,2015년 8월 21일 06시,금요일,부산광역시 해운대구 좌동,경상사고,0,0,2,0,차대차 - 측면직각충돌,신호위반,습기,비,교차로 - 교차로안,승용,남,73세,상해없음,승용,여,65세,경상
2015082100100124,2015년 8월 21일 07시,금요일,부산광역시 해운대구 송정동,중상사고,0,1,0,1,차대차 - 측면직각충돌,신호위반,습기,비,교차로 - 교차로안,승용,여,35세,부상신고,승용,남,38세,중상
2015082100100147,2015년 8월 21일 08시,금요일,부산광역시 동래구 온천동,경상사고,0,0,2,0,차대차 - 측면직각충돌,신호위반,습기,비,교차로 - 교차로안,승용,남,62세,상해없음,승용,여,51세,경상
2015082100100148,2015년 8월 21일 08시,금요일,부산광역시 동래구 명장동,경상사고,0,0,1,0,차대차 - 추돌 - 진행중,안전운전불이행,습기,비,단일로 - 기타,승용,남,31세,상해없음,승용,남,32세,경상
2015082100100149,2015년 8월 21일 08시,금요일,부산광역시 해운대구 우동,경상사고,0,0,2,0,차대차 - 기타,신호위반,기타,비,교차로 - 교차로안,화물,남,66세,상해없음,승용,남,56세,경상
2015082100100219,2015년 8월 21일 10시,금요일,부산광역시 동구 범일동,경상사고,0,0,1,0,차대차 - 측면직각충돌,안전운전불이행,습기,비,교차로 - 교차로안,승용,여,46세,상해없음,승용,여,54세,경상
2015082100100220,2015년 8월 21일 10시,금요일,부산광역시 금정구 구서동,경상사고,0,0,1,0,차대사람 - 기타,안전운전불이행,건조,맑음,단일로 - 기타,화물,여,58세,상해없음,보행자,남,65세,경상
2015082100100221,2015년 8월 21일 10시,금요일,부산광역시 금정구 금사동,경상사고,0,0,1,0,차대차 - 추돌 - 주정차중,안전거리미확보,습기,비,단일로 - 기타,승합,남,57세,상해없음,승용,남,41세,경상
2015082100100252,2015년 8월 21일 11시,금요일,부산광역시 부산진구 부암동,경상사고,0,0,1,0,차대차 - 기타,안전운전불이행,건조,맑음,교차로 - 교차로안,화물,기타불명,기타불명,기타불명,승용,여,53세,경상
2015082100100253,2015년 8월 21일 11시,금요일,부산광역시 금정구 부곡동,경상사고,0,0,3,0,차대차 - 추돌 - 진행중,안전운전불이행,건조,맑음,교차로 - 교차로부근,화물,남,37세,상해없음,승용,여,42세,경상
2015082100100254,2015년 8월 21일 11시,금요일,부산광역시 금정구 장전동,경상사고,0,0,2,0,차대차 - 기타,기타,습기,비,교차로 - 교차로안,승용,남,65세,상해없음,승용,남,43세,경상
2015082100100284,2015년 8월 21일 12시,금요일,부산광역시 사상구 삼락동,중상사고,0,2,0,0,차대차 - 추돌 - 주정차중,안전운전불이행,습기,흐림,단일로 - 기타,화물,남,39세,상해없음,승용,남,38세,중상
2015082100100305,2015년 8월 21일 13시,금요일,부산광역시 동래구 온천동,경상사고,0,0,1,0,차대차 - 측면직각충돌,안전운전불이행,건조,맑음,단일로 - 기타,승용,남,61세,상해없음,승용,남,57세,경상
2015082100100330,2015년 8월 21일 14시,금요일,부산광역시 남구 대연동,중상사고,0,1,1,0,차대차 - 추돌 - 진행중,신호위반,습기,비,단일로 - 횡단보도부근,승용,여,42세,경상,원동기,남,21세,중상
2015082100100331,2015년 8월 21일 14시,금요일,부산광역시 동래구 온천동,중상사고,0,1,0,0,차대사람 - 기타,안전운전불이행,건조,맑음,단일로 - 기타,승합,남,32세,상해없음,보행자,여,65세,중상
2015082100100445,2015년 8월 21일 17시,금요일,부산광역시 강서구 명지동,중상사고,0,1,0,0,차대사람 - 횡단중,과속,건조,맑음,단일로 - 기타,승용,여,31세,상해없음,보행자,여,9세,중상
2015082100100446,2015년 8월 21일 17시,금요일,부산광역시 기장군 정관면,경상사고,0,0,1,0,차대사람 - 횡단중,안전운전불이행,건조,맑음,단일로 - 기타,승용,남,33세,상해없음,보행자,남,17세,경상
2015082100100490,2015년 8월 21일 18시,금요일,부산광역시 중구 남포동5가,중상사고,0,2,0,0,차대차 - 측면직각충돌,안전운전불이행,건조,맑음,단일로 - 기타,승용,남,52세,상해없음,이륜,남,23세,중상
2015082100100491,2015년 8월 21일 18시,금요일,부산광역시 동구 좌천동,경상사고,0,0,1,0,차대차 - 기타,차로위반,건조,맑음,단일로 - 기타,승용,기타불명,기타불명,기타불명,승합,남,59세,상해없음
2015082100100492,2015년 8월 21일 18시,금요일,부산광역시 서구 서대신동2가,경상사고,0,0,3,0,차대차 - 추돌 - 진행중,안전거리미확보,습기,흐림,단일로 - 터널,승용,남,31세,상해없음,승용,남,27세,상해없음
2015082100100493,2015년 8월 21일 18시,금요일,부산광역시 남구 문현동,경상사고,0,0,1,0,차대차 - 측면직각충돌,안전운전불이행,건조,맑음,단일로 - 기타,승용,남,42세,상해없음,승용,여,36세,경상
2015082100100525,2015년 8월 21일 19시,금요일,부산광역시 금정구 장전동,중상사고,0,1,0,0,차대차 - 측면직각충돌,기타,건조,맑음,교차로 - 교차로안,화물,남,50세,상해없음,이륜,남,59세,중상
2015082100100609,2015년 8월 21일 21시,금요일,부산광역시 금정구 남산동,중상사고,0,1,0,0,차대사람 - 횡단중,안전운전불이행,건조,맑음,단일로 - 기타,승용,남,64세,상해없음,보행자,남,54세,중상
2015082100100639,2015년 8월 21일 22시,금요일,부산광역시 북구 덕천동,중상사고,0,1,0,0,차대사람 - 횡단중,안전운전불이행,건조,맑음,교차로 - 교차로부근,승용,남,27세,상해없음,보행자,여,38세,중상
2015082100100640,2015년 8월 21일 22시,금요일,부산광역시 강서구 생곡동,사망사고,1,0,0,0,차대사람 - 기타,안전운전불이행,건조,맑음,단일로 - 기타,승용,남,45세,상해없음,보행자,남,41세,사망
2015082100100678,2015년 8월 21일 23시,금요일,부산광역시 중구 중앙동4가,경상사고,0,0,1,0,차대차 - 추돌 - 주정차중,안전운전불이행,건조,맑음,단일로 - 기타,승용,남,46세,상해없음,승용,남,59세,경상
2015082100100679,2015년 8월 21일 23시,금요일,부산광역시 영도구 동삼동,경상사고,0,0,1,0,차대사람 - 기타,안전운전불이행,건조,맑음,단일로 - 기타,승용,여,58세,상해없음,보행자,남,53세,경상
2015082100100680,2015년 8월 21일 23시,금요일,부산광역시 부산진구 범천동,경상사고,0,0,1,0,차대차 - 추돌 - 진행중,안전운전불이행,건조,맑음,단일로 - 기타,승용,남,23세,상해없음,원동기,남,55세,경상
2015082100100681,2015년 8월 21일 23시,금요일,부산광역시 사하구 하단동,중상사고,0,1,0,0,차대사람 - 횡단중,안전운전불이행,건조,맑음,단일로 - 횡단보도상,승용,남,57세,상해없음,보행자,남,17세,중상
2015082100100682,2015년 8월 21일 23시,금요일,부산광역시 사하구 다대동,사망사고,1,0,0,0,차대사람 - 횡단중,안전운전불이행,건조,맑음,단일로 - 기타,승용,남,51세,상해없음,보행자,남,52세,사망
2015082200100006,2015년 8월 22일 00시,토요일,부산광역시 해운대구 좌동,경상사고,0,0,2,0,차대차 - 측면직각충돌,신호위반,건조,흐림,교차로 - 교차로안,화물,남,43세,상해없음,승용,여,47세,경상
2015082200100047,2015년 8월 22일 02시,토요일,부산광역시 연제구 연산동,경상사고,0,0,1,0,차대사람 - 횡단중,보행자보호의무위반,건조,맑음,교차로 - 교차로부근,승용,남,36세,상해없음,보행자,여,20세,경상
2015082200100048,2015년 8월 22일 02시,토요일,부산광역시 기장군 기장읍,사망사고,1,1,0,1,차대차 - 정면충돌,중앙선침범,건조,맑음,단일로 - 기타,원동기,남,19세,사망,승용,여,45세,중상
2015082200100061,2015년 8월 22일 03시,토요일,부산광역시 서구 남부민동,사망사고,1,0,1,0,차대사람 - 횡단중,안전운전불이행,건조,맑음,단일로 - 기타,승용,남,60세,상해없음,보행자,남,75세,사망
2015082200100062,2015년 8월 22일 03시,토요일,부산광역시 북구 덕천동,중상사고,0,1,0,0,차대사람 - 횡단중,신호위반,건조,맑음,단일로 - 횡단보도상,승용,여,47세,상해없음,보행자,남,33세,중상
2015082200100068,2015년 8월 22일 04시,토요일,부산광역시 북구 덕천동,경상사고,0,0,1,0,차대차 - 측면직각충돌,안전운전불이행,건조,맑음,단일로 - 기타,승용,기타불명,기타불명,기타불명,승용,남,61세,경상
2015082200100069,2015년 8월 22일 04시,토요일,부산광역시 사상구 엄궁동,중상사고,0,2,1,0,차대차 - 추돌 - 주정차중,안전운전불이행,건조,맑음,교차로 - 교차로부근,승용,남,67세,상해없음,화물,남,66세,중상
2015082200100087,2015년 8월 22일 05시,토요일,부산광역시 중구 대청동4가,경상사고,0,0,1,0,차대차 - 추돌 - 주정차중,안전운전불이행,건조,맑음,단일로 - 기타,이륜,남,34세,경상,화물,남,26세,상해없음
2015082200100088,2015년 8월 22일 05시,토요일,부산광역시 동구 범일동,중상사고,0,1,0,0,차대사람 - 횡단중,보행자보호의무위반,건조,맑음,단일로 - 기타,승용,남,53세,상해없음,보행자,남,58세,중상
2015082200100105,2015년 8월 22일 06시,토요일,부산광역시 수영구 남천동,중상사고,0,1,0,0,차대차 - 기타,교차로운행방법위반,건조,맑음,교차로 - 교차로부근,승용,남,41세,상해없음,승용,남,56세,상해없음
2015082200100106,2015년 8월 22일 06시,토요일,부산광역시 연제구 연산동,경상사고,0,0,3,0,차대차 - 측면직각충돌,신호위반,건조,맑음,교차로 - 교차로안,승용,남,66세,상해없음,승용,여,53세,경상
2015082200100125,2015년 8월 22일 07시,토요일,부산광역시 동래구 명륜동,경상사고,0,0,1,0,차대차 - 측면직각충돌,중앙선침범,건조,맑음,단일로 - 기타,승용,남,42세,상해없음,승용,여,65세,경상
2015082200100163,2015년 8월 22일 09시,토요일,부산광역시 수영구 광안동,경상사고,0,0,1,0,차대차 - 추돌 - 주정차중,안전운전불이행,건조,맑음,단일로 - 기타,승용,여,51세,상해없음,승용,남,27세,경상
2015082200100164,2015년 8월 22일 09시,토요일,부산광역시 동래구 수안동,경상사고,0,0,1,0,차대사람 - 횡단중,안전운전불이행,건조,맑음,단일로 - 기타,승용,남,40세,상해없음,보행자,여,13세,경상
2015082200100196,2015년 8월 22일 10시,토요일,부산광역시 금정구 금사동,중상사고,0,1,0,0,차대사람 - 횡단중,안전운전불이행,건조,맑음,단일로 - 기타,화물,남,65세,상해없음,보행자,남,70세,중상
2015082200100197,2015년 8월 22일 10시,토요일,부산광역시 금정구 서동,경상사고,0,0,1,0,차대차 - 측면직각충돌,안전거리미확보,건조,맑음,단일로 - 기타,화물,남,42세,상해없음,이륜,남,57세,경상
2015082200100222,2015년 8월 22일 11시,토요일,부산광역시 동구 범일동,경상사고,0,0,1,0,차대사람 - 기타,안전운전불이행,건조,맑음,단일로 - 기타,승용,기타불명,기타불명,기타불명,보행자,남,60세,경상
2015082200100223,2015년 8월 22일 11시,토요일,부산광역시 남구 감만동,중상사고,0,1,0,0,차대사람 - 횡단중,안전운전불이행,기타,흐림,단일로 - 횡단보도부근,원동기,남,58세,상해없음,보행자,여,75세,중상
2015082200100224,2015년 8월 22일 11시,토요일,부산광역시 해운대구 중동,경상사고,0,0,1,0,차대차 - 측면직각충돌,기타,건조,맑음,교차로 - 교차로안,승용,여,36세,상해없음,승용,여,30세,경상