사고번호,사고일시,요일,시군구,사고내용,사망자수,중상자수,경상자수,부상신고자수,사고유형,법규위반,노면상태,기상상태,도로형태,가해운전자 차종,가해운전자 성별,가해운전자 연령,가해운전자 상해정도,피해운전자 차종,피해운전자 성별,피해운전자 연령,피해운전자 상해정도
2015082900100319,2015년 8월 29일 13시,토요일,부산광역시 사상구 학장동,경상사고,0,0,1,0,차대차 - 측면직각충돌,안전거리미확보,건조,맑음,교차로 - 교차로부근,승용,남,24세,상해없음,승용,남,48세,상해없음
2015082900100360,2015년 8월 29일 14시,토요일,부산광역시 중구 부평동1가,경상사고,0,0,1,0,차대차 - 측면직각충돌,안전운전불이행,건조,맑음,단일로 - 기타,승용,남,70세,상해없음,이륜,남,40세,경상
2015082900100361,2015년 8월 29일 14시,토요일,부산광역시 사하구 하단동,경상사고,0,0,2,0,차대차 - 기타,안전운전불이행,건조,맑음,단일로 - 기타,화물,남,53세,상해없음,승용,남,57세,경상
2015082900100362,2015년 8월 29일 14시,토요일,부산광역시 사상구 학장동,중상사고,0,1,0,0,차대차 - 측면직각충돌,중앙선침범,건조,맑음,단일로 - 기타,승용,여,46세,상해없음,원동기,남,30세,중상
2015082900100410,2015년 8월 29일 15시,토요일,부산광역시 서구 암남동,경상사고,0,0,1,0,차대차 - 측면직각충돌,중앙선침범,건조,맑음,단일로 - 기타,승용,남,24세,상해없음,승용,여,48세,경상
2015082900100411,2015년 8월 29일 15시,토요일,부산광역시 동래구 안락동,경상사고,0,0,1,0,차대사람 - 횡단중,안전운전불이행,건조,맑음,단일로 - 기타,이륜,남,56세,상해없음,보행자,여,25세,경상
2015082900100412,2015년 8월 29일 15시,토요일,부산광역시 해운대구 송정동,경상사고,0,0,1,0,차대사람 - 기타,안전운전불이행,건조,맑음,교차로 - 교차로부근,이륜,기타불명,20세,기타불명,보행자,여,64세,경상
2015082900100413,2015년 8월 29일 15시,토요일,부산광역시 해운대구 반여동,경상사고,0,0,1,0,차대차 - 측면직각충돌,안전거리미확보,건조,맑음,단일로 - 기타,승용,남,49세,상해없음,이륜,남,17세,경상
2015082900100414,2015년 8월 29일 15시,토요일,부산광역시 부산진구 양정동,경상사고,0,0,1,0,차대차 - 측면직각충돌,신호위반,건조,맑음,교차로 - 교차로안,승용,여,46세,상해없음,이륜,남,21세,경상
2015082900100415,2015년 8월 29일 15시,토요일,부산광역시 부산진구 범천동,경상사고,0,0,1,0,차대사람 - 횡단중,보행자보호의무위반,건조,맑음,단일로 - 횡단보도상,승합,남,63세,상해없음,보행자,남,70세,경상
2015082900100451,2015년 8월 29일 16시,토요일,부산광역시 북구 화명동,경상사고,0,0,1,0,차대차 - 기타,교차로운행방법위반,건조,맑음,교차로 - 교차로안,승용,남,47세,상해없음,이륜,남,42세,경상
2015082900100452,2015년 8월 29일 16시,토요일,부산광역시 기장군 철마면,사망사고,1,1,0,0,차대차 - 정면충돌,중앙선침범,건조,맑음,단일로 - 기타,건설기계,남,56세,상해없음,화물,남,51세,사망
2015082900100489,2015년 8월 29일 17시,토요일,부산광역시 해운대구 우동,중상사고,0,1,0,0,차대사람 - 보도통행중,기타,기타,맑음,단일로 - 기타,승용,남,34세,상해없음,보행자,남,55세,중상
2015082900100490,2015년 8월 29일 17시,토요일,부산광역시 사하구 장림동,경상사고,0,0,1,0,차대차 - 측면직각충돌,안전운전불이행,건조,맑음,교차로 - 교차로부근,승용,남,60세,상해없음,승용,남,49세,경상
2015082900100491,2015년 8월 29일 17시,토요일,부산광역시 사하구 괴정동,경상사고,0,0,2,0,차대차 - 기타,안전운전불이행,건조,맑음,단일로 - 기타,승용,여,38세,상해없음,승용,남,52세,경상
2015082900100492,2015년 8월 29일 17시,토요일,부산광역시 사상구 감전동,경상사고,0,0,1,0,차대차 - 추돌 - 진행중,안전거리미확보,건조,맑음,단일로 - 횡단보도부근,승용,남,61세,경상,건설기계,남,43세,상해없음
2015082900100535,2015년 8월 29일 18시,토요일,부산광역시 동구 범일동,중상사고,0,1,0,0,차대차 - 추돌 - 진행중,안전운전불이행,건조,맑음,단일로 - 기타,승용,남,46세,상해없음,자전거,남,60세,중상
2015082900100536,2015년 8월 29일 18시,토요일,부산광역시 사하구 하단동,경상사고,0,0,1,0,차대차 - 측면직각충돌,직진우회전진행방해,건조,맑음,교차로 - 교차로안,자전거,남,22세,경상,승용,여,57세,상해없음
2015082900100537,2015년 8월 29일 18시,토요일,부산광역시 연제구 거제동,경상사고,0,0,1,0,차대차 - 기타,안전거리미확보,건조,맑음,단일로 - 기타,승용,남,61세,상해없음,원동기,남,36세,경상
2015082900100578,2015년 8월 29일 19시,토요일,부산광역시 수영구 남천동,중상사고,0,1,0,0,차대차 - 측면직각충돌,안전거리미확보,건조,맑음,교차로 - 교차로부근,승용,여,52세,상해없음,이륜,남,30세,중상
2015082900100579,2015년 8월 29일 19시,토요일,부산광역시 남구 대연동,경상사고,0,0,1,0,차대차 - 측면직각충돌,안전운전불이행,건조,맑음,단일로 - 기타,승용,남,62세,상해없음,이륜,남,24세,경상
2015082900100580,2015년 8월 29일 19시,토요일,부산광역시 해운대구 우동,부상신고사고,0,0,0,1,차대차 - 기타,안전운전불이행,건조,맑음,교차로 - 교차로안,승용,남,55세,상해없음,승용,남,67세,부상신고
2015082900100581,2015년 8월 29일 19시,토요일,부산광역시 해운대구 중동,중상사고,0,1,0,0,차대차 - 기타,안전운전불이행,건조,맑음,단일로 - 기타,원동기,남,47세,중상,승용,남,62세,상해없음
2015082900100582,2015년 8월 29일 19시,토요일,부산광역시 부산진구 전포동,중상사고,0,1,0,0,차대차 - 기타,안전운전불이행,건조,맑음,단일로 - 기타,이륜,남,23세,상해없음,승용,남,42세,중상
2015082900100583,2015년 8월 29일 19시,토요일,부산광역시 부산진구 당감동,경상사고,0,0,2,0,차대차 - 기타,안전운전불이행,건조,맑음,단일로 - 터널,승용,남,57세,상해없음,승용,남,55세,경상
2015082900100624,2015년 8월 29일 20시,토요일,부산광역시 동구 수정동,부상신고사고,0,0,0,1,차대사람 - 기타,안전운전불이행,건조,맑음,단일로 - 기타,승용,남,21세,상해없음,보행자,남,17세,부상신고
2015082900100660,2015년 8월 29일 21시,토요일,부산광역시 남구 용당동,중상사고,0,1,2,0,차대차 - 추돌 - 진행중,차로위반,건조,맑음,단일로 - 기타,승용,남,45세,상해없음,승용,남,54세,중상
2015082900100661,2015년 8월 29일 21시,토요일,부산광역시 남구 대연동,경상사고,0,0,1,0,차대차 - 추돌 - 진행중,차로위반,건조,맑음,단일로 - 기타,승용,남,26세,상해없음,승용,남,60세,경상
2015082900100720,2015년 8월 29일 23시,토요일,부산광역시 북구 구포동,중상사고,0,1,0,0,차대사람 - 횡단중,안전운전불이행,건조,맑음,단일로 - 기타,승용,남,62세,상해없음,보행자,남,60세,중상
2015083000100030,2015년 8월 30일 01시,일요일,부산광역시 서구 충무동1가,경상사고,0,0,2,0,차대차 - 측면직각충돌,교차로운행방법위반,건조,맑음,교차로 - 교차로부근,승용,남,66세,상해없음,승용,남,52세,경상
2015083000100031,2015년 8월 30일 01시,일요일,부산광역시 북구 화명동,중상사고,0,1,0,0,차대사람 - 횡단중,안전운전불이행,건조,맑음,단일로 - 기타,이륜,남,17세,상해없음,보행자,남,43세,중상
2015083000100032,2015년 8월 30일 01시,일요일,부산광역시 부산진구 부암동,중상사고,0,1,3,0,차대차 - 추돌 - 진행중,안전운전불이행,건조,맑음,미분류 - 미분류,승용,남,47세,상해없음,승용,남,46세,상해없음
2015083000100033,2015년 8월 30일 01시,일요일,부산광역시 사하구 신평동,중상사고,0,1,1,0,차량단독 - 전도전복,안전운전불이행,건조,맑음,단일로 - 기타,이륜,남,31세,경상,,,,
2015083000100079,2015년 8월 30일 04시,일요일,부산광역시 부산진구 부전동,중상사고,0,1,0,0,차대차 - 측면직각충돌,안전운전불이행,건조,맑음,단일로 - 기타,승용,남,24세,상해없음,승용,남,23세,중상
2015083000100091,2015년 8월 30일 05시,일요일,부산광역시 연제구 연산동,중상사고,0,1,0,0,차대차 - 측면직각충돌,신호위반,건조,맑음,교차로 - 교차로안,이륜,남,22세,상해없음,승용,남,51세,상해없음
2015083000100111,2015년 8월 30일 06시,일요일,부산광역시 수영구 민락동,경상사고,0,0,2,0,차대차 - 정면충돌,중앙선침범,건조,맑음,단일로 - 기타,승용,남,18세,상해없음,승용,남,57세,상해없음
2015083000100152,2015년 8월 30일 09시,일요일,부산광역시 동래구 온천동,경상사고,0,0,1,0,차대차 - 측면직각충돌,안전운전불이행,건조,맑음,교차로 - 교차로부근,승용,남,66세,상해없음,기타불명,남,15세,상해없음
2015083000100167,2015년 8월 30일 10시,일요일,부산광역시 동래구 온천동,경상사고,0,0,1,0,차대차 - 측면직각충돌,안전거리미확보,건조,맑음,교차로 - 교차로부근,건설기계,남,55세,상해없음,승용,여,52세,경상
2015083000100168,2015년 8월 30일 10시,일요일,부산광역시 금정구 구서동,경상사고,0,0,1,0,차량단독 - 공작물충돌,안전운전불이행,건조,맑음,단일로 - 기타,승용,여,23세,경상,,,,
2015083000100169,2015년 8월 30일 10시,일요일,부산광역시 강서구 범방동,중상사고,0,1,0,0,차대차 - 측면직각충돌,안전거리미확보,건조,맑음,단일로 - 기타,건설기계,남,49세,상해없음,승용,여,34세,중상
2015083000100170,2015년 8월 30일 10시,일요일,부산광역시 강서구 명지동,경상사고,0,0,1,0,차대차 - 기타,안전운전불이행,건조,맑음,단일로 - 기타,승용,남,56세,상해없음,승용,남,63세,경상
2015083000100195,2015년 8월 30일 11시,일요일,부산광역시 북구 화명동,경상사고,0,0,1,0,차대차 - 기타,신호위반,건조,맑음,교차로 - 교차로안,승용,남,71세,상해없음,자전거,남,58세,경상
2015083000100196,2015년 8월 30일 11시,일요일,부산광역시 부산진구 양정동,중상사고,0,1,1,0,차대차 - 기타,안전운전불이행,기타,맑음,단일로 - 기타,승용,남,39세,기타불명,승용,남,64세,경상
2015083000100197,2015년 8월 30일 11시,일요일,부산광역시 사상구 감전동,경상사고,0,0,4,0,차대차 - 측면직각충돌,과속,건조,맑음,교차로 - 교차로안,승용,남,46세,경상,승용,여,39세,경상
2015083000100221,2015년 8월 30일 12시,일요일,부산광역시 기장군 정관면,경상사고,0,0,1,0,차대차 - 측면직각충돌,안전운전불이행,건조,맑음,교차로 - 교차로부근,원동기,남,17세,경상,화물,남,66세,상해없음
2015083000100240,2015년 8월 30일 13시,일요일,부산광역시 동구 수정동,경상사고,0,0,1,0,차대차 - 측면직각충돌,신호위반,건조,맑음,교차로 - 교차로안,원동기,남,25세,경상,화물,남,46세,상해없음
2015083000100306,2015년 8월 30일 15시,일요일,부산광역시 남구 감만동,중상사고,0,1,1,0,차대차 - 측면직각충돌,안전거리미확보,건조,맑음,단일로 - 기타,승용,여,67세,상해없음,승용,남,46세,경상
2015083000100341,2015년 8월 30일 16시,일요일,부산광역시 사하구 하단동,경상사고,0,0,1,0,차대차 - 측면직각충돌,직진우회전진행방해,건조,맑음,교차로 - 교차로안,승용,남,25세,상해없음,승용,남,24세,경상
2015083000100379,2015년 8월 30일 17시,일요일,부산광역시 금정구 남산동,경상사고,0,0,2,0,차대차 - 추돌 - 주정차중,안전거리미확보,건조,맑음,단일로 - 기타,승용,남,57세,상해없음,승용,여,47세,경상
2015083000100413,2015년 8월 30일 18시,일요일,부산광역시 남구 용호동,중상사고,0,1,0,0,차대사람 - 횡단중,안전운전불이행,건조,맑음,단일로 - 기타,승용,남,37세,상해없음,보행자,남,12세,중상
2015083000100414,2015년 8월 30일 18시,일요일,부산광역시 부산진구 부전동,중상사고,0,1,0,0,차대차 - 추돌 - 진행중,안전운전불이행,건조,맑음,단일로 - 기타,이륜,남,62세,중상,승합,남,25세,상해없음
2015083000100415,2015년 8월 30일 18시,일요일,부산광역시 강서구 명지동,부상신고사고,0,0,0,1,차대차 - 추돌 - 진행중,안전운전불이행,건조,맑음,단일로 - 기타,이륜,남,17세,부상신고,승용,남,34세,상해없음
2015083000100448,2015년 8월 30일 19시,일요일,부산광역시 수영구 광안동,중상사고,0,1,0,0,차대차 - 측면직각충돌,교차로운행방법위반,건조,맑음,교차로 - 교차로안,승용,남,29세,상해없음,승용,남,26세,중상
2015083000100487,2015년 8월 30일 20시,일요일,부산광역시 남구 문현동,중상사고,0,1,0,0,차대사람 - 기타,안전운전불이행,건조,맑음,단일로 - 기타,승용,남,58세,상해없음,보행자,남,46세,중상
2015083000100488,2015년 8월 30일 20시,일요일,부산광역시 사상구 삼락동,중상사고,0,1,0,0,차대차 - 측면직각충돌,신호위반,건조,맑음,단일로 - 기타,승용,여,45세,기타불명,원동기,남,17세,중상
2015083000100524,2015년 8월 30일 21시,일요일,부산광역시 부산진구 연지동,경상사고,0,0,5,0,차대차 - 추돌 - 진행중,안전운전불이행,건조,맑음,단일로 - 기타,승용,남,59세,상해없음,승용,남,46세,경상
2015083000100540,2015년 8월 30일 22시,일요일,부산광역시 남구 문현동,경상사고,0,0,1,0,차대차 - 추돌 - 진행중,안전운전불이행,건조,맑음,단일로 - 기타,승용,남,56세,상해없음,원동기,여,25세,경상
2015083000100541,2015년 8월 30일 22시,일요일,부산광역시 북구 구포동,경상사고,0,0,2,0,차대차 - 추돌 - 진행중,안전운전불이행,건조,맑음,단일로 - 기타,승용,남,26세,상해없음,승용,여,44세,경상
2015083000100565,2015년 8월 30일 23시,일요일,부산광역시 금정구 서동,경상사고,0,0,1,0,차대차 - 추돌 - 진행중,안전운전불이행,건조,맑음,교차로 - 교차로부근,승용,남,31세,상해없음,승용,남,58세,경상
2015083100100006,2015년 8월 31일 00시,월요일,부산광역시 부산진구 전포동,중상사고,0,1,1,0,차대차 - 측면직각충돌,신호위반,건조,맑음,교차로 - 교차로안,승용,남,19세,상해없음,승용,남,65세,중상
2015083100100018,2015년 8월 31일 01시,월요일,부산광역시 해운대구 재송동,중상사고,0,1,0,0,차대사람 - 기타,안전운전불이행,건조,맑음,교차로 - 교차로부근,승용,남,59세,상해없음,보행자,남,58세,중상
2015083100100031,2015년 8월 31일 02시,월요일,부산광역시 동구 초량동,사망사고,1,0,0,0,차량단독 - 기타,안전운전불이행,건조,맑음,단일로 - 기타,이륜,남,55세,사망,,,,
2015083100100037,2015년 8월 31일 03시,월요일,부산광역시 동래구 사직동,부상신고사고,0,0,0,1,차량단독 - 공작물충돌,안전운전불이행,건조,맑음,교차로 - 교차로안,승용,남,24세,상해없음,,,,
2015083100100048,2015년 8월 31일 05시,월요일,부산광역시 남구 문현동,사망사고,1,0,0,0,차대사람 - 횡단중,안전운전불이행,기타,맑음,단일로 - 기타,승용,남,48세,상해없음,보행자,여,72세,사망
2015083100100122,2015년 8월 31일 08시,월요일,부산광역시 동구 범일동,중상사고,0,1,0,0,차량단독 - 기타,기타,건조,맑음,단일로 - 기타,승합,남,63세,상해없음,,,,
2015083100100123,2015년 8월 31일 08시,월요일,부산광역시 북구 구포동,중상사고,0,1,0,0,차대차 - 측면직각충돌,신호위반,건조,맑음,교차로 - 교차로안,이륜,남,56세,중상,화물,남,39세,상해없음
2015083100100196,2015년 8월 31일 10시,월요일,부산광역시 동래구 온천동,중상사고,0,1,0,0,차대차 - 측면직각충돌,안전운전불이행,건조,맑음,단일로 - 기타,승용,여,74세,상해없음,이륜,남,38세,중상
2015083100100197,2015년 8월 31일 10시,월요일,부산광역시 사하구 구평동,중상사고,0,2,0,0,차대차 - 기타,안전운전불이행,건조,맑음,기타 - 기타,건설기계,남,41세,중상,승용,남,70세,중상
2015083100100225,2015년 8월 31일 11시,월요일,부산광역시 해운대구 우동,경상사고,0,0,1,0,차대차 - 측면직각충돌,안전거리미확보,건조,맑음,교차로 - 교차로부근,화물,남,65세,상해없음,승용,여,37세,경상
2015083100100258,2015년 8월 31일 12시,월요일,부산광역시 연제구 연산동,중상사고,0,1,0,0,차대차 - 측면직각충돌,안전운전불이행,건조,맑음,단일로 - 횡단보도상,자전거,남,11세,중상,승용,남,67세,상해없음
2015083100100259,2015년 8월 31일 12시,월요일,부산광역시 사상구 삼락동,사망사고,1,0,0,0,차대사람 - 횡단중,보행자보호의무위반,건조,맑음,단일로 - 횡단보도상,건설기계,남,35세,상해없음,보행자,남,8세,사망
2015083100100287,2015년 8월 31일 13시,월요일,부산광역시 남구 대연동,경상사고,0,0,1,0,차대사람 - 길가장자리구역통행중,안전운전불이행,건조,맑음,단일로 - 기타,승용,남,44세,상해없음,보행자,여,59세,경상
2015083100100356,2015년 8월 31일 15시,월요일,부산광역시 동래구 온천동,경상사고,0,0,1,0,차대사람 - 보도통행중,기타,건조,맑음,단일로 - 기타,승용,여,47세,상해없음,보행자,남,72세,경상
2015083100100357,2015년 8월 31일 15시,월요일,부산광역시 부산진구 개금동,경상사고,0,0,1,0,차대차 - 기타,교차로운행방법위반,건조,맑음,교차로 - 교차로안,승용,남,67세,경상,승합,남,71세,상해없음
2015083100100393,2015년 8월 31일 16시,월요일,부산광역시 남구 대연동,중상사고,0,1,1,0,차대차 - 추돌 - 진행중,안전거리미확보,건조,맑음,단일로 - 터널,승용,남,32세,상해없음,승용,여,41세,중상
2015083100100395,2015년 8월 31일 16시,월요일,부산광역시 사상구 삼락동,중상사고,0,1,0,0,차대사람 - 길가장자리구역통행중,안전운전불이행,건조,맑음,단일로 - 기타,승용,남,67세,상해없음,보행자,여,55세,중상
2015083100100425,2015년 8월 31일 17시,월요일,부산광역시 동래구 사직동,경상사고,0,0,1,0,차대차 - 측면직각충돌,안전운전불이행,건조,맑음,단일로 - 기타,승용,남,60세,상해없음,원동기,남,65세,경상
2015083100100426,2015년 8월 31일 17시,월요일,부산광역시 부산진구 부전동,중상사고,0,1,0,0,차대사람 - 길가장자리구역통행중,안전운전불이행,건조,맑음,교차로 - 교차로안,화물,남,49세,상해없음,보행자,여,63세,중상
2015083100100427,2015년 8월 31일 17시,월요일,부산광역시 연제구 연산동,경상사고,0,0,1,0,차대차 - 측면직각충돌,차로위반,건조,맑음,교차로 - 교차로부근,승용,여,48세,상해없음,승용,여,24세,경상
2015083100100462,2015년 8월 31일 18시,월요일,부산광역시 사상구 감전동,경상사고,0,0,1,0,차대차 - 측면직각충돌,중앙선침범,건조,맑음,단일로 - 기타,승용,남,52세,상해없음,승용,남,52세,경상
2015083100100463,2015년 8월 31일 18시,월요일,부산광역시 사상구 덕포동,중상사고,0,1,0,0,차대사람 - 길가장자리구역통행중,안전운전불이행,건조,맑음,단일로 - 기타,승합,남,24세,상해없음,보행자,남,43세,중상
2015083100100505,2015년 8월 31일 19시,월요일,부산광역시 수영구 민락동,경상사고,0,0,3,0,차대차 - 측면직각충돌,중앙선침범,건조,맑음,단일로 - 기타,승용,여,67세,상해없음,승합,남,59세,경상
2015083100100506,2015년 8월 31일 19시,월요일,부산광역시 북구 화명동,경상사고,0,0,1,0,차대차 - 기타,안전거리미확보,건조,맑음,단일로 - 기타,승용,여,47세,상해없음,승용,남,62세,상해없음
2015083100100507,2015년 8월 31일 19시,월요일,부산광역시 부산진구 당감동,경상사고,0,0,1,0,차대차 - 기타,교차로운행방법위반,건조,맑음,교차로 - 교차로안,승합,남,47세,상해없음,승용,여,42세,경상
2015083100100577,2015년 8월 31일 21시,월요일,부산광역시 동래구 온천동,중상사고,0,1,0,0,차대차 - 측면직각충돌,안전운전불이행,건조,맑음,단일로 - 기타,이륜,남,24세,상해없음,자전거,남,59세,중상
2015083100100578,2015년 8월 31일 21시,월요일,부산광역시 동래구 칠산동,부상신고사고,0,0,0,1,차대차 - 추돌 - 주정차중,안전거리미확보,건조,맑음,단일로 - 기타,승용,남,54세,상해없음,승용,남,29세,부상신고
2015083100100579,2015년 8월 31일 21시,월요일,부산광역시 부산진구 부전동,중상사고,0,1,0,0,차대차 - 기타,신호위반,건조,맑음,교차로 - 교차로안,이륜,남,52세,상해없음,이륜,남,57세,중상
2015090100100005,2015년 9월 1일 00시,화요일,부산광역시 남구 대연동,경상사고,0,0,1,0,차대사람 - 횡단중,신호위반,습기,비,단일로 - 횡단보도상,승용,남,55세,상해없음,보행자,남,30세,경상
2015090100100061,2015년 9월 1일 04시,화요일,부산광역시 수영구 망미동,경상사고,0,0,1,0,차대사람 - 기타,안전운전불이행,습기,맑음,단일로 - 기타,승용,남,55세,상해없음,보행자,남,58세,경상
2015090100100062,2015년 9월 1일 04시,화요일,부산광역시 사상구 엄궁동,중상사고,0,1,0,0,차대사람 - 횡단중,안전운전불이행,습기,비,단일로 - 기타,화물,남,50세,상해없음,보행자,남,72세,중상
2015090100100076,2015년 9월 1일 05시,화요일,부산광역시 서구 아미동2가,중상사고,0,1,0,0,차대사람 - 횡단중,안전운전불이행,습기,비,단일로 - 기타,승용,남,64세,상해없음,보행자,남,69세,중상
2015090100100092,2015년 9월 1일 06시,화요일,부산광역시 동구 범일동,중상사고,0,1,0,0,차대차 - 추돌 - 주정차중,안전운전불이행,습기,비,교차로 - 교차로부근,승용,남,58세,상해없음,승용,남,59세,중상
2015090100100093,2015년 9월 1일 06시,화요일,부산광역시 해운대구 재송동,경상사고,0,0,1,0,차대차 - 측면직각충돌,중앙선침범,습기,비,단일로 - 기타,승용,남,25세,상해없음,승용,남,64세,경상
2015090100100114,2015년 9월 1일 07시,화요일,부산광역시 부산진구 부전동,중상사고,0,1,0,0,차대차 - 추돌 - 진행중,안전거리미확보,건조,맑음,교차로 - 교차로부근,승용,남,24세,상해없음,승용,여,31세,중상
2015090100100115,2015년 9월 1일 07시,화요일,부산광역시 사하구 신평동,경상사고,0,0,2,0,차대차 - 측면직각충돌,안전거리미확보,습기,흐림,단일로 - 기타,승용,남,34세,상해없음,승용,남,56세,경상
2015090100100144,2015년 9월 1일 08시,화요일,부산광역시 동구 수정동,부상신고사고,0,0,0,1,차대사람 - 기타,안전운전불이행,건조,맑음,단일로 - 기타,승합,남,60세,상해없음,보행자,남,49세,부상신고
2015090100100145,2015년 9월 1일 08시,화요일,부산광역시 사하구 신평동,경상사고,0,0,1,0,차대차 - 측면직각충돌,안전거리미확보,건조,맑음,단일로 - 기타,건설기계,남,40세,상해없음,화물,남,49세,경상
2015090100100180,2015년 9월 1일 09시,화요일,부산광역시 수영구 광안동,중상사고,0,1,0,0,차대차 - 기타,신호위반,건조,맑음,교차로 - 교차로안,승용,남,68세,상해없음,이륜,여,21세,중상
2015090100100181,2015년 9월 1일 09시,화요일,부산광역시 해운대구 송정동,중상사고,0,1,0,0,차대사람 - 기타,안전운전불이행,습기,비,단일로 - 횡단보도부근,승합,남,47세,상해없음,보행자,여,82세,중상
2015090100100182,2015년 9월 1일 09시,화요일,부산광역시 사상구 감전동,경상사고,0,0,2,0,차대차 - 추돌 - 주정차중,안전운전불이행,건조,맑음,교차로 - 교차로부근,승용,남,54세,상해없음,화물,남,38세,경상
2015090100100215,2015년 9월 1일 10시,화요일,부산광역시 남구 대연동,경상사고,0,0,1,0,차대차 - 추돌 - 주정차중,안전운전불이행,건조,맑음,교차로 - 교차로부근,승용,여,62세,상해없음,승용,여,35세,경상
2015090100100216,2015년 9월 1일 10시,화요일,부산광역시 북구 만덕동,중상사고,0,2,1,0,차대차 - 추돌 - 주정차중,안전운전불이행,건조,맑음,단일로 - 기타,승용,남,63세,중상,승용,여,37세,상해없음
2015090100100217,2015년 9월 1일 10시,화요일,부산광역시 부산진구 부전동,경상사고,0,0,1,0,차대차 - 추돌 - 진행중,교차로운행방법위반,건조,맑음,교차로 - 교차로안,승용,남,79세,경상,승용,남,33세,상해없음
2015090100100252,2015년 9월 1일 11시,화요일,부산광역시 서구 서대신동1가,경상사고,0,0,1,0,차대사람 - 차도통행중,안전운전불이행,건조,맑음,단일로 - 기타,승용,남,26세,상해없음,보행자,남,32세,경상
2015090100100318,2015년 9월 1일 13시,화요일,부산광역시 서구 서대신동2가,경상사고,0,0,1,0,차대사람 - 횡단중,안전운전불이행,건조,맑음,단일로 - 기타,승용,남,54세,상해없음,보행자,남,76세,경상
2015090100100319,2015년 9월 1일 13시,화요일,부산광역시 남구 대연동,중상사고,0,1,0,0,차대사람 - 길가장자리구역통행중,신호위반,건조,맑음,단일로 - 기타,승용,여,51세,상해없음,보행자,여,66세,중상
2015090100100346,2015년 9월 1일 14시,화요일,부산광역시 동래구 수안동,중상사고,0,1,0,0,차대차 - 추돌 - 주정차중,기타,건조,맑음,단일로 - 기타,승용,남,60세,상해없음,원동기,남,39세,상해없음
2015090100100347,2015년 9월 1일 14시,화요일,부산광역시 강서구 대저1동,경상사고,0,0,1,0,차대차 - 정면충돌,불법유턴,건조,맑음,교차로 - 교차로안,승용,남,46세,상해없음,화물,남,24세,경상
2015090100100379,2015년 9월 1일 15시,화요일,부산광역시 수영구 수영동,중상사고,0,1,2,0,차대차 - 기타,안전거리미확보,건조,맑음,교차로 - 교차로부근,승용,남,60세,기타불명,승용,여,22세,경상
2015090100100414,2015년 9월 1일 16시,화요일,부산광역시 부산진구 부암동,중상사고,0,1,0,0,차대사람 - 기타,안전운전불이행,건조,맑음,단일로 - 기타,승용,남,58세,상해없음,보행자,남,15세,중상
2015090100100460,2015년 9월 1일 17시,화요일,부산광역시 남구 대연동,중상사고,0,1,0,0,차대차 - 추돌 - 주정차중,안전운전불이행,건조,맑음,단일로 - 터널,승용,남,14세,상해없음,승용,남,34세,중상
2015090100100461,2015년 9월 1일 17시,화요일,부산광역시 영도구 남항동1가,중상사고,0,1,0,0,차대차 - 측면직각충돌,안전운전불이행,건조,맑음,단일로 - 기타,승용,남,52세,상해없음,이륜,남,41세,중상
2015090100100462,2015년 9월 1일 17시,화요일,부산광역시 금정구 장전동,중상사고,0,1,2,0,차대차 - 정면충돌,중앙선침범,건조,맑음,단일로 - 기타,승합,여,51세,중상,승용,남,63세,경상
2015090100100509,2015년 9월 1일 18시,화요일,부산광역시 서구 동대신동3가,경상사고,0,0,3,0,차대차 - 측면직각충돌,교차로운행방법위반,습기,비,교차로 - 교차로안,승용,남,63세,상해없음,승용,남,58세,경상
2015090100100510,2015년 9월 1일 18시,화요일,부산광역시 남구 대연동,경상사고,0,0,1,0,차대차 - 추돌 - 진행중,안전거리미확보,건조,맑음,단일로 - 기타,화물,남,27세,상해없음,승용,남,40세,경상
2015090100100511,2015년 9월 1일 18시,화요일,부산광역시 사하구 장림동,경상사고,0,0,1,0,차대차 - 기타,교차로운행방법위반,건조,맑음,교차로 - 교차로안,승용,여,57세,상해없음,승용,여,55세,상해없음
2015090100100548,2015년 9월 1일 19시,화요일,부산광역시 남구 대연동,경상사고,0,0,1,0,차대차 - 측면직각충돌,신호위반,건조,맑음,교차로 - 교차로안,승용,여,52세,상해없음,원동기,남,34세,경상
2015090100100549,2015년 9월 1일 19시,화요일,부산광역시 사하구 감천동,부상신고사고,0,0,0,4,차대차 - 기타,안전운전불이행,건조,맑음,단일로 - 기타,화물,남,71세,상해없음,승용,남,64세,부상신고
2015090100100550,2015년 9월 1일 19시,화요일,부산광역시 사하구 감천동,중상사고,0,1,0,0,차대차 - 기타,안전운전불이행,습기,비,단일로 - 기타,이륜,남,57세,중상,승용,남,55세,상해없음
2015090100100596,2015년 9월 1일 20시,화요일,부산광역시 부산진구 당감동,중상사고,0,1,1,0,차대차 - 측면직각충돌,안전운전불이행,건조,맑음,단일로 - 기타,승용,남,27세,상해없음,이륜,남,25세,중상
2015090100100597,2015년 9월 1일 20시,화요일,부산광역시 기장군 장안읍,중상사고,0,1,0,0,차대차 - 측면직각충돌,안전운전불이행,건조,맑음,단일로 - 기타,승용,여,22세,상해없음,승용,남,29세,중상
2015090100100634,2015년 9월 1일 21시,화요일,부산광역시 남구 용호동,부상신고사고,0,0,0,1,차대사람 - 횡단중,안전운전불이행,건조,맑음,교차로 - 교차로안,자전거,남,21세,상해없음,보행자,여,57세,부상신고