사고번호,사고일시,요일,시군구,사고내용,사망자수,중상자수,경상자수,부상신고자수,사고유형,법규위반,노면상태,기상상태,도로형태,가해운전자 차종,가해운전자 성별,가해운전자 연령,가해운전자 상해정도,피해운전자 차종,피해운전자 성별,피해운전자 연령,피해운전자 상해정도
2015090100100635,2015년 9월 1일 21시,화요일,부산광역시 부산진구 양정동,경상사고,0,0,1,0,차대사람 - 기타,안전운전불이행,건조,맑음,교차로 - 교차로안,화물,남,43세,상해없음,보행자,여,63세,경상
2015090100100702,2015년 9월 1일 23시,화요일,부산광역시 영도구 동삼동,경상사고,0,0,1,0,차대차 - 측면직각충돌,신호위반,건조,맑음,교차로 - 교차로안,승용,남,26세,상해없음,이륜,남,40세,경상
2015090100100703,2015년 9월 1일 23시,화요일,부산광역시 금정구 구서동,경상사고,0,0,3,0,차대차 - 추돌 - 주정차중,안전운전불이행,건조,맑음,단일로 - 기타,승용,남,61세,상해없음,승용,여,23세,경상
2015090200100007,2015년 9월 2일 00시,수요일,부산광역시 금정구 부곡동,경상사고,0,0,1,0,차대차 - 추돌 - 진행중,안전운전불이행,건조,맑음,단일로 - 기타,승용,남,19세,기타불명,승용,남,52세,경상
2015090200100023,2015년 9월 2일 01시,수요일,부산광역시 금정구 장전동,경상사고,0,0,1,0,차대차 - 추돌 - 주정차중,안전운전불이행,건조,맑음,교차로 - 교차로부근,승용,남,61세,상해없음,승용,남,59세,경상
2015090200100024,2015년 9월 2일 01시,수요일,부산광역시 사하구 괴정동,중상사고,0,1,0,0,차대차 - 기타,중앙선침범,건조,맑음,단일로 - 기타,승용,남,31세,상해없음,이륜,남,22세,중상
2015090200100044,2015년 9월 2일 03시,수요일,부산광역시 북구 금곡동,중상사고,0,1,0,0,차대차 - 추돌 - 진행중,안전운전불이행,건조,맑음,단일로 - 기타,건설기계,남,59세,상해없음,승용,남,62세,중상
2015090200100051,2015년 9월 2일 04시,수요일,부산광역시 부산진구 부전동,중상사고,0,2,0,0,차대차 - 측면직각충돌,신호위반,건조,맑음,교차로 - 교차로안,이륜,남,18세,중상,화물,남,40세,상해없음
2015090200100057,2015년 9월 2일 05시,수요일,부산광역시 해운대구 재송동,경상사고,0,0,1,0,차대사람 - 길가장자리구역통행중,안전운전불이행,건조,맑음,교차로 - 교차로안,화물,남,60세,상해없음,보행자,여,62세,경상
2015090200100058,2015년 9월 2일 05시,수요일,부산광역시 금정구 서동,경상사고,0,0,1,0,차대차 - 측면직각충돌,교차로운행방법위반,건조,맑음,교차로 - 교차로안,화물,남,57세,상해없음,승용,남,67세,경상
2015090200100068,2015년 9월 2일 06시,수요일,부산광역시 강서구 송정동,중상사고,0,1,1,0,차대차 - 측면직각충돌,신호위반,건조,맑음,교차로 - 교차로안,승용,남,61세,경상,승용,남,54세,중상
2015090200100116,2015년 9월 2일 08시,수요일,부산광역시 수영구 광안동,부상신고사고,0,0,0,1,차대차 - 추돌 - 진행중,안전거리미확보,건조,맑음,단일로 - 기타,이륜,남,16세,부상신고,승용,여,38세,상해없음
2015090200100154,2015년 9월 2일 09시,수요일,부산광역시 강서구 명지동,경상사고,0,0,1,0,차대차 - 추돌 - 진행중,안전운전불이행,건조,맑음,교차로 - 교차로안,승용,여,34세,상해없음,승용,여,47세,경상
2015090200100215,2015년 9월 2일 11시,수요일,부산광역시 동구 좌천동,경상사고,0,0,1,0,차대차 - 측면직각충돌,안전운전불이행,건조,맑음,교차로 - 교차로안,승용,남,63세,상해없음,이륜,남,35세,경상
2015090200100268,2015년 9월 2일 13시,수요일,부산광역시 중구 중앙동4가,경상사고,0,0,1,0,차대사람 - 횡단중,안전운전불이행,건조,맑음,단일로 - 기타,승용,남,59세,상해없음,보행자,남,32세,경상
2015090200100269,2015년 9월 2일 13시,수요일,부산광역시 부산진구 범전동,경상사고,0,0,1,0,차대차 - 측면직각충돌,차로위반,건조,맑음,단일로 - 기타,승용,남,57세,상해없음,승용,남,49세,경상
2015090200100270,2015년 9월 2일 13시,수요일,부산광역시 기장군 기장읍,경상사고,0,0,1,0,차대차 - 측면직각충돌,안전운전불이행,건조,맑음,교차로 - 교차로안,승용,남,90세 이상,상해없음,승용,남,63세,경상
2015090200100328,2015년 9월 2일 15시,수요일,부산광역시 동구 초량동,중상사고,0,1,0,0,차대차 - 기타,교차로운행방법위반,건조,맑음,교차로 - 교차로부근,승용,여,42세,중상,특수,남,37세,상해없음
2015090200100329,2015년 9월 2일 15시,수요일,부산광역시 부산진구 양정동,경상사고,0,0,2,0,차대차 - 추돌 - 주정차중,안전거리미확보,건조,맑음,교차로 - 교차로부근,승용,남,57세,상해없음,화물,남,35세,경상
2015090200100365,2015년 9월 2일 16시,수요일,부산광역시 금정구 회동동,경상사고,0,0,2,0,차대차 - 추돌 - 진행중,안전거리미확보,습기,흐림,교차로 - 교차로부근,특수,남,44세,상해없음,승용,남,71세,경상
2015090200100366,2015년 9월 2일 16시,수요일,부산광역시 연제구 연산동,경상사고,0,0,1,0,차대사람 - 횡단중,보행자보호의무위반,건조,맑음,단일로 - 횡단보도상,이륜,기타불명,기타불명,기타불명,보행자,여,80세,경상
2015090200100397,2015년 9월 2일 17시,수요일,부산광역시 수영구 민락동,부상신고사고,0,0,0,1,차대차 - 기타,안전운전불이행,건조,맑음,단일로 - 기타,승합,남,67세,상해없음,승용,여,44세,상해없음
2015090200100443,2015년 9월 2일 18시,수요일,부산광역시 동구 수정동,경상사고,0,0,2,0,차대차 - 측면직각충돌,안전거리미확보,습기,흐림,교차로 - 교차로안,승용,남,43세,상해없음,승용,남,24세,상해없음
2015090200100444,2015년 9월 2일 18시,수요일,부산광역시 북구 덕천동,경상사고,0,0,1,0,차대차 - 추돌 - 진행중,안전운전불이행,건조,맑음,단일로 - 기타,승합,남,41세,상해없음,승용,여,61세,경상
2015090200100445,2015년 9월 2일 18시,수요일,부산광역시 해운대구 좌동,경상사고,0,0,1,0,차대차 - 기타,안전운전불이행,습기,맑음,단일로 - 터널,기타불명,기타불명,기타불명,기타불명,승용,여,54세,경상
2015090200100446,2015년 9월 2일 18시,수요일,부산광역시 부산진구 연지동,경상사고,0,0,1,0,차대차 - 추돌 - 진행중,차로위반,건조,맑음,단일로 - 기타,승용,여,48세,상해없음,승용,남,36세,경상
2015090200100447,2015년 9월 2일 18시,수요일,부산광역시 강서구 명지동,중상사고,0,1,1,0,차대차 - 측면직각충돌,안전운전불이행,건조,맑음,교차로 - 교차로안,승용,여,28세,중상,승용,남,47세,경상
2015090200100493,2015년 9월 2일 19시,수요일,부산광역시 동래구 낙민동,중상사고,0,1,0,0,차대차 - 측면직각충돌,신호위반,습기,비,교차로 - 교차로안,승용,여,51세,기타불명,승용,여,51세,중상
2015090200100494,2015년 9월 2일 19시,수요일,부산광역시 연제구 연산동,경상사고,0,0,1,0,차대사람 - 횡단중,신호위반,습기,비,단일로 - 횡단보도상,승용,남,66세,상해없음,보행자,여,66세,경상
2015090200100495,2015년 9월 2일 19시,수요일,부산광역시 사상구 덕포동,중상사고,0,1,0,0,차대차 - 측면직각충돌,신호위반,건조,맑음,교차로 - 교차로부근,이륜,남,38세,상해없음,자전거,남,41세,중상
2015090200100552,2015년 9월 2일 20시,수요일,부산광역시 동래구 수안동,경상사고,0,0,1,0,차대차 - 측면직각충돌,안전거리미확보,습기,비,단일로 - 기타,화물,남,47세,상해없음,원동기,남,23세,경상
2015090200100553,2015년 9월 2일 20시,수요일,부산광역시 금정구 부곡동,부상신고사고,0,0,0,1,차대사람 - 횡단중,중앙선침범,습기,비,단일로 - 기타,승용,남,25세,기타불명,보행자,남,37세,부상신고
2015090200100554,2015년 9월 2일 20시,수요일,부산광역시 금정구 부곡동,부상신고사고,0,0,0,1,차대차 - 측면직각충돌,안전운전불이행,건조,맑음,단일로 - 기타,승용,여,47세,상해없음,승용,남,57세,상해없음
2015090200100603,2015년 9월 2일 21시,수요일,부산광역시 서구 남부민동,경상사고,0,0,2,0,차대차 - 측면직각충돌,안전거리미확보,습기,흐림,단일로 - 기타,승용,남,56세,상해없음,승용,남,43세,경상
2015090200100604,2015년 9월 2일 21시,수요일,부산광역시 북구 만덕동,부상신고사고,0,0,0,1,차량단독 - 기타,안전운전불이행,건조,맑음,단일로 - 기타,기타불명,기타불명,기타불명,기타불명,,,,
2015090200100605,2015년 9월 2일 21시,수요일,부산광역시 동래구 온천동,중상사고,0,1,0,0,차대사람 - 차도통행중,안전운전불이행,습기,비,단일로 - 횡단보도상,승용,남,43세,상해없음,보행자,남,56세,중상
2015090200100642,2015년 9월 2일 22시,수요일,부산광역시 강서구 명지동,중상사고,0,1,0,0,차대차 - 추돌 - 주정차중,안전운전불이행,건조,맑음,단일로 - 기타,승용,남,27세,상해없음,승용,여,32세,중상
2015090200100669,2015년 9월 2일 23시,수요일,부산광역시 강서구 신호동,중상사고,0,1,0,0,차대차 - 기타,신호위반,습기,비,교차로 - 교차로부근,승용,남,62세,상해없음,자전거,남,30세,중상
2015090300100006,2015년 9월 3일 00시,목요일,부산광역시 영도구 동삼동,경상사고,0,0,1,0,차대차 - 기타,안전운전불이행,건조,맑음,단일로 - 기타,승용,남,25세,상해없음,승용,남,48세,상해없음
2015090300100007,2015년 9월 3일 00시,목요일,부산광역시 해운대구 반여동,경상사고,0,0,1,0,차대차 - 측면직각충돌,안전거리미확보,습기,비,교차로 - 교차로부근,승용,남,60세,상해없음,승용,남,34세,경상
2015090300100008,2015년 9월 3일 00시,목요일,부산광역시 사하구 당리동,경상사고,0,0,1,0,차대차 - 추돌 - 진행중,안전거리미확보,습기,비,교차로 - 교차로부근,승용,남,48세,상해없음,화물,남,57세,경상
2015090300100028,2015년 9월 3일 01시,목요일,부산광역시 사하구 다대동,경상사고,0,0,1,0,차대차 - 측면직각충돌,안전운전불이행,습기,비,교차로 - 교차로안,승용,남,58세,상해없음,승용,남,63세,경상
2015090300100049,2015년 9월 3일 02시,목요일,부산광역시 동구 범일동,중상사고,0,1,0,0,차대사람 - 기타,안전운전불이행,건조,맑음,단일로 - 기타,승용,남,27세,상해없음,보행자,남,40세,중상
2015090300100078,2015년 9월 3일 04시,목요일,부산광역시 서구 충무동1가,경상사고,0,0,1,0,차대차 - 측면직각충돌,교차로운행방법위반,건조,맑음,단일로 - 기타,화물,남,61세,상해없음,승용,남,63세,경상
2015090300100084,2015년 9월 3일 05시,목요일,부산광역시 남구 문현동,중상사고,0,1,1,1,차대차 - 기타,안전운전불이행,습기,비,단일로 - 교량,승용,남,61세,상해없음,승용,남,41세,중상
2015090300100085,2015년 9월 3일 05시,목요일,부산광역시 동래구 온천동,사망사고,1,0,0,0,차대사람 - 횡단중,안전운전불이행,건조,맑음,단일로 - 기타,승용,남,63세,상해없음,보행자,남,60세,사망
2015090300100086,2015년 9월 3일 05시,목요일,부산광역시 기장군 장안읍,중상사고,0,1,0,0,차대차 - 추돌 - 진행중,안전거리미확보,건조,맑음,단일로 - 기타,승용,남,54세,상해없음,승용,남,39세,중상
2015090300100103,2015년 9월 3일 06시,목요일,부산광역시 수영구 남천동,경상사고,0,0,2,0,차대차 - 추돌 - 주정차중,안전운전불이행,건조,맑음,교차로 - 교차로부근,승용,남,25세,상해없음,승용,여,34세,경상
2015090300100104,2015년 9월 3일 06시,목요일,부산광역시 북구 구포동,경상사고,0,0,1,0,차대차 - 측면직각충돌,안전운전불이행,습기,흐림,단일로 - 기타,이륜,남,19세,경상,화물,남,54세,기타불명
2015090300100105,2015년 9월 3일 06시,목요일,부산광역시 사하구 장림동,경상사고,0,0,1,0,차대차 - 추돌 - 진행중,안전거리미확보,건조,맑음,단일로 - 기타,승용,남,57세,상해없음,승용,남,25세,경상
2015090300100125,2015년 9월 3일 07시,목요일,부산광역시 북구 만덕동,중상사고,0,4,0,0,차대차 - 기타,안전거리미확보,건조,맑음,단일로 - 기타,화물,남,51세,중상,승합,남,35세,중상
2015090300100126,2015년 9월 3일 07시,목요일,부산광역시 부산진구 부전동,경상사고,0,0,1,0,차대사람 - 기타,안전운전불이행,건조,맑음,단일로 - 기타,승용,남,36세,상해없음,보행자,여,59세,경상
2015090300100127,2015년 9월 3일 07시,목요일,부산광역시 강서구 송정동,중상사고,0,1,0,1,차대차 - 측면직각충돌,신호위반,건조,맑음,교차로 - 교차로안,승용,여,30세,상해없음,승용,남,23세,상해없음
2015090300100151,2015년 9월 3일 08시,목요일,부산광역시 수영구 민락동,중상사고,0,1,0,0,차대차 - 추돌 - 진행중,안전운전불이행,건조,맑음,단일로 - 기타,이륜,남,26세,중상,승용,남,58세,상해없음
2015090300100152,2015년 9월 3일 08시,목요일,부산광역시 해운대구 반송동,중상사고,0,1,0,0,차대사람 - 횡단중,안전운전불이행,건조,맑음,단일로 - 기타,승용,남,63세,상해없음,보행자,여,51세,중상
2015090300100153,2015년 9월 3일 08시,목요일,부산광역시 사상구 감전동,사망사고,1,0,0,0,차대차 - 측면직각충돌,안전운전불이행,건조,맑음,단일로 - 기타,화물,남,58세,상해없음,이륜,남,56세,사망
2015090300100192,2015년 9월 3일 09시,목요일,부산광역시 금정구 부곡동,중상사고,0,2,1,0,차대차 - 측면직각충돌,직진우회전진행방해,건조,맑음,교차로 - 교차로안,승용,남,62세,상해없음,승용,남,76세,중상
2015090300100227,2015년 9월 3일 10시,목요일,부산광역시 부산진구 개금동,경상사고,0,0,1,0,차대차 - 추돌 - 주정차중,안전운전불이행,건조,맑음,단일로 - 기타,승용,여,34세,상해없음,승용,남,56세,경상
2015090300100251,2015년 9월 3일 11시,목요일,부산광역시 남구 대연동,중상사고,0,1,0,0,차량단독 - 기타,기타,건조,맑음,교차로 - 교차로부근,승용,남,67세,상해없음,,,,
2015090300100309,2015년 9월 3일 13시,목요일,부산광역시 서구 남부민동,경상사고,0,0,1,0,차대차 - 측면직각충돌,안전운전불이행,건조,맑음,교차로 - 교차로안,승용,남,40세,상해없음,이륜,남,53세,경상
2015090300100310,2015년 9월 3일 13시,목요일,부산광역시 금정구 장전동,경상사고,0,0,1,0,차대사람 - 길가장자리구역통행중,안전운전불이행,건조,맑음,단일로 - 기타,승용,기타불명,기타불명,기타불명,보행자,여,22세,경상
2015090300100311,2015년 9월 3일 13시,목요일,부산광역시 사하구 신평동,중상사고,0,1,0,0,차대차 - 측면직각충돌,안전거리미확보,건조,맑음,교차로 - 교차로부근,이륜,남,63세,중상,화물,남,35세,상해없음
2015090300100312,2015년 9월 3일 13시,목요일,부산광역시 강서구 성북동,중상사고,0,1,0,0,차대차 - 측면직각충돌,교차로운행방법위반,건조,맑음,교차로 - 교차로안,화물,남,52세,상해없음,승용,남,52세,중상
2015090300100313,2015년 9월 3일 13시,목요일,부산광역시 기장군 장안읍,중상사고,0,1,0,0,차대차 - 측면직각충돌,안전운전불이행,건조,맑음,교차로 - 교차로안,화물,남,50세,상해없음,승용,남,52세,중상
2015090300100340,2015년 9월 3일 14시,목요일,부산광역시 영도구 동삼동,중상사고,0,1,0,0,차대차 - 추돌 - 진행중,차로위반,건조,맑음,교차로 - 교차로부근,승용,남,66세,상해없음,이륜,남,68세,중상
2015090300100341,2015년 9월 3일 14시,목요일,부산광역시 수영구 망미동,경상사고,0,0,1,0,차대차 - 측면직각충돌,신호위반,건조,맑음,교차로 - 교차로안,승용,여,56세,상해없음,승용,남,40세,경상
2015090300100342,2015년 9월 3일 14시,목요일,부산광역시 강서구 대저1동,사망사고,1,0,0,1,차대차 - 추돌 - 진행중,안전운전불이행,건조,흐림,단일로 - 기타,화물,남,31세,사망,화물,남,45세,부상신고
2015090300100372,2015년 9월 3일 15시,목요일,부산광역시 해운대구 재송동,중상사고,0,1,0,0,차대사람 - 횡단중,신호위반,건조,맑음,교차로 - 교차로부근,승용,여,61세,상해없음,보행자,남,81세,중상
2015090300100373,2015년 9월 3일 15시,목요일,부산광역시 금정구 부곡동,경상사고,0,0,1,0,차대차 - 측면직각충돌,기타,건조,맑음,교차로 - 교차로안,화물,남,59세,상해없음,승용,여,25세,경상
2015090300100374,2015년 9월 3일 15시,목요일,부산광역시 사상구 감전동,중상사고,0,1,0,0,차대사람 - 길가장자리구역통행중,안전운전불이행,건조,흐림,단일로 - 기타,화물,남,36세,상해없음,보행자,여,61세,중상
2015090300100375,2015년 9월 3일 15시,목요일,부산광역시 사상구 괘법동,중상사고,0,1,0,0,차대차 - 측면직각충돌,안전운전불이행,건조,맑음,교차로 - 교차로안,승용,남,51세,상해없음,승용,남,29세,중상
2015090300100451,2015년 9월 3일 17시,목요일,부산광역시 서구 충무동1가,경상사고,0,0,7,1,차대차 - 추돌 - 진행중,안전거리미확보,건조,맑음,단일로 - 기타,승합,남,32세,상해없음,승합,남,43세,경상
2015090300100452,2015년 9월 3일 17시,목요일,부산광역시 연제구 연산동,중상사고,0,1,0,0,차대사람 - 길가장자리구역통행중,안전운전불이행,건조,맑음,교차로 - 교차로부근,승용,남,50세,상해없음,보행자,여,57세,중상
2015090300100453,2015년 9월 3일 17시,목요일,부산광역시 사상구 모라동,경상사고,0,0,1,0,차대차 - 측면직각충돌,안전운전불이행,건조,맑음,교차로 - 교차로안,승용,남,20세,상해없음,승용,남,47세,경상
2015090300100490,2015년 9월 3일 18시,목요일,부산광역시 영도구 봉래동1가,중상사고,0,1,0,0,차대사람 - 기타,안전운전불이행,건조,맑음,기타 - 기타,승용,남,38세,상해없음,보행자,남,48세,중상
2015090300100491,2015년 9월 3일 18시,목요일,부산광역시 사하구 괴정동,경상사고,0,0,1,0,차대차 - 기타,안전운전불이행,건조,맑음,단일로 - 기타,승용,남,62세,상해없음,승용,남,58세,경상
2015090300100526,2015년 9월 3일 19시,목요일,부산광역시 수영구 광안동,중상사고,0,1,0,0,차대차 - 측면직각충돌,교차로운행방법위반,건조,맑음,교차로 - 교차로안,승용,여,37세,상해없음,이륜,남,58세,중상
2015090300100527,2015년 9월 3일 19시,목요일,부산광역시 사상구 주례동,중상사고,0,1,0,0,차대사람 - 횡단중,보행자보호의무위반,건조,맑음,교차로 - 교차로부근,화물,남,33세,상해없음,보행자,여,56세,중상
2015090300100571,2015년 9월 3일 20시,목요일,부산광역시 영도구 동삼동,경상사고,0,0,1,0,차대차 - 추돌 - 주정차중,안전운전불이행,건조,맑음,기타 - 기타,승용,남,30세,상해없음,승용,남,25세,경상
2015090300100661,2015년 9월 3일 23시,목요일,부산광역시 서구 동대신동1가,경상사고,0,0,1,0,차대사람 - 횡단중,안전운전불이행,건조,맑음,단일로 - 기타,승용,여,55세,상해없음,보행자,남,16세,경상
2015090300100663,2015년 9월 3일 23시,목요일,부산광역시 금정구 서동,경상사고,0,0,2,1,차대차 - 추돌 - 진행중,안전거리미확보,건조,맑음,교차로 - 교차로부근,승용,남,58세,상해없음,원동기,남,17세,경상
2015090400100005,2015년 9월 4일 00시,금요일,부산광역시 동래구 명륜동,경상사고,0,0,1,0,차대차 - 측면직각충돌,교차로운행방법위반,건조,맑음,교차로 - 교차로안,승용,남,67세,상해없음,승용,남,67세,상해없음
2015090400100021,2015년 9월 4일 01시,금요일,부산광역시 수영구 망미동,경상사고,0,0,2,0,차대차 - 측면직각충돌,안전거리미확보,건조,맑음,교차로 - 교차로부근,승용,남,36세,상해없음,승용,남,60세,상해없음
2015090400100052,2015년 9월 4일 04시,금요일,부산광역시 연제구 연산동,사망사고,1,0,0,0,차대사람 - 횡단중,신호위반,건조,맑음,단일로 - 기타,승용,남,21세,상해없음,보행자,남,32세,사망
2015090400100060,2015년 9월 4일 05시,금요일,부산광역시 남구 대연동,중상사고,0,1,0,0,차대사람 - 횡단중,안전운전불이행,건조,맑음,교차로 - 교차로안,화물,남,57세,상해없음,보행자,남,87세,중상
2015090400100088,2015년 9월 4일 07시,금요일,부산광역시 해운대구 좌동,경상사고,0,0,1,0,차대차 - 측면직각충돌,기타,건조,맑음,교차로 - 교차로부근,승용,여,47세,상해없음,자전거,남,80세,경상
2015090400100089,2015년 9월 4일 07시,금요일,부산광역시 사하구 신평동,경상사고,0,0,1,0,차량단독 - 기타,안전운전불이행,건조,맑음,단일로 - 기타,승용,여,49세,경상,,,,
2015090400100113,2015년 9월 4일 08시,금요일,부산광역시 동래구 명륜동,경상사고,0,0,2,0,차대차 - 측면직각충돌,안전거리미확보,건조,맑음,단일로 - 기타,승용,남,29세,상해없음,승용,남,74세,경상
2015090400100165,2015년 9월 4일 09시,금요일,부산광역시 금정구 남산동,경상사고,0,0,2,0,차대차 - 측면직각충돌,안전운전불이행,건조,맑음,단일로 - 기타,승용,여,51세,경상,승합,남,68세,경상
2015090400100166,2015년 9월 4일 09시,금요일,부산광역시 사상구 학장동,경상사고,0,0,1,0,차대차 - 추돌 - 주정차중,안전거리미확보,건조,맑음,교차로 - 교차로부근,화물,남,30세,상해없음,승용,남,45세,경상
2015090400100204,2015년 9월 4일 10시,금요일,부산광역시 북구 화명동,경상사고,0,0,3,0,차대차 - 측면직각충돌,신호위반,건조,맑음,단일로 - 기타,승합,남,58세,상해없음,승용,남,64세,경상
2015090400100205,2015년 9월 4일 10시,금요일,부산광역시 사하구 감천동,경상사고,0,0,1,0,차대차 - 기타,안전운전불이행,건조,맑음,단일로 - 기타,원동기,남,41세,경상,건설기계,남,36세,상해없음
2015090400100261,2015년 9월 4일 12시,금요일,부산광역시 수영구 망미동,중상사고,0,1,0,0,차대차 - 측면직각충돌,안전운전불이행,건조,맑음,교차로 - 교차로안,원동기,남,55세,중상,승용,여,58세,상해없음
2015090400100285,2015년 9월 4일 13시,금요일,부산광역시 북구 화명동,중상사고,0,1,0,0,차대사람 - 횡단중,안전운전불이행,건조,맑음,교차로 - 교차로부근,승용,여,62세,상해없음,보행자,남,76세,중상
2015090400100286,2015년 9월 4일 13시,금요일,부산광역시 해운대구 우동,경상사고,0,0,1,0,차대사람 - 횡단중,보행자보호의무위반,건조,맑음,단일로 - 기타,승용,여,56세,상해없음,보행자,여,57세,경상
2015090400100312,2015년 9월 4일 14시,금요일,부산광역시 북구 금곡동,경상사고,0,0,1,0,차량단독 - 기타,안전운전불이행,건조,맑음,단일로 - 기타,이륜,남,51세,경상,,,,
2015090400100313,2015년 9월 4일 14시,금요일,부산광역시 해운대구 반여동,중상사고,0,1,0,0,차대사람 - 횡단중,보행자보호의무위반,건조,맑음,단일로 - 기타,승용,남,41세,상해없음,보행자,남,7세,중상
2015090400100346,2015년 9월 4일 15시,금요일,부산광역시 동구 좌천동,중상사고,0,1,0,0,차대사람 - 기타,기타,건조,맑음,단일로 - 기타,화물,남,44세,상해없음,보행자,남,65세,중상
2015090400100391,2015년 9월 4일 16시,금요일,부산광역시 금정구 구서동,중상사고,0,1,0,0,차대사람 - 횡단중,안전운전불이행,건조,맑음,단일로 - 기타,승용,여,31세,상해없음,보행자,여,82세,중상
2015090400100431,2015년 9월 4일 17시,금요일,부산광역시 수영구 광안동,중상사고,0,1,0,0,차대차 - 측면직각충돌,중앙선침범,건조,맑음,단일로 - 기타,자전거,남,16세,중상,승용,남,30세,상해없음
2015090400100432,2015년 9월 4일 17시,금요일,부산광역시 수영구 광안동,부상신고사고,0,0,0,1,차대차 - 기타,안전운전불이행,건조,맑음,단일로 - 기타,승용,남,40세,상해없음,이륜,남,23세,부상신고
2015090400100433,2015년 9월 4일 17시,금요일,부산광역시 부산진구 전포동,경상사고,0,0,1,0,차대사람 - 횡단중,안전운전불이행,건조,맑음,단일로 - 기타,승용,남,53세,상해없음,보행자,남,25세,경상
2015090400100474,2015년 9월 4일 18시,금요일,부산광역시 금정구 금사동,중상사고,0,1,1,0,차대차 - 측면직각충돌,신호위반,건조,맑음,교차로 - 교차로안,승용,남,51세,상해없음,승용,남,53세,경상
2015090400100518,2015년 9월 4일 19시,금요일,부산광역시 부산진구 양정동,중상사고,0,1,0,0,차대사람 - 횡단중,안전운전불이행,건조,맑음,단일로 - 기타,승용,남,28세,상해없음,보행자,남,26세,중상
2015090400100519,2015년 9월 4일 19시,금요일,부산광역시 부산진구 부전동,중상사고,0,1,0,0,차대사람 - 기타,안전운전불이행,건조,맑음,단일로 - 기타,승용,기타불명,기타불명,기타불명,보행자,여,25세,중상
2015090400100520,2015년 9월 4일 19시,금요일,부산광역시 금정구 회동동,경상사고,0,0,3,2,차대차 - 추돌 - 주정차중,안전거리미확보,건조,맑음,단일로 - 기타,승용,남,30세,상해없음,승용,남,60세,부상신고
2015090400100521,2015년 9월 4일 19시,금요일,부산광역시 사하구 감천동,경상사고,0,0,1,0,차대차 - 측면직각충돌,안전운전불이행,건조,맑음,단일로 - 기타,승용,남,58세,상해없음,이륜,남,21세,경상
2015090400100573,2015년 9월 4일 20시,금요일,부산광역시 강서구 화전동,중상사고,0,1,0,0,차대차 - 추돌 - 진행중,신호위반,건조,맑음,교차로 - 교차로안,승용,남,32세,상해없음,승용,남,35세,중상
2015090400100613,2015년 9월 4일 21시,금요일,부산광역시 영도구 봉래동1가,중상사고,0,1,0,0,차대사람 - 횡단중,보행자보호의무위반,건조,맑음,교차로 - 교차로안,승용,남,33세,상해없음,보행자,여,68세,중상
2015090400100614,2015년 9월 4일 21시,금요일,부산광역시 사하구 다대동,경상사고,0,0,1,0,차대차 - 측면직각충돌,안전거리미확보,건조,맑음,교차로 - 교차로부근,승용,남,27세,상해없음,이륜,남,35세,경상
2015090400100615,2015년 9월 4일 21시,금요일,부산광역시 연제구 연산동,경상사고,0,0,1,0,차대차 - 측면직각충돌,안전거리미확보,건조,맑음,단일로 - 기타,승용,남,39세,상해없음,이륜,남,23세,경상
2015090400100649,2015년 9월 4일 22시,금요일,부산광역시 부산진구 부암동,중상사고,0,1,0,0,차대사람 - 차도통행중,안전운전불이행,건조,맑음,교차로 - 교차로안,승용,남,56세,상해없음,보행자,여,42세,중상
2015090400100677,2015년 9월 4일 23시,금요일,부산광역시 사하구 감천동,경상사고,0,0,1,0,차대차 - 기타,안전거리미확보,건조,맑음,교차로 - 교차로부근,승용,남,65세,상해없음,원동기,여,30세,경상
2015090500100005,2015년 9월 5일 00시,토요일,부산광역시 해운대구 반여동,중상사고,0,1,0,0,차대사람 - 기타,안전운전불이행,건조,맑음,단일로 - 횡단보도부근,승용,남,22세,상해없음,보행자,여,26세,중상
2015090500100053,2015년 9월 5일 02시,토요일,부산광역시 동래구 안락동,경상사고,0,0,1,0,차대사람 - 차도통행중,안전운전불이행,습기,흐림,단일로 - 기타,승용,남,52세,상해없음,보행자,남,18세,경상
2015090500100074,2015년 9월 5일 03시,토요일,부산광역시 해운대구 우동,중상사고,0,1,0,0,차량단독 - 기타,안전운전불이행,기타,맑음,단일로 - 기타,이륜,남,16세,상해없음,,,,
2015090500100084,2015년 9월 5일 04시,토요일,부산광역시 북구 화명동,경상사고,0,0,1,0,차대차 - 기타,과속,건조,맑음,단일로 - 기타,승용,남,56세,상해없음,승용,여,39세,상해없음
2015090500100085,2015년 9월 5일 04시,토요일,부산광역시 수영구 망미동,중상사고,0,1,0,0,차대사람 - 길가장자리구역통행중,안전운전불이행,건조,맑음,단일로 - 기타,승용,남,29세,상해없음,보행자,여,78세,중상
2015090500100127,2015년 9월 5일 07시,토요일,부산광역시 북구 덕천동,경상사고,0,0,1,0,차대차 - 추돌 - 주정차중,안전운전불이행,건조,맑음,단일로 - 기타,승용,남,46세,상해없음,승용,남,23세,경상
2015090500100145,2015년 9월 5일 08시,토요일,부산광역시 동래구 명장동,경상사고,0,0,2,0,차대차 - 측면직각충돌,교차로운행방법위반,건조,맑음,교차로 - 교차로부근,원동기,남,40세,경상,화물,남,25세,경상
2015090500100146,2015년 9월 5일 08시,토요일,부산광역시 금정구 부곡동,중상사고,0,1,0,0,차대사람 - 보도통행중,안전운전불이행,건조,맑음,교차로 - 교차로부근,승용,남,81세,상해없음,보행자,여,71세,중상
2015090500100170,2015년 9월 5일 09시,토요일,부산광역시 사상구 괘법동,중상사고,0,1,1,0,차대차 - 정면충돌,중앙선침범,건조,맑음,교차로 - 교차로부근,자전거,여,57세,경상,자전거,남,59세,중상