사고번호,사고일시,요일,시군구,사고내용,사망자수,중상자수,경상자수,부상신고자수,사고유형,법규위반,노면상태,기상상태,도로형태,가해운전자 차종,가해운전자 성별,가해운전자 연령,가해운전자 상해정도,피해운전자 차종,피해운전자 성별,피해운전자 연령,피해운전자 상해정도
2015090500100204,2015년 9월 5일 10시,토요일,부산광역시 동래구 온천동,중상사고,0,1,0,0,차대사람 - 횡단중,안전운전불이행,건조,맑음,교차로 - 교차로부근,승용,남,55세,상해없음,보행자,여,17세,중상
2015090500100205,2015년 9월 5일 10시,토요일,부산광역시 사하구 당리동,경상사고,0,0,1,0,차대차 - 측면직각충돌,안전운전불이행,건조,맑음,단일로 - 기타,승용,여,51세,경상,화물,남,46세,상해없음
2015090500100274,2015년 9월 5일 12시,토요일,부산광역시 사상구 모라동,경상사고,0,0,1,0,차대차 - 추돌 - 진행중,안전운전불이행,건조,맑음,단일로 - 기타,승합,남,59세,상해없음,승용,남,30세,상해없음
2015090500100275,2015년 9월 5일 12시,토요일,부산광역시 사상구 괘법동,경상사고,0,0,2,0,차대차 - 측면직각충돌,직진우회전진행방해,건조,맑음,교차로 - 교차로안,승용,남,42세,상해없음,승용,남,37세,경상
2015090500100312,2015년 9월 5일 13시,토요일,부산광역시 해운대구 반여동,경상사고,0,0,1,0,차대차 - 측면직각충돌,중앙선침범,건조,맑음,교차로 - 교차로부근,승용,남,32세,상해없음,승용,여,45세,경상
2015090500100313,2015년 9월 5일 13시,토요일,부산광역시 연제구 연산동,중상사고,0,1,0,0,차대차 - 측면직각충돌,안전운전불이행,건조,맑음,교차로 - 교차로안,승용,남,80세,상해없음,이륜,남,60세,중상
2015090500100348,2015년 9월 5일 14시,토요일,부산광역시 사하구 감천동,경상사고,0,0,2,0,차대차 - 기타,안전운전불이행,건조,맑음,단일로 - 기타,승용,남,36세,상해없음,승용,남,71세,경상
2015090500100390,2015년 9월 5일 15시,토요일,부산광역시 동구 범일동,경상사고,0,0,1,0,차대차 - 측면직각충돌,안전거리미확보,건조,맑음,단일로 - 기타,승용,남,33세,상해없음,승용,남,65세,경상
2015090500100431,2015년 9월 5일 16시,토요일,부산광역시 중구 남포동5가,경상사고,0,0,1,0,차대사람 - 횡단중,안전운전불이행,건조,맑음,단일로 - 횡단보도상,원동기,남,72세,상해없음,보행자,여,59세,경상
2015090500100458,2015년 9월 5일 17시,토요일,부산광역시 사하구 신평동,경상사고,0,0,1,0,차대차 - 기타,안전운전불이행,건조,맑음,기타 - 기타,자전거,남,19세,상해없음,자전거,남,57세,경상
2015090500100503,2015년 9월 5일 18시,토요일,부산광역시 동래구 온천동,중상사고,0,1,1,0,차대차 - 측면직각충돌,중앙선침범,건조,맑음,단일로 - 기타,원동기,남,41세,경상,화물,남,35세,중상
2015090500100543,2015년 9월 5일 19시,토요일,부산광역시 남구 용호동,경상사고,0,0,1,0,차대사람 - 길가장자리구역통행중,안전운전불이행,습기,비,단일로 - 기타,승용,기타불명,기타불명,기타불명,보행자,여,47세,경상
2015090500100544,2015년 9월 5일 19시,토요일,부산광역시 동래구 안락동,경상사고,0,0,1,0,차대사람 - 횡단중,안전운전불이행,습기,비,단일로 - 기타,승용,남,66세,상해없음,보행자,여,54세,경상
2015090500100545,2015년 9월 5일 19시,토요일,부산광역시 영도구 봉래동5가,중상사고,0,1,0,0,차대사람 - 기타,안전운전불이행,건조,맑음,단일로 - 기타,승용,남,59세,상해없음,보행자,여,73세,중상
2015090500100546,2015년 9월 5일 19시,토요일,부산광역시 사하구 신평동,중상사고,0,1,0,0,차대차 - 기타,차로위반,습기,비,기타 - 기타,승용,여,34세,상해없음,승용,남,58세,중상
2015090500100592,2015년 9월 5일 20시,토요일,부산광역시 동래구 온천동,경상사고,0,0,1,0,차대차 - 측면직각충돌,안전거리미확보,습기,비,단일로 - 기타,승용,남,56세,상해없음,원동기,남,29세,경상
2015090500100593,2015년 9월 5일 20시,토요일,부산광역시 사하구 괴정동,경상사고,0,0,1,0,차대차 - 기타,안전운전불이행,습기,비,단일로 - 기타,승합,여,33세,상해없음,승용,여,34세,경상
2015090500100594,2015년 9월 5일 20시,토요일,부산광역시 기장군 철마면,경상사고,0,0,4,0,차대차 - 기타,안전운전불이행,습기,비,단일로 - 기타,승용,남,34세,상해없음,승용,남,42세,경상
2015090500100617,2015년 9월 5일 21시,토요일,부산광역시 수영구 남천동,경상사고,0,0,3,0,차대차 - 추돌 - 진행중,차로위반,건조,맑음,단일로 - 기타,승용,여,49세,상해없음,승용,여,31세,경상
2015090500100618,2015년 9월 5일 21시,토요일,부산광역시 해운대구 중동,경상사고,0,0,1,0,차대차 - 측면직각충돌,중앙선침범,습기,비,교차로 - 교차로부근,승용,남,35세,상해없음,이륜,남,44세,경상
2015090500100619,2015년 9월 5일 21시,토요일,부산광역시 사하구 장림동,경상사고,0,0,1,0,차대사람 - 기타,안전운전불이행,습기,비,단일로 - 기타,승용,남,49세,상해없음,보행자,여,46세,경상
2015090500100659,2015년 9월 5일 22시,토요일,부산광역시 북구 구포동,경상사고,0,0,3,0,차대차 - 측면직각충돌,안전운전불이행,습기,비,단일로 - 기타,승용,남,50세,경상,승용,남,41세,경상
2015090500100661,2015년 9월 5일 22시,토요일,부산광역시 부산진구 개금동,중상사고,0,1,0,0,차대사람 - 횡단중,보행자보호의무위반,습기,비,단일로 - 횡단보도상,승용,여,57세,상해없음,보행자,남,54세,중상
2015090500100662,2015년 9월 5일 22시,토요일,부산광역시 수영구 망미동,경상사고,0,0,1,0,차대차 - 측면직각충돌,신호위반,습기,비,교차로 - 교차로안,승용,여,57세,상해없음,승합,남,33세,경상
2015090500100691,2015년 9월 5일 23시,토요일,부산광역시 남구 감만동,중상사고,0,1,0,0,차대사람 - 횡단중,안전운전불이행,습기,비,단일로 - 기타,승용,남,59세,상해없음,보행자,남,43세,중상
2015090500100692,2015년 9월 5일 23시,토요일,부산광역시 북구 구포동,경상사고,0,0,1,0,차대차 - 기타,신호위반,습기,비,교차로 - 교차로안,이륜,남,16세,경상,승용,남,51세,상해없음
2015090600100005,2015년 9월 6일 00시,일요일,부산광역시 수영구 민락동,경상사고,0,0,1,0,차대차 - 측면직각충돌,교차로운행방법위반,습기,비,교차로 - 교차로안,승용,남,54세,상해없음,승용,여,27세,상해없음
2015090600100006,2015년 9월 6일 00시,일요일,부산광역시 동래구 온천동,경상사고,0,0,1,0,차대차 - 추돌 - 주정차중,안전운전불이행,건조,맑음,교차로 - 교차로부근,승용,기타불명,기타불명,기타불명,승용,남,68세,경상
2015090600100007,2015년 9월 6일 00시,일요일,부산광역시 부산진구 가야동,사망사고,1,3,1,0,차대차 - 기타,신호위반,습기,비,교차로 - 교차로안,승용,남,61세,사망,승용,남,55세,중상
2015090600100029,2015년 9월 6일 01시,일요일,부산광역시 북구 구포동,경상사고,0,0,2,0,차대차 - 추돌 - 주정차중,안전거리미확보,습기,비,교차로 - 교차로부근,승용,남,46세,상해없음,승용,남,59세,경상
2015090600100030,2015년 9월 6일 01시,일요일,부산광역시 연제구 거제동,중상사고,0,1,0,0,차대차 - 측면직각충돌,신호위반,습기,비,교차로 - 교차로안,승용,남,44세,상해없음,원동기,남,24세,중상
2015090600100051,2015년 9월 6일 02시,일요일,부산광역시 북구 구포동,중상사고,0,1,3,0,차대차 - 측면직각충돌,신호위반,습기,비,교차로 - 교차로안,승용,남,34세,상해없음,승용,여,65세,경상
2015090600100052,2015년 9월 6일 02시,일요일,부산광역시 금정구 남산동,중상사고,0,1,0,0,차대사람 - 횡단중,안전운전불이행,습기,비,단일로 - 기타,승용,남,23세,상해없음,보행자,남,43세,중상
2015090600100067,2015년 9월 6일 03시,일요일,부산광역시 연제구 거제동,중상사고,0,1,0,0,차대차 - 측면직각충돌,신호위반,습기,비,교차로 - 교차로안,승용,남,36세,상해없음,승용,남,27세,중상
2015090600100080,2015년 9월 6일 04시,일요일,부산광역시 남구 대연동,중상사고,0,1,0,0,차대사람 - 횡단중,안전운전불이행,습기,비,단일로 - 기타,승합,기타불명,기타불명,기타불명,보행자,남,90세 이상,중상
2015090600100081,2015년 9월 6일 04시,일요일,부산광역시 영도구 청학동,중상사고,0,1,2,0,차대차 - 측면직각충돌,안전운전불이행,건조,맑음,단일로 - 기타,화물,남,37세,상해없음,승용,남,60세,경상
2015090600100106,2015년 9월 6일 06시,일요일,부산광역시 서구 동대신동1가,중상사고,0,2,2,0,차대차 - 측면직각충돌,안전운전불이행,습기,비,단일로 - 기타,승용,남,48세,상해없음,승용,남,49세,중상
2015090600100107,2015년 9월 6일 06시,일요일,부산광역시 연제구 연산동,중상사고,0,1,0,0,차대사람 - 길가장자리구역통행중,안전운전불이행,건조,맑음,단일로 - 기타,승용,남,64세,상해없음,보행자,여,63세,중상
2015090600100116,2015년 9월 6일 07시,일요일,부산광역시 사상구 주례동,경상사고,0,0,1,0,차대차 - 추돌 - 주정차중,안전거리미확보,습기,비,단일로 - 기타,승용,남,58세,상해없음,승용,남,39세,경상
2015090600100181,2015년 9월 6일 11시,일요일,부산광역시 해운대구 반여동,경상사고,0,0,2,0,차대차 - 측면직각충돌,신호위반,건조,맑음,교차로 - 교차로안,승용,남,62세,경상,승용,여,48세,경상
2015090600100182,2015년 9월 6일 11시,일요일,부산광역시 부산진구 범천동,경상사고,0,0,3,0,차대차 - 추돌 - 주정차중,안전운전불이행,건조,맑음,단일로 - 기타,승용,남,64세,기타불명,승용,여,35세,경상
2015090600100183,2015년 9월 6일 11시,일요일,부산광역시 연제구 연산동,경상사고,0,0,2,0,차대차 - 추돌 - 주정차중,안전운전불이행,습기,비,단일로 - 기타,승용,남,33세,경상,승용,남,64세,기타불명
2015090600100184,2015년 9월 6일 11시,일요일,부산광역시 사상구 덕포동,부상신고사고,0,0,0,1,차대차 - 측면직각충돌,안전운전불이행,건조,맑음,단일로 - 기타,자전거,남,17세,부상신고,승용,남,57세,상해없음
2015090600100204,2015년 9월 6일 12시,일요일,부산광역시 남구 문현동,경상사고,0,0,1,0,차대차 - 측면직각충돌,안전운전불이행,건조,흐림,단일로 - 기타,화물,남,46세,상해없음,승용,여,39세,경상
2015090600100205,2015년 9월 6일 12시,일요일,부산광역시 연제구 연산동,중상사고,0,1,0,0,차대사람 - 횡단중,안전운전불이행,건조,맑음,교차로 - 교차로안,승합,남,59세,상해없음,보행자,남,43세,중상
2015090600100206,2015년 9월 6일 12시,일요일,부산광역시 기장군 장안읍,경상사고,0,0,3,1,차대차 - 추돌 - 주정차중,안전거리미확보,습기,비,교차로 - 교차로부근,승용,남,53세,상해없음,승합,여,54세,부상신고
2015090600100259,2015년 9월 6일 14시,일요일,부산광역시 강서구 대저1동,경상사고,0,0,1,0,차대차 - 측면직각충돌,기타,건조,맑음,교차로 - 교차로안,화물,여,46세,상해없음,승합,남,51세,경상
2015090600100294,2015년 9월 6일 15시,일요일,부산광역시 기장군 기장읍,경상사고,0,0,1,0,차대사람 - 길가장자리구역통행중,안전운전불이행,건조,맑음,교차로 - 교차로부근,승용,남,48세,상해없음,보행자,남,34세,경상
2015090600100339,2015년 9월 6일 16시,일요일,부산광역시 중구 남포동5가,중상사고,0,1,0,0,차대사람 - 횡단중,안전운전불이행,건조,흐림,단일로 - 기타,승용,남,61세,상해없음,보행자,여,58세,중상
2015090600100340,2015년 9월 6일 16시,일요일,부산광역시 사하구 신평동,경상사고,0,0,1,0,차대사람 - 기타,안전운전불이행,건조,맑음,단일로 - 기타,승용,남,55세,상해없음,보행자,남,59세,경상
2015090600100341,2015년 9월 6일 16시,일요일,부산광역시 강서구 죽동동,경상사고,0,0,4,0,차대차 - 측면직각충돌,신호위반,건조,맑음,교차로 - 교차로부근,승용,남,64세,상해없음,승용,남,44세,상해없음
2015090600100368,2015년 9월 6일 17시,일요일,부산광역시 동래구 온천동,경상사고,0,0,1,0,차대사람 - 차도통행중,안전운전불이행,건조,맑음,단일로 - 기타,승용,남,38세,상해없음,보행자,남,56세,경상
2015090600100369,2015년 9월 6일 17시,일요일,부산광역시 동래구 명장동,경상사고,0,0,2,0,차대차 - 측면직각충돌,안전운전불이행,건조,맑음,단일로 - 기타,승용,남,65세,상해없음,승용,남,24세,경상
2015090600100395,2015년 9월 6일 18시,일요일,부산광역시 사상구 학장동,경상사고,0,0,1,0,차대사람 - 횡단중,안전운전불이행,건조,맑음,교차로 - 교차로부근,승용,남,29세,기타불명,보행자,남,51세,경상
2015090600100425,2015년 9월 6일 19시,일요일,부산광역시 사하구 다대동,경상사고,0,0,1,0,차대차 - 측면직각충돌,안전운전불이행,건조,맑음,단일로 - 기타,승용,남,73세,상해없음,원동기,남,62세,경상
2015090600100489,2015년 9월 6일 21시,일요일,부산광역시 서구 서대신동1가,경상사고,0,0,1,0,차대차 - 측면직각충돌,교차로운행방법위반,건조,맑음,교차로 - 교차로부근,승용,남,34세,상해없음,이륜,남,53세,경상
2015090600100490,2015년 9월 6일 21시,일요일,부산광역시 동래구 안락동,중상사고,0,2,2,0,차대차 - 추돌 - 진행중,안전운전불이행,건조,맑음,단일로 - 기타,승용,남,61세,상해없음,승용,여,39세,중상
2015090600100491,2015년 9월 6일 21시,일요일,부산광역시 해운대구 우동,중상사고,0,1,0,0,차대차 - 측면직각충돌,안전거리미확보,건조,맑음,단일로 - 기타,승용,남,21세,상해없음,승용,남,41세,중상
2015090600100514,2015년 9월 6일 22시,일요일,부산광역시 동래구 온천동,경상사고,0,0,1,0,차대차 - 정면충돌,안전운전불이행,건조,맑음,교차로 - 교차로부근,승용,남,38세,상해없음,승용,남,60세,경상
2015090600100540,2015년 9월 6일 23시,일요일,부산광역시 사하구 하단동,경상사고,0,0,1,0,차대사람 - 횡단중,안전운전불이행,건조,맑음,기타 - 기타,승용,남,60세,상해없음,보행자,여,22세,경상
2015090600100541,2015년 9월 6일 23시,일요일,부산광역시 강서구 대저1동,경상사고,0,0,1,0,차대차 - 추돌 - 주정차중,안전운전불이행,건조,맑음,단일로 - 기타,승용,남,54세,상해없음,승용,남,55세,경상
2015090700100005,2015년 9월 7일 00시,월요일,부산광역시 동구 좌천동,경상사고,0,0,2,0,차대차 - 측면직각충돌,중앙선침범,건조,맑음,단일로 - 기타,승용,남,45세,상해없음,승용,남,47세,경상
2015090700100006,2015년 9월 7일 00시,월요일,부산광역시 강서구 송정동,경상사고,0,0,1,0,차대차 - 측면직각충돌,안전운전불이행,건조,맑음,교차로 - 교차로부근,승용,남,56세,상해없음,승용,여,61세,경상
2015090700100022,2015년 9월 7일 01시,월요일,부산광역시 수영구 남천동,경상사고,0,0,2,0,차대차 - 측면직각충돌,교차로운행방법위반,건조,맑음,교차로 - 교차로안,승용,남,44세,경상,승용,남,35세,경상
2015090700100038,2015년 9월 7일 05시,월요일,부산광역시 부산진구 개금동,경상사고,0,0,1,0,차대차 - 측면직각충돌,안전운전불이행,건조,맑음,단일로 - 기타,승용,남,27세,상해없음,승용,남,53세,경상
2015090700100039,2015년 9월 7일 05시,월요일,부산광역시 강서구 송정동,중상사고,0,2,2,0,차대차 - 추돌 - 주정차중,안전운전불이행,건조,맑음,교차로 - 교차로부근,화물,남,27세,상해없음,승용,남,41세,경상
2015090700100077,2015년 9월 7일 07시,월요일,부산광역시 부산진구 부암동,부상신고사고,0,0,0,1,차대차 - 기타,안전운전불이행,건조,맑음,교차로 - 교차로부근,승합,남,38세,상해없음,승용,남,32세,부상신고
2015090700100114,2015년 9월 7일 08시,월요일,부산광역시 중구 중앙동4가,경상사고,0,0,1,0,차대사람 - 횡단중,보행자보호의무위반,건조,맑음,단일로 - 횡단보도상,승용,남,50세,상해없음,보행자,남,31세,경상
2015090700100115,2015년 9월 7일 08시,월요일,부산광역시 금정구 구서동,경상사고,0,0,1,0,차대차 - 측면직각충돌,안전운전불이행,건조,맑음,교차로 - 교차로부근,승용,여,43세,상해없음,자전거,남,19세,경상
2015090700100203,2015년 9월 7일 10시,월요일,부산광역시 동래구 명륜동,중상사고,0,1,0,0,차대차 - 측면직각충돌,안전운전불이행,건조,맑음,교차로 - 교차로안,승용,남,40세,상해없음,원동기,여,36세,중상
2015090700100204,2015년 9월 7일 10시,월요일,부산광역시 부산진구 범천동,중상사고,0,3,0,0,차대차 - 측면직각충돌,신호위반,건조,맑음,교차로 - 교차로안,승용,남,49세,상해없음,승용,여,54세,중상
2015090700100278,2015년 9월 7일 12시,월요일,부산광역시 금정구 장전동,중상사고,0,1,0,0,차대사람 - 횡단중,안전운전불이행,건조,맑음,단일로 - 기타,승용,남,61세,상해없음,보행자,여,55세,중상
2015090700100279,2015년 9월 7일 12시,월요일,부산광역시 강서구 명지동,경상사고,0,0,1,0,차대차 - 추돌 - 주정차중,안전운전불이행,건조,맑음,단일로 - 기타,승용,남,52세,상해없음,승용,여,52세,경상
2015090700100310,2015년 9월 7일 13시,월요일,부산광역시 부산진구 가야동,경상사고,0,0,2,1,차대차 - 측면직각충돌,신호위반,건조,맑음,교차로 - 교차로안,이륜,남,71세,부상신고,승용,남,58세,경상
2015090700100311,2015년 9월 7일 13시,월요일,부산광역시 사하구 장림동,중상사고,0,1,0,0,차대차 - 측면직각충돌,안전운전불이행,건조,맑음,교차로 - 교차로안,화물,남,40세,상해없음,자전거,남,64세,중상
2015090700100344,2015년 9월 7일 14시,월요일,부산광역시 동래구 수안동,경상사고,0,0,1,0,차대차 - 측면직각충돌,교차로운행방법위반,건조,맑음,교차로 - 교차로안,승용,여,49세,상해없음,이륜,남,57세,경상
2015090700100391,2015년 9월 7일 15시,월요일,부산광역시 남구 대연동,중상사고,0,1,0,0,차량단독 - 기타,기타,건조,맑음,단일로 - 기타,승합,남,44세,상해없음,,,,
2015090700100392,2015년 9월 7일 15시,월요일,부산광역시 남구 감만동,경상사고,0,0,3,0,차대차 - 측면직각충돌,안전운전불이행,건조,기타,단일로 - 기타,승용,남,54세,상해없음,승용,남,25세,경상
2015090700100393,2015년 9월 7일 15시,월요일,부산광역시 부산진구 당감동,중상사고,0,1,0,0,차대차 - 기타,안전거리미확보,건조,맑음,단일로 - 기타,승용,여,43세,상해없음,이륜,남,22세,중상
2015090700100394,2015년 9월 7일 15시,월요일,부산광역시 부산진구 당감동,중상사고,0,1,1,0,차대차 - 추돌 - 주정차중,안전운전불이행,건조,맑음,단일로 - 기타,화물,남,58세,기타불명,승용,여,30세,중상
2015090700100395,2015년 9월 7일 15시,월요일,부산광역시 사하구 감천동,중상사고,0,1,0,0,차대사람 - 기타,신호위반,건조,맑음,단일로 - 횡단보도상,승용,남,56세,상해없음,보행자,여,70세,중상
2015090700100396,2015년 9월 7일 15시,월요일,부산광역시 강서구 대저1동,경상사고,0,0,1,0,차대차 - 추돌 - 진행중,안전거리미확보,건조,맑음,단일로 - 기타,승용,남,27세,상해없음,승용,남,42세,경상
2015090700100437,2015년 9월 7일 16시,월요일,부산광역시 남구 대연동,중상사고,0,1,2,0,차대차 - 추돌 - 진행중,안전거리미확보,건조,맑음,단일로 - 기타,승용,남,40세,상해없음,승용,남,29세,경상
2015090700100438,2015년 9월 7일 16시,월요일,부산광역시 북구 화명동,경상사고,0,0,1,0,차량단독 - 전도전복,안전운전불이행,건조,맑음,기타 - 기타,원동기,남,62세,경상,,,,
2015090700100439,2015년 9월 7일 16시,월요일,부산광역시 영도구 봉래동1가,경상사고,0,0,1,0,차대사람 - 길가장자리구역통행중,안전운전불이행,건조,맑음,단일로 - 기타,승용,남,26세,상해없음,보행자,여,53세,경상
2015090700100440,2015년 9월 7일 16시,월요일,부산광역시 강서구 강동동,중상사고,0,1,0,0,차대차 - 기타,교차로운행방법위반,건조,맑음,교차로 - 교차로안,승용,남,46세,상해없음,자전거,여,55세,중상
2015090700100441,2015년 9월 7일 16시,월요일,부산광역시 강서구 강동동,중상사고,0,1,0,0,차대차 - 기타,안전운전불이행,건조,맑음,교차로 - 교차로안,승합,남,56세,상해없음,자전거,남,24세,중상
2015090700100484,2015년 9월 7일 17시,월요일,부산광역시 해운대구 좌동,경상사고,0,0,1,1,차대차 - 추돌 - 진행중,안전운전불이행,건조,맑음,단일로 - 기타,승용,여,52세,상해없음,승용,남,70세,부상신고
2015090700100485,2015년 9월 7일 17시,월요일,부산광역시 부산진구 전포동,경상사고,0,0,1,0,차대차 - 기타,신호위반,건조,맑음,교차로 - 교차로안,이륜,남,28세,상해없음,이륜,남,28세,경상
2015090700100537,2015년 9월 7일 18시,월요일,부산광역시 남구 용당동,경상사고,0,0,1,1,차대차 - 추돌 - 진행중,안전거리미확보,건조,맑음,단일로 - 기타,승용,남,35세,상해없음,승용,남,44세,경상
2015090700100538,2015년 9월 7일 18시,월요일,부산광역시 금정구 청룡동,중상사고,0,1,0,0,차대사람 - 횡단중,보행자보호의무위반,건조,맑음,단일로 - 횡단보도상,승용,여,53세,상해없음,보행자,여,43세,중상
2015090700100581,2015년 9월 7일 19시,월요일,부산광역시 부산진구 양정동,경상사고,0,0,1,0,차대사람 - 횡단중,보행자보호의무위반,건조,맑음,교차로 - 교차로부근,승용,남,54세,상해없음,보행자,남,39세,경상
2015090700100582,2015년 9월 7일 19시,월요일,부산광역시 연제구 연산동,경상사고,0,0,1,0,차대차 - 측면직각충돌,안전거리미확보,건조,맑음,단일로 - 기타,승용,여,50세,상해없음,승용,여,55세,경상
2015090700100630,2015년 9월 7일 20시,월요일,부산광역시 부산진구 가야동,경상사고,0,0,2,0,차대차 - 측면직각충돌,신호위반,건조,맑음,교차로 - 교차로안,화물,남,66세,상해없음,승용,남,52세,경상
2015090700100631,2015년 9월 7일 20시,월요일,부산광역시 수영구 망미동,경상사고,0,0,1,0,차대사람 - 횡단중,보행자보호의무위반,건조,맑음,교차로 - 교차로부근,승용,남,33세,상해없음,보행자,남,62세,경상
2015090700100664,2015년 9월 7일 21시,월요일,부산광역시 중구 부평동2가,중상사고,0,1,0,0,차대사람 - 횡단중,안전운전불이행,건조,맑음,단일로 - 기타,승용,남,33세,상해없음,보행자,남,60세,중상
2015090700100665,2015년 9월 7일 21시,월요일,부산광역시 남구 대연동,중상사고,0,1,0,0,차대차 - 기타,안전운전불이행,건조,맑음,단일로 - 기타,이륜,남,26세,중상,승용,남,55세,상해없음
2015090700100666,2015년 9월 7일 21시,월요일,부산광역시 사상구 주례동,중상사고,0,1,0,0,차대사람 - 횡단중,안전운전불이행,건조,맑음,단일로 - 기타,승용,남,45세,상해없음,보행자,여,18세,중상
2015090700100692,2015년 9월 7일 22시,월요일,부산광역시 기장군 장안읍,경상사고,0,0,2,0,차대차 - 추돌 - 주정차중,안전운전불이행,건조,맑음,교차로 - 교차로안,승용,남,57세,상해없음,승용,남,48세,경상
2015090700100714,2015년 9월 7일 23시,월요일,부산광역시 해운대구 재송동,중상사고,0,1,0,0,차대사람 - 횡단중,안전운전불이행,건조,맑음,단일로 - 기타,승용,남,36세,상해없음,보행자,남,63세,중상
2015090700100715,2015년 9월 7일 23시,월요일,부산광역시 연제구 거제동,중상사고,0,1,1,0,차대차 - 측면직각충돌,신호위반,건조,맑음,교차로 - 교차로안,승용,남,46세,상해없음,승용,남,58세,중상
2015090800100006,2015년 9월 8일 00시,화요일,부산광역시 수영구 광안동,경상사고,0,0,2,0,차대차 - 추돌 - 주정차중,안전운전불이행,건조,맑음,교차로 - 교차로안,승용,남,31세,상해없음,승용,남,46세,경상
2015090800100055,2015년 9월 8일 04시,화요일,부산광역시 수영구 광안동,중상사고,0,1,0,0,차대차 - 측면직각충돌,안전거리미확보,건조,맑음,단일로 - 터널,화물,남,36세,상해없음,승용,남,38세,중상
2015090800100063,2015년 9월 8일 05시,화요일,부산광역시 부산진구 전포동,부상신고사고,0,0,0,1,차대차 - 측면직각충돌,안전운전불이행,건조,맑음,단일로 - 기타,이륜,남,16세,부상신고,승용,남,26세,상해없음
2015090800100069,2015년 9월 8일 06시,화요일,부산광역시 해운대구 재송동,경상사고,0,0,2,0,차대차 - 기타,안전운전불이행,건조,맑음,단일로 - 기타,화물,남,70세,상해없음,승용,남,28세,경상
2015090800100070,2015년 9월 8일 06시,화요일,부산광역시 해운대구 반여동,경상사고,0,0,5,0,차대차 - 기타,안전운전불이행,건조,맑음,교차로 - 교차로안,화물,남,49세,경상,승용,남,18세,경상
2015090800100098,2015년 9월 8일 07시,화요일,부산광역시 금정구 구서동,중상사고,0,1,1,0,차대차 - 측면직각충돌,신호위반,건조,맑음,교차로 - 교차로안,승용,여,57세,경상,승용,여,67세,중상
2015090800100132,2015년 9월 8일 08시,화요일,부산광역시 부산진구 부전동,중상사고,0,1,0,0,차대차 - 측면직각충돌,신호위반,건조,맑음,교차로 - 교차로안,승용,남,55세,상해없음,이륜,남,52세,중상
2015090800100133,2015년 9월 8일 08시,화요일,부산광역시 강서구 봉림동,경상사고,0,0,1,0,차대차 - 추돌 - 주정차중,안전거리미확보,건조,맑음,단일로 - 기타,승용,남,28세,상해없음,승용,여,29세,상해없음
2015090800100240,2015년 9월 8일 10시,화요일,부산광역시 해운대구 반여동,경상사고,0,0,1,0,차대차 - 추돌 - 진행중,직진우회전진행방해,건조,맑음,교차로 - 교차로안,승용,남,33세,상해없음,승용,남,40세,경상
2015090800100271,2015년 9월 8일 11시,화요일,부산광역시 강서구 화전동,경상사고,0,0,1,1,차대차 - 측면직각충돌,직진우회전진행방해,건조,맑음,교차로 - 교차로안,승용,남,29세,부상신고,승용,남,32세,경상
2015090800100272,2015년 9월 8일 11시,화요일,부산광역시 강서구 명지동,중상사고,0,2,0,0,차대차 - 측면직각충돌,차로위반,건조,맑음,교차로 - 교차로부근,승용,기타불명,기타불명,기타불명,승용,남,70세,상해없음
2015090800100302,2015년 9월 8일 12시,화요일,부산광역시 부산진구 가야동,경상사고,0,0,1,0,차대차 - 기타,신호위반,건조,맑음,교차로 - 교차로안,이륜,남,23세,경상,승용,남,58세,상해없음
2015090800100303,2015년 9월 8일 12시,화요일,부산광역시 사상구 주례동,중상사고,0,1,0,0,차대차 - 기타,안전거리미확보,건조,맑음,단일로 - 기타,승합,남,48세,상해없음,승용,남,67세,상해없음
2015090800100335,2015년 9월 8일 13시,화요일,부산광역시 수영구 망미동,경상사고,0,0,1,0,차대차 - 측면직각충돌,신호위반,건조,맑음,교차로 - 교차로안,승용,여,60세,상해없음,승용,남,65세,경상
2015090800100359,2015년 9월 8일 14시,화요일,부산광역시 동구 범일동,경상사고,0,0,1,0,차대사람 - 길가장자리구역통행중,기타,건조,맑음,교차로 - 교차로안,기타불명,기타불명,기타불명,기타불명,보행자,여,58세,경상
2015090800100360,2015년 9월 8일 14시,화요일,부산광역시 동래구 명륜동,중상사고,0,1,0,0,차대차 - 기타,안전운전불이행,건조,맑음,교차로 - 교차로안,승용,여,53세,상해없음,이륜,남,31세,중상
2015090800100403,2015년 9월 8일 15시,화요일,부산광역시 부산진구 가야동,중상사고,0,1,0,0,차량단독 - 기타,안전운전불이행,건조,맑음,교차로 - 교차로안,승합,남,52세,상해없음,,,,
2015090800100404,2015년 9월 8일 15시,화요일,부산광역시 사상구 덕포동,부상신고사고,0,0,0,1,차대차 - 측면직각충돌,직진우회전진행방해,건조,맑음,교차로 - 교차로부근,승용,남,59세,상해없음,이륜,남,29세,부상신고
2015090800100498,2015년 9월 8일 17시,화요일,부산광역시 연제구 연산동,부상신고사고,0,0,0,1,차대사람 - 횡단중,안전운전불이행,건조,맑음,단일로 - 기타,승용,여,46세,상해없음,보행자,남,12세,부상신고
2015090800100548,2015년 9월 8일 18시,화요일,부산광역시 사하구 감천동,경상사고,0,0,1,0,차대차 - 측면직각충돌,안전운전불이행,건조,맑음,단일로 - 기타,이륜,남,16세,경상,승용,남,55세,상해없음
2015090800100549,2015년 9월 8일 18시,화요일,부산광역시 수영구 망미동,중상사고,0,1,0,0,차대사람 - 길가장자리구역통행중,보행자보호의무위반,건조,맑음,단일로 - 횡단보도상,승용,여,52세,상해없음,보행자,여,44세,중상
2015090800100599,2015년 9월 8일 19시,화요일,부산광역시 북구 구포동,경상사고,0,0,1,0,차대사람 - 횡단중,안전운전불이행,건조,맑음,단일로 - 기타,화물,남,50세,상해없음,보행자,남,17세,경상