사고번호,사고일시,요일,시군구,사고내용,사망자수,중상자수,경상자수,부상신고자수,사고유형,법규위반,노면상태,기상상태,도로형태,가해운전자 차종,가해운전자 성별,가해운전자 연령,가해운전자 상해정도,피해운전자 차종,피해운전자 성별,피해운전자 연령,피해운전자 상해정도
2015091800100141,2015년 9월 18일 08시,금요일,부산광역시 금정구 구서동,중상사고,0,1,0,0,차대차 - 측면직각충돌,교차로운행방법위반,건조,맑음,교차로 - 교차로안,승용,남,70세,상해없음,승용,여,65세,중상
2015091800100142,2015년 9월 18일 08시,금요일,부산광역시 사상구 주례동,경상사고,0,0,2,0,차대차 - 측면직각충돌,신호위반,건조,맑음,교차로 - 교차로안,승용,여,23세,상해없음,화물,남,64세,경상
2015091800100193,2015년 9월 18일 09시,금요일,부산광역시 연제구 연산동,경상사고,0,0,1,0,차대사람 - 횡단중,안전운전불이행,건조,맑음,단일로 - 기타,승용,남,47세,상해없음,보행자,남,3세,경상
2015091800100233,2015년 9월 18일 10시,금요일,부산광역시 동래구 온천동,부상신고사고,0,0,0,1,차대차 - 측면직각충돌,안전운전불이행,건조,맑음,교차로 - 교차로안,자전거,남,85세,부상신고,승용,남,29세,상해없음
2015091800100234,2015년 9월 18일 10시,금요일,부산광역시 금정구 노포동,경상사고,0,0,1,0,차대차 - 측면직각충돌,안전거리미확보,건조,맑음,단일로 - 기타,승용,남,73세,상해없음,이륜,남,60세,경상
2015091800100235,2015년 9월 18일 10시,금요일,부산광역시 사하구 하단동,중상사고,0,1,0,0,차대사람 - 횡단중,안전운전불이행,건조,맑음,단일로 - 횡단보도상,승용,남,57세,상해없음,보행자,여,68세,중상
2015091800100269,2015년 9월 18일 11시,금요일,부산광역시 동구 범일동,경상사고,0,0,1,0,차대차 - 기타,안전운전불이행,건조,맑음,단일로 - 기타,원동기,남,49세,상해없음,승합,남,56세,상해없음
2015091800100270,2015년 9월 18일 11시,금요일,부산광역시 해운대구 재송동,중상사고,0,1,0,0,차대사람 - 길가장자리구역통행중,안전운전불이행,건조,맑음,단일로 - 기타,승합,기타불명,기타불명,기타불명,보행자,여,83세,중상
2015091800100337,2015년 9월 18일 13시,금요일,부산광역시 동래구 온천동,경상사고,0,0,1,0,차대차 - 측면직각충돌,교차로운행방법위반,건조,맑음,교차로 - 교차로안,화물,남,43세,상해없음,자전거,남,69세,경상
2015091800100379,2015년 9월 18일 14시,금요일,부산광역시 부산진구 부전동,경상사고,0,0,1,0,차대차 - 기타,안전운전불이행,건조,맑음,단일로 - 기타,이륜,남,66세,경상,승용,남,62세,상해없음
2015091800100380,2015년 9월 18일 14시,금요일,부산광역시 부산진구 초읍동,경상사고,0,0,1,0,차대사람 - 길가장자리구역통행중,안전운전불이행,건조,맑음,단일로 - 기타,화물,남,35세,상해없음,보행자,여,77세,경상
2015091800100412,2015년 9월 18일 15시,금요일,부산광역시 수영구 광안동,경상사고,0,0,1,0,차대차 - 측면직각충돌,신호위반,건조,맑음,단일로 - 횡단보도상,승용,여,27세,상해없음,자전거,남,14세,경상
2015091800100413,2015년 9월 18일 15시,금요일,부산광역시 부산진구 개금동,경상사고,0,0,1,0,차대차 - 기타,기타,건조,맑음,미분류 - 미분류,승용,남,65세,상해없음,이륜,남,51세,경상
2015091800100414,2015년 9월 18일 15시,금요일,부산광역시 부산진구 부전동,중상사고,0,1,0,0,차대사람 - 횡단중,안전운전불이행,건조,맑음,단일로 - 기타,승용,남,66세,상해없음,보행자,여,22세,중상
2015091800100415,2015년 9월 18일 15시,금요일,부산광역시 사상구 학장동,중상사고,0,1,0,0,차대차 - 추돌 - 주정차중,안전운전불이행,건조,맑음,교차로 - 교차로부근,승용,남,48세,상해없음,승용,여,70세,중상
2015091800100462,2015년 9월 18일 16시,금요일,부산광역시 동래구 명륜동,경상사고,0,0,1,0,차대차 - 측면직각충돌,안전운전불이행,건조,맑음,단일로 - 횡단보도상,승용,기타불명,기타불명,기타불명,원동기,남,66세,경상
2015091800100463,2015년 9월 18일 16시,금요일,부산광역시 기장군 기장읍,경상사고,0,0,2,0,차대차 - 측면직각충돌,안전거리미확보,건조,맑음,단일로 - 기타,승용,여,44세,상해없음,승용,남,26세,경상
2015091800100507,2015년 9월 18일 17시,금요일,부산광역시 북구 만덕동,경상사고,0,0,1,0,차대사람 - 횡단중,보행자보호의무위반,건조,맑음,단일로 - 기타,승용,여,44세,상해없음,보행자,남,8세,경상
2015091800100549,2015년 9월 18일 18시,금요일,부산광역시 동구 초량동,중상사고,0,1,0,0,차대사람 - 기타,안전운전불이행,건조,맑음,단일로 - 기타,승용,남,55세,상해없음,보행자,남,25세,중상
2015091800100550,2015년 9월 18일 18시,금요일,부산광역시 북구 만덕동,경상사고,0,0,1,0,차대사람 - 횡단중,보행자보호의무위반,건조,맑음,단일로 - 기타,이륜,남,19세,상해없음,보행자,여,39세,경상
2015091800100551,2015년 9월 18일 18시,금요일,부산광역시 해운대구 반여동,경상사고,0,0,1,0,차대차 - 기타,안전운전불이행,기타,맑음,단일로 - 기타,승용,남,36세,상해없음,승용,남,31세,상해없음
2015091800100552,2015년 9월 18일 18시,금요일,부산광역시 부산진구 양정동,경상사고,0,0,1,0,차대차 - 측면직각충돌,안전운전불이행,건조,맑음,단일로 - 기타,원동기,남,23세,경상,화물,남,59세,상해없음
2015091800100553,2015년 9월 18일 18시,금요일,부산광역시 기장군 일광면,부상신고사고,0,0,0,1,차대사람 - 길가장자리구역통행중,안전운전불이행,건조,맑음,단일로 - 기타,승용,기타불명,기타불명,기타불명,보행자,여,55세,부상신고
2015091800100604,2015년 9월 18일 19시,금요일,부산광역시 부산진구 부전동,경상사고,0,0,1,0,차대사람 - 기타,안전운전불이행,건조,맑음,단일로 - 기타,승용,남,28세,상해없음,보행자,여,48세,경상
2015091800100605,2015년 9월 18일 19시,금요일,부산광역시 부산진구 전포동,경상사고,0,0,1,0,차량단독 - 기타,안전운전불이행,건조,기타,단일로 - 기타,승합,남,48세,기타불명,,,,
2015091800100673,2015년 9월 18일 20시,금요일,부산광역시 동구 범일동,중상사고,0,1,0,0,차대차 - 기타,차로위반,건조,맑음,교차로 - 교차로부근,승용,남,40세,상해없음,이륜,남,27세,중상
2015091800100674,2015년 9월 18일 20시,금요일,부산광역시 영도구 봉래동1가,경상사고,0,0,1,0,차대차 - 추돌 - 진행중,기타,건조,맑음,단일로 - 기타,승용,남,21세,상해없음,승용,남,57세,상해없음
2015091800100675,2015년 9월 18일 20시,금요일,부산광역시 해운대구 반여동,중상사고,0,1,0,0,차대사람 - 기타,안전운전불이행,건조,맑음,단일로 - 기타,승합,남,66세,상해없음,보행자,남,69세,중상
2015091800100676,2015년 9월 18일 20시,금요일,부산광역시 사상구 덕포동,중상사고,0,1,0,0,차대사람 - 횡단중,신호위반,건조,맑음,단일로 - 기타,승용,남,26세,상해없음,보행자,여,16세,중상
2015091800100765,2015년 9월 18일 22시,금요일,부산광역시 해운대구 반송동,경상사고,0,0,2,0,차대사람 - 기타,안전운전불이행,건조,맑음,단일로 - 기타,승용,남,45세,상해없음,보행자,남,28세,경상
2015091800100804,2015년 9월 18일 23시,금요일,부산광역시 북구 덕천동,중상사고,0,1,0,0,차대사람 - 횡단중,안전운전불이행,건조,맑음,단일로 - 기타,승용,남,55세,상해없음,보행자,남,43세,중상
2015091800100805,2015년 9월 18일 23시,금요일,부산광역시 부산진구 부전동,경상사고,0,0,1,0,차대사람 - 기타,기타,건조,맑음,교차로 - 교차로안,승용,남,23세,상해없음,보행자,남,25세,경상
2015091800100806,2015년 9월 18일 23시,금요일,부산광역시 금정구 부곡동,중상사고,0,1,1,0,차대차 - 추돌 - 주정차중,안전거리미확보,건조,맑음,교차로 - 교차로부근,화물,남,53세,상해없음,승용,남,48세,중상
2015091900100009,2015년 9월 19일 00시,토요일,부산광역시 서구 토성동3가,중상사고,0,1,2,0,차대차 - 측면직각충돌,교차로운행방법위반,건조,맑음,교차로 - 교차로안,이륜,남,53세,중상,승용,남,27세,경상
2015091900100010,2015년 9월 19일 00시,토요일,부산광역시 동래구 명륜동,경상사고,0,0,1,0,차대차 - 측면직각충돌,교차로운행방법위반,건조,맑음,교차로 - 교차로안,승용,남,56세,상해없음,자전거,남,24세,경상
2015091900100011,2015년 9월 19일 00시,토요일,부산광역시 연제구 연산동,중상사고,0,1,0,0,차대사람 - 차도통행중,보행자보호의무위반,건조,맑음,교차로 - 교차로부근,승용,남,60세,상해없음,보행자,여,64세,중상
2015091900100030,2015년 9월 19일 01시,토요일,부산광역시 서구 충무동1가,경상사고,0,0,3,0,차대차 - 측면직각충돌,교차로운행방법위반,건조,맑음,교차로 - 교차로안,승용,남,47세,상해없음,승용,남,50세,경상
2015091900100031,2015년 9월 19일 01시,토요일,부산광역시 남구 대연동,경상사고,0,0,1,0,차대사람 - 길가장자리구역통행중,안전운전불이행,건조,맑음,교차로 - 교차로안,승용,남,18세,상해없음,보행자,여,3세,경상
2015091900100032,2015년 9월 19일 01시,토요일,부산광역시 연제구 연산동,중상사고,0,1,0,0,차량단독 - 기타,안전운전불이행,건조,맑음,단일로 - 기타,승용,남,50세,상해없음,,,,
2015091900100054,2015년 9월 19일 02시,토요일,부산광역시 중구 보수동1가,경상사고,0,0,3,0,차대차 - 측면직각충돌,신호위반,건조,맑음,교차로 - 교차로안,승용,여,50세,상해없음,승용,여,57세,상해없음
2015091900100055,2015년 9월 19일 02시,토요일,부산광역시 금정구 부곡동,중상사고,0,2,0,0,차대차 - 측면직각충돌,직진우회전진행방해,건조,맑음,교차로 - 교차로안,승용,남,67세,상해없음,승용,남,61세,중상
2015091900100075,2015년 9월 19일 03시,토요일,부산광역시 연제구 연산동,중상사고,0,1,0,0,차대사람 - 횡단중,안전운전불이행,건조,맑음,단일로 - 기타,승용,남,60세,상해없음,보행자,남,56세,중상
2015091900100131,2015년 9월 19일 06시,토요일,부산광역시 부산진구 개금동,사망사고,1,1,0,0,차대차 - 추돌 - 진행중,신호위반,건조,맑음,단일로 - 기타,승용,남,30세,상해없음,승용,남,49세,중상
2015091900100150,2015년 9월 19일 07시,토요일,부산광역시 서구 토성동5가,경상사고,0,0,1,0,차대차 - 측면직각충돌,안전운전불이행,건조,맑음,단일로 - 기타,승용,남,43세,상해없음,승용,남,49세,경상
2015091900100151,2015년 9월 19일 07시,토요일,부산광역시 부산진구 개금동,중상사고,0,1,0,0,차대차 - 측면직각충돌,신호위반,건조,맑음,단일로 - 기타,승용,남,31세,상해없음,원동기,남,30세,중상
2015091900100165,2015년 9월 19일 08시,토요일,부산광역시 동래구 안락동,부상신고사고,0,0,0,1,차대차 - 측면직각충돌,안전운전불이행,건조,맑음,단일로 - 횡단보도상,자전거,여,44세,부상신고,승용,여,38세,상해없음
2015091900100166,2015년 9월 19일 08시,토요일,부산광역시 연제구 연산동,경상사고,0,0,1,0,차대사람 - 횡단중,보행자보호의무위반,건조,맑음,단일로 - 횡단보도상,화물,남,56세,상해없음,보행자,여,47세,경상
2015091900100167,2015년 9월 19일 08시,토요일,부산광역시 강서구 지사동,중상사고,0,1,0,0,차대차 - 정면충돌,신호위반,건조,맑음,교차로 - 교차로안,승용,남,43세,상해없음,승합,남,58세,중상
2015091900100224,2015년 9월 19일 10시,토요일,부산광역시 중구 대창동1가,중상사고,0,1,1,0,차대차 - 추돌 - 진행중,교차로운행방법위반,건조,맑음,교차로 - 교차로안,승용,여,37세,상해없음,이륜,여,47세,경상
2015091900100225,2015년 9월 19일 10시,토요일,부산광역시 동래구 안락동,경상사고,0,0,1,0,차대차 - 추돌 - 진행중,안전운전불이행,건조,맑음,미분류 - 미분류,승용,남,27세,상해없음,승용,여,31세,경상
2015091900100226,2015년 9월 19일 10시,토요일,부산광역시 동래구 명륜동,경상사고,0,0,1,0,차대차 - 측면직각충돌,교차로운행방법위반,건조,맑음,교차로 - 교차로안,자전거,남,24세,경상,승용,여,52세,상해없음
2015091900100227,2015년 9월 19일 10시,토요일,부산광역시 동래구 사직동,경상사고,0,0,1,0,차대사람 - 횡단중,신호위반,건조,맑음,단일로 - 횡단보도상,이륜,남,27세,상해없음,보행자,여,15세,경상
2015091900100228,2015년 9월 19일 10시,토요일,부산광역시 동래구 안락동,중상사고,0,1,0,0,차대사람 - 길가장자리구역통행중,안전운전불이행,건조,맑음,단일로 - 기타,승용,남,65세,상해없음,보행자,남,67세,중상
2015091900100229,2015년 9월 19일 10시,토요일,부산광역시 금정구 장전동,중상사고,0,1,2,0,차대차 - 추돌 - 주정차중,안전운전불이행,건조,맑음,단일로 - 기타,승합,남,67세,상해없음,승용,여,40세,중상
2015091900100262,2015년 9월 19일 11시,토요일,부산광역시 연제구 연산동,경상사고,0,0,1,0,차대사람 - 기타,안전운전불이행,건조,맑음,교차로 - 교차로부근,화물,남,30세,상해없음,보행자,여,45세,경상
2015091900100306,2015년 9월 19일 12시,토요일,부산광역시 사하구 괴정동,부상신고사고,0,0,0,2,차대차 - 기타,차로위반,건조,맑음,단일로 - 기타,승용,남,42세,상해없음,원동기,남,15세,부상신고
2015091900100351,2015년 9월 19일 13시,토요일,부산광역시 북구 화명동,경상사고,0,0,1,0,차대사람 - 횡단중,안전운전불이행,건조,맑음,단일로 - 기타,승용,여,52세,상해없음,보행자,남,14세,경상
2015091900100393,2015년 9월 19일 14시,토요일,부산광역시 기장군 장안읍,경상사고,0,0,1,0,차대차 - 추돌 - 주정차중,안전운전불이행,건조,맑음,교차로 - 교차로부근,화물,남,36세,상해없음,승용,여,36세,경상
2015091900100517,2015년 9월 19일 17시,토요일,부산광역시 동래구 명륜동,부상신고사고,0,0,0,1,차대차 - 측면직각충돌,불법유턴,건조,맑음,단일로 - 횡단보도상,자전거,남,13세,부상신고,승용,여,58세,상해없음
2015091900100579,2015년 9월 19일 18시,토요일,부산광역시 동래구 명륜동,경상사고,0,0,1,0,차대사람 - 차도통행중,안전운전불이행,건조,맑음,단일로 - 기타,이륜,기타불명,기타불명,기타불명,보행자,여,62세,경상
2015091900100580,2015년 9월 19일 18시,토요일,부산광역시 금정구 장전동,중상사고,0,1,0,0,차대차 - 추돌 - 진행중,안전운전불이행,건조,맑음,단일로 - 기타,자전거,남,24세,중상,승용,여,22세,상해없음
2015091900100618,2015년 9월 19일 19시,토요일,부산광역시 동구 범일동,경상사고,0,0,1,0,차대차 - 측면직각충돌,차로위반,건조,맑음,단일로 - 기타,화물,남,48세,상해없음,승용,남,54세,경상
2015091900100619,2015년 9월 19일 19시,토요일,부산광역시 사하구 다대동,경상사고,0,0,1,0,차대차 - 기타,안전운전불이행,건조,맑음,교차로 - 교차로부근,승용,남,67세,상해없음,원동기,남,23세,경상
2015091900100671,2015년 9월 19일 20시,토요일,부산광역시 해운대구 반송동,부상신고사고,0,0,0,1,차대차 - 측면직각충돌,교차로운행방법위반,건조,맑음,교차로 - 교차로안,화물,남,53세,상해없음,승합,남,55세,부상신고
2015091900100672,2015년 9월 19일 20시,토요일,부산광역시 해운대구 반여동,경상사고,0,0,3,0,차대차 - 기타,안전거리미확보,건조,맑음,단일로 - 기타,승용,남,64세,경상,승용,남,43세,경상
2015091900100673,2015년 9월 19일 20시,토요일,부산광역시 금정구 구서동,중상사고,0,1,0,0,차대차 - 추돌 - 주정차중,기타,건조,맑음,단일로 - 기타,승용,여,51세,상해없음,이륜,남,56세,중상
2015091900100709,2015년 9월 19일 21시,토요일,부산광역시 부산진구 부전동,중상사고,0,1,0,0,차대사람 - 기타,안전운전불이행,건조,맑음,단일로 - 기타,승용,남,23세,상해없음,보행자,남,56세,중상
2015091900100710,2015년 9월 19일 21시,토요일,부산광역시 기장군 기장읍,중상사고,0,1,1,0,차대차 - 측면직각충돌,안전운전불이행,건조,맑음,교차로 - 교차로안,승용,남,55세,상해없음,승용,여,48세,중상
2015091900100711,2015년 9월 19일 21시,토요일,부산광역시 기장군 기장읍,경상사고,0,0,1,1,차대차 - 기타,직진우회전진행방해,건조,맑음,교차로 - 교차로안,승용,여,63세,부상신고,원동기,남,16세,경상
2015091900100774,2015년 9월 19일 23시,토요일,부산광역시 북구 화명동,중상사고,0,1,0,0,차대차 - 추돌 - 주정차중,안전운전불이행,건조,맑음,교차로 - 교차로안,승용,여,46세,상해없음,원동기,남,55세,중상
2015091900100775,2015년 9월 19일 23시,토요일,부산광역시 북구 구포동,경상사고,0,0,1,0,차대차 - 기타,안전운전불이행,건조,맑음,단일로 - 기타,승용,남,56세,상해없음,원동기,남,23세,경상
2015092000100005,2015년 9월 20일 00시,일요일,부산광역시 해운대구 우동,경상사고,0,0,1,0,차대차 - 정면충돌,신호위반,건조,맑음,교차로 - 교차로안,승용,여,34세,상해없음,이륜,남,42세,경상
2015092000100023,2015년 9월 20일 01시,일요일,부산광역시 수영구 민락동,경상사고,0,0,1,1,차대차 - 측면직각충돌,신호위반,건조,맑음,교차로 - 교차로안,승용,남,25세,상해없음,승용,남,62세,경상
2015092000100024,2015년 9월 20일 01시,일요일,부산광역시 동래구 명륜동,경상사고,0,0,1,0,차대사람 - 횡단중,안전운전불이행,건조,맑음,단일로 - 기타,승용,여,32세,상해없음,보행자,남,22세,경상
2015092000100025,2015년 9월 20일 01시,일요일,부산광역시 부산진구 부전동,경상사고,0,0,1,0,차대차 - 측면직각충돌,안전운전불이행,건조,맑음,단일로 - 기타,승용,남,27세,상해없음,이륜,남,17세,경상
2015092000100045,2015년 9월 20일 02시,일요일,부산광역시 동구 범일동,중상사고,0,3,1,1,차대차 - 측면직각충돌,교차로운행방법위반,건조,맑음,단일로 - 기타,승용,남,61세,상해없음,승용,남,51세,중상
2015092000100067,2015년 9월 20일 04시,일요일,부산광역시 서구 서대신동3가,경상사고,0,0,3,0,차대차 - 측면직각충돌,안전거리미확보,건조,맑음,단일로 - 기타,승용,남,21세,상해없음,승용,남,27세,경상
2015092000100079,2015년 9월 20일 05시,일요일,부산광역시 부산진구 당감동,경상사고,0,0,1,0,차대사람 - 기타,기타,건조,맑음,단일로 - 기타,화물,남,66세,상해없음,보행자,여,68세,경상
2015092000100105,2015년 9월 20일 07시,일요일,부산광역시 북구 만덕동,중상사고,0,1,0,0,차대사람 - 기타,안전운전불이행,건조,맑음,교차로 - 교차로안,승용,남,62세,상해없음,보행자,여,73세,중상
2015092000100147,2015년 9월 20일 09시,일요일,부산광역시 북구 화명동,중상사고,0,1,1,0,차대차 - 측면직각충돌,신호위반,건조,맑음,교차로 - 교차로안,화물,남,36세,상해없음,승용,남,22세,경상
2015092000100170,2015년 9월 20일 10시,일요일,부산광역시 해운대구 재송동,경상사고,0,0,1,0,차대차 - 추돌 - 진행중,안전거리미확보,건조,맑음,단일로 - 기타,이륜,남,24세,상해없음,자전거,남,35세,경상
2015092000100171,2015년 9월 20일 10시,일요일,부산광역시 부산진구 범천동,부상신고사고,0,0,0,1,차대차 - 기타,안전운전불이행,건조,맑음,단일로 - 기타,자전거,남,22세,부상신고,승용,남,65세,상해없음
2015092000100200,2015년 9월 20일 11시,일요일,부산광역시 동구 수정동,중상사고,0,1,0,0,차대차 - 측면직각충돌,안전거리미확보,건조,맑음,단일로 - 기타,승용,남,63세,상해없음,원동기,남,39세,중상
2015092000100201,2015년 9월 20일 11시,일요일,부산광역시 수영구 수영동,중상사고,0,1,0,0,차대차 - 측면직각충돌,신호위반,건조,맑음,단일로 - 기타,원동기,남,46세,상해없음,원동기,남,45세,중상
2015092000100226,2015년 9월 20일 12시,일요일,부산광역시 해운대구 우동,중상사고,0,1,0,0,차대사람 - 기타,안전운전불이행,건조,맑음,단일로 - 기타,화물,남,71세,상해없음,보행자,여,76세,중상
2015092000100227,2015년 9월 20일 12시,일요일,부산광역시 부산진구 개금동,중상사고,0,1,0,0,차대사람 - 기타,보행자보호의무위반,건조,맑음,단일로 - 횡단보도상,화물,남,66세,상해없음,보행자,여,59세,중상
2015092000100259,2015년 9월 20일 13시,일요일,부산광역시 중구 대청동2가,중상사고,0,1,0,0,차대사람 - 횡단중,신호위반,건조,맑음,단일로 - 기타,승합,남,76세,상해없음,보행자,여,13세,중상
2015092000100260,2015년 9월 20일 13시,일요일,부산광역시 서구 동대신동1가,경상사고,0,0,7,0,차대차 - 추돌 - 진행중,안전운전불이행,건조,맑음,단일로 - 기타,승용,남,41세,경상,승용,여,51세,경상
2015092000100261,2015년 9월 20일 13시,일요일,부산광역시 북구 구포동,중상사고,0,1,1,0,차대차 - 기타,안전운전불이행,건조,맑음,단일로 - 기타,화물,남,55세,상해없음,이륜,남,18세,경상
2015092000100262,2015년 9월 20일 13시,일요일,부산광역시 사상구 모라동,경상사고,0,0,1,0,차대사람 - 횡단중,신호위반,건조,맑음,단일로 - 기타,승용,여,58세,상해없음,보행자,남,34세,경상
2015092000100293,2015년 9월 20일 14시,일요일,부산광역시 기장군 일광면,중상사고,0,1,1,0,차대차 - 기타,안전거리미확보,건조,맑음,단일로 - 기타,승용,남,36세,상해없음,승용,남,33세,경상
2015092000100324,2015년 9월 20일 15시,일요일,부산광역시 사상구 주례동,경상사고,0,0,3,0,차대차 - 추돌 - 진행중,안전거리미확보,건조,맑음,단일로 - 기타,승용,남,51세,상해없음,승용,남,51세,경상
2015092000100359,2015년 9월 20일 16시,일요일,부산광역시 남구 감만동,부상신고사고,0,0,0,3,차대차 - 추돌 - 진행중,안전운전불이행,건조,맑음,단일로 - 기타,승용,남,70세,상해없음,승용,여,44세,상해없음
2015092000100360,2015년 9월 20일 16시,일요일,부산광역시 부산진구 가야동,경상사고,0,0,1,0,차대차 - 기타,신호위반,건조,맑음,교차로 - 교차로안,화물,남,45세,상해없음,승용,남,42세,상해없음
2015092000100399,2015년 9월 20일 17시,일요일,부산광역시 해운대구 반여동,중상사고,0,1,0,0,차대차 - 정면충돌,중앙선침범,건조,맑음,단일로 - 기타,승용,여,57세,상해없음,승용,여,38세,중상
2015092000100431,2015년 9월 20일 18시,일요일,부산광역시 사상구 삼락동,중상사고,0,1,0,0,차대차 - 측면직각충돌,신호위반,건조,맑음,교차로 - 교차로안,승용,여,59세,상해없음,승용,남,60세,상해없음
2015092000100537,2015년 9월 20일 21시,일요일,부산광역시 남구 문현동,경상사고,0,0,1,0,차대사람 - 길가장자리구역통행중,안전운전불이행,건조,맑음,단일로 - 기타,승용,남,53세,상해없음,보행자,남,43세,경상
2015092000100538,2015년 9월 20일 21시,일요일,부산광역시 동래구 낙민동,경상사고,0,0,2,0,차대차 - 측면직각충돌,안전운전불이행,건조,맑음,단일로 - 기타,승용,남,57세,상해없음,이륜,남,16세,경상
2015092000100566,2015년 9월 20일 22시,일요일,부산광역시 북구 구포동,중상사고,0,1,0,0,차대차 - 기타,신호위반,건조,맑음,교차로 - 교차로안,승합,남,48세,상해없음,이륜,남,27세,중상
2015092100100016,2015년 9월 21일 01시,월요일,부산광역시 사상구 덕포동,중상사고,0,1,0,0,차대사람 - 횡단중,안전운전불이행,건조,맑음,단일로 - 기타,승용,남,65세,상해없음,보행자,남,51세,중상
2015092100100031,2015년 9월 21일 03시,월요일,부산광역시 북구 구포동,중상사고,0,1,1,0,차대차 - 기타,안전거리미확보,건조,맑음,단일로 - 기타,이륜,남,22세,중상,승용,남,34세,경상
2015092100100032,2015년 9월 21일 03시,월요일,부산광역시 동래구 온천동,경상사고,0,0,1,0,차대차 - 추돌 - 주정차중,안전운전불이행,건조,맑음,단일로 - 기타,승합,남,40세,상해없음,승용,남,52세,경상
2015092100100041,2015년 9월 21일 05시,월요일,부산광역시 서구 서대신동3가,경상사고,0,0,1,0,차대차 - 측면직각충돌,신호위반,건조,맑음,교차로 - 교차로안,승합,남,73세,상해없음,자전거,남,33세,경상
2015092100100042,2015년 9월 21일 05시,월요일,부산광역시 수영구 민락동,사망사고,1,0,0,0,차대차 - 측면직각충돌,신호위반,건조,맑음,교차로 - 교차로안,화물,남,40세,상해없음,자전거,남,77세,사망
2015092100100043,2015년 9월 21일 05시,월요일,부산광역시 연제구 연산동,중상사고,0,1,0,0,차대차 - 추돌 - 진행중,안전운전불이행,건조,맑음,교차로 - 교차로부근,승용,남,33세,상해없음,승용,남,39세,중상
2015092100100059,2015년 9월 21일 06시,월요일,부산광역시 동구 초량동,중상사고,0,1,0,0,차대사람 - 보도통행중,기타,건조,맑음,단일로 - 기타,화물,남,46세,상해없음,보행자,여,51세,중상
2015092100100060,2015년 9월 21일 06시,월요일,부산광역시 강서구 대저1동,중상사고,0,3,4,0,차대차 - 추돌 - 진행중,안전거리미확보,건조,맑음,단일로 - 기타,승용,남,64세,상해없음,승용,남,76세,중상
2015092100100081,2015년 9월 21일 07시,월요일,부산광역시 서구 동대신동1가,경상사고,0,0,1,0,차대차 - 추돌 - 진행중,기타,건조,맑음,교차로 - 교차로안,이륜,남,22세,경상,기타불명,기타불명,기타불명,기타불명
2015092100100082,2015년 9월 21일 07시,월요일,부산광역시 사상구 괘법동,부상신고사고,0,0,0,1,차대차 - 추돌 - 진행중,안전운전불이행,건조,맑음,단일로 - 기타,이륜,남,52세,상해없음,이륜,남,51세,부상신고
2015092100100109,2015년 9월 21일 08시,월요일,부산광역시 수영구 광안동,경상사고,0,0,1,0,차대차 - 측면직각충돌,중앙선침범,건조,맑음,단일로 - 기타,승용,여,42세,상해없음,승용,여,37세,경상
2015092100100110,2015년 9월 21일 08시,월요일,부산광역시 동래구 안락동,경상사고,0,0,1,0,차대차 - 추돌 - 진행중,안전운전불이행,건조,맑음,단일로 - 기타,승용,남,25세,상해없음,승용,남,23세,경상
2015092100100152,2015년 9월 21일 09시,월요일,부산광역시 사하구 신평동,경상사고,0,0,2,0,차대차 - 추돌 - 진행중,안전운전불이행,건조,맑음,단일로 - 기타,화물,남,27세,상해없음,화물,남,50세,경상
2015092100100189,2015년 9월 21일 10시,월요일,부산광역시 서구 아미동2가,경상사고,0,0,1,0,차대차 - 기타,안전운전불이행,건조,맑음,교차로 - 교차로부근,자전거,남,19세,경상,화물,남,43세,상해없음
2015092100100190,2015년 9월 21일 10시,월요일,부산광역시 사하구 당리동,중상사고,0,1,0,0,차대차 - 측면직각충돌,안전운전불이행,건조,맑음,단일로 - 기타,승용,여,62세,상해없음,원동기,남,76세,중상
2015092100100191,2015년 9월 21일 10시,월요일,부산광역시 사상구 괘법동,경상사고,0,0,1,0,차대사람 - 기타,불법유턴,건조,맑음,단일로 - 기타,승합,남,51세,기타불명,보행자,여,58세,경상
2015092100100192,2015년 9월 21일 10시,월요일,부산광역시 기장군 기장읍,경상사고,0,0,2,0,차대차 - 추돌 - 주정차중,안전운전불이행,건조,맑음,교차로 - 교차로부근,승용,여,31세,상해없음,승용,여,36세,경상
2015092100100232,2015년 9월 21일 11시,월요일,부산광역시 해운대구 반여동,경상사고,0,0,2,0,차대차 - 정면충돌,신호위반,건조,맑음,교차로 - 교차로안,승용,남,26세,상해없음,승용,여,55세,경상
2015092100100262,2015년 9월 21일 12시,월요일,부산광역시 남구 감만동,사망사고,2,0,0,0,차대차 - 정면충돌,중앙선침범,습기,맑음,단일로 - 교량,승용,남,59세,사망,특수,남,46세,상해없음
2015092100100263,2015년 9월 21일 12시,월요일,부산광역시 영도구 동삼동,경상사고,0,0,1,0,차대차 - 기타,안전운전불이행,건조,맑음,단일로 - 기타,이륜,남,49세,경상,승합,여,41세,상해없음
2015092100100264,2015년 9월 21일 12시,월요일,부산광역시 사하구 당리동,중상사고,0,1,0,0,차대사람 - 기타,안전운전불이행,건조,맑음,단일로 - 기타,승용,남,43세,상해없음,보행자,여,74세,중상
2015092100100265,2015년 9월 21일 12시,월요일,부산광역시 사상구 감전동,경상사고,0,0,1,0,차대사람 - 횡단중,보행자보호의무위반,건조,맑음,교차로 - 교차로안,승용,남,73세,기타불명,보행자,여,52세,경상
2015092100100266,2015년 9월 21일 12시,월요일,부산광역시 기장군 철마면,경상사고,0,0,1,0,차대차 - 측면직각충돌,안전운전불이행,건조,맑음,교차로 - 교차로안,승합,남,61세,상해없음,승합,남,33세,경상