사고번호,사고일시,요일,시군구,사고내용,사망자수,중상자수,경상자수,부상신고자수,사고유형,법규위반,노면상태,기상상태,도로형태,가해운전자 차종,가해운전자 성별,가해운전자 연령,가해운전자 상해정도,피해운전자 차종,피해운전자 성별,피해운전자 연령,피해운전자 상해정도
2015092100100295,2015년 9월 21일 13시,월요일,부산광역시 영도구 청학동,경상사고,0,0,2,0,차대차 - 추돌 - 진행중,안전운전불이행,건조,맑음,단일로 - 기타,승용,남,67세,상해없음,승용,여,32세,경상
2015092100100296,2015년 9월 21일 13시,월요일,부산광역시 사하구 괴정동,경상사고,0,0,1,0,차대차 - 기타,안전운전불이행,건조,맑음,단일로 - 기타,승용,남,46세,상해없음,승용,남,33세,상해없음
2015092100100297,2015년 9월 21일 13시,월요일,부산광역시 연제구 연산동,부상신고사고,0,0,0,1,차대차 - 측면직각충돌,안전운전불이행,건조,맑음,단일로 - 기타,화물,남,72세,상해없음,원동기,남,19세,부상신고
2015092100100335,2015년 9월 21일 14시,월요일,부산광역시 강서구 대저2동,경상사고,0,0,1,0,차대차 - 측면직각충돌,안전거리미확보,건조,맑음,단일로 - 기타,건설기계,남,49세,상해없음,화물,남,53세,경상
2015092100100382,2015년 9월 21일 15시,월요일,부산광역시 북구 금곡동,중상사고,0,1,0,0,차대차 - 추돌 - 진행중,안전운전불이행,건조,맑음,단일로 - 기타,자전거,여,44세,상해없음,자전거,여,70세,중상
2015092100100383,2015년 9월 21일 15시,월요일,부산광역시 동래구 온천동,경상사고,0,0,1,0,차대사람 - 보도통행중,기타,건조,맑음,단일로 - 기타,승용,남,38세,상해없음,보행자,남,62세,경상
2015092100100384,2015년 9월 21일 15시,월요일,부산광역시 사하구 신평동,중상사고,0,1,0,0,차대사람 - 횡단중,보행자보호의무위반,건조,맑음,단일로 - 횡단보도상,승용,남,51세,상해없음,보행자,남,63세,중상
2015092100100385,2015년 9월 21일 15시,월요일,부산광역시 사하구 감천동,경상사고,0,0,1,0,차대차 - 기타,안전거리미확보,건조,맑음,단일로 - 기타,화물,남,57세,상해없음,승합,남,49세,경상
2015092100100386,2015년 9월 21일 15시,월요일,부산광역시 연제구 거제동,중상사고,0,1,0,0,차대차 - 측면직각충돌,중앙선침범,건조,맑음,단일로 - 기타,자전거,남,11세,중상,승용,남,41세,상해없음
2015092100100387,2015년 9월 21일 15시,월요일,부산광역시 강서구 범방동,중상사고,0,3,1,0,차대차 - 추돌 - 주정차중,안전운전불이행,건조,맑음,단일로 - 기타,화물,남,43세,상해없음,화물,남,41세,중상
2015092100100431,2015년 9월 21일 16시,월요일,부산광역시 동구 범일동,경상사고,0,0,1,0,차대차 - 추돌 - 주정차중,안전운전불이행,건조,맑음,단일로 - 기타,승용,남,79세,상해없음,승용,여,32세,경상
2015092100100432,2015년 9월 21일 16시,월요일,부산광역시 북구 구포동,경상사고,0,0,1,0,차대차 - 추돌 - 주정차중,안전운전불이행,건조,맑음,단일로 - 기타,승용,남,23세,상해없음,화물,남,59세,경상
2015092100100433,2015년 9월 21일 16시,월요일,부산광역시 북구 구포동,경상사고,0,0,1,0,차대차 - 측면직각충돌,신호위반,건조,맑음,교차로 - 교차로안,승용,남,84세,상해없음,원동기,남,36세,경상
2015092100100434,2015년 9월 21일 16시,월요일,부산광역시 부산진구 범천동,중상사고,0,1,0,0,차대차 - 측면직각충돌,신호위반,건조,맑음,교차로 - 교차로안,승용,여,31세,상해없음,이륜,남,64세,중상
2015092100100435,2015년 9월 21일 16시,월요일,부산광역시 부산진구 부전동,경상사고,0,0,1,0,차대차 - 추돌 - 진행중,안전운전불이행,건조,맑음,단일로 - 기타,승용,남,70세,상해없음,승용,여,34세,경상
2015092100100436,2015년 9월 21일 16시,월요일,부산광역시 연제구 거제동,중상사고,0,1,0,0,차대차 - 측면직각충돌,신호위반,건조,맑음,단일로 - 횡단보도상,승용,남,67세,상해없음,이륜,남,48세,중상
2015092100100497,2015년 9월 21일 17시,월요일,부산광역시 부산진구 부전동,중상사고,0,1,0,0,차대사람 - 기타,안전운전불이행,건조,맑음,단일로 - 기타,승합,남,57세,기타불명,보행자,남,41세,중상
2015092100100498,2015년 9월 21일 17시,월요일,부산광역시 부산진구 부전동,중상사고,0,1,0,0,차대사람 - 기타,안전운전불이행,건조,맑음,단일로 - 기타,승합,남,33세,상해없음,보행자,여,65세,중상
2015092100100552,2015년 9월 21일 18시,월요일,부산광역시 부산진구 양정동,중상사고,0,1,0,0,차대사람 - 기타,안전운전불이행,건조,맑음,단일로 - 기타,화물,남,26세,상해없음,보행자,여,33세,중상
2015092100100606,2015년 9월 21일 19시,월요일,부산광역시 사하구 하단동,경상사고,0,0,1,0,차대차 - 기타,안전운전불이행,건조,맑음,단일로 - 기타,승용,남,28세,상해없음,승용,남,37세,경상
2015092100100649,2015년 9월 21일 20시,월요일,부산광역시 동구 초량동,중상사고,0,1,1,0,차대차 - 기타,신호위반,건조,맑음,교차로 - 교차로안,승용,남,41세,상해없음,승용,여,33세,중상
2015092100100650,2015년 9월 21일 20시,월요일,부산광역시 남구 문현동,경상사고,0,0,1,0,차대사람 - 횡단중,안전운전불이행,건조,맑음,교차로 - 교차로안,승용,남,53세,상해없음,보행자,여,75세,경상
2015092100100651,2015년 9월 21일 20시,월요일,부산광역시 해운대구 반여동,경상사고,0,0,1,0,차대차 - 측면직각충돌,안전운전불이행,건조,맑음,교차로 - 교차로안,원동기,남,16세,경상,승용,남,54세,상해없음
2015092100100683,2015년 9월 21일 21시,월요일,부산광역시 수영구 광안동,중상사고,0,1,0,0,차대사람 - 차도통행중,안전운전불이행,건조,맑음,단일로 - 기타,승용,남,18세,상해없음,보행자,여,27세,중상
2015092100100684,2015년 9월 21일 21시,월요일,부산광역시 부산진구 범천동,중상사고,0,1,0,0,차대사람 - 횡단중,안전운전불이행,건조,맑음,단일로 - 교량,원동기,남,31세,상해없음,보행자,여,47세,중상
2015092100100685,2015년 9월 21일 21시,월요일,부산광역시 강서구 대저1동,부상신고사고,0,0,0,1,차대차 - 기타,안전운전불이행,건조,맑음,단일로 - 기타,승용,기타불명,기타불명,기타불명,승용,남,33세,부상신고
2015092100100735,2015년 9월 21일 23시,월요일,부산광역시 부산진구 가야동,경상사고,0,0,1,0,차대차 - 측면직각충돌,교차로운행방법위반,건조,맑음,교차로 - 교차로안,승용,남,34세,상해없음,원동기,남,24세,경상
2015092100100736,2015년 9월 21일 23시,월요일,부산광역시 사상구 덕포동,중상사고,0,1,0,1,차대사람 - 횡단중,안전운전불이행,건조,맑음,단일로 - 횡단보도부근,이륜,남,18세,부상신고,보행자,여,29세,중상
2015092200100003,2015년 9월 22일 00시,화요일,부산광역시 기장군 일광면,중상사고,0,1,0,0,차대차 - 측면직각충돌,중앙선침범,건조,맑음,교차로 - 교차로안,승용,남,53세,상해없음,이륜,남,36세,중상
2015092200100021,2015년 9월 22일 01시,화요일,부산광역시 북구 화명동,중상사고,0,1,1,0,차대차 - 측면직각충돌,신호위반,건조,맑음,교차로 - 교차로안,승용,남,68세,상해없음,승용,남,38세,경상
2015092200100059,2015년 9월 22일 06시,화요일,부산광역시 부산진구 범천동,경상사고,0,0,1,0,차대사람 - 횡단중,보행자보호의무위반,건조,맑음,단일로 - 횡단보도상,승용,남,77세,상해없음,보행자,여,84세,경상
2015092200100079,2015년 9월 22일 07시,화요일,부산광역시 강서구 명지동,중상사고,0,2,0,0,차대차 - 추돌 - 주정차중,안전운전불이행,건조,맑음,교차로 - 교차로부근,승용,여,47세,상해없음,승용,여,55세,중상
2015092200100118,2015년 9월 22일 08시,화요일,부산광역시 남구 대연동,경상사고,0,0,1,0,차량단독 - 기타,기타,건조,맑음,단일로 - 기타,승합,남,54세,상해없음,,,,
2015092200100221,2015년 9월 22일 10시,화요일,부산광역시 해운대구 반여동,중상사고,0,1,0,0,차대사람 - 기타,안전운전불이행,기타,맑음,단일로 - 기타,승용,여,49세,상해없음,보행자,여,68세,중상
2015092200100222,2015년 9월 22일 10시,화요일,부산광역시 강서구 신호동,경상사고,0,0,1,0,차대사람 - 횡단중,신호위반,건조,맑음,단일로 - 횡단보도상,승용,남,55세,상해없음,보행자,여,36세,경상
2015092200100251,2015년 9월 22일 11시,화요일,부산광역시 금정구 구서동,경상사고,0,0,1,0,차대차 - 추돌 - 주정차중,안전운전불이행,건조,맑음,교차로 - 교차로부근,건설기계,남,34세,상해없음,화물,남,42세,경상
2015092200100252,2015년 9월 22일 11시,화요일,부산광역시 강서구 명지동,사망사고,1,1,0,0,차대차 - 측면직각충돌,신호위반,건조,맑음,교차로 - 교차로안,특수,남,46세,상해없음,승용,남,74세,중상
2015092200100253,2015년 9월 22일 11시,화요일,부산광역시 사상구 괘법동,경상사고,0,0,1,0,차대차 - 측면직각충돌,교차로운행방법위반,건조,맑음,교차로 - 교차로안,이륜,남,23세,경상,화물,남,37세,상해없음
2015092200100318,2015년 9월 22일 13시,화요일,부산광역시 해운대구 반송동,경상사고,0,0,1,0,차대차 - 측면직각충돌,교차로운행방법위반,건조,맑음,교차로 - 교차로안,승용,남,54세,경상,승용,남,38세,상해없음
2015092200100357,2015년 9월 22일 14시,화요일,부산광역시 사상구 모라동,경상사고,0,0,2,0,차대사람 - 길가장자리구역통행중,안전운전불이행,건조,맑음,단일로 - 기타,이륜,남,24세,경상,보행자,남,67세,경상
2015092200100403,2015년 9월 22일 15시,화요일,부산광역시 영도구 영선동1가,경상사고,0,0,1,0,차대차 - 기타,교차로운행방법위반,건조,맑음,교차로 - 교차로안,승용,남,47세,상해없음,이륜,남,34세,경상
2015092200100404,2015년 9월 22일 15시,화요일,부산광역시 부산진구 개금동,중상사고,0,1,0,0,차대사람 - 횡단중,안전운전불이행,건조,맑음,단일로 - 기타,승용,여,23세,상해없음,보행자,여,77세,중상
2015092200100405,2015년 9월 22일 15시,화요일,부산광역시 금정구 구서동,중상사고,0,1,0,0,차대사람 - 차도통행중,안전운전불이행,건조,맑음,단일로 - 기타,승용,여,69세,상해없음,보행자,여,13세,중상
2015092200100406,2015년 9월 22일 15시,화요일,부산광역시 사상구 엄궁동,부상신고사고,0,0,0,1,차대사람 - 보도통행중,기타,건조,맑음,단일로 - 기타,화물,기타불명,기타불명,기타불명,보행자,여,29세,부상신고
2015092200100450,2015년 9월 22일 16시,화요일,부산광역시 수영구 광안동,부상신고사고,0,0,0,1,차대차 - 기타,교차로운행방법위반,건조,맑음,교차로 - 교차로안,승용,기타불명,기타불명,기타불명,자전거,남,11세,부상신고
2015092200100451,2015년 9월 22일 16시,화요일,부산광역시 부산진구 가야동,부상신고사고,0,0,0,1,차대차 - 측면직각충돌,안전거리미확보,건조,맑음,단일로 - 기타,자전거,남,43세,부상신고,승용,남,23세,상해없음
2015092200100493,2015년 9월 22일 17시,화요일,부산광역시 해운대구 반여동,경상사고,0,0,1,0,차대차 - 측면직각충돌,안전거리미확보,건조,맑음,단일로 - 기타,승용,남,37세,상해없음,승용,여,39세,경상
2015092200100494,2015년 9월 22일 17시,화요일,부산광역시 부산진구 범전동,경상사고,0,0,1,0,차대사람 - 기타,안전운전불이행,건조,맑음,단일로 - 기타,화물,남,54세,상해없음,보행자,남,45세,경상
2015092200100549,2015년 9월 22일 18시,화요일,부산광역시 북구 구포동,경상사고,0,0,1,0,차대차 - 측면직각충돌,교차로운행방법위반,건조,맑음,교차로 - 교차로안,이륜,남,19세,경상,승용,남,67세,상해없음
2015092200100600,2015년 9월 22일 19시,화요일,부산광역시 해운대구 우동,경상사고,0,0,2,0,차대차 - 기타,안전거리미확보,건조,맑음,교차로 - 교차로부근,승용,남,55세,상해없음,승용,남,34세,경상
2015092200100650,2015년 9월 22일 20시,화요일,부산광역시 해운대구 우동,경상사고,0,0,1,0,차대차 - 측면직각충돌,불법유턴,습기,흐림,단일로 - 기타,화물,남,67세,상해없음,화물,남,47세,경상
2015092200100724,2015년 9월 22일 22시,화요일,부산광역시 사하구 하단동,경상사고,0,0,1,0,차대차 - 측면직각충돌,안전운전불이행,건조,맑음,단일로 - 기타,승용,남,53세,상해없음,승용,남,67세,상해없음
2015092200100752,2015년 9월 22일 23시,화요일,부산광역시 부산진구 부전동,중상사고,0,1,0,0,차대사람 - 기타,보행자보호의무위반,건조,맑음,단일로 - 기타,승용,남,40세,상해없음,보행자,여,22세,중상
2015092300100007,2015년 9월 23일 00시,수요일,부산광역시 남구 문현동,경상사고,0,0,1,0,차대차 - 측면직각충돌,안전운전불이행,건조,맑음,단일로 - 기타,승용,남,67세,상해없음,승용,남,49세,상해없음
2015092300100019,2015년 9월 23일 01시,수요일,부산광역시 부산진구 가야동,경상사고,0,0,1,0,차대차 - 추돌 - 주정차중,안전운전불이행,건조,맑음,단일로 - 기타,승용,여,28세,상해없음,승용,남,54세,경상
2015092300100041,2015년 9월 23일 03시,수요일,부산광역시 해운대구 우동,경상사고,0,0,1,0,차량단독 - 공작물충돌,안전운전불이행,건조,맑음,단일로 - 기타,승용,남,37세,경상,,,,
2015092300100072,2015년 9월 23일 06시,수요일,부산광역시 사하구 괴정동,부상신고사고,0,0,0,1,차대차 - 기타,안전거리미확보,건조,맑음,단일로 - 기타,이륜,남,42세,상해없음,승용,남,62세,상해없음
2015092300100093,2015년 9월 23일 07시,수요일,부산광역시 중구 남포동5가,중상사고,0,2,0,0,차대차 - 측면직각충돌,안전운전불이행,건조,맑음,단일로 - 기타,승용,남,32세,상해없음,이륜,남,57세,중상
2015092300100122,2015년 9월 23일 08시,수요일,부산광역시 서구 동대신동3가,경상사고,0,0,1,0,차대차 - 측면직각충돌,안전거리미확보,습기,흐림,단일로 - 기타,승합,남,23세,상해없음,승용,남,58세,상해없음
2015092300100123,2015년 9월 23일 08시,수요일,부산광역시 부산진구 부전동,중상사고,0,1,0,0,차대차 - 기타,안전거리미확보,건조,맑음,단일로 - 기타,승합,남,51세,상해없음,승용,남,48세,상해없음
2015092300100124,2015년 9월 23일 08시,수요일,부산광역시 사하구 감천동,중상사고,0,1,1,0,차대차 - 측면직각충돌,신호위반,건조,흐림,교차로 - 교차로안,승용,남,37세,상해없음,이륜,남,16세,중상
2015092300100125,2015년 9월 23일 08시,수요일,부산광역시 연제구 연산동,중상사고,0,1,0,0,차대차 - 측면직각충돌,안전운전불이행,건조,맑음,단일로 - 기타,승합,남,48세,상해없음,자전거,남,18세,중상
2015092300100173,2015년 9월 23일 09시,수요일,부산광역시 서구 서대신동2가,경상사고,0,0,1,0,차량단독 - 공작물충돌,안전운전불이행,건조,맑음,단일로 - 기타,화물,남,50세,상해없음,,,,
2015092300100174,2015년 9월 23일 09시,수요일,부산광역시 사하구 당리동,경상사고,0,0,1,0,차대차 - 측면직각충돌,안전운전불이행,건조,맑음,단일로 - 기타,승합,남,47세,상해없음,승용,여,40세,경상
2015092300100175,2015년 9월 23일 09시,수요일,부산광역시 사하구 하단동,경상사고,0,0,1,0,차대차 - 추돌 - 주정차중,안전운전불이행,건조,맑음,단일로 - 기타,승합,남,60세,상해없음,승용,남,37세,경상
2015092300100201,2015년 9월 23일 10시,수요일,부산광역시 사하구 감천동,경상사고,0,0,1,0,차대차 - 정면충돌,안전운전불이행,건조,맑음,교차로 - 교차로안,승용,남,55세,상해없음,화물,남,66세,경상
2015092300100233,2015년 9월 23일 11시,수요일,부산광역시 서구 서대신동3가,중상사고,0,1,0,0,차대차 - 측면직각충돌,안전운전불이행,건조,맑음,단일로 - 기타,승용,남,54세,상해없음,자전거,남,79세,중상
2015092300100266,2015년 9월 23일 12시,수요일,부산광역시 중구 보수동1가,중상사고,0,1,0,0,차대사람 - 횡단중,안전운전불이행,건조,맑음,단일로 - 기타,승합,남,57세,상해없음,보행자,여,79세,중상
2015092300100267,2015년 9월 23일 12시,수요일,부산광역시 동래구 사직동,중상사고,0,1,0,0,차대차 - 추돌 - 주정차중,안전운전불이행,건조,맑음,단일로 - 기타,건설기계,남,56세,상해없음,화물,남,46세,중상
2015092300100307,2015년 9월 23일 13시,수요일,부산광역시 서구 암남동,경상사고,0,0,1,0,차대차 - 측면직각충돌,신호위반,습기,비,단일로 - 횡단보도상,승용,남,45세,상해없음,이륜,남,16세,경상
2015092300100308,2015년 9월 23일 13시,수요일,부산광역시 부산진구 범천동,경상사고,0,0,1,0,차대차 - 기타,교차로운행방법위반,건조,맑음,교차로 - 교차로안,기타불명,기타불명,기타불명,기타불명,원동기,남,35세,경상
2015092300100341,2015년 9월 23일 14시,수요일,부산광역시 남구 대연동,경상사고,0,0,2,0,차대차 - 측면직각충돌,교차로운행방법위반,건조,맑음,교차로 - 교차로안,승용,여,49세,기타불명,승용,여,59세,경상
2015092300100342,2015년 9월 23일 14시,수요일,부산광역시 금정구 부곡동,중상사고,0,1,0,0,차대차 - 측면직각충돌,교차로운행방법위반,습기,비,교차로 - 교차로안,승용,남,57세,상해없음,원동기,남,32세,중상
2015092300100427,2015년 9월 23일 16시,수요일,부산광역시 동구 수정동,경상사고,0,0,1,0,차대사람 - 차도통행중,안전운전불이행,습기,비,단일로 - 기타,승용,남,71세,상해없음,보행자,여,13세,경상
2015092300100428,2015년 9월 23일 16시,수요일,부산광역시 남구 대연동,경상사고,0,0,1,0,차대차 - 측면직각충돌,교차로운행방법위반,습기,비,교차로 - 교차로안,자전거,남,81세,경상,승용,남,57세,상해없음
2015092300100429,2015년 9월 23일 16시,수요일,부산광역시 해운대구 송정동,경상사고,0,0,1,0,차량단독 - 도로외이탈 - 추락,안전운전불이행,습기,비,단일로 - 기타,승용,남,22세,상해없음,,,,
2015092300100430,2015년 9월 23일 16시,수요일,부산광역시 부산진구 부전동,부상신고사고,0,0,0,1,차대차 - 측면직각충돌,안전거리미확보,습기,비,단일로 - 기타,승용,여,44세,상해없음,승용,남,63세,상해없음
2015092300100431,2015년 9월 23일 16시,수요일,부산광역시 사하구 괴정동,중상사고,0,1,0,0,차대차 - 기타,신호위반,습기,비,교차로 - 교차로안,승용,남,28세,상해없음,승용,여,31세,중상
2015092300100432,2015년 9월 23일 16시,수요일,부산광역시 사하구 신평동,경상사고,0,0,2,0,차대차 - 측면직각충돌,직진우회전진행방해,습기,비,교차로 - 교차로안,화물,남,42세,상해없음,화물,남,59세,경상
2015092300100433,2015년 9월 23일 16시,수요일,부산광역시 수영구 망미동,중상사고,0,1,0,0,차대차 - 측면직각충돌,신호위반,습기,비,교차로 - 교차로안,승용,여,60세,상해없음,이륜,남,55세,중상
2015092300100471,2015년 9월 23일 17시,수요일,부산광역시 사상구 감전동,중상사고,0,1,0,0,차대차 - 측면직각충돌,중앙선침범,습기,비,단일로 - 기타,승용,남,59세,상해없음,이륜,남,37세,중상
2015092300100525,2015년 9월 23일 18시,수요일,부산광역시 서구 충무동1가,경상사고,0,0,1,0,차대사람 - 횡단중,신호위반,습기,비,단일로 - 기타,승용,여,28세,상해없음,보행자,남,42세,경상
2015092300100527,2015년 9월 23일 18시,수요일,부산광역시 동래구 명장동,경상사고,0,0,1,0,차대사람 - 횡단중,신호위반,습기,비,단일로 - 기타,승합,남,61세,상해없음,보행자,남,16세,경상
2015092300100528,2015년 9월 23일 18시,수요일,부산광역시 금정구 부곡동,경상사고,0,0,2,1,차대차 - 측면직각충돌,신호위반,습기,비,교차로 - 교차로안,승합,남,58세,상해없음,승용,남,59세,경상
2015092300100529,2015년 9월 23일 18시,수요일,부산광역시 강서구 강동동,경상사고,0,0,1,0,차대사람 - 기타,안전운전불이행,습기,비,단일로 - 기타,화물,남,43세,상해없음,보행자,남,48세,경상
2015092300100530,2015년 9월 23일 18시,수요일,부산광역시 사상구 엄궁동,중상사고,0,1,0,0,차대사람 - 횡단중,보행자보호의무위반,습기,비,단일로 - 기타,승용,남,30세,상해없음,보행자,여,76세,중상
2015092300100592,2015년 9월 23일 19시,수요일,부산광역시 북구 화명동,경상사고,0,0,1,0,차대차 - 추돌 - 진행중,안전운전불이행,건조,맑음,교차로 - 교차로부근,승용,여,46세,상해없음,승용,남,55세,경상
2015092300100593,2015년 9월 23일 19시,수요일,부산광역시 부산진구 개금동,경상사고,0,0,1,0,차대사람 - 기타,안전운전불이행,건조,맑음,단일로 - 횡단보도부근,승용,기타불명,기타불명,기타불명,보행자,여,60세,경상
2015092300100648,2015년 9월 23일 20시,수요일,부산광역시 남구 대연동,경상사고,0,0,2,0,차대차 - 추돌 - 진행중,안전운전불이행,습기,비,교차로 - 교차로부근,승용,남,56세,상해없음,승용,남,47세,경상
2015092300100649,2015년 9월 23일 20시,수요일,부산광역시 해운대구 우동,경상사고,0,0,1,0,차대차 - 기타,안전운전불이행,습기,비,단일로 - 기타,승용,남,29세,상해없음,승합,남,48세,상해없음
2015092300100650,2015년 9월 23일 20시,수요일,부산광역시 사하구 신평동,중상사고,0,1,0,0,차대사람 - 횡단중,안전운전불이행,습기,비,단일로 - 기타,승용,남,75세,상해없음,보행자,여,51세,중상
2015092300100651,2015년 9월 23일 20시,수요일,부산광역시 강서구 신호동,중상사고,0,1,1,0,차대차 - 측면직각충돌,신호위반,습기,비,교차로 - 교차로안,승용,남,20세,경상,승용,여,50세,중상
2015092300100708,2015년 9월 23일 21시,수요일,부산광역시 해운대구 재송동,경상사고,0,0,1,0,차대차 - 기타,신호위반,습기,비,교차로 - 교차로부근,승용,남,57세,상해없음,승용,여,42세,경상
2015092300100709,2015년 9월 23일 21시,수요일,부산광역시 사하구 하단동,부상신고사고,0,0,0,1,차대차 - 기타,안전운전불이행,습기,비,기타 - 기타,승용,남,30세,상해없음,원동기,남,22세,부상신고
2015092300100754,2015년 9월 23일 22시,수요일,부산광역시 수영구 민락동,중상사고,0,1,0,0,차대차 - 측면직각충돌,신호위반,습기,비,교차로 - 교차로안,승용,남,68세,상해없음,자전거,여,65세,중상
2015092300100755,2015년 9월 23일 22시,수요일,부산광역시 북구 구포동,경상사고,0,0,1,0,차대사람 - 횡단중,보행자보호의무위반,습기,비,단일로 - 횡단보도상,승용,여,50세,상해없음,보행자,여,54세,경상
2015092300100756,2015년 9월 23일 22시,수요일,부산광역시 금정구 남산동,경상사고,0,0,1,0,차대사람 - 횡단중,안전운전불이행,습기,비,단일로 - 기타,승용,남,30세,상해없음,보행자,남,42세,경상
2015092300100793,2015년 9월 23일 23시,수요일,부산광역시 동구 수정동,경상사고,0,0,1,0,차대차 - 추돌 - 주정차중,안전운전불이행,습기,비,단일로 - 기타,승용,남,40세,상해없음,승용,여,42세,경상
2015092400100005,2015년 9월 24일 00시,목요일,부산광역시 해운대구 반송동,중상사고,0,1,0,0,차대차 - 기타,안전운전불이행,습기,비,단일로 - 기타,기타불명,기타불명,기타불명,기타불명,이륜,남,60세,상해없음
2015092400100006,2015년 9월 24일 00시,목요일,부산광역시 부산진구 개금동,중상사고,0,1,1,0,차대차 - 측면직각충돌,신호위반,습기,비,교차로 - 교차로안,승용,남,22세,상해없음,승용,남,54세,경상
2015092400100048,2015년 9월 24일 02시,목요일,부산광역시 중구 중앙동4가,중상사고,0,1,0,0,차대사람 - 횡단중,안전운전불이행,습기,비,단일로 - 기타,승용,남,60세,상해없음,보행자,여,52세,중상
2015092400100049,2015년 9월 24일 02시,목요일,부산광역시 남구 감만동,중상사고,0,2,2,0,차량단독 - 공작물충돌,안전운전불이행,습기,비,단일로 - 기타,승용,남,20세,경상,,,,
2015092400100050,2015년 9월 24일 02시,목요일,부산광역시 동래구 온천동,중상사고,0,1,0,0,차대차 - 측면직각충돌,신호위반,습기,비,교차로 - 교차로안,화물,남,40세,상해없음,승용,남,52세,중상
2015092400100051,2015년 9월 24일 02시,목요일,부산광역시 금정구 장전동,경상사고,0,0,2,0,차대사람 - 횡단중,보행자보호의무위반,습기,비,교차로 - 교차로안,승용,여,57세,상해없음,보행자,남,25세,경상
2015092400100063,2015년 9월 24일 03시,목요일,부산광역시 금정구 금사동,경상사고,0,0,2,0,차대차 - 측면직각충돌,신호위반,습기,맑음,교차로 - 교차로안,승용,남,33세,상해없음,화물,남,38세,경상
2015092400100114,2015년 9월 24일 07시,목요일,부산광역시 강서구 명지동,중상사고,0,1,0,0,차대차 - 측면직각충돌,안전운전불이행,건조,맑음,교차로 - 교차로안,승용,남,57세,상해없음,승용,남,48세,중상
2015092400100115,2015년 9월 24일 07시,목요일,부산광역시 사상구 감전동,부상신고사고,0,0,0,1,차대차 - 추돌 - 주정차중,안전운전불이행,습기,비,교차로 - 교차로부근,승용,남,34세,상해없음,승용,남,54세,부상신고
2015092400100144,2015년 9월 24일 08시,목요일,부산광역시 북구 덕천동,경상사고,0,0,1,0,차대차 - 측면직각충돌,신호위반,습기,비,교차로 - 교차로안,승용,남,46세,상해없음,승용,남,64세,경상
2015092400100145,2015년 9월 24일 08시,목요일,부산광역시 사하구 신평동,경상사고,0,0,1,0,차대차 - 추돌 - 진행중,안전거리미확보,습기,비,기타 - 기타,승용,남,26세,상해없음,승용,남,55세,경상
2015092400100186,2015년 9월 24일 09시,목요일,부산광역시 부산진구 가야동,중상사고,0,1,0,0,차대차 - 추돌 - 진행중,안전거리미확보,건조,맑음,단일로 - 기타,화물,남,57세,상해없음,원동기,남,24세,중상
2015092400100187,2015년 9월 24일 09시,목요일,부산광역시 강서구 명지동,경상사고,0,0,1,0,차대차 - 기타,신호위반,건조,맑음,교차로 - 교차로부근,승용,남,63세,상해없음,승용,남,41세,경상
2015092400100229,2015년 9월 24일 10시,목요일,부산광역시 해운대구 우동,경상사고,0,0,1,0,차대차 - 추돌 - 주정차중,안전거리미확보,건조,맑음,단일로 - 기타,승용,남,32세,기타불명,승용,여,63세,경상
2015092400100256,2015년 9월 24일 11시,목요일,부산광역시 해운대구 좌동,중상사고,0,1,0,0,차량단독 - 기타,안전운전불이행,건조,맑음,단일로 - 기타,승합,남,55세,상해없음,,,,
2015092400100291,2015년 9월 24일 12시,목요일,부산광역시 강서구 강동동,경상사고,0,0,1,0,차대차 - 추돌 - 주정차중,안전운전불이행,건조,맑음,단일로 - 기타,승용,남,78세,상해없음,승용,여,28세,경상
2015092400100353,2015년 9월 24일 14시,목요일,부산광역시 동구 범일동,중상사고,0,1,0,0,차대사람 - 기타,안전운전불이행,건조,맑음,단일로 - 기타,화물,남,46세,상해없음,보행자,여,81세,중상
2015092400100354,2015년 9월 24일 14시,목요일,부산광역시 동구 좌천동,중상사고,0,1,0,0,차대차 - 측면직각충돌,기타,건조,맑음,단일로 - 기타,화물,남,51세,상해없음,승용,여,36세,중상
2015092400100355,2015년 9월 24일 14시,목요일,부산광역시 남구 대연동,중상사고,0,1,0,0,차대사람 - 길가장자리구역통행중,안전운전불이행,건조,맑음,단일로 - 기타,화물,남,68세,상해없음,보행자,남,66세,중상
2015092400100390,2015년 9월 24일 15시,목요일,부산광역시 부산진구 부전동,경상사고,0,0,1,0,차대사람 - 기타,안전운전불이행,기타,맑음,단일로 - 기타,승용,여,50세,상해없음,보행자,여,61세,경상
2015092400100431,2015년 9월 24일 16시,목요일,부산광역시 서구 아미동1가,중상사고,0,1,0,0,차대사람 - 보도통행중,안전운전불이행,습기,비,단일로 - 기타,승용,남,59세,상해없음,보행자,여,81세,중상
2015092400100432,2015년 9월 24일 16시,목요일,부산광역시 사하구 괴정동,경상사고,0,0,1,0,차대사람 - 기타,안전운전불이행,건조,맑음,단일로 - 기타,기타불명,기타불명,기타불명,기타불명,보행자,남,5세,경상
2015092400100433,2015년 9월 24일 16시,목요일,부산광역시 사하구 하단동,경상사고,0,0,1,0,차대사람 - 기타,안전운전불이행,습기,비,단일로 - 기타,승합,남,65세,상해없음,보행자,남,24세,경상