사고번호,사고일시,요일,시군구,사고내용,사망자수,중상자수,경상자수,부상신고자수,사고유형,법규위반,노면상태,기상상태,도로형태,가해운전자 차종,가해운전자 성별,가해운전자 연령,가해운전자 상해정도,피해운전자 차종,피해운전자 성별,피해운전자 연령,피해운전자 상해정도
2015092400100434,2015년 9월 24일 16시,목요일,부산광역시 사상구 학장동,중상사고,0,4,5,0,차대차 - 정면충돌,안전운전불이행,습기,비,단일로 - 기타,화물,남,40세,상해없음,승용,남,58세,중상
2015092400100486,2015년 9월 24일 17시,목요일,부산광역시 수영구 광안동,경상사고,0,0,1,0,차대차 - 기타,교차로운행방법위반,습기,비,교차로 - 교차로안,승용,남,60세,상해없음,원동기,남,46세,경상
2015092400100487,2015년 9월 24일 17시,목요일,부산광역시 영도구 청학동,중상사고,0,1,0,0,차대차 - 측면직각충돌,안전거리미확보,건조,맑음,단일로 - 기타,승용,남,58세,상해없음,이륜,남,35세,중상
2015092400100488,2015년 9월 24일 17시,목요일,부산광역시 금정구 구서동,부상신고사고,0,0,0,1,차대사람 - 횡단중,안전운전불이행,건조,맑음,교차로 - 교차로부근,기타불명,기타불명,기타불명,기타불명,보행자,여,12세,부상신고
2015092400100522,2015년 9월 24일 18시,목요일,부산광역시 서구 토성동2가,중상사고,0,1,0,0,차대차 - 측면직각충돌,직진우회전진행방해,습기,비,교차로 - 교차로안,승용,남,61세,상해없음,화물,남,44세,중상
2015092400100523,2015년 9월 24일 18시,목요일,부산광역시 동래구 온천동,경상사고,0,0,2,0,차대차 - 측면직각충돌,안전거리미확보,건조,맑음,단일로 - 기타,승용,여,60세,경상,승용,남,52세,경상
2015092400100524,2015년 9월 24일 18시,목요일,부산광역시 해운대구 송정동,경상사고,0,0,1,0,차대차 - 추돌 - 주정차중,안전운전불이행,습기,맑음,교차로 - 교차로부근,승합,남,55세,상해없음,승용,남,29세,경상
2015092400100525,2015년 9월 24일 18시,목요일,부산광역시 사하구 괴정동,중상사고,0,1,0,0,차대사람 - 기타,안전운전불이행,습기,맑음,교차로 - 교차로안,승용,여,34세,상해없음,보행자,남,55세,중상
2015092400100575,2015년 9월 24일 19시,목요일,부산광역시 남구 대연동,중상사고,0,1,0,0,차대사람 - 횡단중,보행자보호의무위반,건조,맑음,단일로 - 횡단보도상,승용,여,41세,상해없음,보행자,남,73세,중상
2015092400100576,2015년 9월 24일 19시,목요일,부산광역시 해운대구 반여동,경상사고,0,0,2,0,차대차 - 추돌 - 진행중,안전운전불이행,건조,맑음,교차로 - 교차로부근,화물,남,43세,상해없음,승용,남,25세,경상
2015092400100577,2015년 9월 24일 19시,목요일,부산광역시 연제구 연산동,경상사고,0,0,1,0,차대사람 - 보도통행중,기타,건조,맑음,단일로 - 기타,승용,여,52세,상해없음,보행자,남,28세,경상
2015092400100578,2015년 9월 24일 19시,목요일,부산광역시 사상구 주례동,부상신고사고,0,0,0,1,차대차 - 측면직각충돌,신호위반,건조,맑음,교차로 - 교차로안,이륜,남,20세,부상신고,승용,남,53세,상해없음
2015092400100636,2015년 9월 24일 20시,목요일,부산광역시 동래구 온천동,중상사고,0,1,0,0,차대사람 - 횡단중,보행자보호의무위반,건조,맑음,단일로 - 횡단보도상,승용,남,57세,상해없음,보행자,남,56세,중상
2015092400100637,2015년 9월 24일 20시,목요일,부산광역시 동래구 안락동,경상사고,0,0,1,0,차대사람 - 횡단중,보행자보호의무위반,건조,맑음,교차로 - 교차로부근,승용,남,59세,상해없음,보행자,남,8세,경상
2015092400100638,2015년 9월 24일 20시,목요일,부산광역시 해운대구 반송동,부상신고사고,0,0,0,1,차대차 - 측면직각충돌,안전거리미확보,건조,흐림,단일로 - 기타,이륜,남,19세,부상신고,승용,남,35세,상해없음
2015092400100639,2015년 9월 24일 20시,목요일,부산광역시 해운대구 중동,중상사고,0,1,0,0,차대사람 - 횡단중,안전운전불이행,습기,흐림,단일로 - 기타,승합,남,55세,상해없음,보행자,남,66세,중상
2015092400100675,2015년 9월 24일 21시,목요일,부산광역시 수영구 남천동,중상사고,0,1,0,0,차대사람 - 기타,기타,건조,맑음,단일로 - 기타,승합,남,55세,상해없음,보행자,여,23세,중상
2015092400100676,2015년 9월 24일 21시,목요일,부산광역시 동래구 온천동,중상사고,0,1,0,0,차대차 - 추돌 - 진행중,안전거리미확보,건조,맑음,단일로 - 기타,승용,남,41세,상해없음,승용,여,32세,중상
2015092400100677,2015년 9월 24일 21시,목요일,부산광역시 사하구 하단동,경상사고,0,0,1,0,차대사람 - 기타,안전운전불이행,건조,맑음,교차로 - 교차로부근,승용,여,32세,상해없음,보행자,여,36세,경상
2015092400100756,2015년 9월 24일 23시,목요일,부산광역시 연제구 연산동,경상사고,0,0,2,0,차대차 - 추돌 - 진행중,안전거리미확보,건조,흐림,단일로 - 기타,승용,남,47세,상해없음,이륜,남,16세,경상
2015092400100757,2015년 9월 24일 23시,목요일,부산광역시 사상구 괘법동,경상사고,0,0,2,0,차대차 - 추돌 - 진행중,안전운전불이행,건조,맑음,단일로 - 기타,이륜,남,27세,상해없음,승합,남,50세,상해없음
2015092500100013,2015년 9월 25일 00시,금요일,부산광역시 사상구 삼락동,중상사고,0,2,3,0,차대차 - 추돌 - 주정차중,안전거리미확보,건조,맑음,교차로 - 교차로부근,승용,남,27세,상해없음,승용,남,63세,중상
2015092500100036,2015년 9월 25일 01시,금요일,부산광역시 금정구 금사동,경상사고,0,0,1,0,차대차 - 측면직각충돌,신호위반,건조,맑음,교차로 - 교차로안,승용,남,60세,상해없음,승용,남,47세,경상
2015092500100053,2015년 9월 25일 02시,금요일,부산광역시 해운대구 우동,경상사고,0,0,1,0,차대차 - 기타,안전거리미확보,기타,맑음,단일로 - 기타,승용,남,32세,상해없음,승용,남,58세,경상
2015092500100061,2015년 9월 25일 03시,금요일,부산광역시 동래구 온천동,경상사고,0,0,3,0,차대차 - 추돌 - 진행중,안전운전불이행,건조,맑음,단일로 - 기타,승용,남,31세,상해없음,화물,남,41세,경상
2015092500100062,2015년 9월 25일 03시,금요일,부산광역시 동래구 온천동,중상사고,0,1,0,0,차대사람 - 횡단중,안전운전불이행,건조,맑음,단일로 - 횡단보도부근,승용,남,52세,상해없음,보행자,남,46세,중상
2015092500100063,2015년 9월 25일 03시,금요일,부산광역시 사상구 모라동,중상사고,0,2,0,0,차대차 - 측면직각충돌,안전거리미확보,건조,맑음,단일로 - 기타,승용,남,47세,상해없음,이륜,남,23세,중상
2015092500100082,2015년 9월 25일 05시,금요일,부산광역시 동구 범일동,중상사고,0,1,0,0,차대사람 - 기타,안전운전불이행,건조,맑음,교차로 - 교차로안,승용,남,64세,상해없음,보행자,남,71세,중상
2015092500100098,2015년 9월 25일 06시,금요일,부산광역시 중구 부평동4가,경상사고,0,0,1,0,차대차 - 추돌 - 주정차중,안전운전불이행,건조,맑음,단일로 - 횡단보도부근,승용,여,30세,상해없음,화물,남,52세,경상
2015092500100115,2015년 9월 25일 07시,금요일,부산광역시 해운대구 재송동,경상사고,0,0,1,0,차대차 - 정면충돌,중앙선침범,기타,맑음,단일로 - 기타,승용,남,51세,상해없음,승용,남,32세,경상
2015092500100116,2015년 9월 25일 07시,금요일,부산광역시 금정구 남산동,중상사고,0,1,0,0,차대차 - 측면직각충돌,교차로운행방법위반,건조,맑음,교차로 - 교차로안,승용,남,51세,상해없음,원동기,남,74세,중상
2015092500100150,2015년 9월 25일 08시,금요일,부산광역시 서구 토성동1가,중상사고,0,1,0,0,차대차 - 기타,안전운전불이행,건조,맑음,단일로 - 기타,이륜,남,65세,상해없음,승합,남,41세,상해없음
2015092500100152,2015년 9월 25일 08시,금요일,부산광역시 사하구 괴정동,경상사고,0,0,2,1,차대차 - 기타,안전운전불이행,건조,맑음,교차로 - 교차로부근,승용,남,42세,부상신고,승용,남,47세,경상
2015092500100153,2015년 9월 25일 08시,금요일,부산광역시 강서구 송정동,부상신고사고,0,0,0,1,차대사람 - 길가장자리구역통행중,안전운전불이행,건조,맑음,단일로 - 기타,승합,여,45세,상해없음,보행자,남,60세,부상신고
2015092500100154,2015년 9월 25일 08시,금요일,부산광역시 사상구 덕포동,중상사고,0,1,0,1,차대차 - 측면직각충돌,안전운전불이행,건조,맑음,단일로 - 기타,승합,남,56세,부상신고,승용,여,46세,중상
2015092500100191,2015년 9월 25일 09시,금요일,부산광역시 사하구 하단동,중상사고,0,1,0,0,차대차 - 측면직각충돌,신호위반,건조,맑음,교차로 - 교차로안,승용,여,52세,상해없음,이륜,남,55세,중상
2015092500100264,2015년 9월 25일 11시,금요일,부산광역시 부산진구 부전동,경상사고,0,0,1,0,차대사람 - 기타,안전운전불이행,건조,맑음,단일로 - 기타,승용,남,66세,상해없음,보행자,남,19세,경상
2015092500100265,2015년 9월 25일 11시,금요일,부산광역시 금정구 서동,중상사고,0,1,0,0,차대사람 - 길가장자리구역통행중,안전운전불이행,건조,맑음,단일로 - 기타,화물,여,39세,상해없음,보행자,남,66세,중상
2015092500100356,2015년 9월 25일 13시,금요일,부산광역시 남구 문현동,경상사고,0,0,1,0,차대차 - 측면직각충돌,안전운전불이행,건조,맑음,교차로 - 교차로부근,이륜,남,26세,경상,승용,남,42세,상해없음
2015092500100357,2015년 9월 25일 13시,금요일,부산광역시 부산진구 가야동,경상사고,0,0,7,0,차대차 - 측면직각충돌,신호위반,건조,맑음,교차로 - 교차로안,승용,여,35세,상해없음,승합,남,56세,경상
2015092500100358,2015년 9월 25일 13시,금요일,부산광역시 강서구 강동동,경상사고,0,0,1,0,차대차 - 측면직각충돌,직진우회전진행방해,건조,맑음,교차로 - 교차로안,승용,남,40세,기타불명,승용,남,50세,경상
2015092500100401,2015년 9월 25일 14시,금요일,부산광역시 기장군 철마면,경상사고,0,0,1,0,차대차 - 정면충돌,안전운전불이행,습기,맑음,단일로 - 기타,건설기계,남,54세,상해없음,승용,여,48세,경상
2015092500100443,2015년 9월 25일 15시,금요일,부산광역시 서구 아미동1가,경상사고,0,0,1,0,차대차 - 측면직각충돌,안전운전불이행,건조,맑음,단일로 - 기타,승용,남,51세,상해없음,승용,남,29세,경상
2015092500100444,2015년 9월 25일 15시,금요일,부산광역시 사상구 감전동,경상사고,0,0,1,0,차대차 - 측면직각충돌,중앙선침범,건조,맑음,단일로 - 기타,승용,여,41세,상해없음,원동기,남,64세,경상
2015092500100501,2015년 9월 25일 16시,금요일,부산광역시 영도구 봉래동4가,경상사고,0,0,2,0,차대차 - 기타,안전운전불이행,건조,맑음,단일로 - 기타,승용,남,60세,상해없음,승용,남,38세,경상
2015092500100550,2015년 9월 25일 17시,금요일,부산광역시 남구 우암동,경상사고,0,0,1,0,차대사람 - 횡단중,안전운전불이행,건조,맑음,단일로 - 기타,승용,남,30세,상해없음,보행자,여,8세,경상
2015092500100614,2015년 9월 25일 18시,금요일,부산광역시 금정구 구서동,부상신고사고,0,0,0,1,차대차 - 기타,안전거리미확보,건조,맑음,단일로 - 기타,자전거,남,63세,부상신고,승용,남,26세,상해없음
2015092500100615,2015년 9월 25일 18시,금요일,부산광역시 금정구 부곡동,경상사고,0,0,1,0,차대사람 - 차도통행중,안전운전불이행,건조,맑음,교차로 - 교차로안,승용,여,50세,상해없음,보행자,여,31세,경상
2015092500100679,2015년 9월 25일 19시,금요일,부산광역시 북구 구포동,중상사고,0,1,0,0,차대사람 - 기타,안전운전불이행,건조,맑음,교차로 - 교차로안,승용,남,36세,상해없음,보행자,남,49세,중상
2015092500100680,2015년 9월 25일 19시,금요일,부산광역시 북구 구포동,사망사고,1,0,0,0,차대사람 - 차도통행중,안전운전불이행,건조,맑음,단일로 - 기타,화물,남,44세,상해없음,보행자,남,66세,사망
2015092500100742,2015년 9월 25일 20시,금요일,부산광역시 사하구 당리동,중상사고,0,1,0,0,차대사람 - 기타,신호위반,건조,맑음,단일로 - 기타,승용,여,45세,상해없음,보행자,남,46세,중상
2015092500100743,2015년 9월 25일 20시,금요일,부산광역시 연제구 거제동,경상사고,0,0,1,0,차대사람 - 횡단중,보행자보호의무위반,건조,맑음,교차로 - 교차로부근,승합,남,25세,상해없음,보행자,남,36세,경상
2015092500100744,2015년 9월 25일 20시,금요일,부산광역시 기장군 기장읍,경상사고,0,0,1,0,차대차 - 기타,신호위반,건조,맑음,교차로 - 교차로안,승용,여,49세,상해없음,승용,여,55세,경상
2015092500100786,2015년 9월 25일 21시,금요일,부산광역시 동래구 사직동,경상사고,0,0,1,0,차대차 - 측면직각충돌,신호위반,건조,맑음,교차로 - 교차로안,원동기,남,25세,경상,승용,남,45세,상해없음
2015092500100787,2015년 9월 25일 21시,금요일,부산광역시 부산진구 부전동,중상사고,0,1,0,0,차대사람 - 기타,안전운전불이행,기타,기타,단일로 - 기타,승용,남,44세,상해없음,보행자,남,50세,중상
2015092500100834,2015년 9월 25일 22시,금요일,부산광역시 서구 충무동1가,경상사고,0,0,1,0,차대차 - 추돌 - 진행중,안전운전불이행,건조,맑음,단일로 - 기타,원동기,남,30세,상해없음,원동기,남,18세,경상
2015092500100861,2015년 9월 25일 23시,금요일,부산광역시 부산진구 연지동,중상사고,0,1,0,0,차대차 - 기타,신호위반,건조,맑음,단일로 - 횡단보도상,이륜,남,38세,상해없음,기타불명,남,44세,중상
2015092600100008,2015년 9월 26일 00시,토요일,부산광역시 북구 만덕동,경상사고,0,0,1,0,차대차 - 정면충돌,중앙선침범,건조,맑음,교차로 - 교차로안,승용,남,38세,상해없음,승용,남,20세,경상
2015092600100009,2015년 9월 26일 00시,토요일,부산광역시 부산진구 부전동,경상사고,0,0,3,0,차대차 - 측면직각충돌,안전운전불이행,건조,맑음,단일로 - 기타,승용,남,25세,상해없음,승용,남,56세,경상
2015092600100010,2015년 9월 26일 00시,토요일,부산광역시 연제구 연산동,경상사고,0,0,1,0,차대사람 - 길가장자리구역통행중,안전운전불이행,건조,맑음,단일로 - 기타,승용,남,54세,상해없음,보행자,남,44세,경상
2015092600100011,2015년 9월 26일 00시,토요일,부산광역시 사상구 괘법동,경상사고,0,0,1,0,차대차 - 측면직각충돌,중앙선침범,건조,맑음,단일로 - 기타,승용,남,53세,상해없음,이륜,남,22세,경상
2015092600100032,2015년 9월 26일 01시,토요일,부산광역시 수영구 광안동,경상사고,0,0,1,0,차대사람 - 기타,안전운전불이행,건조,맑음,단일로 - 기타,승용,기타불명,기타불명,기타불명,보행자,남,31세,경상
2015092600100050,2015년 9월 26일 02시,토요일,부산광역시 서구 남부민동,경상사고,0,0,1,6,차대차 - 측면직각충돌,교차로운행방법위반,건조,맑음,교차로 - 교차로안,승용,남,57세,상해없음,승용,남,55세,경상
2015092600100070,2015년 9월 26일 03시,토요일,부산광역시 북구 구포동,부상신고사고,0,0,0,1,차대차 - 측면직각충돌,안전운전불이행,건조,맑음,단일로 - 기타,승용,여,35세,상해없음,승용,남,53세,부상신고
2015092600100071,2015년 9월 26일 03시,토요일,부산광역시 동래구 안락동,중상사고,0,1,0,0,차대차 - 측면직각충돌,안전운전불이행,건조,맑음,교차로 - 교차로부근,승용,남,63세,상해없음,승용,남,57세,상해없음
2015092600100072,2015년 9월 26일 03시,토요일,부산광역시 기장군 기장읍,중상사고,0,1,0,0,차대사람 - 차도통행중,안전운전불이행,건조,맑음,단일로 - 기타,승용,여,45세,상해없음,보행자,남,28세,중상
2015092600100097,2015년 9월 26일 04시,토요일,부산광역시 남구 문현동,경상사고,0,0,1,0,차대차 - 측면직각충돌,안전운전불이행,건조,맑음,단일로 - 기타,승용,여,29세,상해없음,승용,남,62세,경상
2015092600100098,2015년 9월 26일 04시,토요일,부산광역시 부산진구 부전동,경상사고,0,0,1,0,차대사람 - 길가장자리구역통행중,안전운전불이행,건조,맑음,단일로 - 기타,이륜,남,15세,상해없음,보행자,남,24세,경상
2015092600100156,2015년 9월 26일 08시,토요일,부산광역시 연제구 연산동,중상사고,0,2,1,0,차대차 - 정면충돌,중앙선침범,건조,맑음,단일로 - 기타,원동기,남,34세,중상,승용,남,54세,중상
2015092600100157,2015년 9월 26일 08시,토요일,부산광역시 연제구 연산동,중상사고,0,1,0,0,차대차 - 정면충돌,안전운전불이행,건조,맑음,교차로 - 교차로안,원동기,남,20세,중상,승용,남,62세,상해없음
2015092600100235,2015년 9월 26일 11시,토요일,부산광역시 금정구 부곡동,중상사고,0,1,0,0,차대사람 - 길가장자리구역통행중,안전운전불이행,건조,맑음,단일로 - 기타,승용,여,49세,상해없음,보행자,여,69세,중상
2015092600100236,2015년 9월 26일 11시,토요일,부산광역시 사하구 다대동,중상사고,0,1,0,0,차대차 - 기타,안전거리미확보,건조,맑음,단일로 - 기타,승용,남,52세,상해없음,원동기,남,55세,중상
2015092600100268,2015년 9월 26일 12시,토요일,부산광역시 사하구 하단동,중상사고,0,1,0,0,차대사람 - 횡단중,안전운전불이행,건조,맑음,단일로 - 기타,승용,남,29세,상해없음,보행자,남,8세,중상
2015092600100296,2015년 9월 26일 13시,토요일,부산광역시 동래구 사직동,경상사고,0,0,1,0,차대사람 - 길가장자리구역통행중,안전운전불이행,건조,맑음,단일로 - 기타,승용,여,46세,상해없음,보행자,남,56세,경상
2015092600100297,2015년 9월 26일 13시,토요일,부산광역시 부산진구 전포동,경상사고,0,0,1,0,차대차 - 측면직각충돌,불법유턴,건조,맑음,단일로 - 기타,승용,남,37세,상해없음,승용,남,27세,상해없음
2015092600100325,2015년 9월 26일 14시,토요일,부산광역시 사하구 하단동,중상사고,0,3,2,0,차대차 - 측면직각충돌,신호위반,건조,맑음,교차로 - 교차로안,승용,여,53세,경상,승용,남,50세,경상
2015092600100352,2015년 9월 26일 15시,토요일,부산광역시 금정구 부곡동,경상사고,0,0,1,0,차대차 - 측면직각충돌,안전운전불이행,건조,맑음,교차로 - 교차로안,원동기,남,39세,경상,승용,여,58세,상해없음
2015092600100378,2015년 9월 26일 16시,토요일,부산광역시 남구 우암동,경상사고,0,0,1,0,차대차 - 측면직각충돌,중앙선침범,건조,맑음,단일로 - 기타,승용,남,67세,상해없음,승용,남,48세,경상
2015092600100379,2015년 9월 26일 16시,토요일,부산광역시 연제구 연산동,중상사고,0,1,0,0,차대사람 - 길가장자리구역통행중,안전운전불이행,건조,맑음,교차로 - 교차로부근,승용,남,45세,상해없음,보행자,여,63세,중상
2015092600100484,2015년 9월 26일 20시,토요일,부산광역시 북구 덕천동,중상사고,0,1,0,0,차대사람 - 횡단중,안전운전불이행,건조,맑음,단일로 - 기타,승용,남,67세,상해없음,보행자,남,23세,중상
2015092600100485,2015년 9월 26일 20시,토요일,부산광역시 해운대구 반여동,경상사고,0,0,2,0,차대차 - 추돌 - 주정차중,안전거리미확보,건조,맑음,단일로 - 기타,승용,남,23세,상해없음,승용,남,61세,경상
2015092600100487,2015년 9월 26일 20시,토요일,부산광역시 금정구 부곡동,부상신고사고,0,0,0,1,차대차 - 추돌 - 주정차중,안전운전불이행,건조,맑음,단일로 - 기타,승용,남,44세,상해없음,이륜,남,20세,부상신고
2015092600100504,2015년 9월 26일 21시,토요일,부산광역시 강서구 천성동,경상사고,0,0,1,0,차대차 - 추돌 - 주정차중,안전운전불이행,건조,맑음,단일로 - 기타,화물,남,54세,상해없음,화물,남,54세,경상
2015092700100032,2015년 9월 27일 02시,일요일,부산광역시 동래구 안락동,경상사고,0,0,2,0,차대차 - 측면직각충돌,신호위반,건조,맑음,교차로 - 교차로안,승용,남,60세,상해없음,승용,남,31세,경상
2015092700100033,2015년 9월 27일 02시,일요일,부산광역시 부산진구 당감동,경상사고,0,0,1,0,차대차 - 추돌 - 진행중,과속,건조,맑음,단일로 - 기타,승용,남,33세,상해없음,승용,남,28세,경상
2015092700100042,2015년 9월 27일 03시,일요일,부산광역시 북구 금곡동,경상사고,0,0,1,0,차대차 - 측면직각충돌,신호위반,건조,맑음,교차로 - 교차로안,승용,남,22세,상해없음,승합,남,36세,상해없음
2015092700100090,2015년 9월 27일 08시,일요일,부산광역시 서구 동대신동2가,경상사고,0,0,1,0,차대차 - 추돌 - 주정차중,안전운전불이행,건조,맑음,단일로 - 기타,승합,남,70세,상해없음,화물,남,47세,기타불명
2015092700100108,2015년 9월 27일 09시,일요일,부산광역시 동구 범일동,중상사고,0,1,1,0,차대차 - 측면직각충돌,신호위반,건조,맑음,교차로 - 교차로안,승용,남,31세,상해없음,승용,남,56세,중상
2015092700100109,2015년 9월 27일 09시,일요일,부산광역시 동구 수정동,중상사고,0,1,0,0,차대사람 - 기타,안전운전불이행,건조,맑음,단일로 - 기타,승용,여,57세,상해없음,보행자,여,89세,중상
2015092700100110,2015년 9월 27일 09시,일요일,부산광역시 북구 덕천동,부상신고사고,0,0,0,2,차대차 - 측면직각충돌,신호위반,건조,맑음,교차로 - 교차로안,승용,여,40세,상해없음,승용,남,22세,부상신고
2015092700100111,2015년 9월 27일 09시,일요일,부산광역시 강서구 대저1동,경상사고,0,0,2,0,차대차 - 기타,안전거리미확보,건조,맑음,단일로 - 기타,승용,남,69세,상해없음,승용,남,58세,경상
2015092700100150,2015년 9월 27일 11시,일요일,부산광역시 부산진구 범천동,경상사고,0,0,3,0,차대차 - 추돌 - 진행중,안전거리미확보,건조,맑음,단일로 - 기타,승용,남,35세,상해없음,승용,남,35세,경상
2015092700100179,2015년 9월 27일 12시,일요일,부산광역시 영도구 대교동1가,중상사고,0,1,0,0,차대차 - 추돌 - 진행중,안전운전불이행,건조,맑음,교차로 - 교차로부근,승용,남,62세,상해없음,승용,남,42세,중상
2015092700100180,2015년 9월 27일 12시,일요일,부산광역시 금정구 회동동,중상사고,0,1,0,1,차대차 - 추돌 - 진행중,안전거리미확보,건조,맑음,단일로 - 기타,승용,남,70세,상해없음,승용,남,40세,중상
2015092700100244,2015년 9월 27일 14시,일요일,부산광역시 북구 덕천동,경상사고,0,0,2,0,차대차 - 측면직각충돌,신호위반,건조,맑음,교차로 - 교차로안,승용,남,54세,상해없음,승용,남,56세,경상
2015092700100362,2015년 9월 27일 18시,일요일,부산광역시 동래구 온천동,경상사고,0,0,1,0,차대사람 - 길가장자리구역통행중,불법유턴,건조,맑음,단일로 - 기타,승용,남,59세,상해없음,보행자,여,21세,경상
2015092700100363,2015년 9월 27일 18시,일요일,부산광역시 동래구 온천동,경상사고,0,0,1,0,차대차 - 추돌 - 주정차중,안전거리미확보,건조,맑음,단일로 - 기타,승용,남,53세,상해없음,승용,남,29세,경상
2015092700100387,2015년 9월 27일 19시,일요일,부산광역시 북구 만덕동,경상사고,0,0,1,0,차대사람 - 기타,안전운전불이행,건조,맑음,단일로 - 기타,승용,남,49세,상해없음,보행자,여,29세,경상
2015092700100411,2015년 9월 27일 20시,일요일,부산광역시 서구 충무동1가,중상사고,0,1,0,0,차대사람 - 횡단중,안전운전불이행,건조,맑음,단일로 - 횡단보도부근,승용,남,60세,상해없음,보행자,남,61세,중상
2015092700100412,2015년 9월 27일 20시,일요일,부산광역시 금정구 장전동,중상사고,0,2,0,0,차대차 - 정면충돌,신호위반,건조,맑음,교차로 - 교차로안,승용,남,44세,상해없음,이륜,남,17세,중상
2015092700100413,2015년 9월 27일 20시,일요일,부산광역시 사하구 하단동,경상사고,0,0,1,0,차대사람 - 길가장자리구역통행중,안전운전불이행,건조,맑음,단일로 - 기타,승용,기타불명,기타불명,기타불명,보행자,남,30세,경상
2015092700100435,2015년 9월 27일 21시,일요일,부산광역시 남구 대연동,경상사고,0,0,1,0,차대사람 - 길가장자리구역통행중,안전운전불이행,건조,맑음,단일로 - 기타,승용,남,37세,상해없음,보행자,남,24세,경상
2015092700100455,2015년 9월 27일 22시,일요일,부산광역시 동구 범일동,중상사고,0,1,0,0,차대사람 - 차도통행중,안전운전불이행,건조,맑음,단일로 - 기타,승용,남,56세,상해없음,보행자,남,38세,중상
2015092700100456,2015년 9월 27일 22시,일요일,부산광역시 부산진구 부전동,중상사고,0,2,1,0,차대차 - 측면직각충돌,신호위반,건조,맑음,교차로 - 교차로안,승용,남,43세,상해없음,승용,여,42세,경상
2015092700100481,2015년 9월 27일 23시,일요일,부산광역시 부산진구 부전동,부상신고사고,0,0,0,1,차대사람 - 횡단중,신호위반,건조,맑음,단일로 - 횡단보도상,화물,남,18세,상해없음,보행자,여,78세,부상신고
2015092700100482,2015년 9월 27일 23시,일요일,부산광역시 사상구 괘법동,경상사고,0,0,1,0,차대사람 - 횡단중,안전운전불이행,건조,맑음,단일로 - 횡단보도상,이륜,남,18세,상해없음,보행자,남,68세,경상
2015092800100001,2015년 9월 28일 00시,월요일,부산광역시 부산진구 부전동,경상사고,0,0,1,0,차대사람 - 차도통행중,안전운전불이행,습기,흐림,단일로 - 기타,승용,여,53세,상해없음,보행자,남,34세,경상
2015092800100012,2015년 9월 28일 01시,월요일,부산광역시 영도구 청학동,중상사고,0,1,0,0,차대사람 - 횡단중,과속,건조,맑음,단일로 - 횡단보도상,승용,남,36세,상해없음,보행자,남,43세,중상
2015092800100023,2015년 9월 28일 02시,월요일,부산광역시 서구 충무동1가,경상사고,0,0,1,0,차대차 - 측면직각충돌,안전운전불이행,건조,맑음,단일로 - 기타,승용,남,58세,상해없음,승용,남,38세,상해없음
2015092800100044,2015년 9월 28일 04시,월요일,부산광역시 연제구 거제동,중상사고,0,1,1,0,차대차 - 측면직각충돌,신호위반,건조,맑음,교차로 - 교차로안,승용,남,26세,상해없음,승용,여,56세,경상
2015092800100148,2015년 9월 28일 12시,월요일,부산광역시 해운대구 석대동,경상사고,0,0,1,0,차대차 - 추돌 - 진행중,안전운전불이행,건조,맑음,단일로 - 기타,승용,남,50세,상해없음,승용,남,69세,경상
2015092800100149,2015년 9월 28일 12시,월요일,부산광역시 사하구 괴정동,부상신고사고,0,0,0,1,차대차 - 기타,교차로운행방법위반,건조,맑음,교차로 - 교차로안,승용,남,44세,상해없음,승용,남,56세,상해없음
2015092800100174,2015년 9월 28일 13시,월요일,부산광역시 동구 초량동,중상사고,0,1,3,0,차대차 - 기타,교차로운행방법위반,건조,맑음,교차로 - 교차로안,승용,남,67세,중상,승용,남,26세,경상
2015092800100195,2015년 9월 28일 14시,월요일,부산광역시 기장군 기장읍,경상사고,0,0,1,0,차대사람 - 기타,안전운전불이행,건조,맑음,기타 - 기타,승용,남,15세,기타불명,보행자,여,18세,경상
2015092800100258,2015년 9월 28일 16시,월요일,부산광역시 해운대구 우동,경상사고,0,0,5,0,차대차 - 측면직각충돌,안전거리미확보,건조,맑음,단일로 - 기타,승용,남,34세,상해없음,승용,여,44세,경상
2015092800100286,2015년 9월 28일 17시,월요일,부산광역시 기장군 일광면,경상사고,0,0,1,0,차대차 - 기타,안전운전불이행,건조,맑음,교차로 - 교차로안,이륜,남,37세,경상,승용,남,54세,상해없음
2015092800100355,2015년 9월 28일 19시,월요일,부산광역시 북구 구포동,경상사고,0,0,1,0,차대차 - 측면직각충돌,안전운전불이행,건조,맑음,교차로 - 교차로안,승용,여,43세,상해없음,이륜,남,19세,경상
2015092800100386,2015년 9월 28일 20시,월요일,부산광역시 북구 덕천동,중상사고,0,1,7,0,차대차 - 추돌 - 진행중,안전거리미확보,건조,맑음,단일로 - 기타,승용,남,60세,상해없음,승용,남,43세,경상
2015092800100387,2015년 9월 28일 20시,월요일,부산광역시 동래구 낙민동,경상사고,0,0,2,0,차대차 - 측면직각충돌,안전거리미확보,건조,맑음,단일로 - 기타,승용,남,37세,상해없음,승합,남,48세,상해없음
2015092800100419,2015년 9월 28일 21시,월요일,부산광역시 북구 구포동,경상사고,0,0,1,0,차대차 - 측면직각충돌,중앙선침범,건조,맑음,단일로 - 기타,이륜,남,19세,상해없음,이륜,남,19세,경상
2015092800100420,2015년 9월 28일 21시,월요일,부산광역시 해운대구 우동,경상사고,0,0,1,0,차대차 - 기타,안전거리미확보,건조,맑음,단일로 - 기타,기타불명,기타불명,기타불명,기타불명,원동기,남,31세,경상