사고번호,사고일시,요일,시군구,사고내용,사망자수,중상자수,경상자수,부상신고자수,사고유형,법규위반,노면상태,기상상태,도로형태,가해운전자 차종,가해운전자 성별,가해운전자 연령,가해운전자 상해정도,피해운전자 차종,피해운전자 성별,피해운전자 연령,피해운전자 상해정도
2015092800100448,2015년 9월 28일 22시,월요일,부산광역시 수영구 남천동,경상사고,0,0,1,0,차대사람 - 기타,안전운전불이행,건조,맑음,단일로 - 기타,승용,남,47세,상해없음,보행자,남,50세,경상
2015092800100473,2015년 9월 28일 23시,월요일,부산광역시 서구 아미동1가,경상사고,0,0,1,1,차대차 - 추돌 - 진행중,기타,건조,맑음,교차로 - 교차로안,승용,남,57세,상해없음,승용,남,31세,경상
2015092800100474,2015년 9월 28일 23시,월요일,부산광역시 동래구 사직동,경상사고,0,0,1,0,차대차 - 추돌 - 주정차중,안전운전불이행,건조,맑음,단일로 - 기타,승용,남,63세,상해없음,승용,남,52세,경상
2015092800100475,2015년 9월 28일 23시,월요일,부산광역시 금정구 남산동,경상사고,0,0,1,0,차량단독 - 공작물충돌,안전운전불이행,건조,맑음,교차로 - 교차로부근,승용,남,64세,상해없음,,,,
2015092800100476,2015년 9월 28일 23시,월요일,부산광역시 사상구 주례동,경상사고,0,0,1,0,차대차 - 추돌 - 진행중,안전운전불이행,건조,맑음,단일로 - 기타,승용,여,50세,상해없음,승용,남,28세,경상
2015092900100005,2015년 9월 29일 00시,화요일,부산광역시 해운대구 우동,경상사고,0,0,1,0,차대차 - 추돌 - 주정차중,안전운전불이행,건조,맑음,교차로 - 교차로부근,승용,남,21세,상해없음,승용,남,36세,상해없음
2015092900100036,2015년 9월 29일 02시,화요일,부산광역시 남구 대연동,경상사고,0,0,3,0,차대차 - 측면직각충돌,안전운전불이행,건조,맑음,단일로 - 기타,승용,남,20세,상해없음,승용,남,45세,경상
2015092900100049,2015년 9월 29일 03시,화요일,부산광역시 수영구 민락동,중상사고,0,1,0,0,차대차 - 측면직각충돌,안전운전불이행,건조,맑음,교차로 - 교차로안,승용,남,54세,상해없음,이륜,남,35세,중상
2015092900100050,2015년 9월 29일 03시,화요일,부산광역시 사하구 하단동,경상사고,0,0,3,0,차대차 - 측면직각충돌,안전운전불이행,건조,기타,교차로 - 교차로안,승용,남,77세,경상,승용,남,26세,경상
2015092900100062,2015년 9월 29일 04시,화요일,부산광역시 수영구 광안동,중상사고,0,1,0,0,차대사람 - 길가장자리구역통행중,안전운전불이행,건조,맑음,단일로 - 기타,원동기,남,19세,상해없음,보행자,여,24세,중상
2015092900100063,2015년 9월 29일 04시,화요일,부산광역시 사상구 주례동,경상사고,0,0,2,0,차대차 - 측면직각충돌,교차로운행방법위반,건조,맑음,교차로 - 교차로안,승용,남,67세,상해없음,승용,남,50세,경상
2015092900100079,2015년 9월 29일 06시,화요일,부산광역시 중구 부평동1가,중상사고,0,1,0,0,차대차 - 측면직각충돌,교차로운행방법위반,건조,맑음,교차로 - 교차로안,승합,남,55세,상해없음,승용,여,42세,중상
2015092900100080,2015년 9월 29일 06시,화요일,부산광역시 사하구 구평동,중상사고,0,1,1,0,차대차 - 정면충돌,신호위반,건조,맑음,교차로 - 교차로안,승용,남,38세,경상,승용,남,59세,중상
2015092900100122,2015년 9월 29일 10시,화요일,부산광역시 사하구 당리동,중상사고,0,1,0,0,차대차 - 측면직각충돌,안전운전불이행,건조,맑음,단일로 - 기타,승합,남,45세,상해없음,자전거,남,39세,중상
2015092900100141,2015년 9월 29일 11시,화요일,부산광역시 북구 화명동,경상사고,0,0,1,0,차대차 - 추돌 - 진행중,안전거리미확보,건조,맑음,단일로 - 기타,승용,남,68세,상해없음,승용,남,49세,상해없음
2015092900100142,2015년 9월 29일 11시,화요일,부산광역시 부산진구 부전동,중상사고,0,1,0,0,차대사람 - 기타,안전운전불이행,건조,맑음,단일로 - 기타,이륜,남,79세,상해없음,보행자,남,28세,중상
2015092900100143,2015년 9월 29일 11시,화요일,부산광역시 금정구 구서동,중상사고,0,1,0,0,차대사람 - 횡단중,안전운전불이행,건조,맑음,교차로 - 교차로안,승용,여,35세,상해없음,보행자,여,79세,중상
2015092900100144,2015년 9월 29일 11시,화요일,부산광역시 수영구 망미동,경상사고,0,0,1,0,차대차 - 측면직각충돌,안전운전불이행,건조,맑음,교차로 - 교차로안,승용,남,71세,상해없음,승용,여,42세,경상
2015092900100177,2015년 9월 29일 12시,화요일,부산광역시 중구 보수동2가,중상사고,0,1,0,0,차대차 - 측면직각충돌,교차로운행방법위반,건조,맑음,교차로 - 교차로안,승용,남,35세,상해없음,이륜,남,41세,중상
2015092900100178,2015년 9월 29일 12시,화요일,부산광역시 해운대구 중동,경상사고,0,0,2,0,차대차 - 추돌 - 주정차중,안전운전불이행,건조,맑음,교차로 - 교차로안,승용,남,50세,상해없음,승용,남,27세,경상
2015092900100205,2015년 9월 29일 13시,화요일,부산광역시 사하구 하단동,중상사고,0,1,0,0,차대사람 - 기타,안전운전불이행,건조,맑음,단일로 - 기타,승용,남,26세,상해없음,보행자,남,58세,중상
2015092900100206,2015년 9월 29일 13시,화요일,부산광역시 기장군 기장읍,경상사고,0,0,1,0,차대사람 - 횡단중,보행자보호의무위반,건조,맑음,교차로 - 교차로안,승용,남,58세,상해없음,보행자,여,23세,경상
2015092900100234,2015년 9월 29일 14시,화요일,부산광역시 해운대구 반여동,중상사고,0,1,0,0,차대차 - 정면충돌,중앙선침범,건조,맑음,교차로 - 교차로안,승용,남,42세,상해없음,승용,남,32세,중상
2015092900100235,2015년 9월 29일 14시,화요일,부산광역시 해운대구 좌동,중상사고,0,1,2,0,차대차 - 측면직각충돌,신호위반,건조,맑음,교차로 - 교차로부근,승합,남,35세,상해없음,승합,남,50세,경상
2015092900100276,2015년 9월 29일 15시,화요일,부산광역시 남구 용당동,경상사고,0,0,1,0,차대차 - 측면직각충돌,안전거리미확보,건조,맑음,단일로 - 기타,특수,남,31세,상해없음,승용,여,26세,경상
2015092900100277,2015년 9월 29일 15시,화요일,부산광역시 북구 덕천동,경상사고,0,0,1,1,차량단독 - 기타,안전운전불이행,건조,맑음,단일로 - 기타,승합,남,58세,상해없음,,,,
2015092900100343,2015년 9월 29일 17시,화요일,부산광역시 해운대구 좌동,경상사고,0,0,1,0,차대차 - 추돌 - 진행중,안전운전불이행,건조,맑음,단일로 - 기타,승용,남,55세,상해없음,이륜,남,24세,경상
2015092900100344,2015년 9월 29일 17시,화요일,부산광역시 연제구 거제동,중상사고,0,1,0,0,차대사람 - 차도통행중,안전운전불이행,건조,맑음,교차로 - 교차로안,화물,남,69세,상해없음,보행자,여,77세,중상
2015092900100368,2015년 9월 29일 18시,화요일,부산광역시 사하구 신평동,경상사고,0,0,2,0,차대차 - 기타,신호위반,건조,맑음,교차로 - 교차로안,승용,남,66세,상해없음,승용,남,34세,경상
2015092900100420,2015년 9월 29일 19시,화요일,부산광역시 동구 좌천동,중상사고,0,1,2,0,차대차 - 추돌 - 주정차중,안전운전불이행,건조,맑음,단일로 - 기타,승용,남,30세,상해없음,승용,남,44세,중상
2015092900100451,2015년 9월 29일 20시,화요일,부산광역시 부산진구 당감동,경상사고,0,0,2,0,차대차 - 기타,신호위반,건조,맑음,교차로 - 교차로안,승용,남,25세,상해없음,승용,남,54세,경상
2015092900100452,2015년 9월 29일 20시,화요일,부산광역시 사상구 괘법동,경상사고,0,0,2,1,차대차 - 측면직각충돌,신호위반,건조,맑음,교차로 - 교차로안,승용,여,40세,상해없음,승용,남,38세,경상
2015092900100482,2015년 9월 29일 21시,화요일,부산광역시 부산진구 부암동,경상사고,0,0,1,0,차대차 - 기타,안전운전불이행,건조,맑음,교차로 - 교차로안,승용,여,34세,상해없음,승합,남,51세,경상
2015092900100544,2015년 9월 29일 23시,화요일,부산광역시 북구 덕천동,경상사고,0,0,1,0,차대차 - 기타,안전거리미확보,건조,맑음,교차로 - 교차로부근,승용,남,60세,상해없음,승용,여,27세,경상
2015093000100003,2015년 9월 30일 00시,수요일,부산광역시 부산진구 개금동,경상사고,0,0,3,0,차대차 - 측면직각충돌,신호위반,건조,흐림,교차로 - 교차로안,승용,남,57세,상해없음,승용,여,29세,경상
2015093000100006,2015년 9월 30일 00시,수요일,부산광역시 강서구 대저1동,중상사고,0,1,0,3,차대차 - 측면직각충돌,안전거리미확보,건조,맑음,단일로 - 기타,승용,남,43세,부상신고,승용,여,44세,중상
2015093000100037,2015년 9월 30일 03시,수요일,부산광역시 남구 문현동,중상사고,0,1,0,0,차대차 - 측면직각충돌,안전거리미확보,건조,맑음,단일로 - 기타,승용,남,25세,상해없음,승용,남,58세,상해없음
2015093000100056,2015년 9월 30일 05시,수요일,부산광역시 금정구 구서동,중상사고,0,1,0,0,차대사람 - 보도통행중,안전운전불이행,건조,흐림,단일로 - 기타,승용,남,29세,상해없음,보행자,여,59세,중상
2015093000100067,2015년 9월 30일 06시,수요일,부산광역시 사상구 괘법동,경상사고,0,0,1,0,차대차 - 측면직각충돌,안전거리미확보,건조,맑음,단일로 - 기타,화물,남,46세,상해없음,원동기,남,48세,경상
2015093000100082,2015년 9월 30일 07시,수요일,부산광역시 부산진구 양정동,경상사고,0,0,1,0,차대사람 - 기타,안전운전불이행,건조,맑음,단일로 - 기타,승합,남,55세,기타불명,보행자,여,23세,경상
2015093000100083,2015년 9월 30일 07시,수요일,부산광역시 사하구 하단동,경상사고,0,0,1,0,차대차 - 기타,안전운전불이행,건조,흐림,단일로 - 기타,승용,남,40세,상해없음,기타불명,기타불명,기타불명,기타불명
2015093000100119,2015년 9월 30일 08시,수요일,부산광역시 동래구 온천동,중상사고,0,1,0,0,차대사람 - 횡단중,안전운전불이행,건조,맑음,단일로 - 기타,승용,남,28세,상해없음,보행자,남,32세,중상
2015093000100120,2015년 9월 30일 08시,수요일,부산광역시 동래구 낙민동,중상사고,0,1,0,0,차대사람 - 차도통행중,교차로운행방법위반,건조,맑음,교차로 - 교차로안,승용,남,69세,상해없음,보행자,여,60세,중상
2015093000100163,2015년 9월 30일 09시,수요일,부산광역시 수영구 남천동,경상사고,0,0,1,0,차대사람 - 기타,안전운전불이행,건조,맑음,단일로 - 기타,승합,남,27세,상해없음,보행자,여,34세,경상
2015093000100201,2015년 9월 30일 10시,수요일,부산광역시 동래구 온천동,중상사고,0,1,0,0,차대사람 - 횡단중,신호위반,건조,맑음,교차로 - 교차로부근,승용,기타불명,기타불명,기타불명,보행자,여,18세,중상
2015093000100202,2015년 9월 30일 10시,수요일,부산광역시 부산진구 가야동,경상사고,0,0,3,0,차대차 - 기타,안전운전불이행,건조,맑음,단일로 - 기타,승용,남,57세,상해없음,승용,남,63세,경상
2015093000100203,2015년 9월 30일 10시,수요일,부산광역시 사하구 괴정동,경상사고,0,0,2,0,차대차 - 기타,안전운전불이행,건조,맑음,단일로 - 기타,건설기계,남,63세,상해없음,승용,남,51세,경상
2015093000100204,2015년 9월 30일 10시,수요일,부산광역시 사하구 감천동,경상사고,0,0,1,0,차대사람 - 횡단중,안전운전불이행,건조,흐림,단일로 - 횡단보도부근,승용,남,62세,상해없음,보행자,남,71세,경상
2015093000100205,2015년 9월 30일 10시,수요일,부산광역시 사하구 장림동,경상사고,0,0,1,0,차대차 - 기타,안전운전불이행,건조,맑음,단일로 - 기타,승용,남,60세,상해없음,승용,여,42세,경상
2015093000100260,2015년 9월 30일 12시,수요일,부산광역시 동래구 온천동,경상사고,0,0,1,0,차대차 - 추돌 - 주정차중,안전운전불이행,건조,맑음,교차로 - 교차로부근,승용,남,44세,상해없음,승용,여,32세,경상
2015093000100291,2015년 9월 30일 13시,수요일,부산광역시 남구 대연동,경상사고,0,0,1,0,차대차 - 추돌 - 진행중,안전운전불이행,건조,맑음,단일로 - 기타,승용,남,61세,상해없음,승용,여,31세,경상
2015093000100292,2015년 9월 30일 13시,수요일,부산광역시 북구 구포동,중상사고,0,1,0,0,차대사람 - 기타,안전운전불이행,건조,맑음,교차로 - 교차로안,승용,남,61세,상해없음,보행자,여,59세,중상
2015093000100327,2015년 9월 30일 14시,수요일,부산광역시 사상구 삼락동,중상사고,0,2,4,0,차대차 - 추돌 - 주정차중,안전거리미확보,습기,비,단일로 - 기타,승용,남,56세,상해없음,승합,남,46세,경상
2015093000100369,2015년 9월 30일 15시,수요일,부산광역시 서구 동대신동1가,경상사고,0,0,2,0,차대차 - 측면직각충돌,신호위반,건조,맑음,단일로 - 기타,승용,남,42세,상해없음,이륜,남,22세,경상
2015093000100370,2015년 9월 30일 15시,수요일,부산광역시 사하구 당리동,중상사고,0,1,0,0,차대사람 - 횡단중,보행자보호의무위반,건조,맑음,단일로 - 횡단보도상,승용,남,60세,상해없음,보행자,남,7세,중상
2015093000100371,2015년 9월 30일 15시,수요일,부산광역시 사상구 덕포동,중상사고,0,1,0,0,차대차 - 정면충돌,안전운전불이행,건조,흐림,교차로 - 교차로안,승용,남,50세,상해없음,원동기,남,62세,중상
2015093000100372,2015년 9월 30일 15시,수요일,부산광역시 기장군 정관읍,경상사고,0,0,1,1,차대사람 - 기타,안전운전불이행,건조,맑음,단일로 - 기타,화물,남,53세,상해없음,보행자,남,76세,부상신고
2015093000100402,2015년 9월 30일 16시,수요일,부산광역시 해운대구 우동,중상사고,0,1,0,0,차대사람 - 기타,안전운전불이행,기타,맑음,기타 - 기타,자전거,여,23세,상해없음,보행자,여,61세,중상
2015093000100403,2015년 9월 30일 16시,수요일,부산광역시 부산진구 부전동,경상사고,0,0,1,0,차대사람 - 횡단중,불법유턴,건조,맑음,단일로 - 기타,승합,남,60세,상해없음,보행자,여,37세,경상
2015093000100446,2015년 9월 30일 17시,수요일,부산광역시 영도구 청학동,중상사고,0,1,0,0,차대사람 - 횡단중,안전운전불이행,건조,맑음,단일로 - 기타,승용,남,58세,상해없음,보행자,남,79세,중상
2015093000100477,2015년 9월 30일 18시,수요일,부산광역시 해운대구 반송동,중상사고,0,1,4,1,차대차 - 측면직각충돌,안전거리미확보,건조,맑음,교차로 - 교차로부근,승용,여,51세,상해없음,승합,남,46세,부상신고
2015093000100478,2015년 9월 30일 18시,수요일,부산광역시 부산진구 부암동,부상신고사고,0,0,0,1,차대차 - 측면직각충돌,기타,건조,맑음,단일로 - 기타,승용,남,37세,부상신고,승용,여,57세,상해없음
2015093000100479,2015년 9월 30일 18시,수요일,부산광역시 부산진구 당감동,경상사고,0,0,2,0,차대차 - 기타,안전운전불이행,건조,맑음,미분류 - 미분류,승용,여,40세,상해없음,승용,남,55세,경상
2015093000100525,2015년 9월 30일 19시,수요일,부산광역시 동구 수정동,경상사고,0,0,2,0,차대차 - 측면직각충돌,안전거리미확보,건조,맑음,교차로 - 교차로안,승용,여,22세,상해없음,원동기,남,42세,경상
2015093000100526,2015년 9월 30일 19시,수요일,부산광역시 북구 구포동,경상사고,0,0,1,0,차대차 - 추돌 - 진행중,차로위반,건조,맑음,단일로 - 기타,승용,여,42세,상해없음,승용,남,28세,경상
2015093000100527,2015년 9월 30일 19시,수요일,부산광역시 북구 만덕동,중상사고,0,1,0,0,차대차 - 추돌 - 진행중,차로위반,건조,맑음,단일로 - 기타,원동기,남,18세,중상,승용,남,33세,상해없음
2015093000100528,2015년 9월 30일 19시,수요일,부산광역시 부산진구 당감동,중상사고,0,1,0,0,차대차 - 측면직각충돌,안전거리미확보,건조,맑음,교차로 - 교차로안,승용,남,25세,상해없음,승용,여,25세,중상
2015093000100529,2015년 9월 30일 19시,수요일,부산광역시 금정구 구서동,경상사고,0,0,1,0,차대사람 - 횡단중,안전운전불이행,건조,맑음,교차로 - 교차로안,승용,남,64세,상해없음,보행자,여,66세,경상
2015093000100570,2015년 9월 30일 20시,수요일,부산광역시 영도구 대교동1가,경상사고,0,0,1,0,차대차 - 추돌 - 주정차중,안전운전불이행,건조,맑음,기타 - 기타,승용,남,61세,경상,승용,남,36세,상해없음
2015093000100571,2015년 9월 30일 20시,수요일,부산광역시 사상구 삼락동,경상사고,0,0,2,0,차대차 - 측면직각충돌,신호위반,건조,맑음,교차로 - 교차로부근,이륜,남,23세,상해없음,이륜,남,24세,경상
2015093000100606,2015년 9월 30일 21시,수요일,부산광역시 동래구 온천동,경상사고,0,0,1,0,차대차 - 추돌 - 주정차중,안전운전불이행,건조,맑음,단일로 - 기타,승합,남,48세,상해없음,승용,여,51세,경상
2015093000100607,2015년 9월 30일 21시,수요일,부산광역시 사하구 하단동,사망사고,1,0,0,0,차대차 - 측면직각충돌,신호위반,건조,맑음,단일로 - 기타,승용,남,65세,상해없음,이륜,남,19세,사망
2015100100100007,2015년 10월 1일 00시,목요일,부산광역시 중구 대창동2가,중상사고,0,1,0,0,차대사람 - 횡단중,안전운전불이행,건조,맑음,단일로 - 기타,승용,남,60세,상해없음,보행자,남,46세,중상
2015100100100008,2015년 10월 1일 00시,목요일,부산광역시 수영구 남천동,경상사고,0,0,1,0,차대차 - 추돌 - 진행중,안전거리미확보,건조,흐림,교차로 - 교차로안,이륜,남,22세,경상,이륜,남,23세,상해없음
2015100100100009,2015년 10월 1일 00시,목요일,부산광역시 수영구 광안동,중상사고,0,2,1,0,차대차 - 추돌 - 주정차중,안전운전불이행,건조,맑음,단일로 - 기타,승용,남,74세,상해없음,승용,남,19세,중상
2015100100100010,2015년 10월 1일 00시,목요일,부산광역시 해운대구 중동,경상사고,0,0,2,0,차대차 - 추돌 - 주정차중,안전운전불이행,건조,흐림,교차로 - 교차로부근,승용,남,30세,상해없음,승용,남,45세,경상
2015100100100011,2015년 10월 1일 00시,목요일,부산광역시 해운대구 우동,중상사고,0,1,0,0,차대차 - 측면직각충돌,신호위반,건조,맑음,교차로 - 교차로부근,승용,남,56세,상해없음,이륜,남,66세,중상
2015100100100035,2015년 10월 1일 01시,목요일,부산광역시 남구 대연동,중상사고,0,1,0,0,차대차 - 추돌 - 진행중,차로위반,습기,흐림,단일로 - 기타,승용,남,19세,상해없음,이륜,남,26세,중상
2015100100100036,2015년 10월 1일 01시,목요일,부산광역시 동래구 안락동,중상사고,0,1,1,0,차대차 - 측면직각충돌,신호위반,습기,비,교차로 - 교차로안,화물,남,55세,상해없음,승용,남,28세,중상
2015100100100067,2015년 10월 1일 03시,목요일,부산광역시 기장군 철마면,중상사고,0,1,0,0,차량단독 - 공작물충돌,안전운전불이행,습기,비,단일로 - 기타,승용,남,30세,중상,,,,
2015100100100087,2015년 10월 1일 05시,목요일,부산광역시 해운대구 중동,중상사고,0,1,0,0,차대차 - 정면충돌,신호위반,습기,비,교차로 - 교차로안,승용,남,61세,상해없음,이륜,남,35세,중상
2015100100100120,2015년 10월 1일 07시,목요일,부산광역시 서구 서대신동2가,중상사고,0,2,1,0,차대차 - 추돌 - 주정차중,안전운전불이행,습기,비,단일로 - 기타,승합,여,52세,상해없음,승용,여,29세,중상
2015100100100121,2015년 10월 1일 07시,목요일,부산광역시 북구 만덕동,중상사고,0,1,0,0,차대차 - 추돌 - 진행중,안전운전불이행,습기,비,단일로 - 기타,승용,남,35세,상해없음,승용,여,54세,상해없음
2015100100100122,2015년 10월 1일 07시,목요일,부산광역시 강서구 송정동,중상사고,0,1,0,0,차대차 - 측면직각충돌,신호위반,습기,비,교차로 - 교차로안,승용,남,26세,상해없음,특수,남,32세,중상
2015100100100147,2015년 10월 1일 08시,목요일,부산광역시 동구 수정동,경상사고,0,0,1,0,차대사람 - 기타,안전운전불이행,습기,비,단일로 - 기타,승용,여,42세,상해없음,보행자,남,84세,경상
2015100100100148,2015년 10월 1일 08시,목요일,부산광역시 동래구 명장동,경상사고,0,0,1,0,차대차 - 추돌 - 진행중,안전거리미확보,건조,맑음,단일로 - 기타,승용,여,30세,상해없음,승용,남,52세,경상
2015100100100149,2015년 10월 1일 08시,목요일,부산광역시 부산진구 초읍동,경상사고,0,0,1,0,차대사람 - 횡단중,보행자보호의무위반,습기,비,단일로 - 횡단보도상,승용,기타불명,기타불명,기타불명,보행자,남,15세,경상
2015100100100150,2015년 10월 1일 08시,목요일,부산광역시 기장군 정관읍,경상사고,0,0,3,0,차대차 - 측면직각충돌,신호위반,습기,비,교차로 - 교차로안,승용,남,51세,상해없음,승용,여,37세,경상
2015100100100223,2015년 10월 1일 10시,목요일,부산광역시 해운대구 중동,경상사고,0,0,2,0,차대차 - 기타,안전운전불이행,습기,비,교차로 - 교차로부근,승용,여,52세,경상,승용,남,68세,경상
2015100100100243,2015년 10월 1일 11시,목요일,부산광역시 부산진구 개금동,경상사고,0,0,1,0,차대사람 - 횡단중,안전운전불이행,건조,맑음,단일로 - 기타,승용,남,49세,상해없음,보행자,여,82세,경상
2015100100100278,2015년 10월 1일 12시,목요일,부산광역시 부산진구 초읍동,경상사고,0,0,1,0,차량단독 - 기타,안전운전불이행,습기,비,단일로 - 기타,승합,남,47세,상해없음,,,,
2015100100100279,2015년 10월 1일 12시,목요일,부산광역시 연제구 연산동,경상사고,0,0,1,0,차대차 - 추돌 - 주정차중,안전운전불이행,건조,맑음,단일로 - 기타,승용,남,58세,상해없음,원동기,남,51세,경상
2015100100100307,2015년 10월 1일 13시,목요일,부산광역시 남구 용당동,경상사고,0,0,1,0,차대차 - 추돌 - 진행중,안전거리미확보,건조,맑음,단일로 - 기타,화물,남,70세,상해없음,화물,남,34세,경상
2015100100100308,2015년 10월 1일 13시,목요일,부산광역시 금정구 부곡동,경상사고,0,0,1,0,차량단독 - 전도전복,안전운전불이행,습기,비,단일로 - 기타,원동기,남,62세,경상,,,,
2015100100100372,2015년 10월 1일 15시,목요일,부산광역시 금정구 구서동,경상사고,0,0,1,0,차량단독 - 기타,안전운전불이행,습기,비,단일로 - 기타,승합,남,38세,상해없음,,,,
2015100100100439,2015년 10월 1일 17시,목요일,부산광역시 해운대구 우동,중상사고,0,1,0,0,차대사람 - 기타,안전운전불이행,습기,비,교차로 - 교차로안,승용,남,33세,상해없음,보행자,여,17세,중상
2015100100100440,2015년 10월 1일 17시,목요일,부산광역시 부산진구 전포동,경상사고,0,0,1,0,차대사람 - 횡단중,신호위반,습기,비,단일로 - 횡단보도부근,승용,여,30세,상해없음,보행자,여,18세,경상
2015100100100469,2015년 10월 1일 18시,목요일,부산광역시 동래구 사직동,부상신고사고,0,0,0,1,차대차 - 측면직각충돌,안전운전불이행,습기,비,단일로 - 기타,원동기,남,57세,부상신고,화물,남,58세,상해없음
2015100100100470,2015년 10월 1일 18시,목요일,부산광역시 사하구 하단동,부상신고사고,0,0,0,1,차대차 - 기타,신호위반,건조,맑음,단일로 - 기타,자전거,남,17세,부상신고,승용,남,54세,상해없음
2015100100100471,2015년 10월 1일 18시,목요일,부산광역시 연제구 연산동,중상사고,0,1,0,0,차대사람 - 횡단중,안전운전불이행,습기,비,단일로 - 기타,승용,남,42세,상해없음,보행자,여,75세,중상
2015100100100515,2015년 10월 1일 19시,목요일,부산광역시 부산진구 초읍동,부상신고사고,0,0,0,1,차대차 - 기타,안전운전불이행,습기,흐림,교차로 - 교차로안,이륜,남,26세,부상신고,승용,남,38세,상해없음
2015100100100516,2015년 10월 1일 19시,목요일,부산광역시 부산진구 전포동,부상신고사고,0,0,0,1,차대차 - 기타,신호위반,습기,흐림,교차로 - 교차로부근,이륜,남,17세,부상신고,승용,여,39세,상해없음
2015100100100549,2015년 10월 1일 20시,목요일,부산광역시 북구 덕천동,중상사고,0,1,0,0,차대사람 - 기타,안전운전불이행,건조,맑음,교차로 - 교차로안,승용,남,19세,상해없음,보행자,남,48세,중상
2015100100100550,2015년 10월 1일 20시,목요일,부산광역시 연제구 연산동,중상사고,0,1,0,0,차대차 - 측면직각충돌,안전운전불이행,건조,맑음,단일로 - 기타,원동기,남,21세,상해없음,원동기,남,16세,중상
2015100100100551,2015년 10월 1일 20시,목요일,부산광역시 강서구 명지동,경상사고,0,0,1,0,차대차 - 측면직각충돌,교차로운행방법위반,건조,맑음,교차로 - 교차로부근,승용,여,46세,상해없음,이륜,남,25세,경상
2015100200100017,2015년 10월 2일 01시,금요일,부산광역시 동래구 온천동,중상사고,0,3,0,0,차대차 - 정면충돌,중앙선침범,건조,맑음,교차로 - 교차로안,승용,여,43세,상해없음,승용,남,46세,중상
2015100200100018,2015년 10월 2일 01시,금요일,부산광역시 동래구 사직동,중상사고,0,1,0,0,차량단독 - 공작물충돌,안전운전불이행,건조,맑음,교차로 - 교차로부근,승용,남,54세,상해없음,,,,
2015100200100030,2015년 10월 2일 02시,금요일,부산광역시 사하구 다대동,경상사고,0,0,1,0,차량단독 - 전도전복,안전운전불이행,건조,흐림,교차로 - 교차로부근,이륜,남,17세,경상,,,,
2015100200100039,2015년 10월 2일 03시,금요일,부산광역시 중구 영주동,경상사고,0,0,2,0,차대차 - 측면직각충돌,안전운전불이행,건조,흐림,단일로 - 기타,이륜,남,17세,상해없음,이륜,남,17세,경상
2015100200100040,2015년 10월 2일 03시,금요일,부산광역시 해운대구 좌동,경상사고,0,0,3,0,차대차 - 추돌 - 주정차중,안전운전불이행,건조,맑음,단일로 - 기타,승용,남,37세,상해없음,승용,남,27세,경상
2015100200100041,2015년 10월 2일 03시,금요일,부산광역시 부산진구 범천동,중상사고,0,1,0,0,차대차 - 측면직각충돌,안전운전불이행,건조,맑음,교차로 - 교차로안,승용,남,65세,상해없음,이륜,남,34세,중상
2015100200100065,2015년 10월 2일 06시,금요일,부산광역시 기장군 기장읍,중상사고,0,3,0,0,차대차 - 추돌 - 진행중,안전운전불이행,건조,맑음,단일로 - 기타,승합,남,71세,상해없음,승용,남,55세,중상
2015100200100080,2015년 10월 2일 07시,금요일,부산광역시 부산진구 부전동,중상사고,0,1,0,0,차대사람 - 길가장자리구역통행중,안전운전불이행,건조,맑음,단일로 - 기타,승용,남,61세,상해없음,보행자,여,64세,중상
2015100200100117,2015년 10월 2일 08시,금요일,부산광역시 금정구 서동,경상사고,0,0,1,0,차대차 - 측면직각충돌,안전운전불이행,건조,맑음,교차로 - 교차로안,승용,남,65세,상해없음,승용,여,31세,경상
2015100200100167,2015년 10월 2일 09시,금요일,부산광역시 강서구 명지동,경상사고,0,0,1,0,차량단독 - 공작물충돌,안전운전불이행,건조,맑음,교차로 - 교차로부근,승용,남,29세,상해없음,,,,
2015100200100205,2015년 10월 2일 10시,금요일,부산광역시 동래구 명장동,중상사고,0,1,0,0,차대사람 - 횡단중,안전운전불이행,건조,맑음,단일로 - 기타,승용,여,42세,상해없음,보행자,여,71세,중상
2015100200100243,2015년 10월 2일 11시,금요일,부산광역시 영도구 동삼동,중상사고,0,1,0,0,차대차 - 추돌 - 진행중,안전운전불이행,건조,맑음,단일로 - 기타,기타불명,기타불명,기타불명,기타불명,이륜,남,52세,중상
2015100200100244,2015년 10월 2일 11시,금요일,부산광역시 사하구 신평동,중상사고,0,2,0,0,차대차 - 기타,신호위반,건조,맑음,교차로 - 교차로안,승용,여,42세,중상,승용,남,56세,중상
2015100200100305,2015년 10월 2일 13시,금요일,부산광역시 수영구 광안동,중상사고,0,1,0,0,차대사람 - 기타,안전운전불이행,건조,맑음,교차로 - 교차로안,승용,여,51세,상해없음,보행자,남,20세,중상
2015100200100306,2015년 10월 2일 13시,금요일,부산광역시 해운대구 중동,부상신고사고,0,0,0,1,차대사람 - 기타,안전운전불이행,건조,맑음,단일로 - 기타,승용,남,21세,상해없음,보행자,남,17세,부상신고
2015100200100307,2015년 10월 2일 13시,금요일,부산광역시 부산진구 부암동,경상사고,0,0,1,0,차대차 - 기타,신호위반,건조,맑음,교차로 - 교차로안,자전거,남,78세,경상,승용,여,39세,상해없음
2015100200100308,2015년 10월 2일 13시,금요일,부산광역시 강서구 명지동,중상사고,0,1,0,0,차대차 - 기타,안전거리미확보,건조,맑음,교차로 - 교차로부근,승용,여,41세,기타불명,화물,남,49세,중상