사고번호,사고일시,요일,시군구,사고내용,사망자수,중상자수,경상자수,부상신고자수,사고유형,법규위반,노면상태,기상상태,도로형태,가해운전자 차종,가해운전자 성별,가해운전자 연령,가해운전자 상해정도,피해운전자 차종,피해운전자 성별,피해운전자 연령,피해운전자 상해정도
2015100600100028,2015년 10월 6일 01시,화요일,부산광역시 동래구 온천동,중상사고,0,1,0,0,차대사람 - 횡단중,안전운전불이행,건조,맑음,단일로 - 기타,승용,남,67세,상해없음,보행자,남,51세,중상
2015100600100029,2015년 10월 6일 01시,화요일,부산광역시 해운대구 우동,경상사고,0,0,1,0,차대사람 - 기타,안전운전불이행,건조,흐림,교차로 - 교차로안,승용,여,33세,상해없음,보행자,남,45세,경상
2015100600100030,2015년 10월 6일 01시,화요일,부산광역시 연제구 연산동,경상사고,0,0,2,0,차대차 - 측면직각충돌,중앙선침범,건조,맑음,단일로 - 기타,승용,남,54세,상해없음,승용,남,62세,경상
2015100600100043,2015년 10월 6일 02시,화요일,부산광역시 해운대구 중동,사망사고,1,0,0,0,차대사람 - 횡단중,안전운전불이행,건조,맑음,교차로 - 교차로안,승용,남,35세,상해없음,보행자,남,79세,사망
2015100600100051,2015년 10월 6일 03시,화요일,부산광역시 서구 남부민동,중상사고,0,2,1,0,차대차 - 측면직각충돌,신호위반,건조,맑음,교차로 - 교차로안,승용,남,49세,중상,승용,남,20세,경상
2015100600100052,2015년 10월 6일 03시,화요일,부산광역시 부산진구 초읍동,중상사고,0,1,0,0,차대차 - 기타,신호위반,건조,맑음,교차로 - 교차로부근,승용,남,51세,상해없음,자전거,남,59세,중상
2015100600100053,2015년 10월 6일 03시,화요일,부산광역시 사하구 감천동,중상사고,0,1,0,0,차대차 - 추돌 - 주정차중,안전운전불이행,건조,맑음,단일로 - 기타,승용,남,47세,중상,화물,남,41세,상해없음
2015100600100062,2015년 10월 6일 04시,화요일,부산광역시 부산진구 양정동,경상사고,0,0,2,4,차대차 - 추돌 - 주정차중,안전운전불이행,건조,맑음,교차로 - 교차로부근,승용,남,69세,상해없음,승용,남,40세,경상
2015100600100067,2015년 10월 6일 05시,화요일,부산광역시 동래구 온천동,경상사고,0,0,1,0,차대사람 - 차도통행중,안전운전불이행,건조,맑음,교차로 - 교차로안,승용,남,58세,상해없음,보행자,남,39세,경상
2015100600100082,2015년 10월 6일 06시,화요일,부산광역시 사상구 감전동,경상사고,0,0,1,0,차대차 - 기타,교차로운행방법위반,건조,맑음,단일로 - 기타,화물,기타불명,기타불명,기타불명,승합,남,53세,상해없음
2015100600100095,2015년 10월 6일 07시,화요일,부산광역시 금정구 구서동,중상사고,0,1,0,0,차대차 - 측면직각충돌,교차로운행방법위반,건조,맑음,교차로 - 교차로안,승용,남,40세,상해없음,승용,여,41세,중상
2015100600100096,2015년 10월 6일 07시,화요일,부산광역시 금정구 두구동,부상신고사고,0,0,0,1,차대차 - 측면직각충돌,안전운전불이행,건조,맑음,단일로 - 기타,승용,여,56세,상해없음,이륜,남,58세,부상신고
2015100600100120,2015년 10월 6일 08시,화요일,부산광역시 서구 서대신동3가,경상사고,0,0,1,0,차대차 - 추돌 - 주정차중,안전거리미확보,건조,맑음,단일로 - 기타,승합,남,49세,상해없음,승용,여,47세,경상
2015100600100121,2015년 10월 6일 08시,화요일,부산광역시 부산진구 부전동,경상사고,0,0,1,0,차대차 - 기타,안전거리미확보,건조,맑음,단일로 - 기타,승용,남,37세,상해없음,승용,여,47세,경상
2015100600100169,2015년 10월 6일 09시,화요일,부산광역시 금정구 남산동,중상사고,0,1,2,2,차대사람 - 기타,안전운전불이행,건조,맑음,기타 - 기타,승용,여,70세,부상신고,보행자,남,74세,경상
2015100600100170,2015년 10월 6일 09시,화요일,부산광역시 강서구 명지동,경상사고,0,0,1,0,차대차 - 측면직각충돌,안전거리미확보,건조,맑음,단일로 - 교량,화물,남,56세,상해없음,승용,남,44세,경상
2015100600100204,2015년 10월 6일 10시,화요일,부산광역시 남구 문현동,경상사고,0,0,1,0,차대사람 - 횡단중,기타,건조,맑음,단일로 - 기타,화물,남,36세,상해없음,보행자,남,36세,경상
2015100600100205,2015년 10월 6일 10시,화요일,부산광역시 기장군 기장읍,경상사고,0,0,1,0,차대차 - 추돌 - 주정차중,안전거리미확보,건조,맑음,교차로 - 교차로부근,화물,남,56세,상해없음,승용,여,35세,경상
2015100600100235,2015년 10월 6일 11시,화요일,부산광역시 남구 용당동,경상사고,0,0,1,0,차대차 - 기타,안전운전불이행,건조,맑음,단일로 - 기타,이륜,남,37세,상해없음,승합,남,50세,상해없음
2015100600100236,2015년 10월 6일 11시,화요일,부산광역시 금정구 금사동,경상사고,0,0,1,0,차대사람 - 보도통행중,보행자보호의무위반,건조,맑음,단일로 - 횡단보도상,승용,남,66세,상해없음,보행자,남,53세,경상
2015100600100237,2015년 10월 6일 11시,화요일,부산광역시 수영구 망미동,중상사고,0,1,0,0,차대차 - 측면직각충돌,교차로운행방법위반,건조,맑음,교차로 - 교차로안,승용,남,35세,상해없음,이륜,남,67세,중상
2015100600100270,2015년 10월 6일 12시,화요일,부산광역시 동래구 수안동,경상사고,0,0,1,0,차대차 - 측면직각충돌,안전운전불이행,건조,맑음,단일로 - 기타,승용,기타불명,기타불명,기타불명,자전거,남,15세,경상
2015100600100271,2015년 10월 6일 12시,화요일,부산광역시 동래구 수안동,중상사고,0,1,0,0,차대차 - 추돌 - 진행중,안전거리미확보,건조,맑음,단일로 - 기타,승합,남,58세,상해없음,승용,여,61세,중상
2015100600100314,2015년 10월 6일 13시,화요일,부산광역시 남구 대연동,경상사고,0,0,1,0,차대차 - 추돌 - 진행중,차로위반,건조,맑음,단일로 - 교량,승용,남,69세,상해없음,승용,남,23세,경상
2015100600100315,2015년 10월 6일 13시,화요일,부산광역시 동래구 온천동,경상사고,0,0,3,0,차대차 - 추돌 - 주정차중,안전운전불이행,건조,맑음,단일로 - 기타,승용,여,20세,상해없음,승용,남,62세,경상
2015100600100316,2015년 10월 6일 13시,화요일,부산광역시 영도구 신선동2가,경상사고,0,0,1,0,차대사람 - 기타,안전운전불이행,건조,맑음,단일로 - 기타,승용,남,51세,상해없음,보행자,여,79세,경상
2015100600100317,2015년 10월 6일 13시,화요일,부산광역시 사상구 학장동,중상사고,0,1,0,0,차대차 - 측면직각충돌,신호위반,건조,맑음,교차로 - 교차로안,승용,남,58세,상해없음,이륜,남,62세,중상
2015100600100361,2015년 10월 6일 14시,화요일,부산광역시 영도구 청학동,중상사고,0,2,1,0,차대차 - 기타,안전운전불이행,건조,맑음,단일로 - 기타,화물,남,57세,상해없음,화물,남,32세,경상
2015100600100362,2015년 10월 6일 14시,화요일,부산광역시 사하구 괴정동,부상신고사고,0,0,0,1,차량단독 - 기타,안전운전불이행,건조,맑음,단일로 - 기타,승합,남,54세,상해없음,,,,
2015100600100363,2015년 10월 6일 14시,화요일,부산광역시 기장군 정관읍,사망사고,1,2,1,0,차대차 - 측면직각충돌,신호위반,건조,맑음,단일로 - 기타,승용,여,46세,중상,화물,남,54세,경상
2015100600100408,2015년 10월 6일 15시,화요일,부산광역시 부산진구 가야동,경상사고,0,0,1,0,차대차 - 측면직각충돌,교차로운행방법위반,건조,맑음,교차로 - 교차로안,승용,여,55세,상해없음,승용,여,45세,경상
2015100600100409,2015년 10월 6일 15시,화요일,부산광역시 사하구 장림동,부상신고사고,0,0,0,1,차대사람 - 횡단중,보행자보호의무위반,건조,맑음,교차로 - 교차로안,승합,남,72세,상해없음,보행자,여,6세,부상신고
2015100600100490,2015년 10월 6일 17시,화요일,부산광역시 수영구 광안동,경상사고,0,0,1,0,차대사람 - 횡단중,안전운전불이행,건조,맑음,교차로 - 교차로부근,이륜,남,32세,상해없음,보행자,여,5세,경상
2015100600100492,2015년 10월 6일 17시,화요일,부산광역시 금정구 장전동,부상신고사고,0,0,0,1,차대차 - 추돌 - 주정차중,안전운전불이행,건조,맑음,단일로 - 기타,승합,남,63세,상해없음,승용,남,38세,부상신고
2015100600100521,2015년 10월 6일 18시,화요일,부산광역시 동구 초량동,경상사고,0,0,2,0,차대사람 - 기타,안전운전불이행,건조,맑음,단일로 - 기타,승합,남,54세,상해없음,보행자,남,51세,경상
2015100600100522,2015년 10월 6일 18시,화요일,부산광역시 수영구 남천동,경상사고,0,0,1,0,차대차 - 측면직각충돌,안전운전불이행,건조,맑음,단일로 - 기타,승용,여,51세,상해없음,자전거,남,8세,경상
2015100600100523,2015년 10월 6일 18시,화요일,부산광역시 북구 구포동,중상사고,0,2,3,0,차대차 - 추돌 - 진행중,안전운전불이행,건조,맑음,교차로 - 교차로부근,승합,남,49세,상해없음,승용,여,30세,경상
2015100600100524,2015년 10월 6일 18시,화요일,부산광역시 해운대구 재송동,중상사고,0,1,0,0,차대차 - 기타,안전운전불이행,건조,맑음,단일로 - 기타,승용,여,61세,상해없음,이륜,남,53세,중상
2015100600100573,2015년 10월 6일 19시,화요일,부산광역시 금정구 장전동,경상사고,0,0,1,0,차대사람 - 길가장자리구역통행중,안전운전불이행,건조,맑음,단일로 - 기타,기타불명,기타불명,기타불명,기타불명,보행자,남,47세,경상
2015100600100615,2015년 10월 6일 20시,화요일,부산광역시 기장군 기장읍,경상사고,0,0,2,0,차대차 - 측면직각충돌,안전운전불이행,건조,맑음,교차로 - 교차로안,승용,남,45세,상해없음,승용,여,29세,경상
2015100600100650,2015년 10월 6일 21시,화요일,부산광역시 서구 아미동2가,중상사고,0,1,0,0,차대사람 - 길가장자리구역통행중,안전운전불이행,건조,맑음,단일로 - 기타,승용,여,47세,상해없음,보행자,남,56세,중상
2015100600100651,2015년 10월 6일 21시,화요일,부산광역시 남구 문현동,중상사고,0,1,0,0,차대차 - 측면직각충돌,신호위반,건조,맑음,단일로 - 횡단보도상,승용,남,67세,상해없음,자전거,남,47세,중상
2015100600100652,2015년 10월 6일 21시,화요일,부산광역시 동래구 명장동,경상사고,0,0,1,0,차대차 - 추돌 - 진행중,안전운전불이행,건조,맑음,단일로 - 기타,이륜,기타불명,기타불명,기타불명,이륜,남,38세,경상
2015100600100653,2015년 10월 6일 21시,화요일,부산광역시 사하구 감천동,경상사고,0,0,1,0,차대사람 - 기타,안전운전불이행,건조,맑음,단일로 - 기타,승용,남,39세,상해없음,보행자,남,54세,경상
2015100600100654,2015년 10월 6일 21시,화요일,부산광역시 사상구 괘법동,중상사고,0,1,0,0,차대차 - 측면직각충돌,교차로운행방법위반,건조,맑음,교차로 - 교차로안,승용,남,21세,상해없음,자전거,남,27세,중상
2015100600100696,2015년 10월 6일 22시,화요일,부산광역시 남구 감만동,중상사고,0,1,0,0,차대차 - 측면직각충돌,신호위반,건조,맑음,교차로 - 교차로안,승용,남,65세,상해없음,원동기,남,24세,중상
2015100700100018,2015년 10월 7일 01시,수요일,부산광역시 수영구 남천동,중상사고,0,1,2,0,차대차 - 추돌 - 진행중,안전운전불이행,건조,맑음,교차로 - 교차로안,승용,남,58세,상해없음,승용,남,62세,경상
2015100700100019,2015년 10월 7일 01시,수요일,부산광역시 해운대구 우동,중상사고,0,2,1,0,차대차 - 기타,교차로운행방법위반,기타,맑음,교차로 - 교차로안,승용,남,30세,상해없음,승용,여,42세,중상
2015100700100030,2015년 10월 7일 02시,수요일,부산광역시 남구 대연동,경상사고,0,0,1,0,차대사람 - 기타,안전운전불이행,건조,맑음,단일로 - 기타,승용,남,19세,상해없음,보행자,여,21세,경상
2015100700100031,2015년 10월 7일 02시,수요일,부산광역시 해운대구 중동,중상사고,0,1,0,0,차량단독 - 공작물충돌,안전운전불이행,건조,맑음,단일로 - 교량,이륜,남,23세,중상,,,,
2015100700100043,2015년 10월 7일 04시,수요일,부산광역시 북구 화명동,중상사고,0,1,0,0,차대차 - 측면직각충돌,신호위반,건조,맑음,교차로 - 교차로안,승용,여,51세,상해없음,승용,남,60세,중상
2015100700100044,2015년 10월 7일 04시,수요일,부산광역시 부산진구 부암동,중상사고,0,1,2,0,차대차 - 측면직각충돌,신호위반,건조,맑음,교차로 - 교차로안,승용,남,51세,상해없음,승용,남,60세,중상
2015100700100057,2015년 10월 7일 05시,수요일,부산광역시 연제구 연산동,경상사고,0,0,1,0,차대차 - 추돌 - 진행중,안전운전불이행,건조,맑음,단일로 - 횡단보도부근,승용,남,46세,상해없음,승용,남,42세,경상
2015100700100058,2015년 10월 7일 05시,수요일,부산광역시 기장군 정관읍,사망사고,1,0,0,0,차대사람 - 횡단중,신호위반,건조,맑음,단일로 - 기타,승합,남,42세,상해없음,보행자,여,66세,사망
2015100700100059,2015년 10월 7일 05시,수요일,부산광역시 기장군 기장읍,경상사고,0,0,2,0,차대차 - 측면직각충돌,신호위반,건조,맑음,교차로 - 교차로안,승용,남,61세,상해없음,건설기계,남,44세,경상
2015100700100073,2015년 10월 7일 06시,수요일,부산광역시 해운대구 우동,중상사고,0,1,3,0,차대차 - 추돌 - 주정차중,안전운전불이행,건조,맑음,단일로 - 기타,승용,남,32세,상해없음,승용,남,33세,경상
2015100700100074,2015년 10월 7일 06시,수요일,부산광역시 강서구 대저1동,중상사고,0,1,1,0,차대차 - 추돌 - 주정차중,안전운전불이행,건조,맑음,단일로 - 기타,승용,남,58세,상해없음,화물,남,60세,중상
2015100700100085,2015년 10월 7일 07시,수요일,부산광역시 동구 초량동,부상신고사고,0,0,0,1,차대차 - 기타,차로위반,건조,맑음,단일로 - 기타,화물,남,60세,상해없음,승용,남,35세,부상신고
2015100700100086,2015년 10월 7일 07시,수요일,부산광역시 사하구 신평동,경상사고,0,0,1,0,차대차 - 측면직각충돌,안전운전불이행,건조,맑음,단일로 - 기타,승용,여,44세,상해없음,화물,남,43세,경상
2015100700100087,2015년 10월 7일 07시,수요일,부산광역시 사하구 하단동,경상사고,0,0,1,0,차대차 - 기타,안전운전불이행,건조,맑음,단일로 - 기타,승합,남,62세,상해없음,승합,남,65세,경상
2015100700100190,2015년 10월 7일 10시,수요일,부산광역시 서구 암남동,중상사고,0,1,0,0,차대차 - 추돌 - 주정차중,안전거리미확보,건조,맑음,단일로 - 기타,승용,남,24세,상해없음,이륜,남,47세,중상
2015100700100238,2015년 10월 7일 11시,수요일,부산광역시 동래구 온천동,경상사고,0,0,1,0,차대차 - 측면직각충돌,안전거리미확보,건조,맑음,단일로 - 기타,승용,여,25세,상해없음,승용,남,75세,경상
2015100700100271,2015년 10월 7일 12시,수요일,부산광역시 동구 범일동,경상사고,0,0,1,0,차대차 - 측면직각충돌,안전운전불이행,건조,맑음,단일로 - 기타,승용,여,58세,상해없음,승용,여,70세,경상
2015100700100272,2015년 10월 7일 12시,수요일,부산광역시 해운대구 반여동,중상사고,0,1,0,0,차대차 - 기타,교차로운행방법위반,건조,맑음,교차로 - 교차로안,승합,남,68세,상해없음,자전거,여,46세,중상
2015100700100297,2015년 10월 7일 13시,수요일,부산광역시 동래구 안락동,경상사고,0,0,1,0,차대차 - 추돌 - 주정차중,안전거리미확보,건조,맑음,단일로 - 기타,이륜,남,39세,상해없음,승용,남,46세,경상
2015100700100325,2015년 10월 7일 14시,수요일,부산광역시 부산진구 개금동,중상사고,0,1,0,0,차대사람 - 횡단중,안전운전불이행,건조,맑음,단일로 - 기타,승용,여,38세,상해없음,보행자,남,50세,중상
2015100700100326,2015년 10월 7일 14시,수요일,부산광역시 금정구 장전동,경상사고,0,0,1,0,차대차 - 측면직각충돌,기타,건조,맑음,교차로 - 교차로안,승용,여,39세,상해없음,승용,남,54세,경상
2015100700100363,2015년 10월 7일 15시,수요일,부산광역시 부산진구 가야동,경상사고,0,0,1,0,차대사람 - 횡단중,안전운전불이행,건조,맑음,단일로 - 기타,화물,남,30세,상해없음,보행자,여,66세,경상
2015100700100364,2015년 10월 7일 15시,수요일,부산광역시 사하구 신평동,중상사고,0,1,0,0,차대차 - 측면직각충돌,안전운전불이행,건조,맑음,단일로 - 기타,승용,여,41세,상해없음,화물,남,52세,중상
2015100700100365,2015년 10월 7일 15시,수요일,부산광역시 사하구 괴정동,경상사고,0,0,1,0,차대사람 - 횡단중,안전운전불이행,건조,맑음,단일로 - 기타,승용,여,55세,상해없음,보행자,남,14세,경상
2015100700100397,2015년 10월 7일 16시,수요일,부산광역시 부산진구 당감동,중상사고,0,1,0,0,차대차 - 추돌 - 진행중,안전거리미확보,건조,맑음,단일로 - 터널,화물,남,59세,상해없음,승용,여,41세,중상
2015100700100430,2015년 10월 7일 17시,수요일,부산광역시 금정구 장전동,경상사고,0,0,1,0,차대사람 - 기타,중앙선침범,건조,맑음,단일로 - 기타,화물,남,51세,상해없음,보행자,여,80세,경상
2015100700100431,2015년 10월 7일 17시,수요일,부산광역시 연제구 연산동,경상사고,0,0,1,0,차대차 - 측면직각충돌,기타,건조,맑음,단일로 - 기타,승용,남,64세,상해없음,원동기,남,57세,경상
2015100700100469,2015년 10월 7일 18시,수요일,부산광역시 북구 금곡동,중상사고,0,1,1,0,차대사람 - 횡단중,신호위반,건조,맑음,교차로 - 교차로부근,이륜,남,20세,경상,보행자,남,56세,중상
2015100700100470,2015년 10월 7일 18시,수요일,부산광역시 금정구 부곡동,경상사고,0,0,2,0,차대사람 - 차도통행중,안전운전불이행,건조,맑음,교차로 - 교차로안,승합,남,39세,상해없음,보행자,여,49세,경상
2015100700100523,2015년 10월 7일 19시,수요일,부산광역시 동구 수정동,경상사고,0,0,3,0,차대차 - 추돌 - 진행중,안전거리미확보,건조,맑음,단일로 - 기타,승용,남,55세,상해없음,화물,남,31세,경상
2015100700100524,2015년 10월 7일 19시,수요일,부산광역시 사하구 다대동,경상사고,0,0,1,1,차대차 - 기타,안전운전불이행,건조,맑음,단일로 - 기타,승용,남,70세,부상신고,승용,남,57세,경상
2015100700100525,2015년 10월 7일 19시,수요일,부산광역시 수영구 수영동,중상사고,0,1,0,0,차대차 - 기타,안전거리미확보,건조,맑음,단일로 - 기타,승용,남,31세,상해없음,승합,남,48세,상해없음
2015100700100526,2015년 10월 7일 19시,수요일,부산광역시 사상구 감전동,중상사고,0,1,3,3,차대차 - 측면직각충돌,신호위반,건조,맑음,교차로 - 교차로안,승용,남,42세,경상,승합,남,50세,경상
2015100700100576,2015년 10월 7일 20시,수요일,부산광역시 중구 영주동,사망사고,1,0,0,0,차대사람 - 횡단중,안전운전불이행,건조,맑음,단일로 - 횡단보도상,승용,남,22세,상해없음,보행자,남,58세,사망
2015100700100617,2015년 10월 7일 21시,수요일,부산광역시 금정구 오륜동,경상사고,0,0,1,0,차대차 - 측면직각충돌,안전운전불이행,건조,맑음,단일로 - 기타,기타불명,기타불명,기타불명,기타불명,화물,남,32세,경상
2015100700100618,2015년 10월 7일 21시,수요일,부산광역시 사하구 구평동,부상신고사고,0,0,0,1,차량단독 - 기타,안전운전불이행,건조,맑음,단일로 - 기타,이륜,남,57세,부상신고,,,,
2015100700100649,2015년 10월 7일 22시,수요일,부산광역시 사하구 장림동,경상사고,0,0,1,0,차대차 - 기타,안전운전불이행,건조,맑음,단일로 - 기타,승용,남,66세,상해없음,이륜,남,17세,경상
2015100700100677,2015년 10월 7일 23시,수요일,부산광역시 수영구 광안동,중상사고,0,1,0,0,차대차 - 측면직각충돌,중앙선침범,건조,맑음,단일로 - 기타,승용,남,51세,상해없음,원동기,남,18세,중상
2015100700100678,2015년 10월 7일 23시,수요일,부산광역시 북구 구포동,중상사고,0,1,0,0,차대사람 - 차도통행중,보행자보호의무위반,건조,맑음,교차로 - 교차로안,화물,남,42세,상해없음,보행자,남,49세,중상
2015100700100679,2015년 10월 7일 23시,수요일,부산광역시 부산진구 부전동,경상사고,0,0,1,0,차대차 - 측면직각충돌,교차로운행방법위반,건조,맑음,교차로 - 교차로안,승용,남,54세,상해없음,승용,남,57세,경상
2015100800100008,2015년 10월 8일 00시,목요일,부산광역시 동래구 온천동,중상사고,0,1,0,0,차대차 - 측면직각충돌,직진우회전진행방해,건조,맑음,교차로 - 교차로안,승용,남,53세,상해없음,승용,남,67세,중상
2015100800100036,2015년 10월 8일 01시,목요일,부산광역시 남구 대연동,경상사고,0,0,1,0,차대차 - 측면직각충돌,신호위반,건조,맑음,단일로 - 횡단보도부근,승용,남,45세,상해없음,자전거,남,24세,경상
2015100800100053,2015년 10월 8일 02시,목요일,부산광역시 수영구 민락동,부상신고사고,0,0,0,1,차량단독 - 공작물충돌,안전운전불이행,건조,맑음,단일로 - 기타,원동기,남,22세,부상신고,,,,
2015100800100054,2015년 10월 8일 02시,목요일,부산광역시 북구 덕천동,경상사고,0,0,1,0,차대사람 - 기타,안전운전불이행,건조,맑음,단일로 - 기타,승용,남,27세,상해없음,보행자,남,23세,경상
2015100800100055,2015년 10월 8일 02시,목요일,부산광역시 해운대구 좌동,경상사고,0,0,2,0,차대차 - 측면직각충돌,안전운전불이행,건조,맑음,교차로 - 교차로안,승용,기타불명,기타불명,기타불명,승용,남,49세,상해없음
2015100800100079,2015년 10월 8일 05시,목요일,부산광역시 강서구 대저2동,중상사고,0,1,0,0,차대차 - 측면직각충돌,안전운전불이행,건조,맑음,단일로 - 기타,화물,남,52세,상해없음,승용,남,38세,중상
2015100800100104,2015년 10월 8일 07시,목요일,부산광역시 남구 문현동,중상사고,0,1,0,0,차대사람 - 횡단중,안전운전불이행,건조,맑음,단일로 - 기타,승용,여,44세,상해없음,보행자,남,74세,중상
2015100800100105,2015년 10월 8일 07시,목요일,부산광역시 부산진구 범천동,사망사고,1,0,0,0,차대차 - 기타,안전운전불이행,건조,맑음,단일로 - 횡단보도부근,이륜,남,70세,사망,화물,남,42세,상해없음
2015100800100106,2015년 10월 8일 07시,목요일,부산광역시 사상구 모라동,부상신고사고,0,0,0,1,차대사람 - 기타,안전운전불이행,건조,흐림,단일로 - 기타,승합,기타불명,기타불명,기타불명,보행자,남,18세,부상신고
2015100800100107,2015년 10월 8일 07시,목요일,부산광역시 사상구 모라동,중상사고,0,1,0,0,차대차 - 측면직각충돌,안전운전불이행,건조,맑음,단일로 - 기타,승용,남,26세,상해없음,원동기,남,20세,중상
2015100800100143,2015년 10월 8일 08시,목요일,부산광역시 북구 덕천동,경상사고,0,0,1,0,차대사람 - 횡단중,안전운전불이행,건조,맑음,단일로 - 기타,승용,여,56세,상해없음,보행자,여,27세,경상
2015100800100144,2015년 10월 8일 08시,목요일,부산광역시 동래구 낙민동,중상사고,0,1,0,0,차대사람 - 횡단중,보행자보호의무위반,건조,맑음,단일로 - 기타,화물,남,37세,상해없음,보행자,남,14세,중상
2015100800100145,2015년 10월 8일 08시,목요일,부산광역시 사상구 감전동,중상사고,0,1,0,0,차대차 - 측면직각충돌,교차로운행방법위반,건조,맑음,단일로 - 기타,원동기,남,40세,중상,승용,남,54세,상해없음
2015100800100186,2015년 10월 8일 09시,목요일,부산광역시 수영구 남천동,경상사고,0,0,2,0,차대차 - 추돌 - 주정차중,기타,건조,맑음,교차로 - 교차로부근,승용,남,56세,상해없음,승용,여,40세,경상
2015100800100187,2015년 10월 8일 09시,목요일,부산광역시 북구 만덕동,중상사고,0,2,0,0,차대차 - 추돌 - 진행중,안전운전불이행,건조,맑음,단일로 - 기타,승용,여,51세,상해없음,승용,남,61세,중상
2015100800100188,2015년 10월 8일 09시,목요일,부산광역시 부산진구 당감동,중상사고,0,1,0,0,차대사람 - 기타,안전운전불이행,건조,맑음,단일로 - 기타,화물,남,25세,상해없음,보행자,여,76세,중상
2015100800100220,2015년 10월 8일 10시,목요일,부산광역시 남구 문현동,중상사고,0,1,0,0,차대사람 - 기타,안전운전불이행,건조,맑음,단일로 - 기타,승합,남,30세,상해없음,보행자,여,72세,중상
2015100800100221,2015년 10월 8일 10시,목요일,부산광역시 북구 화명동,경상사고,0,0,3,0,차대차 - 추돌 - 주정차중,안전운전불이행,건조,맑음,단일로 - 기타,승용,여,26세,상해없음,승용,여,50세,경상
2015100800100267,2015년 10월 8일 11시,목요일,부산광역시 부산진구 범천동,중상사고,0,1,0,0,차대사람 - 기타,안전운전불이행,건조,맑음,단일로 - 기타,승용,남,64세,상해없음,보행자,남,29세,중상
2015100800100299,2015년 10월 8일 12시,목요일,부산광역시 부산진구 양정동,경상사고,0,0,1,0,차량단독 - 기타,기타,건조,맑음,단일로 - 기타,승합,남,44세,상해없음,,,,
2015100800100334,2015년 10월 8일 13시,목요일,부산광역시 동래구 안락동,경상사고,0,0,2,0,차대사람 - 횡단중,보행자보호의무위반,건조,맑음,단일로 - 횡단보도상,승용,여,27세,상해없음,보행자,여,37세,경상
2015100800100335,2015년 10월 8일 13시,목요일,부산광역시 사상구 엄궁동,경상사고,0,0,4,0,차대차 - 추돌 - 주정차중,안전운전불이행,건조,맑음,단일로 - 기타,승용,남,53세,상해없음,승합,남,56세,경상
2015100800100368,2015년 10월 8일 14시,목요일,부산광역시 수영구 광안동,경상사고,0,0,1,0,차대사람 - 차도통행중,안전운전불이행,건조,맑음,단일로 - 기타,승용,여,41세,상해없음,보행자,여,42세,경상
2015100800100369,2015년 10월 8일 14시,목요일,부산광역시 강서구 명지동,중상사고,0,2,2,0,차대차 - 측면직각충돌,차로위반,건조,맑음,단일로 - 기타,화물,남,54세,상해없음,승용,남,48세,중상
2015100800100401,2015년 10월 8일 15시,목요일,부산광역시 금정구 청룡동,경상사고,0,0,1,0,차대사람 - 길가장자리구역통행중,기타,건조,맑음,단일로 - 기타,승용,여,41세,상해없음,보행자,남,12세,경상
2015100800100441,2015년 10월 8일 16시,목요일,부산광역시 중구 대청동2가,경상사고,0,0,1,0,차대차 - 기타,차로위반,건조,맑음,단일로 - 기타,승용,남,33세,상해없음,이륜,여,50세,경상
2015100800100442,2015년 10월 8일 16시,목요일,부산광역시 동구 수정동,중상사고,0,1,0,0,차대사람 - 차도통행중,안전운전불이행,건조,맑음,단일로 - 기타,승용,남,33세,상해없음,보행자,남,32세,중상
2015100800100443,2015년 10월 8일 16시,목요일,부산광역시 북구 금곡동,중상사고,0,1,0,0,차대사람 - 횡단중,안전운전불이행,건조,맑음,교차로 - 교차로안,화물,남,33세,상해없음,보행자,여,79세,중상
2015100800100444,2015년 10월 8일 16시,목요일,부산광역시 사상구 감전동,경상사고,0,0,1,0,차대차 - 추돌 - 진행중,안전거리미확보,건조,맑음,단일로 - 기타,승합,남,38세,상해없음,승용,여,57세,경상
2015100800100481,2015년 10월 8일 17시,목요일,부산광역시 영도구 봉래동1가,경상사고,0,0,1,0,차대차 - 기타,안전운전불이행,건조,맑음,기타 - 기타,이륜,남,27세,경상,승용,남,58세,상해없음
2015100800100525,2015년 10월 8일 18시,목요일,부산광역시 남구 용호동,중상사고,0,1,0,0,차대사람 - 기타,안전운전불이행,건조,맑음,단일로 - 기타,원동기,남,19세,상해없음,보행자,남,45세,중상
2015100800100526,2015년 10월 8일 18시,목요일,부산광역시 동래구 안락동,경상사고,0,0,1,0,차대사람 - 횡단중,보행자보호의무위반,건조,맑음,단일로 - 횡단보도상,자전거,남,13세,상해없음,보행자,여,78세,경상
2015100800100527,2015년 10월 8일 18시,목요일,부산광역시 해운대구 반여동,부상신고사고,0,0,0,1,차대사람 - 횡단중,보행자보호의무위반,건조,맑음,교차로 - 교차로부근,이륜,남,61세,상해없음,보행자,여,8세,부상신고
2015100800100528,2015년 10월 8일 18시,목요일,부산광역시 사상구 모라동,중상사고,0,1,1,0,차대차 - 추돌 - 진행중,안전거리미확보,건조,맑음,단일로 - 기타,화물,남,47세,상해없음,승합,남,39세,경상
2015100800100640,2015년 10월 8일 20시,목요일,부산광역시 수영구 광안동,경상사고,0,0,1,0,차대사람 - 길가장자리구역통행중,안전운전불이행,건조,맑음,단일로 - 기타,승용,여,41세,상해없음,보행자,여,24세,경상
2015100800100641,2015년 10월 8일 20시,목요일,부산광역시 동래구 명륜동,경상사고,0,0,1,0,차대사람 - 횡단중,신호위반,건조,맑음,교차로 - 교차로안,원동기,남,59세,상해없음,보행자,여,58세,경상