사고번호,사고일시,요일,시군구,사고내용,사망자수,중상자수,경상자수,부상신고자수,사고유형,법규위반,노면상태,기상상태,도로형태,가해운전자 차종,가해운전자 성별,가해운전자 연령,가해운전자 상해정도,피해운전자 차종,피해운전자 성별,피해운전자 연령,피해운전자 상해정도
2015100800100642,2015년 10월 8일 20시,목요일,부산광역시 부산진구 부전동,경상사고,0,0,1,0,차대사람 - 기타,안전운전불이행,건조,맑음,단일로 - 기타,승용,남,64세,상해없음,보행자,여,47세,경상
2015100800100643,2015년 10월 8일 20시,목요일,부산광역시 부산진구 가야동,중상사고,0,1,0,0,차대차 - 기타,안전운전불이행,건조,맑음,교차로 - 교차로안,화물,남,46세,상해없음,자전거,남,11세,중상
2015100800100644,2015년 10월 8일 20시,목요일,부산광역시 금정구 장전동,중상사고,0,1,0,0,차대사람 - 횡단중,안전운전불이행,건조,맑음,단일로 - 기타,승용,남,28세,상해없음,보행자,남,25세,중상
2015100800100680,2015년 10월 8일 21시,목요일,부산광역시 동래구 사직동,경상사고,0,0,1,0,차대차 - 추돌 - 진행중,안전운전불이행,건조,맑음,교차로 - 교차로안,원동기,남,28세,경상,화물,남,58세,상해없음
2015100800100681,2015년 10월 8일 21시,목요일,부산광역시 금정구 구서동,경상사고,0,0,1,0,차대차 - 측면직각충돌,신호위반,건조,맑음,교차로 - 교차로안,이륜,남,18세,상해없음,승용,남,56세,상해없음
2015100800100682,2015년 10월 8일 21시,목요일,부산광역시 연제구 연산동,부상신고사고,0,0,0,1,차대사람 - 차도통행중,안전운전불이행,건조,맑음,단일로 - 기타,승용,여,48세,상해없음,보행자,여,50세,부상신고
2015100800100719,2015년 10월 8일 22시,목요일,부산광역시 수영구 광안동,중상사고,0,1,0,0,차대사람 - 횡단중,보행자보호의무위반,건조,맑음,단일로 - 기타,승용,남,27세,상해없음,보행자,남,63세,중상
2015100900100009,2015년 10월 9일 00시,금요일,부산광역시 수영구 광안동,경상사고,0,0,2,0,차대차 - 추돌 - 주정차중,안전운전불이행,건조,맑음,단일로 - 기타,이륜,남,37세,상해없음,이륜,남,33세,경상
2015100900100010,2015년 10월 9일 00시,금요일,부산광역시 동래구 안락동,중상사고,0,1,0,0,차대차 - 측면직각충돌,신호위반,건조,맑음,교차로 - 교차로안,원동기,남,57세,상해없음,원동기,남,27세,중상
2015100900100011,2015년 10월 9일 00시,금요일,부산광역시 사상구 학장동,중상사고,0,1,0,0,차대사람 - 차도통행중,신호위반,건조,맑음,교차로 - 교차로부근,승용,남,57세,상해없음,보행자,여,38세,중상
2015100900100038,2015년 10월 9일 01시,금요일,부산광역시 사하구 하단동,경상사고,0,0,5,0,차대차 - 측면직각충돌,안전거리미확보,건조,맑음,단일로 - 기타,승용,남,32세,상해없음,승용,여,34세,경상
2015100900100082,2015년 10월 9일 03시,금요일,부산광역시 연제구 연산동,중상사고,0,1,0,0,차대사람 - 횡단중,안전운전불이행,건조,맑음,교차로 - 교차로안,승용,남,19세,상해없음,보행자,남,55세,중상
2015100900100099,2015년 10월 9일 04시,금요일,부산광역시 부산진구 부전동,경상사고,0,0,1,0,차대사람 - 횡단중,안전운전불이행,건조,맑음,단일로 - 기타,승용,여,24세,상해없음,보행자,남,23세,경상
2015100900100100,2015년 10월 9일 04시,금요일,부산광역시 사상구 괘법동,경상사고,0,0,1,0,차대차 - 추돌 - 진행중,안전운전불이행,건조,맑음,단일로 - 기타,승용,남,20세,상해없음,화물,여,53세,경상
2015100900100143,2015년 10월 9일 07시,금요일,부산광역시 동래구 명장동,중상사고,0,1,0,0,차대차 - 측면직각충돌,교차로운행방법위반,건조,맑음,교차로 - 교차로안,승용,남,57세,상해없음,자전거,남,47세,중상
2015100900100164,2015년 10월 9일 08시,금요일,부산광역시 동래구 사직동,경상사고,0,0,1,0,차대차 - 추돌 - 진행중,신호위반,건조,맑음,교차로 - 교차로부근,이륜,남,73세,경상,승용,남,48세,상해없음
2015100900100225,2015년 10월 9일 10시,금요일,부산광역시 동구 좌천동,중상사고,0,1,0,0,차대차 - 측면직각충돌,안전운전불이행,건조,맑음,단일로 - 기타,화물,남,55세,상해없음,자전거,남,31세,중상
2015100900100226,2015년 10월 9일 10시,금요일,부산광역시 북구 구포동,중상사고,0,1,0,0,차대차 - 측면직각충돌,안전운전불이행,건조,맑음,단일로 - 기타,자전거,남,19세,중상,승용,남,63세,상해없음
2015100900100227,2015년 10월 9일 10시,금요일,부산광역시 금정구 두구동,경상사고,0,0,1,1,차대차 - 기타,차로위반,건조,맑음,단일로 - 기타,화물,남,34세,상해없음,화물,남,44세,경상
2015100900100262,2015년 10월 9일 11시,금요일,부산광역시 남구 대연동,경상사고,0,0,1,3,차대차 - 측면직각충돌,안전운전불이행,건조,맑음,단일로 - 기타,화물,남,24세,상해없음,승용,남,37세,부상신고
2015100900100263,2015년 10월 9일 11시,금요일,부산광역시 사상구 엄궁동,경상사고,0,0,1,0,차대사람 - 길가장자리구역통행중,안전운전불이행,건조,맑음,단일로 - 기타,승용,여,41세,상해없음,보행자,남,6세,경상
2015100900100295,2015년 10월 9일 12시,금요일,부산광역시 해운대구 중동,중상사고,0,1,0,0,차대사람 - 기타,교차로운행방법위반,건조,맑음,교차로 - 교차로부근,승용,여,47세,상해없음,보행자,여,71세,중상
2015100900100296,2015년 10월 9일 12시,금요일,부산광역시 사하구 신평동,중상사고,0,1,0,0,차대차 - 측면직각충돌,안전운전불이행,건조,맑음,교차로 - 교차로안,승용,남,71세,상해없음,이륜,남,45세,중상
2015100900100331,2015년 10월 9일 13시,금요일,부산광역시 사상구 괘법동,경상사고,0,0,3,1,차대차 - 측면직각충돌,교차로운행방법위반,건조,맑음,교차로 - 교차로부근,이륜,남,53세,부상신고,승용,여,34세,경상
2015100900100361,2015년 10월 9일 14시,금요일,부산광역시 남구 대연동,중상사고,0,1,0,0,차대차 - 추돌 - 진행중,안전거리미확보,건조,맑음,단일로 - 터널,승용,남,33세,상해없음,이륜,남,68세,중상
2015100900100362,2015년 10월 9일 14시,금요일,부산광역시 해운대구 우동,경상사고,0,0,1,0,차대차 - 측면직각충돌,교차로운행방법위반,건조,맑음,교차로 - 교차로부근,승용,남,41세,상해없음,승용,여,34세,경상
2015100900100363,2015년 10월 9일 14시,금요일,부산광역시 해운대구 우동,경상사고,0,0,1,0,차대차 - 측면직각충돌,교차로운행방법위반,건조,맑음,교차로 - 교차로안,승용,남,22세,상해없음,승용,남,33세,경상
2015100900100364,2015년 10월 9일 14시,금요일,부산광역시 사상구 주례동,경상사고,0,0,2,0,차대차 - 측면직각충돌,안전거리미확보,건조,맑음,단일로 - 기타,승용,여,61세,상해없음,승용,남,35세,경상
2015100900100441,2015년 10월 9일 16시,금요일,부산광역시 동구 범일동,중상사고,0,1,0,0,차대사람 - 횡단중,안전운전불이행,건조,맑음,교차로 - 교차로부근,승용,남,49세,상해없음,보행자,여,71세,중상
2015100900100442,2015년 10월 9일 16시,금요일,부산광역시 사상구 엄궁동,경상사고,0,0,1,0,차대사람 - 기타,안전운전불이행,건조,맑음,단일로 - 기타,승합,기타불명,기타불명,기타불명,보행자,여,51세,경상
2015100900100481,2015년 10월 9일 17시,금요일,부산광역시 북구 덕천동,중상사고,0,1,0,0,차대차 - 측면직각충돌,안전거리미확보,건조,맑음,단일로 - 기타,승용,남,47세,상해없음,원동기,남,17세,중상
2015100900100528,2015년 10월 9일 18시,금요일,부산광역시 수영구 광안동,중상사고,0,1,0,0,차대차 - 기타,안전운전불이행,건조,맑음,단일로 - 기타,승용,남,62세,상해없음,자전거,남,29세,중상
2015100900100529,2015년 10월 9일 18시,금요일,부산광역시 해운대구 우동,경상사고,0,0,1,0,차대차 - 기타,차로위반,건조,맑음,미분류 - 미분류,승용,남,54세,상해없음,승합,남,57세,상해없음
2015100900100569,2015년 10월 9일 19시,금요일,부산광역시 남구 용호동,경상사고,0,0,1,1,차대차 - 측면직각충돌,교차로운행방법위반,건조,맑음,교차로 - 교차로안,승용,여,31세,부상신고,승용,남,52세,경상
2015100900100570,2015년 10월 9일 19시,금요일,부산광역시 동래구 수안동,중상사고,0,2,0,0,차대차 - 측면직각충돌,신호위반,건조,맑음,교차로 - 교차로안,원동기,남,29세,중상,원동기,남,59세,중상
2015100900100571,2015년 10월 9일 19시,금요일,부산광역시 해운대구 우동,부상신고사고,0,0,0,1,차대차 - 측면직각충돌,신호위반,건조,맑음,교차로 - 교차로안,승용,남,60세,상해없음,이륜,남,26세,부상신고
2015100900100572,2015년 10월 9일 19시,금요일,부산광역시 연제구 연산동,경상사고,0,0,1,0,차대차 - 기타,안전거리미확보,건조,맑음,단일로 - 기타,승용,남,35세,경상,승용,남,57세,상해없음
2015100900100573,2015년 10월 9일 19시,금요일,부산광역시 사상구 학장동,경상사고,0,0,4,0,차대차 - 측면직각충돌,신호위반,건조,맑음,교차로 - 교차로안,승용,여,23세,상해없음,승용,남,40세,경상
2015100900100613,2015년 10월 9일 20시,금요일,부산광역시 사상구 덕포동,중상사고,0,1,0,0,차대사람 - 길가장자리구역통행중,안전운전불이행,건조,맑음,단일로 - 기타,이륜,남,73세,상해없음,보행자,남,34세,중상
2015100900100652,2015년 10월 9일 21시,금요일,부산광역시 부산진구 가야동,중상사고,0,1,0,1,차대차 - 측면직각충돌,안전운전불이행,건조,맑음,단일로 - 기타,이륜,남,55세,부상신고,이륜,남,33세,중상
2015101000100024,2015년 10월 10일 01시,토요일,부산광역시 수영구 수영동,경상사고,0,0,4,0,차대차 - 측면직각충돌,신호위반,건조,맑음,교차로 - 교차로안,화물,남,35세,상해없음,승용,남,27세,경상
2015101000100025,2015년 10월 10일 01시,토요일,부산광역시 강서구 죽림동,경상사고,0,0,1,0,차대차 - 추돌 - 진행중,안전운전불이행,건조,흐림,단일로 - 기타,승용,남,24세,상해없음,승용,여,55세,경상
2015101000100090,2015년 10월 10일 05시,토요일,부산광역시 사상구 주례동,중상사고,0,2,0,0,차대차 - 측면직각충돌,신호위반,건조,흐림,교차로 - 교차로안,원동기,남,26세,중상,화물,남,50세,상해없음
2015101000100107,2015년 10월 10일 06시,토요일,부산광역시 사하구 감천동,경상사고,0,0,1,0,차대차 - 기타,안전운전불이행,건조,맑음,단일로 - 기타,승용,남,32세,상해없음,승용,남,60세,경상
2015101000100130,2015년 10월 10일 07시,토요일,부산광역시 부산진구 전포동,경상사고,0,0,1,0,차대차 - 측면직각충돌,신호위반,건조,맑음,교차로 - 교차로안,승용,남,29세,상해없음,화물,남,32세,경상
2015101000100131,2015년 10월 10일 07시,토요일,부산광역시 사상구 괘법동,중상사고,0,1,2,0,차대차 - 측면직각충돌,중앙선침범,건조,맑음,단일로 - 기타,원동기,남,15세,경상,화물,남,49세,상해없음
2015101000100132,2015년 10월 10일 07시,토요일,부산광역시 사상구 감전동,경상사고,0,0,1,0,차대사람 - 횡단중,안전운전불이행,건조,맑음,단일로 - 기타,자전거,남,43세,상해없음,보행자,여,77세,경상
2015101000100154,2015년 10월 10일 08시,토요일,부산광역시 사하구 신평동,경상사고,0,0,1,0,차대차 - 기타,교차로운행방법위반,건조,맑음,단일로 - 기타,화물,남,52세,상해없음,승용,남,67세,상해없음
2015101000100175,2015년 10월 10일 09시,토요일,부산광역시 부산진구 부전동,경상사고,0,0,1,0,차대사람 - 횡단중,신호위반,건조,맑음,단일로 - 횡단보도상,승용,남,73세,상해없음,보행자,여,66세,경상
2015101000100242,2015년 10월 10일 11시,토요일,부산광역시 수영구 광안동,부상신고사고,0,0,0,1,차대차 - 정면충돌,중앙선침범,건조,맑음,교차로 - 교차로안,자전거,남,66세,부상신고,원동기,남,38세,상해없음
2015101000100268,2015년 10월 10일 12시,토요일,부산광역시 수영구 광안동,중상사고,0,1,0,0,차대사람 - 기타,안전운전불이행,건조,맑음,단일로 - 기타,승용,여,24세,상해없음,보행자,남,76세,중상
2015101000100269,2015년 10월 10일 12시,토요일,부산광역시 부산진구 부전동,중상사고,0,1,0,0,차량단독 - 기타,안전운전불이행,건조,맑음,단일로 - 기타,승합,남,37세,상해없음,,,,
2015101000100270,2015년 10월 10일 12시,토요일,부산광역시 금정구 장전동,중상사고,0,1,0,0,차대사람 - 횡단중,안전운전불이행,건조,맑음,단일로 - 기타,화물,남,64세,상해없음,보행자,여,60세,중상
2015101000100297,2015년 10월 10일 13시,토요일,부산광역시 남구 용호동,경상사고,0,0,1,0,차대차 - 추돌 - 주정차중,안전운전불이행,건조,맑음,단일로 - 기타,승용,남,28세,상해없음,승용,남,24세,기타불명
2015101000100298,2015년 10월 10일 13시,토요일,부산광역시 사하구 감천동,경상사고,0,0,2,0,차대차 - 기타,교차로운행방법위반,건조,맑음,교차로 - 교차로안,승용,남,46세,상해없음,승용,기타불명,기타불명,기타불명
2015101000100344,2015년 10월 10일 14시,토요일,부산광역시 중구 남포동1가,경상사고,0,0,1,0,차대차 - 기타,안전운전불이행,건조,맑음,단일로 - 기타,승용,남,32세,상해없음,이륜,남,58세,경상
2015101000100345,2015년 10월 10일 14시,토요일,부산광역시 남구 대연동,경상사고,0,0,1,0,차대사람 - 길가장자리구역통행중,안전운전불이행,건조,맑음,단일로 - 기타,승용,남,41세,상해없음,보행자,여,86세,경상
2015101000100377,2015년 10월 10일 15시,토요일,부산광역시 동래구 안락동,경상사고,0,0,1,0,차대사람 - 차도통행중,안전운전불이행,건조,맑음,단일로 - 기타,승용,남,28세,상해없음,보행자,여,52세,경상
2015101000100409,2015년 10월 10일 16시,토요일,부산광역시 동구 초량동,중상사고,0,1,0,0,차대사람 - 횡단중,안전운전불이행,건조,맑음,단일로 - 기타,승용,남,55세,상해없음,보행자,여,74세,중상
2015101000100485,2015년 10월 10일 18시,토요일,부산광역시 금정구 청룡동,중상사고,0,1,0,0,차대차 - 측면직각충돌,안전거리미확보,건조,맑음,단일로 - 기타,승합,남,65세,상해없음,승합,남,43세,상해없음
2015101000100486,2015년 10월 10일 18시,토요일,부산광역시 강서구 녹산동,경상사고,0,0,2,0,차대차 - 추돌 - 주정차중,안전운전불이행,습기,비,교차로 - 교차로부근,화물,남,59세,상해없음,승용,남,32세,경상
2015101000100549,2015년 10월 10일 19시,토요일,부산광역시 남구 대연동,경상사고,0,0,1,0,차대차 - 기타,안전운전불이행,습기,비,교차로 - 교차로안,승용,남,36세,상해없음,승용,남,31세,경상
2015101000100550,2015년 10월 10일 19시,토요일,부산광역시 부산진구 부전동,경상사고,0,0,1,0,차대차 - 추돌 - 진행중,안전운전불이행,건조,맑음,단일로 - 기타,승용,여,44세,상해없음,승용,여,51세,경상
2015101000100551,2015년 10월 10일 19시,토요일,부산광역시 부산진구 전포동,중상사고,0,1,0,0,차대차 - 추돌 - 주정차중,안전거리미확보,습기,비,단일로 - 기타,승합,남,61세,상해없음,이륜,남,27세,중상
2015101000100552,2015년 10월 10일 19시,토요일,부산광역시 사하구 당리동,중상사고,0,1,0,0,차대사람 - 횡단중,안전운전불이행,습기,비,교차로 - 교차로부근,승용,남,63세,상해없음,보행자,여,75세,중상
2015101000100598,2015년 10월 10일 20시,토요일,부산광역시 금정구 장전동,경상사고,0,0,4,0,차대차 - 추돌 - 주정차중,안전운전불이행,건조,맑음,단일로 - 기타,승용,남,37세,상해없음,승용,여,35세,경상
2015101000100599,2015년 10월 10일 20시,토요일,부산광역시 강서구 송정동,중상사고,0,1,3,0,차대차 - 추돌 - 주정차중,안전운전불이행,습기,비,교차로 - 교차로부근,승합,남,40세,상해없음,승용,남,33세,경상
2015101000100686,2015년 10월 10일 22시,토요일,부산광역시 중구 보수동1가,중상사고,0,1,0,0,차대사람 - 기타,안전운전불이행,건조,맑음,단일로 - 기타,승용,남,32세,상해없음,보행자,남,21세,중상
2015101000100687,2015년 10월 10일 22시,토요일,부산광역시 남구 우암동,중상사고,0,2,0,0,차대사람 - 기타,안전운전불이행,건조,맑음,단일로 - 기타,승용,남,40세,상해없음,보행자,남,55세,중상
2015101000100688,2015년 10월 10일 22시,토요일,부산광역시 부산진구 가야동,경상사고,0,0,2,0,차대차 - 기타,차로위반,건조,맑음,단일로 - 기타,승용,남,70세,상해없음,승합,남,44세,경상
2015101000100689,2015년 10월 10일 22시,토요일,부산광역시 수영구 수영동,경상사고,0,0,1,0,차대차 - 측면직각충돌,기타,건조,맑음,단일로 - 기타,승용,남,56세,상해없음,이륜,남,19세,경상
2015101000100722,2015년 10월 10일 23시,토요일,부산광역시 남구 우암동,경상사고,0,0,3,0,차대차 - 추돌 - 주정차중,안전운전불이행,건조,맑음,단일로 - 기타,이륜,남,37세,상해없음,승합,여,51세,경상
2015101100100006,2015년 10월 11일 00시,일요일,부산광역시 남구 용호동,중상사고,0,1,0,0,차대사람 - 차도통행중,안전운전불이행,건조,맑음,단일로 - 기타,승용,남,39세,상해없음,보행자,남,63세,중상
2015101100100032,2015년 10월 11일 01시,일요일,부산광역시 북구 화명동,경상사고,0,0,1,1,차대차 - 측면직각충돌,교차로운행방법위반,건조,맑음,교차로 - 교차로안,승용,남,55세,상해없음,화물,남,54세,상해없음
2015101100100076,2015년 10월 11일 04시,일요일,부산광역시 수영구 남천동,중상사고,0,1,0,0,차대사람 - 횡단중,안전운전불이행,건조,맑음,단일로 - 기타,승용,남,55세,상해없음,보행자,남,24세,중상
2015101100100099,2015년 10월 11일 07시,일요일,부산광역시 서구 토성동5가,중상사고,0,2,1,0,차대차 - 측면직각충돌,교차로운행방법위반,건조,맑음,교차로 - 교차로안,원동기,남,67세,중상,승용,여,43세,경상
2015101100100112,2015년 10월 11일 08시,일요일,부산광역시 연제구 연산동,경상사고,0,0,1,0,차대차 - 측면직각충돌,안전거리미확보,건조,맑음,단일로 - 기타,승용,남,34세,상해없음,이륜,남,29세,경상
2015101100100113,2015년 10월 11일 08시,일요일,부산광역시 기장군 정관읍,경상사고,0,0,4,0,차대차 - 추돌 - 주정차중,안전거리미확보,건조,맑음,단일로 - 기타,승용,여,30세,경상,승용,남,25세,경상
2015101100100178,2015년 10월 11일 11시,일요일,부산광역시 연제구 연산동,중상사고,0,1,0,0,차대차 - 기타,안전운전불이행,건조,맑음,단일로 - 기타,승합,남,40세,상해없음,승용,기타불명,기타불명,기타불명
2015101100100201,2015년 10월 11일 12시,일요일,부산광역시 남구 문현동,경상사고,0,0,1,0,차대차 - 추돌 - 진행중,안전운전불이행,건조,맑음,단일로 - 기타,승용,남,62세,상해없음,이륜,남,18세,경상
2015101100100202,2015년 10월 11일 12시,일요일,부산광역시 영도구 대교동1가,중상사고,0,1,1,0,차대차 - 기타,안전운전불이행,건조,맑음,단일로 - 기타,승합,남,59세,상해없음,자전거,남,12세,중상
2015101100100203,2015년 10월 11일 12시,일요일,부산광역시 강서구 신호동,경상사고,0,0,3,0,차대차 - 추돌 - 진행중,안전운전불이행,건조,맑음,교차로 - 교차로안,승용,남,43세,상해없음,승용,남,32세,경상
2015101100100314,2015년 10월 11일 16시,일요일,부산광역시 사하구 괴정동,경상사고,0,0,1,0,차대차 - 추돌 - 진행중,안전운전불이행,건조,맑음,교차로 - 교차로부근,승용,남,43세,상해없음,승용,남,59세,경상
2015101100100345,2015년 10월 11일 17시,일요일,부산광역시 사상구 모라동,중상사고,0,1,0,0,차대사람 - 횡단중,안전운전불이행,건조,맑음,단일로 - 기타,승용,여,51세,상해없음,보행자,여,17세,중상
2015101100100383,2015년 10월 11일 18시,일요일,부산광역시 동래구 사직동,중상사고,0,1,0,0,차대사람 - 차도통행중,안전운전불이행,건조,맑음,단일로 - 기타,원동기,남,45세,상해없음,보행자,남,63세,중상
2015101100100481,2015년 10월 11일 21시,일요일,부산광역시 영도구 동삼동,경상사고,0,0,1,0,차대차 - 측면직각충돌,안전운전불이행,건조,맑음,단일로 - 기타,승용,남,25세,상해없음,승용,남,60세,경상
2015101200100024,2015년 10월 12일 02시,월요일,부산광역시 해운대구 우동,중상사고,0,1,1,0,차대차 - 추돌 - 진행중,안전운전불이행,건조,맑음,단일로 - 기타,승용,남,56세,기타불명,승용,남,40세,중상
2015101200100060,2015년 10월 12일 06시,월요일,부산광역시 영도구 남항동1가,중상사고,0,1,0,0,차대차 - 기타,안전운전불이행,건조,맑음,기타 - 기타,이륜,남,15세,상해없음,화물,남,55세,상해없음
2015101200100061,2015년 10월 12일 06시,월요일,부산광역시 사하구 신평동,경상사고,0,0,2,0,차대사람 - 횡단중,신호위반,건조,맑음,단일로 - 횡단보도상,승용,남,59세,상해없음,보행자,여,34세,경상
2015101200100062,2015년 10월 12일 06시,월요일,부산광역시 연제구 연산동,중상사고,0,1,0,0,차대차 - 측면직각충돌,교차로운행방법위반,건조,맑음,교차로 - 교차로안,승용,여,60세,상해없음,이륜,남,76세,중상
2015101200100083,2015년 10월 12일 07시,월요일,부산광역시 해운대구 반송동,경상사고,0,0,1,0,차대차 - 기타,안전거리미확보,건조,맑음,단일로 - 기타,승용,남,59세,경상,승용,여,28세,상해없음
2015101200100084,2015년 10월 12일 07시,월요일,부산광역시 사하구 장림동,경상사고,0,0,1,0,차대차 - 기타,교차로운행방법위반,건조,맑음,단일로 - 기타,화물,남,58세,상해없음,승용,남,33세,경상
2015101200100085,2015년 10월 12일 07시,월요일,부산광역시 강서구 대저2동,경상사고,0,0,1,1,차대차 - 측면직각충돌,교차로운행방법위반,건조,맑음,교차로 - 교차로안,화물,남,55세,부상신고,승용,남,52세,경상
2015101200100171,2015년 10월 12일 09시,월요일,부산광역시 해운대구 재송동,경상사고,0,0,4,0,차대차 - 추돌 - 주정차중,안전운전불이행,건조,맑음,단일로 - 기타,승용,여,44세,상해없음,승용,남,53세,경상
2015101200100172,2015년 10월 12일 09시,월요일,부산광역시 해운대구 우동,중상사고,0,1,0,0,차대차 - 측면직각충돌,교차로운행방법위반,건조,맑음,교차로 - 교차로안,승합,남,58세,상해없음,승용,남,59세,중상
2015101200100173,2015년 10월 12일 09시,월요일,부산광역시 부산진구 부전동,중상사고,0,1,1,0,차대차 - 추돌 - 주정차중,안전거리미확보,건조,맑음,교차로 - 교차로부근,승용,남,31세,상해없음,승용,남,57세,중상
2015101200100174,2015년 10월 12일 09시,월요일,부산광역시 부산진구 양정동,경상사고,0,0,1,0,차대사람 - 기타,안전운전불이행,건조,맑음,단일로 - 기타,승합,남,54세,상해없음,보행자,여,68세,경상
2015101200100213,2015년 10월 12일 10시,월요일,부산광역시 동구 좌천동,중상사고,0,1,0,0,차대차 - 기타,안전운전불이행,건조,맑음,단일로 - 기타,자전거,남,81세,중상,승합,남,64세,상해없음
2015101200100252,2015년 10월 12일 11시,월요일,부산광역시 금정구 구서동,부상신고사고,0,0,0,1,차대차 - 추돌 - 진행중,안전거리미확보,건조,맑음,단일로 - 기타,이륜,여,57세,부상신고,승용,여,32세,상해없음
2015101200100282,2015년 10월 12일 12시,월요일,부산광역시 해운대구 우동,중상사고,0,1,0,0,차대차 - 측면직각충돌,안전거리미확보,건조,맑음,단일로 - 기타,승용,남,61세,상해없음,이륜,남,33세,중상
2015101200100318,2015년 10월 12일 13시,월요일,부산광역시 서구 암남동,경상사고,0,0,2,0,차대차 - 측면직각충돌,안전거리미확보,건조,맑음,교차로 - 교차로부근,승용,남,28세,상해없음,승용,남,61세,상해없음
2015101200100319,2015년 10월 12일 13시,월요일,부산광역시 영도구 대교동1가,경상사고,0,0,1,0,차대차 - 기타,신호위반,건조,맑음,교차로 - 교차로안,승용,남,49세,상해없음,원동기,남,51세,경상
2015101200100352,2015년 10월 12일 14시,월요일,부산광역시 수영구 민락동,경상사고,0,0,1,0,차대차 - 추돌 - 진행중,안전운전불이행,건조,맑음,교차로 - 교차로부근,승용,여,23세,상해없음,승용,남,53세,경상
2015101200100353,2015년 10월 12일 14시,월요일,부산광역시 동래구 사직동,경상사고,0,0,2,0,차대차 - 측면직각충돌,직진우회전진행방해,건조,맑음,교차로 - 교차로안,승용,남,60세,상해없음,승용,남,69세,경상
2015101200100395,2015년 10월 12일 15시,월요일,부산광역시 부산진구 전포동,중상사고,0,1,0,0,차대차 - 추돌 - 진행중,교차로운행방법위반,건조,맑음,교차로 - 교차로안,승용,여,52세,기타불명,화물,남,20세,중상
2015101200100396,2015년 10월 12일 15시,월요일,부산광역시 금정구 구서동,중상사고,0,1,0,0,차대사람 - 횡단중,보행자보호의무위반,건조,맑음,단일로 - 기타,승합,여,43세,상해없음,보행자,여,73세,중상
2015101200100397,2015년 10월 12일 15시,월요일,부산광역시 사하구 신평동,경상사고,0,0,1,0,차대차 - 추돌 - 진행중,안전운전불이행,건조,맑음,단일로 - 기타,승용,남,46세,상해없음,승용,여,42세,경상
2015101200100398,2015년 10월 12일 15시,월요일,부산광역시 부산진구 가야동,경상사고,0,0,1,0,차대차 - 측면직각충돌,안전운전불이행,건조,맑음,교차로 - 교차로부근,화물,기타불명,기타불명,기타불명,승용,여,40세,경상
2015101200100435,2015년 10월 12일 16시,월요일,부산광역시 해운대구 재송동,경상사고,0,0,1,0,차대차 - 기타,안전운전불이행,건조,맑음,단일로 - 기타,승합,남,62세,상해없음,승용,남,42세,상해없음
2015101200100436,2015년 10월 12일 16시,월요일,부산광역시 부산진구 전포동,경상사고,0,0,2,0,차대차 - 기타,안전거리미확보,건조,맑음,단일로 - 기타,승용,남,47세,상해없음,승합,남,56세,경상
2015101200100485,2015년 10월 12일 17시,월요일,부산광역시 북구 덕천동,중상사고,0,1,0,0,차대사람 - 차도통행중,신호위반,건조,맑음,단일로 - 횡단보도상,승용,남,68세,상해없음,보행자,여,61세,중상
2015101200100486,2015년 10월 12일 17시,월요일,부산광역시 부산진구 부전동,경상사고,0,0,1,0,차대차 - 기타,안전거리미확보,건조,맑음,단일로 - 기타,승용,남,60세,상해없음,자전거,남,57세,경상
2015101200100487,2015년 10월 12일 17시,월요일,부산광역시 금정구 부곡동,경상사고,0,0,1,0,차대사람 - 횡단중,안전운전불이행,건조,맑음,교차로 - 교차로부근,화물,남,62세,상해없음,보행자,남,79세,경상
2015101200100529,2015년 10월 12일 18시,월요일,부산광역시 서구 서대신동3가,중상사고,0,1,0,0,차대차 - 측면직각충돌,차로위반,건조,맑음,단일로 - 기타,화물,남,58세,상해없음,자전거,남,79세,중상
2015101200100530,2015년 10월 12일 18시,월요일,부산광역시 남구 대연동,중상사고,0,1,0,0,차대사람 - 기타,신호위반,건조,맑음,교차로 - 교차로안,원동기,남,15세,상해없음,보행자,여,66세,중상
2015101200100531,2015년 10월 12일 18시,월요일,부산광역시 해운대구 우동,중상사고,0,1,0,0,차대차 - 측면직각충돌,안전거리미확보,건조,맑음,단일로 - 기타,승합,남,62세,상해없음,이륜,남,49세,중상
2015101200100532,2015년 10월 12일 18시,월요일,부산광역시 부산진구 연지동,중상사고,0,1,0,0,차대사람 - 횡단중,보행자보호의무위반,건조,맑음,교차로 - 교차로부근,승용,여,40세,기타불명,보행자,남,40세,중상
2015101200100533,2015년 10월 12일 18시,월요일,부산광역시 사하구 하단동,중상사고,0,1,0,0,차대차 - 측면직각충돌,신호위반,건조,맑음,교차로 - 교차로안,이륜,남,17세,상해없음,이륜,남,33세,중상
2015101200100534,2015년 10월 12일 18시,월요일,부산광역시 사상구 덕포동,경상사고,0,0,1,0,차대차 - 추돌 - 진행중,안전운전불이행,건조,맑음,단일로 - 기타,승용,여,53세,상해없음,승용,남,46세,경상
2015101200100587,2015년 10월 12일 19시,월요일,부산광역시 영도구 영선동1가,경상사고,0,0,1,0,차대사람 - 기타,안전운전불이행,건조,맑음,단일로 - 기타,승용,남,32세,상해없음,보행자,남,59세,경상