사고번호,사고일시,요일,시군구,사고내용,사망자수,중상자수,경상자수,부상신고자수,사고유형,법규위반,노면상태,기상상태,도로형태,가해운전자 차종,가해운전자 성별,가해운전자 연령,가해운전자 상해정도,피해운전자 차종,피해운전자 성별,피해운전자 연령,피해운전자 상해정도
2015102500100444,2015년 10월 25일 18시,일요일,부산광역시 금정구 부곡동,경상사고,0,0,1,0,차대사람 - 횡단중,안전운전불이행,건조,맑음,교차로 - 교차로안,승용,여,49세,상해없음,보행자,남,86세,경상
2015102500100445,2015년 10월 25일 18시,일요일,부산광역시 기장군 기장읍,중상사고,0,1,0,0,차대사람 - 기타,안전운전불이행,건조,맑음,교차로 - 교차로부근,이륜,남,29세,상해없음,보행자,남,12세,중상
2015102500100446,2015년 10월 25일 18시,일요일,부산광역시 기장군 기장읍,경상사고,0,0,1,0,차대사람 - 기타,안전운전불이행,건조,맑음,교차로 - 교차로부근,승용,여,58세,상해없음,보행자,여,51세,경상
2015102500100502,2015년 10월 25일 19시,일요일,부산광역시 남구 대연동,중상사고,0,1,0,0,차대차 - 추돌 - 진행중,안전운전불이행,건조,맑음,교차로 - 교차로안,승용,남,39세,상해없음,원동기,남,39세,중상
2015102500100503,2015년 10월 25일 19시,일요일,부산광역시 남구 문현동,부상신고사고,0,0,0,1,차대차 - 추돌 - 진행중,안전거리미확보,건조,맑음,단일로 - 기타,승용,남,50세,상해없음,이륜,남,21세,부상신고
2015102500100504,2015년 10월 25일 19시,일요일,부산광역시 해운대구 재송동,경상사고,0,0,1,0,차대차 - 추돌 - 진행중,안전운전불이행,건조,맑음,단일로 - 기타,승용,남,34세,상해없음,화물,남,41세,경상
2015102500100544,2015년 10월 25일 20시,일요일,부산광역시 북구 구포동,중상사고,0,1,0,0,차대사람 - 횡단중,보행자보호의무위반,건조,맑음,단일로 - 횡단보도상,승용,남,55세,상해없음,보행자,여,63세,중상
2015102500100569,2015년 10월 25일 21시,일요일,부산광역시 북구 화명동,중상사고,0,2,0,0,차대사람 - 횡단중,신호위반,건조,맑음,단일로 - 횡단보도상,원동기,남,29세,상해없음,보행자,남,59세,중상
2015102500100570,2015년 10월 25일 21시,일요일,부산광역시 사하구 하단동,경상사고,0,0,1,0,차대차 - 기타,안전운전불이행,건조,맑음,교차로 - 교차로부근,승용,남,27세,상해없음,승용,남,71세,경상
2015102500100610,2015년 10월 25일 23시,일요일,부산광역시 사상구 감전동,경상사고,0,0,1,0,차대차 - 측면직각충돌,신호위반,건조,맑음,단일로 - 횡단보도상,화물,남,60세,상해없음,화물,남,44세,경상
2015102600100014,2015년 10월 26일 01시,월요일,부산광역시 금정구 서동,부상신고사고,0,0,0,2,차대사람 - 차도통행중,안전운전불이행,건조,맑음,단일로 - 횡단보도부근,승용,여,62세,상해없음,보행자,여,35세,부상신고
2015102600100024,2015년 10월 26일 03시,월요일,부산광역시 사하구 장림동,경상사고,0,0,1,0,차대차 - 추돌 - 주정차중,안전운전불이행,건조,맑음,단일로 - 기타,승용,남,49세,상해없음,화물,남,43세,경상
2015102600100048,2015년 10월 26일 06시,월요일,부산광역시 사하구 구평동,경상사고,0,0,5,0,차대차 - 측면직각충돌,신호위반,건조,맑음,교차로 - 교차로부근,승용,남,53세,경상,승용,남,24세,경상
2015102600100068,2015년 10월 26일 07시,월요일,부산광역시 서구 서대신동2가,경상사고,0,0,1,0,차대차 - 추돌 - 주정차중,안전운전불이행,건조,맑음,단일로 - 기타,승용,남,42세,상해없음,승용,남,35세,경상
2015102600100069,2015년 10월 26일 07시,월요일,부산광역시 해운대구 좌동,경상사고,0,0,1,0,차대차 - 측면직각충돌,교차로운행방법위반,건조,맑음,교차로 - 교차로안,승용,여,46세,상해없음,승용,남,47세,경상
2015102600100070,2015년 10월 26일 07시,월요일,부산광역시 사상구 모라동,중상사고,0,1,0,0,차대차 - 추돌 - 진행중,교차로운행방법위반,건조,맑음,교차로 - 교차로부근,화물,남,48세,상해없음,승용,남,55세,중상
2015102600100071,2015년 10월 26일 07시,월요일,부산광역시 기장군 정관읍,경상사고,0,0,3,0,차대차 - 추돌 - 진행중,안전거리미확보,건조,맑음,단일로 - 기타,승용,여,39세,상해없음,승용,남,45세,경상
2015102600100101,2015년 10월 26일 08시,월요일,부산광역시 남구 대연동,중상사고,0,1,0,0,차대사람 - 길가장자리구역통행중,안전운전불이행,건조,맑음,단일로 - 기타,승용,여,58세,상해없음,보행자,여,16세,중상
2015102600100102,2015년 10월 26일 08시,월요일,부산광역시 해운대구 송정동,경상사고,0,0,1,0,차대차 - 기타,안전운전불이행,건조,맑음,단일로 - 횡단보도상,승합,남,52세,상해없음,자전거,남,79세,경상
2015102600100103,2015년 10월 26일 08시,월요일,부산광역시 사하구 감천동,경상사고,0,0,1,0,차대사람 - 기타,안전운전불이행,건조,맑음,단일로 - 기타,승용,여,39세,상해없음,보행자,남,17세,경상
2015102600100166,2015년 10월 26일 09시,월요일,부산광역시 사상구 엄궁동,경상사고,0,0,2,0,차대차 - 측면직각충돌,안전거리미확보,건조,맑음,단일로 - 기타,화물,남,54세,상해없음,화물,남,46세,경상
2015102600100201,2015년 10월 26일 10시,월요일,부산광역시 서구 아미동2가,중상사고,0,1,0,0,차대차 - 측면직각충돌,안전운전불이행,건조,맑음,단일로 - 기타,승용,여,50세,상해없음,원동기,남,66세,중상
2015102600100240,2015년 10월 26일 11시,월요일,부산광역시 연제구 연산동,경상사고,0,0,2,0,차대차 - 측면직각충돌,안전운전불이행,건조,맑음,단일로 - 기타,화물,남,40세,상해없음,원동기,남,18세,경상
2015102600100277,2015년 10월 26일 12시,월요일,부산광역시 북구 덕천동,경상사고,0,0,2,0,차대차 - 추돌 - 진행중,안전운전불이행,건조,맑음,단일로 - 기타,승용,남,44세,상해없음,승용,여,39세,경상
2015102600100303,2015년 10월 26일 13시,월요일,부산광역시 남구 대연동,경상사고,0,0,1,0,차대사람 - 길가장자리구역통행중,안전운전불이행,건조,맑음,단일로 - 기타,승용,남,77세,상해없음,보행자,남,64세,경상
2015102600100340,2015년 10월 26일 14시,월요일,부산광역시 해운대구 우동,경상사고,0,0,1,0,차대차 - 측면직각충돌,안전운전불이행,건조,맑음,단일로 - 기타,승용,기타불명,기타불명,기타불명,원동기,남,59세,경상
2015102600100377,2015년 10월 26일 15시,월요일,부산광역시 사하구 다대동,경상사고,0,0,1,0,차대사람 - 기타,보행자보호의무위반,건조,맑음,기타 - 기타,승용,여,40세,상해없음,보행자,여,7세,경상
2015102600100412,2015년 10월 26일 16시,월요일,부산광역시 수영구 광안동,중상사고,0,1,0,0,차대차 - 측면직각충돌,신호위반,건조,맑음,단일로 - 횡단보도부근,이륜,남,59세,중상,승용,여,55세,상해없음
2015102600100413,2015년 10월 26일 16시,월요일,부산광역시 해운대구 우동,경상사고,0,0,1,0,차대차 - 측면직각충돌,안전운전불이행,건조,맑음,교차로 - 교차로안,승용,남,54세,상해없음,승용,여,40세,경상
2015102600100414,2015년 10월 26일 16시,월요일,부산광역시 금정구 서동,중상사고,0,1,0,0,차대사람 - 길가장자리구역통행중,안전운전불이행,건조,맑음,교차로 - 교차로부근,승용,남,47세,상해없음,보행자,여,50세,중상
2015102600100415,2015년 10월 26일 16시,월요일,부산광역시 사하구 구평동,중상사고,0,1,0,0,차량단독 - 기타,안전운전불이행,건조,맑음,교차로 - 교차로안,이륜,남,52세,중상,,,,
2015102600100416,2015년 10월 26일 16시,월요일,부산광역시 사상구 감전동,경상사고,0,0,1,0,차대차 - 측면직각충돌,신호위반,건조,맑음,교차로 - 교차로안,이륜,남,38세,상해없음,승용,남,51세,경상
2015102600100457,2015년 10월 26일 17시,월요일,부산광역시 동래구 사직동,중상사고,0,1,0,0,차대차 - 측면직각충돌,신호위반,건조,맑음,교차로 - 교차로부근,승용,남,72세,상해없음,이륜,남,45세,중상
2015102600100458,2015년 10월 26일 17시,월요일,부산광역시 해운대구 우동,경상사고,0,0,1,0,차대차 - 측면직각충돌,교차로운행방법위반,건조,맑음,교차로 - 교차로안,승용,남,29세,상해없음,원동기,남,23세,경상
2015102600100459,2015년 10월 26일 17시,월요일,부산광역시 금정구 서동,부상신고사고,0,0,0,1,차대사람 - 차도통행중,안전운전불이행,건조,맑음,단일로 - 기타,승용,여,52세,상해없음,보행자,남,16세,부상신고
2015102600100460,2015년 10월 26일 17시,월요일,부산광역시 사하구 하단동,중상사고,0,1,0,0,차대사람 - 횡단중,보행자보호의무위반,건조,맑음,단일로 - 횡단보도상,승용,남,45세,상해없음,보행자,여,22세,중상
2015102600100461,2015년 10월 26일 17시,월요일,부산광역시 연제구 거제동,경상사고,0,0,1,0,차량단독 - 기타,안전운전불이행,건조,맑음,단일로 - 기타,승합,남,49세,상해없음,,,,
2015102600100528,2015년 10월 26일 18시,월요일,부산광역시 북구 금곡동,중상사고,0,2,0,0,차대사람 - 횡단중,보행자보호의무위반,건조,맑음,교차로 - 교차로부근,승용,남,50세,상해없음,보행자,여,54세,중상
2015102600100529,2015년 10월 26일 18시,월요일,부산광역시 해운대구 우동,경상사고,0,0,1,0,차대차 - 추돌 - 진행중,안전운전불이행,건조,맑음,단일로 - 기타,승용,남,15세,상해없음,승용,남,48세,경상
2015102600100611,2015년 10월 26일 19시,월요일,부산광역시 수영구 남천동,중상사고,0,1,0,1,차대차 - 추돌 - 주정차중,안전운전불이행,건조,맑음,단일로 - 횡단보도부근,원동기,남,25세,부상신고,이륜,남,32세,중상
2015102600100612,2015년 10월 26일 19시,월요일,부산광역시 부산진구 부전동,중상사고,0,1,0,0,차대차 - 기타,안전운전불이행,건조,맑음,교차로 - 교차로안,승용,남,41세,상해없음,이륜,남,46세,중상
2015102600100613,2015년 10월 26일 19시,월요일,부산광역시 연제구 연산동,중상사고,0,1,0,0,차대사람 - 횡단중,보행자보호의무위반,건조,맑음,교차로 - 교차로부근,이륜,남,19세,상해없음,보행자,여,28세,중상
2015102600100690,2015년 10월 26일 21시,월요일,부산광역시 수영구 남천동,경상사고,0,0,1,0,차대차 - 추돌 - 진행중,안전운전불이행,건조,맑음,단일로 - 기타,승용,여,60세,상해없음,승합,남,47세,상해없음
2015102600100691,2015년 10월 26일 21시,월요일,부산광역시 사상구 주례동,중상사고,0,1,0,0,차대사람 - 길가장자리구역통행중,안전운전불이행,건조,맑음,단일로 - 기타,승용,남,63세,상해없음,보행자,남,47세,중상
2015102600100692,2015년 10월 26일 21시,월요일,부산광역시 기장군 정관읍,경상사고,0,0,1,0,차대차 - 측면직각충돌,안전운전불이행,건조,맑음,교차로 - 교차로안,승용,남,21세,상해없음,승용,여,37세,경상
2015102600100727,2015년 10월 26일 22시,월요일,부산광역시 해운대구 재송동,경상사고,0,0,1,0,차대차 - 기타,안전운전불이행,건조,맑음,단일로 - 기타,승용,남,54세,상해없음,승용,기타불명,기타불명,기타불명
2015102600100728,2015년 10월 26일 22시,월요일,부산광역시 해운대구 재송동,경상사고,0,0,1,0,차대사람 - 횡단중,보행자보호의무위반,건조,맑음,교차로 - 교차로부근,승용,여,35세,상해없음,보행자,남,23세,경상
2015102700100011,2015년 10월 27일 00시,화요일,부산광역시 동구 초량동,부상신고사고,0,0,0,1,차대사람 - 차도통행중,안전운전불이행,건조,맑음,교차로 - 교차로안,승용,여,50세,상해없음,보행자,여,45세,부상신고
2015102700100013,2015년 10월 27일 00시,화요일,부산광역시 사상구 괘법동,경상사고,0,0,1,0,차대사람 - 차도통행중,안전운전불이행,건조,맑음,교차로 - 교차로안,승용,남,43세,상해없음,보행자,남,40세,경상
2015102700100047,2015년 10월 27일 02시,화요일,부산광역시 영도구 영선동1가,중상사고,0,1,0,0,차대차 - 정면충돌,신호위반,건조,맑음,교차로 - 교차로안,승용,남,25세,상해없음,승용,남,54세,중상
2015102700100068,2015년 10월 27일 04시,화요일,부산광역시 동구 초량동,경상사고,0,0,1,0,차대사람 - 횡단중,안전운전불이행,건조,맑음,단일로 - 기타,승용,남,75세,상해없음,보행자,남,32세,경상
2015102700100069,2015년 10월 27일 04시,화요일,부산광역시 금정구 장전동,경상사고,0,0,1,1,차대차 - 측면직각충돌,신호위반,건조,맑음,교차로 - 교차로안,화물,남,68세,부상신고,승용,여,52세,경상
2015102700100079,2015년 10월 27일 05시,화요일,부산광역시 금정구 회동동,중상사고,0,1,0,0,차대사람 - 차도통행중,안전운전불이행,건조,맑음,단일로 - 기타,건설기계,남,64세,상해없음,보행자,남,75세,중상
2015102700100098,2015년 10월 27일 06시,화요일,부산광역시 서구 암남동,중상사고,0,1,0,0,차대차 - 추돌 - 진행중,기타,건조,맑음,교차로 - 교차로안,원동기,남,26세,중상,승용,남,40세,상해없음
2015102700100099,2015년 10월 27일 06시,화요일,부산광역시 남구 대연동,중상사고,0,1,0,0,차대차 - 추돌 - 진행중,안전거리미확보,건조,맑음,단일로 - 횡단보도부근,승용,남,32세,상해없음,승용,남,68세,중상
2015102700100100,2015년 10월 27일 06시,화요일,부산광역시 연제구 연산동,중상사고,0,1,0,0,차대사람 - 횡단중,신호위반,건조,맑음,단일로 - 횡단보도상,승용,남,42세,상해없음,보행자,여,25세,중상
2015102700100122,2015년 10월 27일 07시,화요일,부산광역시 서구 부민동3가,중상사고,0,1,1,0,차대차 - 측면직각충돌,직진우회전진행방해,건조,맑음,교차로 - 교차로안,화물,남,34세,상해없음,이륜,남,63세,중상
2015102700100151,2015년 10월 27일 08시,화요일,부산광역시 남구 우암동,중상사고,0,1,0,0,차대사람 - 횡단중,보행자보호의무위반,습기,비,단일로 - 횡단보도상,화물,남,66세,상해없음,보행자,여,76세,중상
2015102700100152,2015년 10월 27일 08시,화요일,부산광역시 부산진구 당감동,중상사고,0,1,1,0,차대차 - 측면직각충돌,중앙선침범,건조,맑음,단일로 - 기타,화물,남,54세,상해없음,승용,여,54세,중상
2015102700100208,2015년 10월 27일 09시,화요일,부산광역시 북구 구포동,중상사고,0,1,1,0,차대차 - 추돌 - 주정차중,기타,습기,비,단일로 - 기타,승용,여,39세,상해없음,원동기,남,31세,중상
2015102700100209,2015년 10월 27일 09시,화요일,부산광역시 해운대구 우동,중상사고,0,1,0,0,차대사람 - 보도통행중,기타,건조,맑음,교차로 - 교차로부근,승용,여,25세,상해없음,보행자,남,63세,중상
2015102700100210,2015년 10월 27일 09시,화요일,부산광역시 사하구 하단동,경상사고,0,0,1,0,차대차 - 측면직각충돌,교차로운행방법위반,습기,비,교차로 - 교차로안,건설기계,남,49세,상해없음,승용,남,72세,경상
2015102700100271,2015년 10월 27일 11시,화요일,부산광역시 북구 덕천동,중상사고,0,1,1,0,차대차 - 추돌 - 진행중,안전거리미확보,습기,비,단일로 - 기타,화물,남,61세,상해없음,승용,남,45세,경상
2015102700100272,2015년 10월 27일 11시,화요일,부산광역시 사상구 덕포동,경상사고,0,0,2,0,차대차 - 측면직각충돌,직진우회전진행방해,건조,맑음,교차로 - 교차로부근,승용,여,54세,경상,승용,남,56세,경상
2015102700100300,2015년 10월 27일 12시,화요일,부산광역시 영도구 청학동,경상사고,0,0,2,0,차대차 - 추돌 - 진행중,안전운전불이행,건조,맑음,단일로 - 기타,화물,남,54세,기타불명,승용,여,65세,경상
2015102700100301,2015년 10월 27일 12시,화요일,부산광역시 부산진구 부암동,중상사고,0,1,0,0,차대차 - 기타,교차로운행방법위반,습기,비,교차로 - 교차로안,승용,남,48세,상해없음,원동기,남,57세,중상
2015102700100333,2015년 10월 27일 13시,화요일,부산광역시 동구 범일동,중상사고,0,1,0,0,차대사람 - 횡단중,안전운전불이행,습기,맑음,단일로 - 기타,원동기,남,22세,상해없음,보행자,남,80세,중상
2015102700100334,2015년 10월 27일 13시,화요일,부산광역시 연제구 연산동,경상사고,0,0,1,0,차대사람 - 차도통행중,안전운전불이행,건조,맑음,단일로 - 기타,승용,여,57세,상해없음,보행자,남,52세,경상
2015102700100335,2015년 10월 27일 13시,화요일,부산광역시 기장군 기장읍,경상사고,0,0,1,0,차대차 - 측면직각충돌,안전운전불이행,습기,비,단일로 - 기타,화물,남,58세,상해없음,승용,여,43세,경상
2015102700100437,2015년 10월 27일 16시,화요일,부산광역시 서구 충무동1가,중상사고,0,1,0,0,차대사람 - 기타,안전운전불이행,건조,맑음,단일로 - 횡단보도상,이륜,남,34세,상해없음,보행자,여,82세,중상
2015102700100438,2015년 10월 27일 16시,화요일,부산광역시 남구 대연동,중상사고,0,1,0,0,차대사람 - 기타,안전운전불이행,건조,맑음,단일로 - 기타,승용,남,44세,상해없음,보행자,남,58세,중상
2015102700100439,2015년 10월 27일 16시,화요일,부산광역시 기장군 장안읍,중상사고,0,1,0,0,차량단독 - 도로외이탈 - 기타,안전운전불이행,건조,맑음,단일로 - 기타,승용,여,52세,중상,,,,
2015102700100478,2015년 10월 27일 17시,화요일,부산광역시 서구 서대신동2가,경상사고,0,0,3,0,차대차 - 측면직각충돌,안전운전불이행,건조,맑음,단일로 - 기타,승용,남,63세,경상,건설기계,남,67세,경상
2015102700100479,2015년 10월 27일 17시,화요일,부산광역시 해운대구 좌동,경상사고,0,0,1,0,차대사람 - 길가장자리구역통행중,안전운전불이행,건조,맑음,단일로 - 기타,화물,남,58세,기타불명,보행자,여,12세,경상
2015102700100480,2015년 10월 27일 17시,화요일,부산광역시 부산진구 연지동,경상사고,0,0,1,0,차대사람 - 횡단중,보행자보호의무위반,건조,맑음,단일로 - 횡단보도상,승용,여,39세,상해없음,보행자,남,7세,경상
2015102700100481,2015년 10월 27일 17시,화요일,부산광역시 금정구 장전동,경상사고,0,0,1,0,차대차 - 측면직각충돌,직진우회전진행방해,건조,맑음,교차로 - 교차로안,승용,여,45세,상해없음,원동기,남,25세,경상
2015102700100523,2015년 10월 27일 18시,화요일,부산광역시 사상구 괘법동,중상사고,0,1,0,0,차대사람 - 횡단중,안전운전불이행,건조,맑음,단일로 - 기타,이륜,남,59세,상해없음,보행자,남,19세,중상
2015102700100566,2015년 10월 27일 19시,화요일,부산광역시 사하구 하단동,경상사고,0,0,1,0,차대사람 - 기타,안전운전불이행,건조,맑음,단일로 - 기타,승용,남,59세,상해없음,보행자,남,34세,경상
2015102700100610,2015년 10월 27일 20시,화요일,부산광역시 연제구 연산동,경상사고,0,0,1,0,차대사람 - 길가장자리구역통행중,안전운전불이행,건조,맑음,단일로 - 기타,승용,여,52세,상해없음,보행자,남,34세,경상
2015102700100640,2015년 10월 27일 21시,화요일,부산광역시 해운대구 좌동,중상사고,0,1,0,0,차대차 - 측면직각충돌,신호위반,건조,맑음,교차로 - 교차로부근,승용,남,57세,상해없음,자전거,남,11세,중상
2015102700100674,2015년 10월 27일 22시,화요일,부산광역시 연제구 연산동,중상사고,0,1,0,0,차대차 - 측면직각충돌,신호위반,건조,맑음,교차로 - 교차로안,승용,여,54세,상해없음,원동기,남,37세,중상
2015102700100710,2015년 10월 27일 23시,화요일,부산광역시 서구 암남동,경상사고,0,0,1,0,차대차 - 추돌 - 진행중,안전운전불이행,건조,맑음,단일로 - 기타,원동기,남,22세,상해없음,승용,남,53세,상해없음
2015102700100711,2015년 10월 27일 23시,화요일,부산광역시 사상구 모라동,경상사고,0,0,2,0,차대차 - 측면직각충돌,교차로운행방법위반,건조,맑음,교차로 - 교차로부근,화물,남,30세,상해없음,승용,남,46세,상해없음
2015102800100004,2015년 10월 28일 00시,수요일,부산광역시 남구 대연동,경상사고,0,0,1,1,차대차 - 기타,안전거리미확보,건조,맑음,단일로 - 기타,원동기,남,48세,부상신고,승용,남,53세,상해없음
2015102800100005,2015년 10월 28일 00시,수요일,부산광역시 부산진구 양정동,경상사고,0,0,3,0,차대차 - 추돌 - 주정차중,안전운전불이행,건조,맑음,교차로 - 교차로부근,승용,남,25세,상해없음,승용,남,34세,경상
2015102800100025,2015년 10월 28일 01시,수요일,부산광역시 동래구 온천동,경상사고,0,0,2,0,차대차 - 측면직각충돌,안전운전불이행,건조,맑음,단일로 - 기타,승용,남,33세,상해없음,승용,남,48세,경상
2015102800100026,2015년 10월 28일 01시,수요일,부산광역시 연제구 연산동,경상사고,0,0,1,0,차대차 - 측면직각충돌,신호위반,건조,맑음,교차로 - 교차로안,원동기,남,19세,상해없음,승용,남,34세,경상
2015102800100027,2015년 10월 28일 01시,수요일,부산광역시 연제구 연산동,중상사고,0,1,0,0,차대차 - 추돌 - 진행중,안전운전불이행,건조,맑음,단일로 - 기타,이륜,남,17세,중상,승합,남,73세,상해없음
2015102800100035,2015년 10월 28일 02시,수요일,부산광역시 수영구 광안동,중상사고,0,1,0,0,차대차 - 측면직각충돌,교차로운행방법위반,건조,맑음,교차로 - 교차로안,승용,남,60세,상해없음,이륜,남,32세,중상
2015102800100046,2015년 10월 28일 03시,수요일,부산광역시 동래구 명륜동,경상사고,0,0,1,0,차대차 - 측면직각충돌,신호위반,건조,맑음,교차로 - 교차로안,승용,남,66세,상해없음,승용,남,62세,경상
2015102800100053,2015년 10월 28일 04시,수요일,부산광역시 해운대구 반송동,중상사고,0,2,0,0,차대차 - 기타,중앙선침범,건조,맑음,교차로 - 교차로안,건설기계,남,63세,상해없음,승용,남,34세,중상
2015102800100059,2015년 10월 28일 05시,수요일,부산광역시 영도구 영선동2가,경상사고,0,0,1,0,차대차 - 기타,안전운전불이행,건조,맑음,단일로 - 기타,원동기,남,32세,상해없음,화물,남,60세,경상
2015102800100060,2015년 10월 28일 05시,수요일,부산광역시 부산진구 부암동,부상신고사고,0,0,0,1,차대차 - 측면직각충돌,안전운전불이행,건조,맑음,단일로 - 기타,원동기,남,27세,부상신고,승용,여,56세,상해없음
2015102800100071,2015년 10월 28일 06시,수요일,부산광역시 영도구 영선동1가,중상사고,0,2,0,0,차대차 - 측면직각충돌,신호위반,건조,맑음,교차로 - 교차로안,승용,남,72세,상해없음,승용,여,46세,중상
2015102800100072,2015년 10월 28일 06시,수요일,부산광역시 사하구 괴정동,중상사고,0,1,0,0,차대사람 - 기타,교차로운행방법위반,건조,맑음,교차로 - 교차로부근,승용,남,47세,상해없음,보행자,여,57세,중상
2015102800100088,2015년 10월 28일 07시,수요일,부산광역시 남구 대연동,부상신고사고,0,0,0,1,차대사람 - 횡단중,안전운전불이행,건조,맑음,단일로 - 기타,승용,기타불명,기타불명,기타불명,보행자,남,17세,부상신고
2015102800100089,2015년 10월 28일 07시,수요일,부산광역시 수영구 수영동,경상사고,0,0,1,0,차대차 - 측면직각충돌,교차로운행방법위반,건조,맑음,교차로 - 교차로안,승용,여,39세,상해없음,승용,여,38세,경상
2015102800100162,2015년 10월 28일 09시,수요일,부산광역시 중구 보수동3가,경상사고,0,0,1,0,차대사람 - 기타,안전운전불이행,건조,맑음,교차로 - 교차로부근,승합,남,69세,상해없음,보행자,남,79세,경상
2015102800100163,2015년 10월 28일 09시,수요일,부산광역시 수영구 광안동,경상사고,0,0,1,0,차량단독 - 기타,안전운전불이행,건조,맑음,단일로 - 기타,승합,남,57세,상해없음,,,,
2015102800100198,2015년 10월 28일 10시,수요일,부산광역시 북구 만덕동,경상사고,0,0,1,0,차대차 - 측면직각충돌,안전거리미확보,건조,맑음,단일로 - 기타,승용,남,70세,상해없음,승용,남,28세,경상
2015102800100229,2015년 10월 28일 11시,수요일,부산광역시 수영구 수영동,중상사고,0,1,0,0,차대사람 - 차도통행중,안전운전불이행,건조,맑음,단일로 - 기타,승용,남,61세,상해없음,보행자,여,66세,중상
2015102800100230,2015년 10월 28일 11시,수요일,부산광역시 사상구 학장동,중상사고,0,1,0,0,차량단독 - 공작물충돌,기타,건조,맑음,단일로 - 기타,화물,남,59세,중상,,,,
2015102800100333,2015년 10월 28일 14시,수요일,부산광역시 수영구 광안동,경상사고,0,0,1,0,차대차 - 측면직각충돌,안전거리미확보,건조,맑음,단일로 - 기타,승용,기타불명,기타불명,기타불명,이륜,남,18세,경상
2015102800100334,2015년 10월 28일 14시,수요일,부산광역시 북구 덕천동,경상사고,0,0,1,0,차대차 - 추돌 - 진행중,안전운전불이행,건조,맑음,단일로 - 기타,승용,남,64세,상해없음,원동기,남,59세,경상
2015102800100335,2015년 10월 28일 14시,수요일,부산광역시 연제구 거제동,경상사고,0,0,1,0,차대차 - 측면직각충돌,안전운전불이행,건조,맑음,교차로 - 교차로안,승용,여,45세,상해없음,원동기,남,41세,경상
2015102800100382,2015년 10월 28일 15시,수요일,부산광역시 북구 구포동,중상사고,0,1,0,0,차대사람 - 횡단중,신호위반,건조,맑음,단일로 - 횡단보도상,승합,남,59세,상해없음,보행자,여,32세,중상
2015102800100383,2015년 10월 28일 15시,수요일,부산광역시 연제구 거제동,경상사고,0,0,1,0,차대차 - 정면충돌,신호위반,건조,맑음,단일로 - 기타,승용,여,56세,상해없음,승용,남,50세,경상
2015102800100384,2015년 10월 28일 15시,수요일,부산광역시 연제구 연산동,경상사고,0,0,1,0,차대사람 - 기타,안전운전불이행,건조,맑음,단일로 - 기타,승용,남,54세,상해없음,보행자,남,71세,경상
2015102800100424,2015년 10월 28일 16시,수요일,부산광역시 서구 부용동2가,중상사고,0,1,1,0,차대차 - 정면충돌,신호위반,건조,맑음,교차로 - 교차로안,승용,여,51세,상해없음,승용,남,57세,중상
2015102800100425,2015년 10월 28일 16시,수요일,부산광역시 동래구 명륜동,부상신고사고,0,0,0,1,차대차 - 추돌 - 진행중,안전운전불이행,건조,맑음,단일로 - 기타,승용,남,66세,상해없음,이륜,남,23세,부상신고
2015102800100426,2015년 10월 28일 16시,수요일,부산광역시 해운대구 반여동,경상사고,0,0,1,0,차대사람 - 기타,신호위반,건조,맑음,단일로 - 기타,이륜,남,64세,상해없음,보행자,남,10세,경상
2015102800100427,2015년 10월 28일 16시,수요일,부산광역시 연제구 연산동,경상사고,0,0,1,0,차대차 - 측면직각충돌,교차로운행방법위반,건조,맑음,교차로 - 교차로안,승용,남,63세,상해없음,승용,남,23세,경상
2015102800100464,2015년 10월 28일 17시,수요일,부산광역시 강서구 대저2동,경상사고,0,0,1,0,차대차 - 측면직각충돌,안전운전불이행,건조,맑음,교차로 - 교차로안,승용,남,32세,상해없음,원동기,남,53세,경상
2015102800100510,2015년 10월 28일 18시,수요일,부산광역시 남구 대연동,중상사고,0,1,0,0,차대사람 - 보도통행중,기타,건조,맑음,단일로 - 기타,승용,여,49세,상해없음,보행자,여,57세,중상
2015102800100511,2015년 10월 28일 18시,수요일,부산광역시 동래구 사직동,중상사고,0,1,0,0,차대사람 - 기타,안전운전불이행,건조,맑음,단일로 - 기타,화물,기타불명,기타불명,기타불명,보행자,여,49세,중상
2015102800100512,2015년 10월 28일 18시,수요일,부산광역시 부산진구 부암동,중상사고,0,1,1,0,차대사람 - 횡단중,안전운전불이행,건조,맑음,단일로 - 기타,승용,남,58세,상해없음,보행자,여,34세,중상
2015102800100513,2015년 10월 28일 18시,수요일,부산광역시 사상구 학장동,경상사고,0,0,1,0,차대차 - 측면직각충돌,교차로운행방법위반,건조,맑음,교차로 - 교차로안,승용,남,56세,기타불명,자전거,여,31세,경상
2015102800100590,2015년 10월 28일 19시,수요일,부산광역시 북구 화명동,부상신고사고,0,0,0,1,차대사람 - 기타,안전운전불이행,건조,맑음,단일로 - 기타,자전거,남,48세,부상신고,보행자,여,23세,상해없음
2015102800100591,2015년 10월 28일 19시,수요일,부산광역시 동래구 사직동,중상사고,0,1,0,0,차대차 - 측면직각충돌,신호위반,건조,맑음,교차로 - 교차로안,승용,남,35세,상해없음,원동기,남,16세,중상
2015102800100592,2015년 10월 28일 19시,수요일,부산광역시 사상구 감전동,경상사고,0,0,1,1,차대차 - 측면직각충돌,안전운전불이행,건조,맑음,교차로 - 교차로안,원동기,남,50세,부상신고,승합,남,54세,경상