사고번호,사고일시,요일,시군구,사고내용,사망자수,중상자수,경상자수,부상신고자수,사고유형,법규위반,노면상태,기상상태,도로형태,가해운전자 차종,가해운전자 성별,가해운전자 연령,가해운전자 상해정도,피해운전자 차종,피해운전자 성별,피해운전자 연령,피해운전자 상해정도
2015103100100747,2015년 10월 31일 22시,토요일,부산광역시 부산진구 부전동,중상사고,0,1,0,0,차대차 - 기타,신호위반,건조,맑음,교차로 - 교차로안,승용,남,41세,상해없음,이륜,남,21세,중상
2015103100100748,2015년 10월 31일 22시,토요일,부산광역시 금정구 회동동,경상사고,0,0,1,0,차대차 - 측면직각충돌,직진우회전진행방해,건조,맑음,교차로 - 교차로안,승용,남,58세,상해없음,자전거,남,18세,경상
2015103100100749,2015년 10월 31일 22시,토요일,부산광역시 사상구 괘법동,중상사고,0,1,0,0,차대사람 - 횡단중,안전운전불이행,건조,맑음,기타 - 기타,승합,남,28세,상해없음,보행자,남,43세,중상
2015103100100777,2015년 10월 31일 23시,토요일,부산광역시 수영구 광안동,중상사고,0,1,0,0,차대차 - 추돌 - 진행중,중앙선침범,건조,맑음,단일로 - 기타,승용,남,64세,상해없음,이륜,남,46세,중상
2015103100100778,2015년 10월 31일 23시,토요일,부산광역시 동래구 명장동,경상사고,0,0,2,0,차대차 - 측면직각충돌,안전운전불이행,건조,맑음,단일로 - 기타,승용,남,48세,상해없음,승용,남,51세,경상
2015110100100039,2015년 11월 1일 01시,일요일,부산광역시 해운대구 우동,중상사고,0,1,1,0,차대차 - 측면직각충돌,안전거리미확보,건조,맑음,단일로 - 기타,승용,여,56세,중상,승용,남,33세,경상
2015110100100040,2015년 11월 1일 01시,일요일,부산광역시 부산진구 부전동,경상사고,0,0,1,0,차대사람 - 기타,안전운전불이행,건조,맑음,단일로 - 기타,승용,남,26세,상해없음,보행자,여,22세,경상
2015110100100058,2015년 11월 1일 02시,일요일,부산광역시 금정구 부곡동,경상사고,0,0,1,0,차대차 - 측면직각충돌,안전운전불이행,건조,맑음,단일로 - 기타,승용,남,34세,상해없음,이륜,남,23세,경상
2015110100100069,2015년 11월 1일 03시,일요일,부산광역시 수영구 광안동,부상신고사고,0,0,0,1,차대차 - 추돌 - 진행중,차로위반,건조,맑음,단일로 - 기타,승용,남,54세,상해없음,이륜,남,17세,부상신고
2015110100100120,2015년 11월 1일 06시,일요일,부산광역시 금정구 서동,중상사고,0,1,0,0,차대사람 - 횡단중,안전운전불이행,건조,맑음,교차로 - 교차로안,승용,남,37세,상해없음,보행자,남,54세,중상
2015110100100121,2015년 11월 1일 06시,일요일,부산광역시 사하구 감천동,경상사고,0,0,1,0,차량단독 - 공작물충돌,안전운전불이행,건조,맑음,기타 - 기타,승용,남,29세,경상,,,,
2015110100100149,2015년 11월 1일 08시,일요일,부산광역시 동구 수정동,경상사고,0,0,1,0,차대차 - 정면충돌,중앙선침범,건조,맑음,단일로 - 기타,승용,남,76세,상해없음,승용,남,27세,경상
2015110100100150,2015년 11월 1일 08시,일요일,부산광역시 부산진구 가야동,경상사고,0,0,2,0,차대차 - 추돌 - 주정차중,안전운전불이행,건조,맑음,교차로 - 교차로부근,승합,남,31세,상해없음,승용,남,64세,경상
2015110100100160,2015년 11월 1일 09시,일요일,부산광역시 사하구 괴정동,중상사고,0,1,0,0,차대차 - 기타,안전거리미확보,건조,맑음,단일로 - 기타,승용,남,65세,상해없음,원동기,남,37세,중상
2015110100100179,2015년 11월 1일 10시,일요일,부산광역시 동구 수정동,중상사고,0,2,1,0,차대사람 - 기타,기타,건조,맑음,단일로 - 기타,승용,여,53세,상해없음,보행자,남,61세,중상
2015110100100180,2015년 11월 1일 10시,일요일,부산광역시 동래구 사직동,경상사고,0,0,1,0,차대차 - 측면직각충돌,신호위반,건조,맑음,교차로 - 교차로안,자전거,남,15세,경상,승용,남,74세,상해없음
2015110100100181,2015년 11월 1일 10시,일요일,부산광역시 금정구 부곡동,경상사고,0,0,2,0,차대차 - 추돌 - 주정차중,안전거리미확보,건조,흐림,단일로 - 기타,승합,남,55세,상해없음,승용,남,67세,상해없음
2015110100100182,2015년 11월 1일 10시,일요일,부산광역시 사상구 학장동,경상사고,0,0,2,1,차대차 - 측면직각충돌,신호위반,건조,맑음,교차로 - 교차로안,승용,여,43세,상해없음,승용,남,65세,경상
2015110100100204,2015년 11월 1일 11시,일요일,부산광역시 수영구 광안동,중상사고,0,1,0,0,차대사람 - 횡단중,보행자보호의무위반,건조,맑음,단일로 - 기타,승용,남,73세,상해없음,보행자,여,68세,중상
2015110100100205,2015년 11월 1일 11시,일요일,부산광역시 동래구 온천동,경상사고,0,0,1,0,차대사람 - 횡단중,안전운전불이행,건조,맑음,단일로 - 기타,승용,여,31세,상해없음,보행자,여,67세,경상
2015110100100230,2015년 11월 1일 12시,일요일,부산광역시 서구 서대신동1가,중상사고,0,1,0,0,차대차 - 측면직각충돌,안전운전불이행,건조,흐림,단일로 - 기타,승용,남,42세,상해없음,이륜,남,68세,중상
2015110100100248,2015년 11월 1일 13시,일요일,부산광역시 부산진구 개금동,경상사고,0,0,2,3,차대차 - 기타,안전운전불이행,건조,맑음,단일로 - 기타,승용,남,23세,상해없음,승용,남,50세,부상신고
2015110100100249,2015년 11월 1일 13시,일요일,부산광역시 금정구 장전동,경상사고,0,0,1,0,차대차 - 측면직각충돌,직진우회전진행방해,건조,맑음,교차로 - 교차로안,원동기,남,24세,상해없음,승용,남,49세,상해없음
2015110100100250,2015년 11월 1일 13시,일요일,부산광역시 사상구 엄궁동,중상사고,0,3,0,0,차대차 - 측면직각충돌,안전거리미확보,건조,맑음,단일로 - 기타,승용,여,44세,상해없음,승용,여,30세,중상
2015110100100276,2015년 11월 1일 14시,일요일,부산광역시 영도구 대교동1가,중상사고,0,1,0,0,차대차 - 기타,안전운전불이행,건조,맑음,교차로 - 교차로안,승용,남,27세,상해없음,이륜,남,50세,중상
2015110100100277,2015년 11월 1일 14시,일요일,부산광역시 해운대구 송정동,경상사고,0,0,1,0,차대차 - 기타,교차로운행방법위반,건조,맑음,교차로 - 교차로부근,승용,기타불명,기타불명,기타불명,이륜,남,45세,경상
2015110100100298,2015년 11월 1일 15시,일요일,부산광역시 서구 토성동4가,중상사고,0,1,0,0,차대차 - 측면직각충돌,안전운전불이행,건조,맑음,단일로 - 기타,승용,여,38세,상해없음,승용,여,55세,중상
2015110100100299,2015년 11월 1일 15시,일요일,부산광역시 해운대구 반여동,경상사고,0,0,1,0,차대사람 - 길가장자리구역통행중,안전운전불이행,건조,맑음,단일로 - 기타,승용,남,75세,상해없음,보행자,남,65세,경상
2015110100100300,2015년 11월 1일 15시,일요일,부산광역시 강서구 녹산동,중상사고,0,1,0,0,차대차 - 측면직각충돌,신호위반,건조,흐림,교차로 - 교차로부근,화물,남,41세,상해없음,승용,남,47세,중상
2015110100100325,2015년 11월 1일 16시,일요일,부산광역시 영도구 남항동1가,경상사고,0,0,2,0,차대차 - 측면직각충돌,신호위반,건조,맑음,교차로 - 교차로안,승용,남,70세,상해없음,승용,여,48세,경상
2015110100100353,2015년 11월 1일 17시,일요일,부산광역시 서구 암남동,경상사고,0,0,1,0,차대사람 - 보도통행중,안전운전불이행,건조,맑음,단일로 - 기타,승용,남,58세,상해없음,보행자,남,28세,경상
2015110100100354,2015년 11월 1일 17시,일요일,부산광역시 동래구 온천동,중상사고,0,1,0,0,차대차 - 측면직각충돌,교차로운행방법위반,건조,맑음,교차로 - 교차로안,승용,남,52세,상해없음,승용,여,52세,중상
2015110100100355,2015년 11월 1일 17시,일요일,부산광역시 강서구 범방동,경상사고,0,0,1,0,차대차 - 측면직각충돌,안전운전불이행,건조,흐림,교차로 - 교차로안,승용,남,50세,상해없음,승용,남,26세,경상
2015110100100384,2015년 11월 1일 18시,일요일,부산광역시 해운대구 반여동,경상사고,0,0,1,0,차대차 - 기타,교차로운행방법위반,건조,맑음,교차로 - 교차로안,화물,남,42세,상해없음,이륜,남,41세,경상
2015110100100385,2015년 11월 1일 18시,일요일,부산광역시 금정구 서동,경상사고,0,0,1,0,차대사람 - 횡단중,안전운전불이행,건조,맑음,단일로 - 횡단보도상,기타불명,기타불명,기타불명,기타불명,보행자,여,73세,경상
2015110100100386,2015년 11월 1일 18시,일요일,부산광역시 수영구 수영동,중상사고,0,1,0,0,차대차 - 측면직각충돌,신호위반,건조,맑음,단일로 - 횡단보도상,승용,남,42세,상해없음,자전거,남,63세,중상
2015110100100444,2015년 11월 1일 19시,일요일,부산광역시 남구 문현동,경상사고,0,0,4,0,차대차 - 추돌 - 주정차중,안전운전불이행,건조,맑음,단일로 - 기타,승용,남,61세,상해없음,승용,남,59세,경상
2015110100100491,2015년 11월 1일 21시,일요일,부산광역시 서구 서대신동3가,경상사고,0,0,2,0,차대차 - 측면직각충돌,직진우회전진행방해,습기,비,교차로 - 교차로안,승용,남,42세,경상,승용,남,64세,경상
2015110100100492,2015년 11월 1일 21시,일요일,부산광역시 동래구 사직동,중상사고,0,1,0,0,차대차 - 측면직각충돌,안전운전불이행,건조,맑음,교차로 - 교차로안,자전거,여,17세,중상,승용,남,42세,상해없음
2015110100100493,2015년 11월 1일 21시,일요일,부산광역시 부산진구 부전동,중상사고,0,1,1,0,차대차 - 기타,안전거리미확보,건조,맑음,단일로 - 기타,원동기,남,28세,중상,승용,여,42세,경상
2015110100100494,2015년 11월 1일 21시,일요일,부산광역시 사상구 학장동,중상사고,0,1,1,0,차대차 - 측면직각충돌,신호위반,습기,흐림,교차로 - 교차로안,승용,남,42세,경상,승용,남,57세,중상
2015110100100520,2015년 11월 1일 22시,일요일,부산광역시 부산진구 범천동,경상사고,0,0,2,0,차대차 - 기타,신호위반,습기,맑음,교차로 - 교차로안,승용,여,55세,상해없음,승용,남,47세,경상
2015110100100521,2015년 11월 1일 22시,일요일,부산광역시 사상구 모라동,중상사고,0,1,0,0,차대사람 - 횡단중,안전운전불이행,건조,맑음,교차로 - 교차로안,승용,남,38세,상해없음,보행자,여,73세,중상
2015110100100546,2015년 11월 1일 23시,일요일,부산광역시 영도구 봉래동1가,경상사고,0,0,1,0,차대차 - 추돌 - 진행중,안전운전불이행,건조,맑음,단일로 - 기타,승용,남,75세,기타불명,승용,남,64세,경상
2015110200100011,2015년 11월 2일 01시,월요일,부산광역시 수영구 남천동,중상사고,0,2,1,0,차대차 - 기타,신호위반,건조,맑음,교차로 - 교차로안,승용,여,22세,경상,승용,남,68세,중상
2015110200100041,2015년 11월 2일 05시,월요일,부산광역시 서구 남부민동,중상사고,0,1,0,0,차대사람 - 횡단중,보행자보호의무위반,건조,맑음,교차로 - 교차로안,화물,여,49세,상해없음,보행자,남,42세,중상
2015110200100058,2015년 11월 2일 06시,월요일,부산광역시 강서구 강동동,경상사고,0,0,1,0,차대차 - 측면직각충돌,차로위반,건조,맑음,교차로 - 교차로부근,승용,남,62세,상해없음,승용,여,34세,경상
2015110200100075,2015년 11월 2일 07시,월요일,부산광역시 서구 암남동,경상사고,0,0,1,0,차대차 - 측면직각충돌,신호위반,건조,맑음,교차로 - 교차로안,승용,남,62세,상해없음,승합,남,43세,상해없음
2015110200100076,2015년 11월 2일 07시,월요일,부산광역시 해운대구 재송동,경상사고,0,0,1,0,차대차 - 기타,차로위반,건조,맑음,교차로 - 교차로부근,승용,남,25세,상해없음,승용,남,27세,경상
2015110200100077,2015년 11월 2일 07시,월요일,부산광역시 강서구 녹산동,부상신고사고,0,0,0,2,차대차 - 추돌 - 진행중,안전운전불이행,건조,맑음,단일로 - 기타,승용,남,50세,상해없음,승용,남,28세,부상신고
2015110200100108,2015년 11월 2일 08시,월요일,부산광역시 서구 서대신동2가,중상사고,0,1,0,0,차대사람 - 횡단중,신호위반,건조,맑음,단일로 - 기타,승용,남,30세,상해없음,보행자,여,22세,중상
2015110200100109,2015년 11월 2일 08시,월요일,부산광역시 남구 용호동,경상사고,0,0,1,0,차대사람 - 차도통행중,안전운전불이행,건조,맑음,교차로 - 교차로안,승용,남,36세,상해없음,보행자,남,38세,경상
2015110200100110,2015년 11월 2일 08시,월요일,부산광역시 해운대구 우동,경상사고,0,0,2,0,차대사람 - 횡단중,보행자보호의무위반,건조,맑음,교차로 - 교차로안,화물,남,38세,상해없음,보행자,여,17세,경상
2015110200100142,2015년 11월 2일 09시,월요일,부산광역시 동래구 명장동,경상사고,0,0,1,0,차대사람 - 기타,안전운전불이행,건조,맑음,단일로 - 기타,승합,남,63세,상해없음,보행자,여,38세,경상
2015110200100143,2015년 11월 2일 09시,월요일,부산광역시 부산진구 당감동,경상사고,0,0,1,0,차대차 - 기타,안전운전불이행,건조,맑음,교차로 - 교차로안,승용,여,50세,상해없음,승용,남,35세,경상
2015110200100144,2015년 11월 2일 09시,월요일,부산광역시 연제구 거제동,경상사고,0,0,1,0,차대차 - 추돌 - 진행중,안전운전불이행,건조,맑음,교차로 - 교차로부근,승용,남,59세,상해없음,승용,남,35세,경상
2015110200100145,2015년 11월 2일 09시,월요일,부산광역시 사상구 덕포동,중상사고,0,1,1,0,차대차 - 추돌 - 진행중,안전거리미확보,건조,맑음,교차로 - 교차로부근,화물,남,61세,상해없음,승용,여,60세,경상
2015110200100179,2015년 11월 2일 10시,월요일,부산광역시 사하구 장림동,중상사고,0,1,2,0,차대차 - 기타,직진우회전진행방해,건조,맑음,교차로 - 교차로안,승용,남,56세,중상,화물,남,55세,경상
2015110200100180,2015년 11월 2일 10시,월요일,부산광역시 강서구 봉림동,중상사고,0,1,1,0,차대차 - 추돌 - 주정차중,안전거리미확보,건조,맑음,단일로 - 횡단보도부근,화물,남,65세,상해없음,승용,여,40세,중상
2015110200100211,2015년 11월 2일 11시,월요일,부산광역시 해운대구 좌동,중상사고,0,1,0,0,차대사람 - 횡단중,신호위반,건조,맑음,단일로 - 기타,화물,남,55세,상해없음,보행자,여,41세,중상
2015110200100212,2015년 11월 2일 11시,월요일,부산광역시 금정구 부곡동,경상사고,0,0,1,0,차대차 - 기타,안전거리미확보,건조,맑음,단일로 - 기타,승용,남,30세,상해없음,이륜,남,71세,경상
2015110200100269,2015년 11월 2일 13시,월요일,부산광역시 남구 대연동,경상사고,0,0,1,0,차대차 - 추돌 - 진행중,안전운전불이행,건조,맑음,단일로 - 기타,승용,여,40세,상해없음,승용,남,34세,경상
2015110200100304,2015년 11월 2일 14시,월요일,부산광역시 연제구 연산동,경상사고,0,0,1,0,차대사람 - 기타,중앙선침범,건조,맑음,단일로 - 기타,승용,남,50세,상해없음,보행자,여,56세,경상
2015110200100333,2015년 11월 2일 15시,월요일,부산광역시 남구 대연동,경상사고,0,0,4,0,차대차 - 추돌 - 진행중,안전운전불이행,건조,맑음,단일로 - 터널,화물,남,44세,상해없음,승용,남,37세,경상
2015110200100334,2015년 11월 2일 15시,월요일,부산광역시 부산진구 범천동,경상사고,0,0,2,0,차대차 - 기타,안전운전불이행,건조,맑음,단일로 - 기타,승용,여,49세,상해없음,승용,남,37세,경상
2015110200100335,2015년 11월 2일 15시,월요일,부산광역시 사하구 장림동,경상사고,0,0,1,0,차대차 - 기타,안전운전불이행,건조,맑음,단일로 - 기타,승용,남,63세,상해없음,승용,남,22세,경상
2015110200100336,2015년 11월 2일 15시,월요일,부산광역시 강서구 신호동,경상사고,0,0,1,0,차대차 - 추돌 - 진행중,안전운전불이행,건조,맑음,단일로 - 기타,승용,여,45세,상해없음,승용,남,66세,경상
2015110200100337,2015년 11월 2일 15시,월요일,부산광역시 강서구 송정동,경상사고,0,0,1,0,차대차 - 측면직각충돌,교차로운행방법위반,건조,맑음,교차로 - 교차로안,승용,여,41세,상해없음,승용,남,47세,상해없음
2015110200100372,2015년 11월 2일 16시,월요일,부산광역시 남구 대연동,경상사고,0,0,1,0,차대차 - 측면직각충돌,안전운전불이행,건조,맑음,단일로 - 기타,화물,남,50세,상해없음,승용,남,29세,경상
2015110200100373,2015년 11월 2일 16시,월요일,부산광역시 남구 대연동,중상사고,0,1,0,3,차대차 - 추돌 - 진행중,안전운전불이행,건조,맑음,단일로 - 터널,승용,여,47세,상해없음,승용,남,61세,부상신고
2015110200100374,2015년 11월 2일 16시,월요일,부산광역시 연제구 연산동,중상사고,0,1,0,0,차대사람 - 횡단중,보행자보호의무위반,건조,맑음,단일로 - 횡단보도상,승용,남,56세,상해없음,보행자,여,75세,중상
2015110200100409,2015년 11월 2일 17시,월요일,부산광역시 해운대구 우동,중상사고,0,1,0,0,차대사람 - 기타,기타,건조,맑음,단일로 - 기타,승합,남,64세,상해없음,보행자,여,12세,중상
2015110200100410,2015년 11월 2일 17시,월요일,부산광역시 해운대구 중동,중상사고,0,1,0,0,차대사람 - 횡단중,안전운전불이행,건조,맑음,단일로 - 기타,승용,여,60세,상해없음,보행자,남,12세,중상
2015110200100411,2015년 11월 2일 17시,월요일,부산광역시 부산진구 부전동,중상사고,0,1,3,0,차대차 - 기타,안전운전불이행,건조,맑음,단일로 - 기타,승용,여,60세,중상,승용,남,75세,경상
2015110200100454,2015년 11월 2일 18시,월요일,부산광역시 북구 구포동,중상사고,0,1,2,0,차대차 - 추돌 - 진행중,안전운전불이행,건조,맑음,단일로 - 기타,승용,남,52세,상해없음,승용,남,59세,상해없음
2015110200100455,2015년 11월 2일 18시,월요일,부산광역시 금정구 구서동,중상사고,0,1,0,0,차대사람 - 보도통행중,보행자보호의무위반,건조,맑음,단일로 - 횡단보도상,승합,남,28세,상해없음,보행자,여,55세,중상
2015110200100456,2015년 11월 2일 18시,월요일,부산광역시 금정구 서동,중상사고,0,1,1,1,차대차 - 추돌 - 주정차중,안전운전불이행,건조,맑음,단일로 - 기타,승합,남,51세,상해없음,화물,남,31세,경상
2015110200100537,2015년 11월 2일 19시,월요일,부산광역시 사상구 감전동,경상사고,0,0,1,0,차대차 - 추돌 - 진행중,안전운전불이행,건조,맑음,교차로 - 교차로부근,승용,남,73세,상해없음,승용,남,37세,경상
2015110200100580,2015년 11월 2일 20시,월요일,부산광역시 북구 덕천동,중상사고,0,1,0,0,차대사람 - 기타,안전운전불이행,건조,맑음,교차로 - 교차로안,화물,남,44세,상해없음,보행자,남,18세,중상
2015110200100654,2015년 11월 2일 22시,월요일,부산광역시 연제구 연산동,중상사고,0,1,0,0,차대사람 - 보도통행중,신호위반,건조,맑음,단일로 - 횡단보도상,승용,남,57세,상해없음,보행자,여,30세,중상
2015110200100680,2015년 11월 2일 23시,월요일,부산광역시 동래구 명륜동,중상사고,0,1,0,0,차대차 - 기타,안전운전불이행,건조,맑음,단일로 - 기타,승용,남,62세,상해없음,이륜,남,23세,중상
2015110200100681,2015년 11월 2일 23시,월요일,부산광역시 금정구 구서동,중상사고,0,1,0,0,차대차 - 정면충돌,안전운전불이행,건조,맑음,교차로 - 교차로안,승용,남,52세,상해없음,원동기,남,19세,중상
2015110300100052,2015년 11월 3일 04시,화요일,부산광역시 사하구 하단동,중상사고,0,2,0,1,차량단독 - 공작물충돌,안전운전불이행,건조,맑음,단일로 - 기타,승용,남,26세,상해없음,,,,
2015110300100084,2015년 11월 3일 07시,화요일,부산광역시 연제구 거제동,중상사고,0,1,0,0,차대사람 - 횡단중,안전운전불이행,건조,맑음,단일로 - 횡단보도부근,승용,여,50세,상해없음,보행자,여,12세,중상
2015110300100118,2015년 11월 3일 08시,화요일,부산광역시 북구 만덕동,중상사고,0,1,0,0,차대사람 - 횡단중,신호위반,건조,맑음,교차로 - 교차로안,승용,여,44세,상해없음,보행자,여,63세,중상
2015110300100119,2015년 11월 3일 08시,화요일,부산광역시 북구 금곡동,경상사고,0,0,1,0,차대사람 - 기타,신호위반,건조,맑음,단일로 - 횡단보도상,승용,남,61세,상해없음,보행자,여,49세,경상
2015110300100120,2015년 11월 3일 08시,화요일,부산광역시 사하구 장림동,경상사고,0,0,1,0,차대차 - 기타,안전운전불이행,건조,맑음,단일로 - 기타,승용,남,60세,상해없음,승용,남,58세,경상
2015110300100176,2015년 11월 3일 09시,화요일,부산광역시 영도구 동삼동,경상사고,0,0,1,0,차대차 - 기타,안전운전불이행,건조,맑음,교차로 - 교차로안,승용,여,48세,상해없음,승용,여,39세,경상
2015110300100207,2015년 11월 3일 10시,화요일,부산광역시 중구 부평동2가,경상사고,0,0,1,0,차대차 - 측면직각충돌,신호위반,건조,맑음,교차로 - 교차로안,이륜,남,37세,상해없음,이륜,남,74세,경상
2015110300100208,2015년 11월 3일 10시,화요일,부산광역시 부산진구 부전동,경상사고,0,0,1,0,차대사람 - 횡단중,안전운전불이행,건조,맑음,단일로 - 기타,승용,여,30세,상해없음,보행자,남,77세,경상
2015110300100245,2015년 11월 3일 11시,화요일,부산광역시 서구 토성동5가,경상사고,0,0,2,0,차대차 - 측면직각충돌,안전운전불이행,건조,맑음,단일로 - 기타,승용,여,56세,상해없음,승용,남,53세,경상
2015110300100246,2015년 11월 3일 11시,화요일,부산광역시 동래구 온천동,중상사고,0,1,0,0,차대차 - 측면직각충돌,안전거리미확보,건조,맑음,단일로 - 기타,승용,남,64세,상해없음,원동기,남,40세,중상
2015110300100330,2015년 11월 3일 14시,화요일,부산광역시 중구 영주동,경상사고,0,0,3,0,차대차 - 측면직각충돌,차로위반,건조,맑음,단일로 - 기타,승용,남,26세,경상,특수,남,43세,경상
2015110300100331,2015년 11월 3일 14시,화요일,부산광역시 동래구 명륜동,중상사고,0,1,0,0,차대차 - 측면직각충돌,안전운전불이행,건조,맑음,단일로 - 기타,승용,남,53세,상해없음,자전거,여,56세,중상
2015110300100332,2015년 11월 3일 14시,화요일,부산광역시 해운대구 송정동,중상사고,0,1,0,0,차대차 - 측면직각충돌,안전거리미확보,건조,맑음,교차로 - 교차로부근,건설기계,남,51세,상해없음,승용,남,55세,중상
2015110300100333,2015년 11월 3일 14시,화요일,부산광역시 사하구 감천동,경상사고,0,0,1,0,차대차 - 기타,안전운전불이행,건조,맑음,단일로 - 기타,화물,남,51세,상해없음,승용,남,53세,경상
2015110300100334,2015년 11월 3일 14시,화요일,부산광역시 기장군 정관읍,경상사고,0,0,2,0,차대차 - 정면충돌,안전운전불이행,건조,맑음,단일로 - 기타,승용,여,48세,상해없음,승용,남,52세,경상
2015110300100372,2015년 11월 3일 15시,화요일,부산광역시 사하구 하단동,경상사고,0,0,2,0,차대차 - 기타,안전운전불이행,건조,맑음,단일로 - 기타,승용,남,49세,경상,승합,남,30세,경상
2015110300100404,2015년 11월 3일 16시,화요일,부산광역시 강서구 녹산동,사망사고,1,0,0,0,차대사람 - 횡단중,안전운전불이행,건조,맑음,단일로 - 횡단보도부근,화물,남,50세,상해없음,보행자,남,54세,사망
2015110300100438,2015년 11월 3일 17시,화요일,부산광역시 중구 중앙동6가,중상사고,0,1,0,0,차대차 - 측면직각충돌,신호위반,건조,맑음,교차로 - 교차로안,이륜,남,33세,중상,승용,남,62세,상해없음
2015110300100439,2015년 11월 3일 17시,화요일,부산광역시 영도구 대교동1가,중상사고,0,1,1,0,차대차 - 기타,안전운전불이행,건조,맑음,단일로 - 기타,승합,남,35세,상해없음,화물,남,37세,상해없음
2015110300100440,2015년 11월 3일 17시,화요일,부산광역시 해운대구 반송동,중상사고,0,1,0,0,차대사람 - 기타,안전운전불이행,건조,맑음,단일로 - 기타,승합,남,54세,상해없음,보행자,여,73세,중상
2015110300100441,2015년 11월 3일 17시,화요일,부산광역시 사상구 주례동,경상사고,0,0,1,0,차대차 - 측면직각충돌,신호위반,건조,맑음,교차로 - 교차로안,승용,여,60세,상해없음,자전거,남,31세,경상
2015110300100489,2015년 11월 3일 18시,화요일,부산광역시 중구 남포동4가,중상사고,0,1,0,0,차대차 - 측면직각충돌,차로위반,건조,맑음,단일로 - 기타,승용,남,52세,상해없음,이륜,남,42세,중상
2015110300100490,2015년 11월 3일 18시,화요일,부산광역시 수영구 민락동,경상사고,0,0,1,0,차대사람 - 횡단중,보행자보호의무위반,건조,맑음,단일로 - 횡단보도상,이륜,남,36세,상해없음,보행자,여,54세,경상
2015110300100491,2015년 11월 3일 18시,화요일,부산광역시 해운대구 우동,중상사고,0,1,1,0,차대차 - 측면직각충돌,안전운전불이행,건조,맑음,교차로 - 교차로안,기타불명,기타불명,기타불명,기타불명,승용,남,48세,경상
2015110300100492,2015년 11월 3일 18시,화요일,부산광역시 금정구 서동,경상사고,0,0,5,1,차대차 - 측면직각충돌,직진우회전진행방해,건조,맑음,교차로 - 교차로안,이륜,남,17세,경상,승용,여,56세,부상신고
2015110300100555,2015년 11월 3일 19시,화요일,부산광역시 서구 서대신동2가,경상사고,0,0,1,0,차대차 - 측면직각충돌,교차로운행방법위반,건조,맑음,교차로 - 교차로안,승용,남,44세,상해없음,승용,남,65세,경상
2015110300100582,2015년 11월 3일 20시,화요일,부산광역시 남구 용호동,경상사고,0,0,1,0,차대차 - 측면직각충돌,교차로운행방법위반,건조,맑음,교차로 - 교차로안,승합,남,64세,상해없음,이륜,남,17세,경상
2015110300100584,2015년 11월 3일 20시,화요일,부산광역시 동래구 온천동,경상사고,0,0,1,0,차대사람 - 기타,교차로운행방법위반,건조,맑음,교차로 - 교차로안,승용,남,30세,상해없음,보행자,남,32세,경상
2015110300100585,2015년 11월 3일 20시,화요일,부산광역시 부산진구 개금동,경상사고,0,0,1,0,차대차 - 측면직각충돌,안전거리미확보,건조,맑음,단일로 - 기타,승용,남,70세,상해없음,이륜,남,46세,경상
2015110300100586,2015년 11월 3일 20시,화요일,부산광역시 금정구 구서동,경상사고,0,0,1,0,차대차 - 추돌 - 진행중,안전거리미확보,건조,맑음,교차로 - 교차로안,승용,여,54세,상해없음,승용,남,60세,경상
2015110300100611,2015년 11월 3일 21시,화요일,부산광역시 부산진구 범천동,경상사고,0,0,1,0,차대사람 - 길가장자리구역통행중,안전운전불이행,건조,맑음,단일로 - 기타,승용,여,42세,상해없음,보행자,남,49세,경상
2015110300100612,2015년 11월 3일 21시,화요일,부산광역시 부산진구 당감동,경상사고,0,0,1,0,차대사람 - 차도통행중,안전운전불이행,건조,맑음,교차로 - 교차로안,승용,여,60세,상해없음,보행자,남,41세,경상
2015110300100613,2015년 11월 3일 21시,화요일,부산광역시 강서구 명지동,중상사고,0,1,0,0,차대차 - 측면직각충돌,안전운전불이행,건조,맑음,교차로 - 교차로안,승용,남,65세,상해없음,이륜,남,16세,중상
2015110300100653,2015년 11월 3일 22시,화요일,부산광역시 연제구 거제동,경상사고,0,0,1,0,차대차 - 측면직각충돌,안전운전불이행,건조,맑음,교차로 - 교차로부근,자전거,남,50세,경상,승용,남,33세,상해없음
2015110300100682,2015년 11월 3일 23시,화요일,부산광역시 해운대구 재송동,중상사고,0,1,0,0,차대사람 - 횡단중,안전운전불이행,건조,맑음,단일로 - 횡단보도부근,승용,남,50세,상해없음,보행자,남,19세,중상
2015110300100683,2015년 11월 3일 23시,화요일,부산광역시 부산진구 부암동,중상사고,0,2,0,0,차대차 - 측면직각충돌,신호위반,건조,맑음,교차로 - 교차로안,승용,여,35세,상해없음,승용,남,65세,중상
2015110300100684,2015년 11월 3일 23시,화요일,부산광역시 금정구 장전동,경상사고,0,0,2,0,차대차 - 측면직각충돌,신호위반,건조,맑음,교차로 - 교차로안,승용,남,63세,상해없음,승용,여,28세,경상
2015110400100023,2015년 11월 4일 01시,수요일,부산광역시 동래구 온천동,경상사고,0,0,1,0,차대차 - 측면직각충돌,차로위반,건조,맑음,단일로 - 터널,승용,남,29세,상해없음,화물,남,57세,상해없음
2015110400100024,2015년 11월 4일 01시,수요일,부산광역시 해운대구 우동,경상사고,0,0,1,0,차대사람 - 기타,안전운전불이행,건조,맑음,단일로 - 기타,이륜,남,17세,상해없음,보행자,남,22세,경상