사고번호,사고일시,요일,시군구,사고내용,사망자수,중상자수,경상자수,부상신고자수,사고유형,법규위반,노면상태,기상상태,도로형태,가해운전자 차종,가해운전자 성별,가해운전자 연령,가해운전자 상해정도,피해운전자 차종,피해운전자 성별,피해운전자 연령,피해운전자 상해정도
2015110700100149,2015년 11월 7일 04시,토요일,부산광역시 북구 덕천동,경상사고,0,0,1,0,차량단독 - 기타,안전운전불이행,습기,비,단일로 - 기타,화물,남,47세,경상,,,,
2015110700100150,2015년 11월 7일 04시,토요일,부산광역시 연제구 거제동,중상사고,0,2,2,0,차대차 - 정면충돌,신호위반,건조,맑음,교차로 - 교차로안,승용,남,54세,중상,승용,여,44세,경상
2015110700100169,2015년 11월 7일 05시,토요일,부산광역시 연제구 거제동,경상사고,0,0,1,0,차대사람 - 횡단중,신호위반,건조,맑음,교차로 - 교차로부근,승용,남,63세,상해없음,보행자,여,69세,경상
2015110700100195,2015년 11월 7일 06시,토요일,부산광역시 동래구 안락동,경상사고,0,0,1,0,차대사람 - 횡단중,보행자보호의무위반,건조,맑음,교차로 - 교차로안,승용,남,55세,상해없음,보행자,여,18세,경상
2015110700100196,2015년 11월 7일 06시,토요일,부산광역시 부산진구 부전동,중상사고,0,1,2,0,차대차 - 측면직각충돌,신호위반,습기,비,교차로 - 교차로안,승용,남,44세,상해없음,승용,남,57세,경상
2015110700100231,2015년 11월 7일 08시,토요일,부산광역시 동구 초량동,중상사고,0,1,0,0,차대사람 - 기타,안전운전불이행,건조,맑음,단일로 - 기타,화물,남,52세,상해없음,보행자,남,30세,중상
2015110700100232,2015년 11월 7일 08시,토요일,부산광역시 금정구 장전동,부상신고사고,0,0,0,1,차대차 - 측면직각충돌,직진우회전진행방해,습기,비,교차로 - 교차로안,원동기,남,27세,부상신고,승용,남,52세,상해없음
2015110700100258,2015년 11월 7일 09시,토요일,부산광역시 동구 범일동,사망사고,1,0,0,0,차대차 - 측면직각충돌,신호위반,습기,흐림,교차로 - 교차로안,원동기,남,74세,사망,특수,남,36세,상해없음
2015110700100294,2015년 11월 7일 10시,토요일,부산광역시 부산진구 부전동,경상사고,0,0,1,0,차대사람 - 횡단중,안전운전불이행,습기,비,단일로 - 기타,승용,남,64세,기타불명,보행자,여,28세,경상
2015110700100295,2015년 11월 7일 10시,토요일,부산광역시 금정구 부곡동,경상사고,0,0,1,0,차대차 - 기타,신호위반,습기,흐림,단일로 - 기타,승용,남,55세,상해없음,원동기,남,47세,경상
2015110700100329,2015년 11월 7일 11시,토요일,부산광역시 동구 좌천동,중상사고,0,1,0,0,차대차 - 기타,안전운전불이행,건조,맑음,단일로 - 기타,승용,남,33세,상해없음,원동기,남,18세,중상
2015110700100330,2015년 11월 7일 11시,토요일,부산광역시 부산진구 부전동,중상사고,0,1,0,0,차대차 - 측면직각충돌,중앙선침범,습기,비,단일로 - 기타,승용,남,44세,기타불명,이륜,남,57세,중상
2015110700100331,2015년 11월 7일 11시,토요일,부산광역시 수영구 망미동,경상사고,0,0,1,0,차대차 - 측면직각충돌,안전운전불이행,습기,비,단일로 - 기타,승용,여,57세,상해없음,승용,남,29세,경상
2015110700100361,2015년 11월 7일 12시,토요일,부산광역시 중구 보수동1가,중상사고,0,1,0,0,차대사람 - 보도통행중,보행자보호의무위반,습기,비,단일로 - 기타,승용,남,39세,상해없음,보행자,여,47세,중상
2015110700100362,2015년 11월 7일 12시,토요일,부산광역시 수영구 민락동,경상사고,0,0,1,0,차대차 - 추돌 - 진행중,안전운전불이행,건조,맑음,단일로 - 기타,화물,남,37세,상해없음,자전거,여,22세,경상
2015110700100363,2015년 11월 7일 12시,토요일,부산광역시 해운대구 좌동,경상사고,0,0,1,0,차대차 - 추돌 - 주정차중,안전운전불이행,건조,맑음,단일로 - 기타,승용,남,63세,상해없음,승용,남,49세,경상
2015110700100364,2015년 11월 7일 12시,토요일,부산광역시 사하구 신평동,경상사고,0,0,1,0,차대차 - 기타,안전운전불이행,습기,비,단일로 - 기타,건설기계,남,50세,상해없음,승용,여,52세,경상
2015110700100400,2015년 11월 7일 13시,토요일,부산광역시 수영구 남천동,경상사고,0,0,6,1,차대차 - 측면직각충돌,안전운전불이행,건조,맑음,단일로 - 기타,승용,남,55세,상해없음,승용,남,62세,경상
2015110700100401,2015년 11월 7일 13시,토요일,부산광역시 해운대구 좌동,경상사고,0,0,3,0,차대차 - 측면직각충돌,안전운전불이행,습기,비,교차로 - 교차로안,승용,여,27세,경상,승용,여,30세,경상
2015110700100402,2015년 11월 7일 13시,토요일,부산광역시 사상구 학장동,중상사고,0,1,1,0,차대차 - 측면직각충돌,안전거리미확보,건조,맑음,단일로 - 기타,화물,남,47세,상해없음,승용,여,35세,중상
2015110700100403,2015년 11월 7일 13시,토요일,부산광역시 기장군 정관읍,중상사고,0,1,1,0,차대사람 - 횡단중,안전운전불이행,습기,비,교차로 - 교차로부근,화물,남,66세,상해없음,보행자,여,14세,경상
2015110700100452,2015년 11월 7일 14시,토요일,부산광역시 해운대구 재송동,중상사고,0,3,0,0,차대차 - 측면직각충돌,교차로운행방법위반,습기,비,교차로 - 교차로안,승용,남,49세,상해없음,승용,여,68세,중상
2015110700100500,2015년 11월 7일 15시,토요일,부산광역시 동래구 온천동,중상사고,0,1,0,0,차대차 - 정면충돌,안전운전불이행,건조,맑음,단일로 - 기타,승용,남,61세,상해없음,승용,남,46세,기타불명
2015110700100537,2015년 11월 7일 16시,토요일,부산광역시 금정구 금사동,경상사고,0,0,1,0,차대사람 - 보도통행중,보행자보호의무위반,건조,맑음,단일로 - 횡단보도상,승용,남,64세,상해없음,보행자,남,49세,경상
2015110700100538,2015년 11월 7일 16시,토요일,부산광역시 기장군 기장읍,경상사고,0,0,2,0,차대차 - 추돌 - 진행중,안전운전불이행,습기,비,교차로 - 교차로부근,화물,남,33세,상해없음,승용,남,34세,경상
2015110700100572,2015년 11월 7일 17시,토요일,부산광역시 동구 좌천동,경상사고,0,0,1,0,차대차 - 측면직각충돌,신호위반,습기,비,단일로 - 기타,승용,남,54세,상해없음,이륜,남,34세,경상
2015110700100573,2015년 11월 7일 17시,토요일,부산광역시 북구 구포동,경상사고,0,0,2,1,차대차 - 측면직각충돌,차로위반,습기,비,교차로 - 교차로안,승용,남,43세,상해없음,승용,여,49세,경상
2015110700100574,2015년 11월 7일 17시,토요일,부산광역시 북구 화명동,경상사고,0,0,1,0,차대차 - 측면직각충돌,안전운전불이행,습기,비,단일로 - 기타,승용,남,31세,상해없음,이륜,남,27세,경상
2015110700100575,2015년 11월 7일 17시,토요일,부산광역시 영도구 동삼동,경상사고,0,0,1,0,차대사람 - 기타,안전운전불이행,습기,비,교차로 - 교차로안,승용,여,41세,상해없음,보행자,여,57세,경상
2015110700100576,2015년 11월 7일 17시,토요일,부산광역시 해운대구 재송동,경상사고,0,0,1,0,차대사람 - 횡단중,신호위반,습기,비,단일로 - 횡단보도상,승용,여,49세,상해없음,보행자,남,20세,경상
2015110700100577,2015년 11월 7일 17시,토요일,부산광역시 부산진구 연지동,중상사고,0,1,0,0,차대사람 - 횡단중,신호위반,습기,비,단일로 - 기타,화물,남,57세,상해없음,보행자,여,57세,중상
2015110700100578,2015년 11월 7일 17시,토요일,부산광역시 수영구 망미동,경상사고,0,0,4,0,차대차 - 추돌 - 진행중,신호위반,습기,비,교차로 - 교차로안,승용,남,29세,경상,승용,남,64세,상해없음
2015110700100638,2015년 11월 7일 18시,토요일,부산광역시 동래구 온천동,경상사고,0,0,1,0,차대차 - 추돌 - 주정차중,안전운전불이행,습기,비,단일로 - 기타,승용,남,25세,상해없음,승용,여,52세,경상
2015110700100639,2015년 11월 7일 18시,토요일,부산광역시 사하구 다대동,중상사고,0,1,0,0,차대사람 - 기타,안전운전불이행,습기,비,교차로 - 교차로안,승용,남,73세,상해없음,보행자,남,48세,중상
2015110700100707,2015년 11월 7일 19시,토요일,부산광역시 북구 구포동,중상사고,0,1,0,0,차대사람 - 기타,안전운전불이행,습기,비,교차로 - 교차로안,이륜,남,27세,상해없음,보행자,여,45세,중상
2015110700100708,2015년 11월 7일 19시,토요일,부산광역시 부산진구 당감동,부상신고사고,0,0,0,1,차대사람 - 횡단중,안전운전불이행,습기,비,단일로 - 기타,이륜,남,30세,부상신고,보행자,남,18세,상해없음
2015110700100709,2015년 11월 7일 19시,토요일,부산광역시 부산진구 가야동,경상사고,0,0,1,0,차대사람 - 보도통행중,기타,습기,비,단일로 - 기타,화물,남,47세,상해없음,보행자,남,64세,경상
2015110700100710,2015년 11월 7일 19시,토요일,부산광역시 사상구 주례동,경상사고,0,0,1,0,차대차 - 측면직각충돌,안전운전불이행,습기,비,교차로 - 교차로안,원동기,남,26세,경상,승용,남,33세,상해없음
2015110700100711,2015년 11월 7일 19시,토요일,부산광역시 사상구 괘법동,중상사고,0,1,0,0,차대사람 - 보도통행중,보행자보호의무위반,습기,비,교차로 - 교차로안,승용,남,66세,상해없음,보행자,여,43세,중상
2015110700100776,2015년 11월 7일 20시,토요일,부산광역시 북구 금곡동,중상사고,0,1,1,0,차대차 - 기타,안전운전불이행,건조,맑음,교차로 - 교차로부근,승용,남,53세,상해없음,승용,여,38세,중상
2015110700100778,2015년 11월 7일 20시,토요일,부산광역시 동래구 수안동,중상사고,0,3,0,0,차대차 - 정면충돌,안전거리미확보,습기,비,단일로 - 기타,승합,남,50세,기타불명,화물,남,22세,상해없음
2015110700100779,2015년 11월 7일 20시,토요일,부산광역시 해운대구 송정동,경상사고,0,0,2,0,차대차 - 추돌 - 주정차중,안전운전불이행,습기,비,교차로 - 교차로안,승용,남,59세,상해없음,승용,남,31세,경상
2015110700100780,2015년 11월 7일 20시,토요일,부산광역시 부산진구 부암동,경상사고,0,0,1,0,차대차 - 추돌 - 진행중,교차로운행방법위반,습기,비,교차로 - 교차로안,승용,남,59세,상해없음,승용,남,40세,경상
2015110700100838,2015년 11월 7일 21시,토요일,부산광역시 수영구 남천동,중상사고,0,1,0,0,차대사람 - 횡단중,안전운전불이행,습기,비,교차로 - 교차로부근,승용,남,24세,상해없음,보행자,여,38세,중상
2015110700100839,2015년 11월 7일 21시,토요일,부산광역시 북구 구포동,경상사고,0,0,1,0,차대차 - 기타,중앙선침범,건조,맑음,단일로 - 기타,승용,여,41세,상해없음,이륜,남,23세,경상
2015110700100840,2015년 11월 7일 21시,토요일,부산광역시 동래구 명륜동,부상신고사고,0,0,0,1,차대사람 - 길가장자리구역통행중,안전운전불이행,건조,맑음,단일로 - 기타,승용,여,30세,상해없음,보행자,남,36세,부상신고
2015110700100841,2015년 11월 7일 21시,토요일,부산광역시 부산진구 범천동,경상사고,0,0,1,0,차대사람 - 횡단중,신호위반,습기,비,단일로 - 횡단보도상,승용,남,59세,상해없음,보행자,여,26세,경상
2015110700100842,2015년 11월 7일 21시,토요일,부산광역시 사하구 장림동,경상사고,0,0,2,0,차대차 - 정면충돌,중앙선침범,결빙,비,단일로 - 기타,승용,남,55세,상해없음,승용,여,51세,경상
2015110700100843,2015년 11월 7일 21시,토요일,부산광역시 사하구 다대동,경상사고,0,0,3,0,차대차 - 기타,중앙선침범,습기,비,단일로 - 기타,승용,남,45세,상해없음,승용,남,35세,경상
2015110700100844,2015년 11월 7일 21시,토요일,부산광역시 사하구 괴정동,경상사고,0,0,1,0,차대차 - 기타,안전운전불이행,습기,비,교차로 - 교차로부근,이륜,남,22세,경상,승용,여,54세,상해없음
2015110700100845,2015년 11월 7일 21시,토요일,부산광역시 강서구 강동동,중상사고,0,1,0,0,차량단독 - 도로외이탈 - 추락,안전운전불이행,습기,비,단일로 - 기타,승용,남,47세,중상,,,,
2015110700100846,2015년 11월 7일 21시,토요일,부산광역시 사상구 감전동,경상사고,0,0,2,0,차대차 - 측면직각충돌,신호위반,습기,비,교차로 - 교차로안,승용,남,61세,상해없음,승용,남,65세,경상
2015110700100903,2015년 11월 7일 22시,토요일,부산광역시 북구 만덕동,경상사고,0,0,1,0,차대사람 - 횡단중,보행자보호의무위반,습기,비,단일로 - 횡단보도부근,승용,남,26세,상해없음,보행자,여,19세,경상
2015110700100904,2015년 11월 7일 22시,토요일,부산광역시 해운대구 반여동,경상사고,0,0,1,0,차대차 - 추돌 - 진행중,안전거리미확보,습기,비,단일로 - 기타,승용,여,50세,상해없음,승용,여,41세,경상
2015110700100905,2015년 11월 7일 22시,토요일,부산광역시 부산진구 가야동,중상사고,0,1,0,0,차대차 - 측면직각충돌,교차로운행방법위반,습기,비,교차로 - 교차로안,화물,남,43세,상해없음,이륜,남,33세,중상
2015110700100961,2015년 11월 7일 23시,토요일,부산광역시 동래구 명장동,경상사고,0,0,1,0,차대사람 - 길가장자리구역통행중,안전운전불이행,습기,비,교차로 - 교차로안,승용,남,56세,기타불명,보행자,남,61세,경상
2015110700100962,2015년 11월 7일 23시,토요일,부산광역시 부산진구 부전동,경상사고,0,0,2,0,차대차 - 측면직각충돌,신호위반,습기,비,교차로 - 교차로안,승용,남,49세,상해없음,승용,여,59세,상해없음
2015110700100963,2015년 11월 7일 23시,토요일,부산광역시 사하구 신평동,중상사고,0,1,0,1,차대차 - 추돌 - 진행중,안전거리미확보,습기,비,단일로 - 기타,승용,남,72세,상해없음,승용,남,67세,중상
2015110700100964,2015년 11월 7일 23시,토요일,부산광역시 연제구 연산동,경상사고,0,0,1,0,차대차 - 추돌 - 진행중,안전거리미확보,습기,비,단일로 - 기타,승용,여,41세,상해없음,승용,남,58세,경상
2015110700100965,2015년 11월 7일 23시,토요일,부산광역시 사상구 엄궁동,경상사고,0,0,1,0,차대차 - 추돌 - 주정차중,안전거리미확보,기타,맑음,단일로 - 기타,승용,남,40세,상해없음,승용,남,50세,경상
2015110700100966,2015년 11월 7일 23시,토요일,부산광역시 기장군 장안읍,경상사고,0,0,1,0,차대차 - 측면직각충돌,안전운전불이행,습기,비,단일로 - 기타,화물,남,52세,상해없음,승용,남,29세,경상
2015110800100016,2015년 11월 8일 00시,일요일,부산광역시 동구 수정동,경상사고,0,0,1,0,차대차 - 기타,안전운전불이행,습기,비,단일로 - 기타,승용,남,32세,상해없음,승용,남,32세,경상
2015110800100017,2015년 11월 8일 00시,일요일,부산광역시 동래구 온천동,경상사고,0,0,2,0,차대차 - 추돌 - 진행중,안전운전불이행,습기,비,단일로 - 기타,승용,남,52세,상해없음,승용,여,26세,경상
2015110800100018,2015년 11월 8일 00시,일요일,부산광역시 사하구 괴정동,경상사고,0,0,1,0,차대차 - 측면직각충돌,안전운전불이행,습기,비,단일로 - 기타,승용,남,39세,상해없음,승용,남,67세,경상
2015110800100019,2015년 11월 8일 00시,일요일,부산광역시 사하구 다대동,중상사고,0,1,0,0,차대차 - 측면직각충돌,중앙선침범,습기,비,교차로 - 교차로부근,승용,남,64세,상해없음,승용,여,34세,중상
2015110800100020,2015년 11월 8일 00시,일요일,부산광역시 연제구 연산동,경상사고,0,0,1,1,차대차 - 추돌 - 진행중,안전거리미확보,습기,비,교차로 - 교차로부근,승용,남,55세,상해없음,승용,남,33세,경상
2015110800100021,2015년 11월 8일 00시,일요일,부산광역시 기장군 일광면,경상사고,0,0,3,0,차대차 - 기타,안전운전불이행,습기,비,단일로 - 기타,승용,남,60세,상해없음,승용,여,64세,경상
2015110800100066,2015년 11월 8일 01시,일요일,부산광역시 서구 암남동,경상사고,0,0,2,0,차대차 - 추돌 - 진행중,신호위반,습기,비,교차로 - 교차로안,승용,남,64세,상해없음,승용,여,22세,경상
2015110800100067,2015년 11월 8일 01시,일요일,부산광역시 수영구 광안동,경상사고,0,0,1,0,차대차 - 추돌 - 주정차중,안전운전불이행,습기,비,교차로 - 교차로부근,승용,남,37세,상해없음,승용,남,37세,경상
2015110800100068,2015년 11월 8일 01시,일요일,부산광역시 부산진구 당감동,중상사고,0,1,0,0,차대차 - 기타,안전운전불이행,습기,비,단일로 - 기타,승용,남,23세,중상,승용,남,25세,상해없음
2015110800100069,2015년 11월 8일 01시,일요일,부산광역시 사상구 학장동,중상사고,0,1,1,0,차대차 - 추돌 - 주정차중,직진우회전진행방해,건조,맑음,교차로 - 교차로안,승용,남,64세,상해없음,승용,남,51세,중상
2015110800100070,2015년 11월 8일 01시,일요일,부산광역시 기장군 기장읍,경상사고,0,0,2,0,차대차 - 추돌 - 주정차중,안전운전불이행,습기,비,단일로 - 기타,승용,남,47세,상해없음,승용,남,39세,경상
2015110800100099,2015년 11월 8일 02시,일요일,부산광역시 부산진구 전포동,경상사고,0,0,1,0,차대사람 - 기타,중앙선침범,습기,비,단일로 - 기타,승용,남,27세,기타불명,보행자,남,45세,경상
2015110800100114,2015년 11월 8일 03시,일요일,부산광역시 중구 부평동2가,경상사고,0,0,3,0,차대차 - 측면직각충돌,신호위반,습기,비,교차로 - 교차로안,승용,남,45세,경상,승용,남,66세,상해없음
2015110800100137,2015년 11월 8일 04시,일요일,부산광역시 남구 문현동,중상사고,0,1,0,0,차량단독 - 공작물충돌,안전운전불이행,습기,비,단일로 - 교량,승용,남,56세,상해없음,,,,
2015110800100138,2015년 11월 8일 04시,일요일,부산광역시 북구 구포동,중상사고,0,1,0,0,차대사람 - 차도통행중,안전운전불이행,습기,비,단일로 - 기타,승용,남,64세,상해없음,보행자,남,59세,중상
2015110800100139,2015년 11월 8일 04시,일요일,부산광역시 사하구 하단동,부상신고사고,0,0,0,1,차량단독 - 전도전복,안전운전불이행,습기,비,단일로 - 기타,이륜,남,16세,상해없음,,,,
2015110800100160,2015년 11월 8일 05시,일요일,부산광역시 북구 화명동,중상사고,0,1,0,0,차대사람 - 기타,안전운전불이행,건조,맑음,단일로 - 기타,화물,남,24세,상해없음,보행자,남,65세,중상
2015110800100161,2015년 11월 8일 05시,일요일,부산광역시 부산진구 당감동,경상사고,0,0,1,0,차대차 - 추돌 - 진행중,안전운전불이행,건조,맑음,교차로 - 교차로부근,승합,남,35세,상해없음,승용,남,43세,경상
2015110800100191,2015년 11월 8일 07시,일요일,부산광역시 부산진구 부전동,경상사고,0,0,2,0,차대차 - 추돌 - 주정차중,안전운전불이행,건조,맑음,단일로 - 기타,승용,남,23세,상해없음,승용,남,60세,경상
2015110800100192,2015년 11월 8일 07시,일요일,부산광역시 연제구 연산동,경상사고,0,0,1,0,차대차 - 정면충돌,중앙선침범,건조,흐림,교차로 - 교차로안,이륜,남,22세,경상,승용,남,49세,상해없음
2015110800100205,2015년 11월 8일 08시,일요일,부산광역시 동구 초량동,사망사고,1,1,0,0,차량단독 - 전도전복,안전운전불이행,습기,비,단일로 - 기타,승용,남,71세,사망,,,,
2015110800100224,2015년 11월 8일 09시,일요일,부산광역시 해운대구 반여동,사망사고,1,0,0,0,차대차 - 추돌 - 주정차중,안전운전불이행,습기,비,단일로 - 기타,승용,남,55세,사망,건설기계,남,51세,상해없음
2015110800100274,2015년 11월 8일 11시,일요일,부산광역시 부산진구 부암동,경상사고,0,0,2,0,차대차 - 측면직각충돌,안전운전불이행,습기,비,단일로 - 기타,승용,남,62세,상해없음,승용,남,31세,경상
2015110800100275,2015년 11월 8일 11시,일요일,부산광역시 강서구 신호동,중상사고,0,1,0,0,차대차 - 추돌 - 진행중,교차로운행방법위반,습기,비,교차로 - 교차로안,승용,남,58세,상해없음,이륜,남,33세,중상
2015110800100276,2015년 11월 8일 11시,일요일,부산광역시 기장군 정관읍,부상신고사고,0,0,0,3,차량단독 - 공작물충돌,안전운전불이행,습기,비,미분류 - 미분류,승용,여,36세,부상신고,,,,
2015110800100297,2015년 11월 8일 12시,일요일,부산광역시 서구 서대신동2가,중상사고,0,2,3,0,차대차 - 정면충돌,중앙선침범,습기,비,단일로 - 기타,승용,남,56세,경상,승용,남,46세,경상
2015110800100329,2015년 11월 8일 13시,일요일,부산광역시 동래구 온천동,경상사고,0,0,1,0,차대차 - 추돌 - 주정차중,안전거리미확보,습기,비,단일로 - 기타,승용,남,25세,상해없음,승용,남,45세,경상
2015110800100330,2015년 11월 8일 13시,일요일,부산광역시 영도구 신선동2가,사망사고,1,0,0,0,차대사람 - 길가장자리구역통행중,안전운전불이행,습기,비,단일로 - 기타,승용,남,67세,상해없음,보행자,남,74세,사망
2015110800100356,2015년 11월 8일 14시,일요일,부산광역시 북구 만덕동,경상사고,0,0,1,0,차대차 - 측면직각충돌,안전운전불이행,습기,비,단일로 - 기타,승합,남,31세,상해없음,원동기,남,52세,경상
2015110800100357,2015년 11월 8일 14시,일요일,부산광역시 강서구 대저1동,경상사고,0,0,2,0,차대차 - 추돌 - 진행중,안전운전불이행,건조,맑음,단일로 - 기타,승용,남,57세,상해없음,승용,남,30세,경상
2015110800100413,2015년 11월 8일 16시,일요일,부산광역시 동래구 안락동,경상사고,0,0,2,0,차대차 - 추돌 - 주정차중,안전운전불이행,습기,비,교차로 - 교차로부근,승용,남,46세,상해없음,승용,여,49세,경상
2015110800100414,2015년 11월 8일 16시,일요일,부산광역시 금정구 장전동,중상사고,0,1,0,0,차대사람 - 횡단중,안전운전불이행,습기,비,단일로 - 기타,화물,남,41세,상해없음,보행자,여,18세,중상
2015110800100447,2015년 11월 8일 17시,일요일,부산광역시 금정구 장전동,경상사고,0,0,1,0,차량단독 - 기타,안전운전불이행,습기,비,단일로 - 기타,승합,남,41세,상해없음,,,,
2015110800100505,2015년 11월 8일 18시,일요일,부산광역시 동래구 온천동,중상사고,0,1,1,0,차대사람 - 차도통행중,안전운전불이행,습기,흐림,단일로 - 기타,승용,남,49세,상해없음,보행자,여,43세,중상
2015110800100506,2015년 11월 8일 18시,일요일,부산광역시 사상구 덕포동,중상사고,0,1,0,0,차대사람 - 횡단중,신호위반,건조,맑음,단일로 - 횡단보도상,승용,남,63세,상해없음,보행자,여,57세,중상
2015110800100553,2015년 11월 8일 19시,일요일,부산광역시 기장군 기장읍,경상사고,0,0,1,1,차량단독 - 공작물충돌,안전운전불이행,습기,비,단일로 - 기타,승용,남,34세,상해없음,,,,
2015110800100610,2015년 11월 8일 20시,일요일,부산광역시 부산진구 개금동,경상사고,0,0,1,0,차대사람 - 기타,안전운전불이행,건조,맑음,단일로 - 횡단보도부근,화물,남,39세,상해없음,보행자,남,44세,경상
2015110800100650,2015년 11월 8일 21시,일요일,부산광역시 중구 부평동1가,중상사고,0,1,0,0,차대사람 - 길가장자리구역통행중,안전운전불이행,습기,흐림,단일로 - 기타,승용,남,24세,상해없음,보행자,여,38세,중상
2015110800100651,2015년 11월 8일 21시,일요일,부산광역시 동래구 사직동,중상사고,0,1,0,0,차대차 - 측면직각충돌,직진우회전진행방해,건조,흐림,교차로 - 교차로안,승용,남,58세,상해없음,승용,여,59세,중상
2015110800100684,2015년 11월 8일 22시,일요일,부산광역시 중구 남포동5가,경상사고,0,0,1,0,차대사람 - 길가장자리구역통행중,안전운전불이행,습기,흐림,단일로 - 기타,승합,여,70세,상해없음,보행자,여,55세,경상
2015110800100685,2015년 11월 8일 22시,일요일,부산광역시 동래구 온천동,중상사고,0,1,0,0,차대사람 - 횡단중,안전운전불이행,습기,비,단일로 - 기타,승용,남,53세,상해없음,보행자,남,60세,중상
2015110800100686,2015년 11월 8일 22시,일요일,부산광역시 영도구 동삼동,사망사고,1,0,1,0,차대차 - 정면충돌,중앙선침범,건조,맑음,단일로 - 기타,원동기,남,38세,사망,승용,여,62세,경상
2015110800100687,2015년 11월 8일 22시,일요일,부산광역시 부산진구 범천동,중상사고,0,2,0,0,차대사람 - 횡단중,보행자보호의무위반,건조,맑음,단일로 - 횡단보도상,승용,남,55세,상해없음,보행자,여,39세,중상
2015110800100688,2015년 11월 8일 22시,일요일,부산광역시 연제구 연산동,중상사고,0,1,0,0,차량단독 - 전도전복,안전운전불이행,습기,비,교차로 - 교차로부근,원동기,남,16세,상해없음,,,,
2015110900100010,2015년 11월 9일 00시,월요일,부산광역시 해운대구 중동,경상사고,0,0,1,0,차대사람 - 기타,안전운전불이행,건조,맑음,교차로 - 교차로부근,화물,남,48세,상해없음,보행자,남,24세,경상
2015110900100039,2015년 11월 9일 01시,월요일,부산광역시 동구 범일동,중상사고,0,1,0,0,차대차 - 기타,안전운전불이행,건조,맑음,단일로 - 기타,승용,남,26세,상해없음,승용,남,58세,중상
2015110900100069,2015년 11월 9일 03시,월요일,부산광역시 동래구 온천동,중상사고,0,1,0,0,차대사람 - 횡단중,안전운전불이행,건조,맑음,단일로 - 기타,승용,남,29세,상해없음,보행자,남,60세,중상
2015110900100079,2015년 11월 9일 04시,월요일,부산광역시 북구 화명동,경상사고,0,0,1,0,차대차 - 추돌 - 진행중,안전운전불이행,습기,비,교차로 - 교차로부근,이륜,남,27세,기타불명,승용,남,44세,경상
2015110900100085,2015년 11월 9일 05시,월요일,부산광역시 동래구 사직동,중상사고,0,1,0,0,차대사람 - 차도통행중,안전운전불이행,습기,비,단일로 - 기타,승용,남,55세,상해없음,보행자,남,50세,중상
2015110900100086,2015년 11월 9일 05시,월요일,부산광역시 해운대구 우동,중상사고,0,1,0,0,차대사람 - 횡단중,신호위반,습기,비,단일로 - 횡단보도상,화물,남,71세,상해없음,보행자,여,33세,중상
2015110900100105,2015년 11월 9일 06시,월요일,부산광역시 북구 구포동,중상사고,0,1,1,0,차대차 - 추돌 - 주정차중,안전거리미확보,습기,비,단일로 - 교량,화물,남,62세,상해없음,승용,남,53세,중상
2015110900100125,2015년 11월 9일 07시,월요일,부산광역시 동래구 온천동,경상사고,0,0,1,0,차대차 - 기타,안전거리미확보,습기,비,단일로 - 기타,승합,남,41세,상해없음,원동기,남,20세,경상
2015110900100126,2015년 11월 9일 07시,월요일,부산광역시 해운대구 우동,중상사고,0,1,0,0,차량단독 - 기타,안전운전불이행,건조,맑음,단일로 - 기타,이륜,남,60세,중상,,,,
2015110900100127,2015년 11월 9일 07시,월요일,부산광역시 수영구 망미동,중상사고,0,1,0,0,차대사람 - 기타,안전운전불이행,습기,비,단일로 - 기타,승용,여,44세,상해없음,보행자,남,15세,중상
2015110900100128,2015년 11월 9일 07시,월요일,부산광역시 강서구 구랑동,경상사고,0,0,1,0,차대차 - 측면직각충돌,신호위반,습기,비,교차로 - 교차로안,승합,남,65세,상해없음,승용,남,44세,경상
2015110900100129,2015년 11월 9일 07시,월요일,부산광역시 사상구 주례동,중상사고,0,1,10,0,차대차 - 정면충돌,안전거리미확보,습기,비,교차로 - 교차로부근,화물,남,43세,상해없음,승용,남,67세,경상
2015110900100130,2015년 11월 9일 07시,월요일,부산광역시 기장군 정관읍,중상사고,0,3,4,0,차대차 - 측면직각충돌,신호위반,습기,비,교차로 - 교차로안,승합,남,51세,상해없음,화물,남,33세,중상
2015110900100165,2015년 11월 9일 08시,월요일,부산광역시 북구 화명동,경상사고,0,0,4,0,차대차 - 기타,안전운전불이행,습기,비,교차로 - 교차로안,승용,여,37세,상해없음,승용,여,19세,경상
2015110900100218,2015년 11월 9일 09시,월요일,부산광역시 영도구 대교동1가,경상사고,0,0,1,0,차대차 - 기타,안전운전불이행,건조,맑음,단일로 - 기타,승용,남,75세,상해없음,원동기,남,61세,경상
2015110900100219,2015년 11월 9일 09시,월요일,부산광역시 금정구 금사동,중상사고,0,1,0,0,차대사람 - 횡단중,보행자보호의무위반,습기,흐림,단일로 - 횡단보도상,화물,남,65세,상해없음,보행자,여,63세,중상
2015110900100220,2015년 11월 9일 09시,월요일,부산광역시 기장군 정관읍,중상사고,0,2,2,0,차대차 - 추돌 - 주정차중,신호위반,습기,비,교차로 - 교차로안,승용,남,39세,기타불명,승용,남,41세,중상