사고번호,사고일시,요일,시군구,사고내용,사망자수,중상자수,경상자수,부상신고자수,사고유형,법규위반,노면상태,기상상태,도로형태,가해운전자 차종,가해운전자 성별,가해운전자 연령,가해운전자 상해정도,피해운전자 차종,피해운전자 성별,피해운전자 연령,피해운전자 상해정도
2015112200100257,2015년 11월 22일 14시,일요일,부산광역시 해운대구 재송동,부상신고사고,0,0,0,2,차대차 - 기타,안전운전불이행,기타,맑음,단일로 - 기타,승용,남,53세,상해없음,승용,남,33세,상해없음
2015112200100258,2015년 11월 22일 14시,일요일,부산광역시 부산진구 개금동,경상사고,0,0,2,0,차대차 - 추돌 - 진행중,안전운전불이행,건조,맑음,교차로 - 교차로부근,승용,여,37세,상해없음,승용,남,53세,경상
2015112200100277,2015년 11월 22일 15시,일요일,부산광역시 금정구 장전동,부상신고사고,0,0,0,1,차대차 - 추돌 - 주정차중,안전운전불이행,건조,맑음,단일로 - 기타,원동기,남,22세,부상신고,승용,남,25세,상해없음
2015112200100344,2015년 11월 22일 17시,일요일,부산광역시 남구 대연동,경상사고,0,0,1,0,차대차 - 추돌 - 진행중,안전운전불이행,건조,맑음,단일로 - 횡단보도부근,승용,남,75세,상해없음,원동기,남,24세,경상
2015112200100345,2015년 11월 22일 17시,일요일,부산광역시 해운대구 중동,중상사고,0,1,2,0,차대차 - 정면충돌,중앙선침범,건조,맑음,교차로 - 교차로부근,화물,남,23세,중상,승합,남,48세,경상
2015112200100346,2015년 11월 22일 17시,일요일,부산광역시 해운대구 중동,경상사고,0,0,1,0,차대차 - 추돌 - 주정차중,안전운전불이행,건조,맑음,단일로 - 기타,승용,남,42세,상해없음,승용,남,52세,경상
2015112200100347,2015년 11월 22일 17시,일요일,부산광역시 금정구 남산동,경상사고,0,0,1,0,차대차 - 정면충돌,안전거리미확보,건조,맑음,단일로 - 기타,승용,남,81세,상해없음,승용,여,46세,경상
2015112200100348,2015년 11월 22일 17시,일요일,부산광역시 사상구 감전동,중상사고,0,2,2,0,차대차 - 정면충돌,안전운전불이행,건조,맑음,단일로 - 기타,승용,남,41세,상해없음,승용,남,37세,중상
2015112200100400,2015년 11월 22일 18시,일요일,부산광역시 중구 남포동6가,경상사고,0,0,1,0,차대사람 - 횡단중,신호위반,건조,맑음,단일로 - 횡단보도상,이륜,남,20세,상해없음,보행자,남,37세,경상
2015112200100438,2015년 11월 22일 19시,일요일,부산광역시 서구 동대신동3가,중상사고,0,1,0,0,차대사람 - 횡단중,신호위반,건조,맑음,단일로 - 횡단보도상,승용,남,56세,상해없음,보행자,여,21세,중상
2015112200100439,2015년 11월 22일 19시,일요일,부산광역시 금정구 구서동,경상사고,0,0,1,0,차대차 - 정면충돌,안전운전불이행,건조,맑음,교차로 - 교차로부근,원동기,남,35세,경상,승용,남,70세,상해없음
2015112200100528,2015년 11월 22일 21시,일요일,부산광역시 부산진구 가야동,경상사고,0,0,1,0,차대차 - 기타,안전운전불이행,건조,맑음,단일로 - 기타,이륜,남,27세,상해없음,승합,남,55세,상해없음
2015112200100529,2015년 11월 22일 21시,일요일,부산광역시 사상구 모라동,경상사고,0,0,1,0,차대사람 - 길가장자리구역통행중,안전운전불이행,건조,흐림,단일로 - 기타,승용,남,56세,상해없음,보행자,남,42세,경상
2015112200100566,2015년 11월 22일 22시,일요일,부산광역시 동구 수정동,경상사고,0,0,1,0,차대차 - 측면직각충돌,차로위반,건조,맑음,단일로 - 기타,승용,여,42세,상해없음,승합,남,60세,상해없음
2015112200100567,2015년 11월 22일 22시,일요일,부산광역시 해운대구 좌동,부상신고사고,0,0,0,1,차대사람 - 기타,안전운전불이행,건조,맑음,교차로 - 교차로부근,승용,여,43세,상해없음,보행자,여,32세,부상신고
2015112200100568,2015년 11월 22일 22시,일요일,부산광역시 강서구 구랑동,사망사고,1,0,0,0,차량단독 - 전도전복,안전거리미확보,건조,맑음,단일로 - 기타,이륜,남,29세,사망,,,,
2015112200100609,2015년 11월 22일 23시,일요일,부산광역시 해운대구 우동,중상사고,0,1,0,0,차대사람 - 기타,안전운전불이행,건조,맑음,단일로 - 기타,승용,남,57세,상해없음,보행자,남,40세,중상
2015112200100610,2015년 11월 22일 23시,일요일,부산광역시 해운대구 반여동,중상사고,0,2,2,0,차대차 - 기타,안전거리미확보,건조,맑음,단일로 - 교량,이륜,남,22세,중상,승용,남,53세,경상
2015112200100611,2015년 11월 22일 23시,일요일,부산광역시 부산진구 부전동,경상사고,0,0,1,0,차대사람 - 차도통행중,안전운전불이행,건조,흐림,단일로 - 기타,승용,남,44세,기타불명,보행자,남,45세,경상
2015112200100612,2015년 11월 22일 23시,일요일,부산광역시 기장군 장안읍,중상사고,0,1,0,0,차대차 - 측면직각충돌,안전운전불이행,건조,맑음,단일로 - 기타,승용,남,26세,상해없음,승용,남,38세,상해없음
2015112300100056,2015년 11월 23일 05시,월요일,부산광역시 해운대구 반여동,경상사고,0,0,1,0,차대차 - 추돌 - 주정차중,안전운전불이행,습기,비,교차로 - 교차로안,승용,남,37세,상해없음,승용,남,50세,경상
2015112300100068,2015년 11월 23일 06시,월요일,부산광역시 강서구 명지동,경상사고,0,0,1,0,차대차 - 추돌 - 주정차중,안전운전불이행,건조,맑음,교차로 - 교차로부근,화물,남,55세,상해없음,건설기계,남,49세,경상
2015112300100069,2015년 11월 23일 06시,월요일,부산광역시 기장군 일광면,중상사고,0,1,4,0,차대차 - 추돌 - 주정차중,안전거리미확보,습기,비,단일로 - 기타,특수,남,46세,상해없음,화물,남,57세,경상
2015112300100106,2015년 11월 23일 07시,월요일,부산광역시 남구 문현동,중상사고,0,2,2,0,차대차 - 측면직각충돌,신호위반,건조,맑음,교차로 - 교차로안,승용,남,68세,중상,승용,남,71세,경상
2015112300100107,2015년 11월 23일 07시,월요일,부산광역시 연제구 연산동,경상사고,0,0,1,0,차대차 - 기타,교차로운행방법위반,건조,맑음,교차로 - 교차로안,승용,남,50세,상해없음,승용,남,30세,경상
2015112300100108,2015년 11월 23일 07시,월요일,부산광역시 강서구 송정동,중상사고,0,2,0,0,차대차 - 추돌 - 진행중,신호위반,건조,맑음,교차로 - 교차로안,승합,남,68세,상해없음,승용,남,53세,중상
2015112300100109,2015년 11월 23일 07시,월요일,부산광역시 사상구 학장동,경상사고,0,0,1,0,차대차 - 측면직각충돌,차로위반,건조,맑음,단일로 - 기타,승합,남,77세,상해없음,승용,여,40세,경상
2015112300100149,2015년 11월 23일 08시,월요일,부산광역시 해운대구 반여동,부상신고사고,0,0,0,1,차대차 - 측면직각충돌,안전운전불이행,건조,맑음,교차로 - 교차로안,승용,남,55세,상해없음,승용,여,50세,부상신고
2015112300100150,2015년 11월 23일 08시,월요일,부산광역시 부산진구 부전동,중상사고,0,1,0,0,차대차 - 측면직각충돌,신호위반,건조,맑음,교차로 - 교차로안,승용,남,24세,상해없음,이륜,남,59세,중상
2015112300100151,2015년 11월 23일 08시,월요일,부산광역시 연제구 연산동,경상사고,0,0,2,0,차대차 - 기타,안전운전불이행,건조,맑음,단일로 - 기타,원동기,남,27세,상해없음,승용,남,46세,경상
2015112300100152,2015년 11월 23일 08시,월요일,부산광역시 수영구 망미동,경상사고,0,0,2,0,차대차 - 측면직각충돌,안전운전불이행,건조,맑음,교차로 - 교차로안,승합,남,42세,상해없음,승합,남,43세,경상
2015112300100192,2015년 11월 23일 09시,월요일,부산광역시 금정구 금사동,부상신고사고,0,0,0,1,차대차 - 정면충돌,직진우회전진행방해,건조,맑음,교차로 - 교차로안,승용,남,56세,부상신고,승용,남,27세,상해없음
2015112300100213,2015년 11월 23일 10시,월요일,부산광역시 동래구 명장동,경상사고,0,0,1,0,차대차 - 추돌 - 주정차중,안전거리미확보,건조,맑음,단일로 - 기타,화물,남,43세,상해없음,승용,여,53세,경상
2015112300100214,2015년 11월 23일 10시,월요일,부산광역시 동래구 온천동,경상사고,0,0,1,0,차대차 - 측면직각충돌,안전운전불이행,건조,맑음,단일로 - 기타,승용,남,35세,상해없음,원동기,남,24세,경상
2015112300100245,2015년 11월 23일 11시,월요일,부산광역시 사하구 장림동,중상사고,0,1,0,0,차대차 - 기타,안전운전불이행,건조,맑음,기타 - 기타,화물,남,58세,상해없음,원동기,남,59세,중상
2015112300100270,2015년 11월 23일 12시,월요일,부산광역시 영도구 동삼동,중상사고,0,1,0,0,차대사람 - 횡단중,안전운전불이행,건조,맑음,단일로 - 기타,승용,여,57세,상해없음,보행자,여,75세,중상
2015112300100297,2015년 11월 23일 13시,월요일,부산광역시 수영구 광안동,경상사고,0,0,1,0,차대차 - 추돌 - 진행중,안전운전불이행,건조,맑음,단일로 - 기타,승용,남,34세,상해없음,원동기,남,82세,경상
2015112300100324,2015년 11월 23일 14시,월요일,부산광역시 북구 덕천동,중상사고,0,1,0,0,차대사람 - 횡단중,안전운전불이행,건조,흐림,교차로 - 교차로부근,승용,남,33세,상해없음,보행자,여,80세,중상
2015112300100325,2015년 11월 23일 14시,월요일,부산광역시 부산진구 부전동,중상사고,0,1,0,0,차대사람 - 횡단중,안전운전불이행,건조,맑음,단일로 - 기타,승용,남,43세,상해없음,보행자,여,68세,중상
2015112300100326,2015년 11월 23일 14시,월요일,부산광역시 부산진구 가야동,경상사고,0,0,2,0,차대차 - 측면직각충돌,직진우회전진행방해,습기,비,교차로 - 교차로안,화물,남,57세,상해없음,승용,남,78세,경상
2015112300100327,2015년 11월 23일 14시,월요일,부산광역시 금정구 남산동,부상신고사고,0,0,0,2,차대사람 - 횡단중,기타,건조,맑음,단일로 - 기타,승용,여,53세,상해없음,보행자,여,19세,부상신고
2015112300100345,2015년 11월 23일 15시,월요일,부산광역시 영도구 대교동2가,중상사고,0,1,0,0,차대차 - 정면충돌,안전운전불이행,건조,맑음,교차로 - 교차로안,자전거,남,63세,중상,승용,남,72세,상해없음
2015112300100385,2015년 11월 23일 16시,월요일,부산광역시 서구 동대신동1가,경상사고,0,0,3,0,차대차 - 추돌 - 주정차중,안전운전불이행,습기,비,단일로 - 기타,승용,남,57세,상해없음,화물,남,39세,경상
2015112300100386,2015년 11월 23일 16시,월요일,부산광역시 부산진구 부전동,경상사고,0,0,1,0,차량단독 - 기타,기타,건조,맑음,단일로 - 기타,승합,남,59세,상해없음,,,,
2015112300100387,2015년 11월 23일 16시,월요일,부산광역시 연제구 거제동,경상사고,0,0,1,0,차대사람 - 차도통행중,신호위반,건조,맑음,단일로 - 기타,원동기,여,57세,상해없음,보행자,여,66세,경상
2015112300100414,2015년 11월 23일 17시,월요일,부산광역시 부산진구 개금동,사망사고,1,0,0,0,차대사람 - 횡단중,안전운전불이행,건조,맑음,단일로 - 횡단보도부근,승합,남,44세,상해없음,보행자,여,77세,사망
2015112300100415,2015년 11월 23일 17시,월요일,부산광역시 부산진구 범천동,경상사고,0,0,1,0,차대차 - 정면충돌,안전운전불이행,건조,맑음,단일로 - 기타,승용,여,37세,상해없음,원동기,남,59세,경상
2015112300100416,2015년 11월 23일 17시,월요일,부산광역시 금정구 남산동,부상신고사고,0,0,0,1,차대차 - 정면충돌,안전운전불이행,건조,맑음,단일로 - 기타,이륜,남,26세,부상신고,승용,남,68세,상해없음
2015112300100459,2015년 11월 23일 18시,월요일,부산광역시 연제구 연산동,경상사고,0,0,1,0,차대사람 - 기타,안전운전불이행,건조,맑음,단일로 - 기타,승용,여,25세,상해없음,보행자,남,56세,경상
2015112300100522,2015년 11월 23일 19시,월요일,부산광역시 사하구 당리동,경상사고,0,0,4,0,차대차 - 측면직각충돌,안전거리미확보,건조,맑음,단일로 - 기타,승용,남,56세,상해없음,승용,남,24세,경상
2015112300100523,2015년 11월 23일 19시,월요일,부산광역시 연제구 연산동,경상사고,0,0,1,0,차대사람 - 기타,안전운전불이행,기타,흐림,교차로 - 교차로부근,승용,남,28세,상해없음,보행자,여,45세,경상
2015112300100524,2015년 11월 23일 19시,월요일,부산광역시 사상구 주례동,경상사고,0,0,1,0,차대차 - 측면직각충돌,안전거리미확보,습기,비,단일로 - 기타,승용,남,48세,상해없음,승용,남,66세,경상
2015112300100561,2015년 11월 23일 20시,월요일,부산광역시 부산진구 개금동,중상사고,0,1,0,0,차대차 - 정면충돌,안전운전불이행,건조,맑음,단일로 - 기타,승용,여,50세,상해없음,이륜,남,45세,중상
2015112300100622,2015년 11월 23일 22시,월요일,부산광역시 사하구 장림동,중상사고,0,1,0,0,차대사람 - 기타,안전운전불이행,건조,맑음,단일로 - 기타,승용,남,22세,상해없음,보행자,남,18세,중상
2015112400100015,2015년 11월 24일 01시,화요일,부산광역시 남구 문현동,경상사고,0,0,1,0,차대차 - 측면직각충돌,안전운전불이행,건조,맑음,단일로 - 기타,승용,남,36세,상해없음,승합,남,41세,경상
2015112400100032,2015년 11월 24일 02시,화요일,부산광역시 해운대구 우동,중상사고,0,1,0,0,차량단독 - 공작물충돌,안전운전불이행,건조,흐림,단일로 - 교량,승용,남,25세,중상,,,,
2015112400100046,2015년 11월 24일 04시,화요일,부산광역시 부산진구 전포동,중상사고,0,1,0,0,차대사람 - 횡단중,안전운전불이행,건조,맑음,단일로 - 기타,승용,남,62세,상해없음,보행자,여,16세,중상
2015112400100063,2015년 11월 24일 06시,화요일,부산광역시 금정구 서동,경상사고,0,0,2,0,차대차 - 정면충돌,직진우회전진행방해,건조,맑음,교차로 - 교차로안,원동기,남,43세,경상,승용,남,55세,상해없음
2015112400100108,2015년 11월 24일 08시,화요일,부산광역시 해운대구 송정동,경상사고,0,0,1,0,차대사람 - 기타,안전운전불이행,기타,맑음,단일로 - 기타,승용,남,28세,상해없음,보행자,여,62세,경상
2015112400100109,2015년 11월 24일 08시,화요일,부산광역시 금정구 금사동,경상사고,0,0,1,0,차대사람 - 횡단중,보행자보호의무위반,건조,맑음,교차로 - 교차로안,승용,남,35세,상해없음,보행자,여,49세,경상
2015112400100152,2015년 11월 24일 09시,화요일,부산광역시 사하구 하단동,경상사고,0,0,1,0,차대차 - 측면직각충돌,안전운전불이행,건조,맑음,교차로 - 교차로부근,승용,여,42세,상해없음,승용,남,31세,경상
2015112400100178,2015년 11월 24일 10시,화요일,부산광역시 사하구 괴정동,경상사고,0,0,2,0,차대차 - 정면충돌,신호위반,건조,맑음,교차로 - 교차로안,승용,남,48세,상해없음,승용,남,67세,경상
2015112400100214,2015년 11월 24일 11시,화요일,부산광역시 북구 화명동,경상사고,0,0,1,0,차대차 - 측면직각충돌,안전운전불이행,건조,맑음,단일로 - 기타,원동기,남,27세,경상,화물,남,67세,상해없음
2015112400100215,2015년 11월 24일 11시,화요일,부산광역시 사하구 하단동,중상사고,0,2,0,0,차대차 - 측면직각충돌,안전거리미확보,건조,맑음,단일로 - 기타,승용,남,48세,상해없음,이륜,남,41세,중상
2015112400100240,2015년 11월 24일 12시,화요일,부산광역시 수영구 광안동,경상사고,0,0,1,0,차대차 - 정면충돌,교차로운행방법위반,건조,맑음,교차로 - 교차로안,승용,남,50세,상해없음,승용,남,30세,경상
2015112400100241,2015년 11월 24일 12시,화요일,부산광역시 연제구 연산동,중상사고,0,1,0,0,차대사람 - 횡단중,중앙선침범,건조,맑음,단일로 - 기타,승용,남,63세,상해없음,보행자,여,40세,중상
2015112400100260,2015년 11월 24일 13시,화요일,부산광역시 북구 만덕동,중상사고,0,2,0,0,차대사람 - 횡단중,안전운전불이행,건조,맑음,교차로 - 교차로안,화물,남,42세,상해없음,보행자,여,66세,중상
2015112400100294,2015년 11월 24일 14시,화요일,부산광역시 사하구 괴정동,중상사고,0,1,1,0,차대차 - 추돌 - 진행중,안전거리미확보,건조,맑음,단일로 - 기타,승용,남,48세,상해없음,승용,여,33세,중상
2015112400100295,2015년 11월 24일 14시,화요일,부산광역시 사하구 하단동,중상사고,0,1,0,0,차대사람 - 기타,보행자보호의무위반,건조,맑음,교차로 - 교차로부근,승용,여,45세,상해없음,보행자,여,71세,중상
2015112400100296,2015년 11월 24일 14시,화요일,부산광역시 사상구 감전동,경상사고,0,0,1,0,차대차 - 측면직각충돌,안전운전불이행,건조,흐림,단일로 - 기타,승용,남,65세,상해없음,화물,남,55세,경상
2015112400100297,2015년 11월 24일 14시,화요일,부산광역시 기장군 장안읍,중상사고,0,1,0,0,차대차 - 추돌 - 진행중,안전거리미확보,건조,맑음,단일로 - 기타,승용,여,61세,상해없음,승용,남,36세,중상
2015112400100325,2015년 11월 24일 15시,화요일,부산광역시 영도구 대교동1가,부상신고사고,0,0,0,3,차대차 - 추돌 - 진행중,안전운전불이행,건조,맑음,단일로 - 기타,건설기계,남,52세,상해없음,승용,남,33세,부상신고
2015112400100326,2015년 11월 24일 15시,화요일,부산광역시 사하구 감천동,경상사고,0,0,1,0,차대사람 - 보도통행중,기타,건조,맑음,단일로 - 기타,승합,남,66세,상해없음,보행자,남,21세,경상
2015112400100327,2015년 11월 24일 15시,화요일,부산광역시 사하구 하단동,부상신고사고,0,0,0,1,차대차 - 기타,신호위반,건조,맑음,단일로 - 횡단보도상,자전거,남,66세,부상신고,승용,남,51세,상해없음
2015112400100359,2015년 11월 24일 16시,화요일,부산광역시 사하구 장림동,경상사고,0,0,1,0,차대사람 - 기타,보행자보호의무위반,건조,맑음,단일로 - 횡단보도상,화물,남,49세,상해없음,보행자,여,61세,경상
2015112400100360,2015년 11월 24일 16시,화요일,부산광역시 사상구 주례동,부상신고사고,0,0,0,1,차대차 - 기타,안전거리미확보,건조,맑음,단일로 - 기타,승용,남,68세,상해없음,원동기,남,32세,부상신고
2015112400100361,2015년 11월 24일 16시,화요일,부산광역시 기장군 장안읍,경상사고,0,0,2,0,차대차 - 기타,직진우회전진행방해,건조,흐림,교차로 - 교차로안,승용,여,64세,상해없음,화물,남,35세,경상
2015112400100393,2015년 11월 24일 17시,화요일,부산광역시 동래구 온천동,중상사고,0,2,0,0,차대차 - 측면직각충돌,신호위반,건조,맑음,교차로 - 교차로안,승용,남,37세,상해없음,승용,남,33세,중상
2015112400100394,2015년 11월 24일 17시,화요일,부산광역시 사하구 장림동,경상사고,0,0,1,0,차대사람 - 횡단중,신호위반,건조,맑음,교차로 - 교차로부근,이륜,남,16세,상해없음,보행자,남,11세,경상
2015112400100436,2015년 11월 24일 18시,화요일,부산광역시 동래구 사직동,경상사고,0,0,1,0,차대사람 - 횡단중,보행자보호의무위반,건조,맑음,단일로 - 횡단보도상,승용,남,63세,상해없음,보행자,남,44세,경상
2015112400100437,2015년 11월 24일 18시,화요일,부산광역시 금정구 회동동,중상사고,0,1,1,0,차대사람 - 횡단중,안전운전불이행,습기,비,교차로 - 교차로안,화물,남,69세,상해없음,보행자,여,37세,중상
2015112400100438,2015년 11월 24일 18시,화요일,부산광역시 사상구 덕포동,경상사고,0,0,1,0,차대사람 - 횡단중,안전운전불이행,건조,흐림,교차로 - 교차로안,화물,남,46세,상해없음,보행자,여,14세,경상
2015112400100503,2015년 11월 24일 19시,화요일,부산광역시 부산진구 부암동,중상사고,0,1,0,0,차대차 - 정면충돌,안전운전불이행,건조,흐림,단일로 - 기타,승합,남,61세,상해없음,이륜,남,35세,중상
2015112400100544,2015년 11월 24일 20시,화요일,부산광역시 북구 만덕동,경상사고,0,0,1,0,차대사람 - 횡단중,안전운전불이행,습기,비,단일로 - 기타,승용,남,70세,상해없음,보행자,남,45세,경상
2015112400100545,2015년 11월 24일 20시,화요일,부산광역시 연제구 연산동,경상사고,0,0,1,0,차대차 - 기타,안전거리미확보,건조,맑음,단일로 - 기타,승용,남,31세,상해없음,원동기,남,22세,경상
2015112400100575,2015년 11월 24일 21시,화요일,부산광역시 남구 대연동,중상사고,0,1,0,0,차대차 - 정면충돌,안전운전불이행,건조,맑음,교차로 - 교차로부근,승용,남,28세,상해없음,이륜,남,35세,중상
2015112400100576,2015년 11월 24일 21시,화요일,부산광역시 사하구 다대동,경상사고,0,0,1,0,차대사람 - 횡단중,안전운전불이행,건조,맑음,단일로 - 횡단보도상,승용,기타불명,기타불명,기타불명,보행자,여,53세,경상
2015112400100616,2015년 11월 24일 22시,화요일,부산광역시 동구 초량동,경상사고,0,0,1,0,차대사람 - 기타,안전운전불이행,건조,맑음,단일로 - 기타,승용,남,71세,상해없음,보행자,여,31세,경상
2015112400100617,2015년 11월 24일 22시,화요일,부산광역시 남구 문현동,중상사고,0,1,0,0,차대사람 - 횡단중,안전운전불이행,습기,비,단일로 - 기타,승용,여,42세,상해없음,보행자,남,51세,중상
2015112400100618,2015년 11월 24일 22시,화요일,부산광역시 부산진구 범천동,경상사고,0,0,1,0,차대차 - 기타,안전운전불이행,기타,맑음,단일로 - 기타,승용,기타불명,기타불명,기타불명,승용,남,55세,경상
2015112400100662,2015년 11월 24일 23시,화요일,부산광역시 동래구 수안동,부상신고사고,0,0,0,1,차대차 - 측면직각충돌,안전운전불이행,습기,비,교차로 - 교차로안,승용,남,37세,상해없음,승용,남,52세,부상신고
2015112500100007,2015년 11월 25일 00시,수요일,부산광역시 남구 대연동,경상사고,0,0,1,0,차대차 - 추돌 - 주정차중,안전거리미확보,습기,비,단일로 - 기타,승용,남,26세,상해없음,승용,남,52세,상해없음
2015112500100103,2015년 11월 25일 04시,수요일,부산광역시 해운대구 우동,경상사고,0,0,1,0,차량단독 - 전도전복,안전운전불이행,습기,비,교차로 - 교차로안,승용,여,25세,경상,,,,
2015112500100131,2015년 11월 25일 06시,수요일,부산광역시 동구 좌천동,경상사고,0,0,1,0,차량단독 - 기타,기타,건조,맑음,미분류 - 미분류,특수,남,55세,경상,,,,
2015112500100189,2015년 11월 25일 08시,수요일,부산광역시 동구 범일동,경상사고,0,0,1,0,차대차 - 측면직각충돌,중앙선침범,습기,비,단일로 - 기타,이륜,남,24세,경상,승용,남,53세,상해없음
2015112500100190,2015년 11월 25일 08시,수요일,부산광역시 수영구 광안동,경상사고,0,0,1,0,차대사람 - 횡단중,안전운전불이행,건조,맑음,단일로 - 기타,승용,남,51세,상해없음,보행자,여,17세,경상
2015112500100192,2015년 11월 25일 08시,수요일,부산광역시 부산진구 당감동,경상사고,0,0,4,1,차대차 - 정면충돌,안전운전불이행,건조,맑음,단일로 - 터널,화물,남,26세,상해없음,승용,남,70세,경상
2015112500100193,2015년 11월 25일 08시,수요일,부산광역시 수영구 수영동,경상사고,0,0,1,0,차대사람 - 차도통행중,안전운전불이행,건조,맑음,단일로 - 기타,승용,여,50세,상해없음,보행자,여,25세,경상
2015112500100194,2015년 11월 25일 08시,수요일,부산광역시 강서구 명지동,경상사고,0,0,1,0,차대차 - 추돌 - 주정차중,안전운전불이행,건조,흐림,교차로 - 교차로부근,승용,남,64세,상해없음,승용,남,39세,경상
2015112500100195,2015년 11월 25일 08시,수요일,부산광역시 사상구 감전동,중상사고,0,1,0,0,차대사람 - 보도통행중,신호위반,건조,맑음,단일로 - 기타,화물,남,63세,상해없음,보행자,여,55세,중상
2015112500100253,2015년 11월 25일 10시,수요일,부산광역시 부산진구 가야동,중상사고,0,1,0,0,차대차 - 추돌 - 진행중,직진우회전진행방해,습기,비,교차로 - 교차로안,승용,남,65세,상해없음,승용,남,42세,중상
2015112500100254,2015년 11월 25일 10시,수요일,부산광역시 기장군 기장읍,경상사고,0,0,4,0,차대차 - 추돌 - 주정차중,안전거리미확보,습기,비,교차로 - 교차로부근,화물,남,58세,상해없음,승용,여,42세,경상
2015112500100274,2015년 11월 25일 11시,수요일,부산광역시 강서구 대저1동,경상사고,0,0,1,0,차대차 - 기타,안전운전불이행,건조,맑음,기타 - 기타,기타불명,기타불명,기타불명,기타불명,화물,남,45세,경상
2015112500100299,2015년 11월 25일 12시,수요일,부산광역시 영도구 청학동,중상사고,0,1,0,0,차대차 - 측면직각충돌,교차로운행방법위반,습기,비,교차로 - 교차로안,승용,남,26세,상해없음,이륜,남,32세,중상
2015112500100347,2015년 11월 25일 14시,수요일,부산광역시 동래구 온천동,경상사고,0,0,1,0,차량단독 - 기타,기타,건조,맑음,단일로 - 기타,승합,남,58세,상해없음,,,,
2015112500100348,2015년 11월 25일 14시,수요일,부산광역시 영도구 동삼동,경상사고,0,0,1,0,차대차 - 정면충돌,교차로운행방법위반,습기,흐림,교차로 - 교차로안,승용,남,56세,상해없음,이륜,여,49세,경상
2015112500100349,2015년 11월 25일 14시,수요일,부산광역시 부산진구 부암동,중상사고,0,1,1,0,차대차 - 정면충돌,안전거리미확보,건조,맑음,미분류 - 미분류,건설기계,남,44세,중상,건설기계,남,46세,상해없음
2015112500100350,2015년 11월 25일 14시,수요일,부산광역시 금정구 부곡동,사망사고,1,0,0,0,차대사람 - 기타,보행자보호의무위반,습기,비,교차로 - 교차로부근,승용,여,54세,상해없음,보행자,남,87세,사망
2015112500100351,2015년 11월 25일 14시,수요일,부산광역시 강서구 구랑동,경상사고,0,0,2,0,차대차 - 추돌 - 주정차중,교차로운행방법위반,건조,맑음,교차로 - 교차로부근,건설기계,남,56세,상해없음,승용,여,54세,경상
2015112500100382,2015년 11월 25일 15시,수요일,부산광역시 북구 화명동,경상사고,0,0,1,0,차대차 - 측면직각충돌,신호위반,습기,비,교차로 - 교차로안,승합,남,38세,상해없음,원동기,남,35세,경상
2015112500100409,2015년 11월 25일 16시,수요일,부산광역시 북구 덕천동,경상사고,0,0,2,0,차대차 - 기타,교차로운행방법위반,건조,맑음,교차로 - 교차로안,승용,여,42세,경상,승용,남,46세,경상
2015112500100448,2015년 11월 25일 17시,수요일,부산광역시 연제구 거제동,경상사고,0,0,1,0,차대차 - 기타,신호위반,건조,맑음,교차로 - 교차로안,승용,여,60세,상해없음,승용,여,32세,경상
2015112500100449,2015년 11월 25일 17시,수요일,부산광역시 사하구 다대동,중상사고,0,1,0,0,차대사람 - 횡단중,안전운전불이행,습기,비,단일로 - 기타,화물,남,68세,상해없음,보행자,여,58세,중상
2015112500100450,2015년 11월 25일 17시,수요일,부산광역시 사하구 신평동,중상사고,0,1,0,0,차대사람 - 횡단중,신호위반,건조,맑음,단일로 - 횡단보도상,승용,남,61세,상해없음,보행자,남,71세,중상
2015112500100451,2015년 11월 25일 17시,수요일,부산광역시 기장군 장안읍,경상사고,0,0,1,0,차대사람 - 횡단중,안전운전불이행,건조,맑음,단일로 - 기타,승합,남,41세,상해없음,보행자,여,38세,경상
2015112500100511,2015년 11월 25일 18시,수요일,부산광역시 사하구 하단동,중상사고,0,1,0,0,차대사람 - 횡단중,안전운전불이행,건조,맑음,단일로 - 기타,승용,남,62세,상해없음,보행자,남,8세,중상
2015112500100512,2015년 11월 25일 18시,수요일,부산광역시 사상구 덕포동,경상사고,0,0,1,0,차대차 - 측면직각충돌,안전운전불이행,습기,비,단일로 - 기타,화물,남,35세,상해없음,승용,여,36세,경상
2015112500100564,2015년 11월 25일 19시,수요일,부산광역시 서구 서대신동2가,중상사고,0,1,0,0,차대차 - 정면충돌,기타,건조,맑음,교차로 - 교차로부근,승용,여,39세,상해없음,승용,남,61세,중상
2015112500100565,2015년 11월 25일 19시,수요일,부산광역시 해운대구 반여동,경상사고,0,0,1,0,차대차 - 기타,교차로운행방법위반,기타,맑음,교차로 - 교차로안,이륜,남,68세,경상,승용,남,54세,상해없음
2015112500100599,2015년 11월 25일 20시,수요일,부산광역시 사하구 신평동,중상사고,0,1,0,0,차대차 - 측면직각충돌,직진우회전진행방해,건조,맑음,교차로 - 교차로부근,승용,남,68세,상해없음,원동기,남,54세,중상
2015112500100680,2015년 11월 25일 22시,수요일,부산광역시 기장군 정관읍,경상사고,0,0,1,0,차대차 - 정면충돌,중앙선침범,습기,흐림,단일로 - 기타,승용,남,49세,상해없음,승용,남,27세,경상