사고번호,사고일시,요일,시군구,사고내용,사망자수,중상자수,경상자수,부상신고자수,사고유형,법규위반,노면상태,기상상태,도로형태,가해운전자 차종,가해운전자 성별,가해운전자 연령,가해운전자 상해정도,피해운전자 차종,피해운전자 성별,피해운전자 연령,피해운전자 상해정도
2015120600100388,2015년 12월 6일 19시,일요일,부산광역시 동구 초량동,부상신고사고,0,0,0,1,차대사람 - 기타,안전운전불이행,건조,맑음,단일로 - 기타,승용,남,23세,상해없음,보행자,남,7세,부상신고
2015120600100389,2015년 12월 6일 19시,일요일,부산광역시 사하구 괴정동,중상사고,0,1,0,0,차대차 - 기타,안전운전불이행,건조,맑음,교차로 - 교차로부근,승용,여,51세,상해없음,이륜,남,23세,중상
2015120600100390,2015년 12월 6일 19시,일요일,부산광역시 강서구 대저1동,중상사고,0,3,1,0,차대차 - 기타,안전운전불이행,건조,맑음,단일로 - 기타,승용,남,74세,상해없음,승용,남,48세,중상
2015120600100420,2015년 12월 6일 20시,일요일,부산광역시 남구 대연동,경상사고,0,0,1,0,차대차 - 정면충돌,안전운전불이행,건조,맑음,교차로 - 교차로부근,승용,남,53세,상해없음,승용,남,54세,경상
2015120600100421,2015년 12월 6일 20시,일요일,부산광역시 수영구 망미동,중상사고,0,1,0,0,차대사람 - 횡단중,안전운전불이행,건조,맑음,단일로 - 기타,승용,남,63세,상해없음,보행자,여,52세,중상
2015120600100422,2015년 12월 6일 20시,일요일,부산광역시 수영구 수영동,경상사고,0,0,1,0,차대사람 - 차도통행중,안전운전불이행,건조,맑음,단일로 - 기타,화물,남,55세,상해없음,보행자,남,59세,경상
2015120600100443,2015년 12월 6일 21시,일요일,부산광역시 동래구 온천동,중상사고,0,1,1,0,차대차 - 정면충돌,안전운전불이행,건조,맑음,단일로 - 기타,화물,남,57세,상해없음,승용,남,35세,경상
2015120600100444,2015년 12월 6일 21시,일요일,부산광역시 영도구 청학동,중상사고,0,1,1,0,차대차 - 추돌 - 주정차중,안전운전불이행,건조,맑음,단일로 - 기타,승용,여,54세,상해없음,승용,남,41세,상해없음
2015120600100445,2015년 12월 6일 21시,일요일,부산광역시 강서구 대저2동,경상사고,0,0,1,0,차대차 - 추돌 - 주정차중,안전운전불이행,건조,맑음,단일로 - 기타,승용,남,36세,경상,화물,남,25세,상해없음
2015120600100473,2015년 12월 6일 22시,일요일,부산광역시 사하구 감천동,중상사고,0,1,0,0,차대사람 - 기타,안전운전불이행,건조,맑음,단일로 - 기타,승용,남,32세,상해없음,보행자,여,68세,중상
2015120600100474,2015년 12월 6일 22시,일요일,부산광역시 사하구 구평동,경상사고,0,0,1,0,차대차 - 기타,안전운전불이행,건조,맑음,단일로 - 기타,승용,남,39세,상해없음,이륜,남,21세,경상
2015120600100504,2015년 12월 6일 23시,일요일,부산광역시 수영구 광안동,경상사고,0,0,1,0,차대차 - 정면충돌,안전운전불이행,건조,맑음,교차로 - 교차로안,승용,남,28세,상해없음,원동기,남,16세,경상
2015120700100020,2015년 12월 7일 01시,월요일,부산광역시 해운대구 중동,경상사고,0,0,1,0,차대사람 - 기타,안전운전불이행,건조,맑음,기타 - 기타,승용,여,36세,상해없음,보행자,남,38세,경상
2015120700100037,2015년 12월 7일 05시,월요일,부산광역시 부산진구 개금동,부상신고사고,0,0,0,1,차대차 - 측면직각충돌,신호위반,건조,맑음,교차로 - 교차로안,이륜,남,68세,부상신고,승용,남,60세,상해없음
2015120700100038,2015년 12월 7일 05시,월요일,부산광역시 강서구 녹산동,사망사고,2,1,0,0,차대차 - 기타,안전운전불이행,건조,맑음,교차로 - 교차로부근,승용,남,20세,사망,승용,남,69세,기타불명
2015120700100074,2015년 12월 7일 07시,월요일,부산광역시 동구 범일동,부상신고사고,0,0,0,1,차대차 - 기타,안전운전불이행,건조,맑음,미분류 - 미분류,승용,여,46세,상해없음,화물,남,54세,부상신고
2015120700100075,2015년 12월 7일 07시,월요일,부산광역시 사하구 장림동,경상사고,0,0,1,0,차대차 - 기타,신호위반,건조,맑음,기타 - 기타,승합,남,63세,상해없음,승용,남,67세,경상
2015120700100124,2015년 12월 7일 08시,월요일,부산광역시 수영구 민락동,중상사고,0,1,1,0,차대차 - 추돌 - 진행중,안전운전불이행,건조,맑음,단일로 - 기타,승용,남,23세,상해없음,승용,여,64세,상해없음
2015120700100125,2015년 12월 7일 08시,월요일,부산광역시 북구 구포동,경상사고,0,0,1,0,차대차 - 추돌 - 진행중,안전운전불이행,건조,맑음,단일로 - 기타,승용,남,62세,상해없음,원동기,남,21세,경상
2015120700100126,2015년 12월 7일 08시,월요일,부산광역시 동래구 온천동,경상사고,0,0,1,0,차대차 - 정면충돌,교차로운행방법위반,건조,맑음,교차로 - 교차로안,승용,남,40세,경상,승용,남,75세,상해없음
2015120700100171,2015년 12월 7일 09시,월요일,부산광역시 남구 문현동,경상사고,0,0,1,0,차대차 - 정면충돌,안전운전불이행,건조,맑음,단일로 - 기타,승용,여,56세,상해없음,화물,남,50세,상해없음
2015120700100197,2015년 12월 7일 10시,월요일,부산광역시 서구 동대신동3가,경상사고,0,0,1,0,차대차 - 추돌 - 진행중,안전운전불이행,건조,맑음,단일로 - 기타,승용,남,63세,상해없음,승용,남,52세,경상
2015120700100227,2015년 12월 7일 11시,월요일,부산광역시 강서구 강동동,중상사고,0,1,0,0,차대차 - 측면직각충돌,신호위반,건조,맑음,교차로 - 교차로안,건설기계,남,36세,상해없음,화물,남,52세,중상
2015120700100228,2015년 12월 7일 11시,월요일,부산광역시 기장군 일광면,중상사고,0,1,0,0,차대차 - 추돌 - 진행중,안전운전불이행,건조,맑음,단일로 - 기타,승용,남,48세,상해없음,승용,여,47세,중상
2015120700100285,2015년 12월 7일 13시,월요일,부산광역시 부산진구 전포동,경상사고,0,0,1,0,차대사람 - 횡단중,안전운전불이행,건조,맑음,단일로 - 기타,승용,남,47세,기타불명,보행자,여,75세,경상
2015120700100286,2015년 12월 7일 13시,월요일,부산광역시 부산진구 전포동,경상사고,0,0,1,0,차대차 - 측면직각충돌,안전운전불이행,건조,맑음,교차로 - 교차로부근,승합,남,51세,상해없음,승합,남,60세,상해없음
2015120700100287,2015년 12월 7일 13시,월요일,부산광역시 금정구 노포동,경상사고,0,0,1,0,차대차 - 정면충돌,안전운전불이행,건조,맑음,교차로 - 교차로부근,승용,남,55세,상해없음,승용,남,30세,경상
2015120700100288,2015년 12월 7일 13시,월요일,부산광역시 연제구 연산동,중상사고,0,1,0,0,차대차 - 측면직각충돌,신호위반,건조,맑음,교차로 - 교차로안,화물,남,51세,상해없음,원동기,여,22세,중상
2015120700100289,2015년 12월 7일 13시,월요일,부산광역시 강서구 녹산동,중상사고,0,2,0,0,차대차 - 측면직각충돌,차로위반,건조,맑음,단일로 - 횡단보도상,승용,남,48세,상해없음,승용,남,28세,중상
2015120700100317,2015년 12월 7일 14시,월요일,부산광역시 동래구 온천동,경상사고,0,0,1,0,차대차 - 정면충돌,안전거리미확보,건조,맑음,단일로 - 기타,승용,남,37세,상해없음,승용,여,47세,경상
2015120700100359,2015년 12월 7일 15시,월요일,부산광역시 영도구 청학동,중상사고,0,1,0,0,차대사람 - 횡단중,안전운전불이행,건조,맑음,단일로 - 기타,승용,남,70세,상해없음,보행자,남,64세,중상
2015120700100360,2015년 12월 7일 15시,월요일,부산광역시 사하구 신평동,부상신고사고,0,0,0,1,차대차 - 기타,안전운전불이행,건조,맑음,단일로 - 기타,승용,남,57세,상해없음,승용,남,44세,부상신고
2015120700100361,2015년 12월 7일 15시,월요일,부산광역시 기장군 기장읍,중상사고,0,1,0,0,차대차 - 정면충돌,안전운전불이행,건조,맑음,교차로 - 교차로부근,승용,남,52세,상해없음,승용,남,38세,중상
2015120700100430,2015년 12월 7일 17시,월요일,부산광역시 동구 수정동,경상사고,0,0,2,0,차대차 - 추돌 - 진행중,차로위반,건조,맑음,단일로 - 기타,승용,남,69세,경상,승용,남,60세,경상
2015120700100431,2015년 12월 7일 17시,월요일,부산광역시 남구 문현동,중상사고,0,1,0,0,차대사람 - 횡단중,안전운전불이행,건조,맑음,교차로 - 교차로안,승용,남,55세,상해없음,보행자,여,74세,중상
2015120700100432,2015년 12월 7일 17시,월요일,부산광역시 사하구 신평동,중상사고,0,1,0,1,차대차 - 기타,중앙선침범,건조,맑음,단일로 - 기타,승용,여,42세,부상신고,원동기,남,56세,중상
2015120700100433,2015년 12월 7일 17시,월요일,부산광역시 사하구 하단동,경상사고,0,0,2,0,차대사람 - 횡단중,신호위반,건조,맑음,단일로 - 횡단보도상,승용,여,41세,상해없음,보행자,여,56세,경상
2015120700100434,2015년 12월 7일 17시,월요일,부산광역시 기장군 일광면,경상사고,0,0,4,0,차대차 - 정면충돌,안전거리미확보,건조,맑음,단일로 - 기타,승용,여,52세,상해없음,승용,남,43세,경상
2015120700100477,2015년 12월 7일 18시,월요일,부산광역시 사하구 신평동,경상사고,0,0,17,0,차대차 - 측면직각충돌,신호위반,건조,흐림,교차로 - 교차로안,승용,남,53세,경상,승합,남,57세,상해없음
2015120700100520,2015년 12월 7일 19시,월요일,부산광역시 해운대구 송정동,중상사고,0,1,0,0,차대차 - 측면직각충돌,안전거리미확보,건조,맑음,단일로 - 기타,승용,여,66세,상해없음,원동기,남,48세,중상
2015120700100521,2015년 12월 7일 19시,월요일,부산광역시 사하구 구평동,경상사고,0,0,2,0,차대차 - 측면직각충돌,신호위반,건조,맑음,교차로 - 교차로부근,승용,여,25세,상해없음,승용,남,23세,경상
2015120700100588,2015년 12월 7일 21시,월요일,부산광역시 북구 화명동,중상사고,0,1,0,0,차대사람 - 횡단중,보행자보호의무위반,건조,맑음,교차로 - 교차로부근,승용,남,61세,상해없음,보행자,여,58세,중상
2015120700100589,2015년 12월 7일 21시,월요일,부산광역시 금정구 장전동,경상사고,0,0,1,0,차대차 - 측면직각충돌,중앙선침범,건조,맑음,단일로 - 기타,승용,남,53세,상해없음,원동기,남,19세,경상
2015120700100614,2015년 12월 7일 22시,월요일,부산광역시 남구 문현동,경상사고,0,0,1,0,차대차 - 정면충돌,안전운전불이행,건조,맑음,단일로 - 기타,기타불명,기타불명,기타불명,기타불명,자전거,남,61세,경상
2015120700100615,2015년 12월 7일 22시,월요일,부산광역시 남구 대연동,중상사고,0,1,1,0,차대차 - 정면충돌,중앙선침범,건조,맑음,단일로 - 기타,승용,남,26세,상해없음,승용,여,47세,중상
2015120800100005,2015년 12월 8일 00시,화요일,부산광역시 서구 서대신동3가,경상사고,0,0,1,0,차량단독 - 전도전복,안전운전불이행,건조,맑음,교차로 - 교차로부근,승용,남,36세,경상,,,,
2015120800100006,2015년 12월 8일 00시,화요일,부산광역시 북구 화명동,경상사고,0,0,1,0,차대차 - 측면직각충돌,신호위반,건조,맑음,교차로 - 교차로안,승용,남,25세,상해없음,승용,여,54세,경상
2015120800100007,2015년 12월 8일 00시,화요일,부산광역시 사하구 하단동,경상사고,0,0,1,0,차대사람 - 기타,안전운전불이행,건조,맑음,교차로 - 교차로안,승용,여,23세,상해없음,보행자,남,21세,경상
2015120800100008,2015년 12월 8일 00시,화요일,부산광역시 연제구 연산동,경상사고,0,0,2,0,차대차 - 기타,기타,건조,맑음,단일로 - 기타,승용,남,59세,상해없음,승용,남,66세,상해없음
2015120800100009,2015년 12월 8일 00시,화요일,부산광역시 사상구 감전동,경상사고,0,0,2,1,차대차 - 추돌 - 주정차중,안전운전불이행,건조,맑음,교차로 - 교차로부근,승용,남,28세,상해없음,승용,여,39세,경상
2015120800100035,2015년 12월 8일 02시,화요일,부산광역시 서구 서대신동2가,경상사고,0,0,1,1,차량단독 - 공작물충돌,안전운전불이행,건조,맑음,단일로 - 터널,이륜,남,21세,부상신고,,,,
2015120800100036,2015년 12월 8일 02시,화요일,부산광역시 남구 대연동,경상사고,0,0,1,0,차대차 - 정면충돌,신호위반,건조,맑음,교차로 - 교차로안,승용,남,22세,상해없음,승용,남,43세,경상
2015120800100045,2015년 12월 8일 03시,화요일,부산광역시 동래구 명륜동,경상사고,0,0,1,0,차대사람 - 길가장자리구역통행중,안전운전불이행,건조,맑음,단일로 - 기타,승용,남,26세,상해없음,보행자,남,21세,경상
2015120800100058,2015년 12월 8일 05시,화요일,부산광역시 남구 문현동,경상사고,0,0,1,0,차대차 - 정면충돌,신호위반,건조,맑음,교차로 - 교차로안,승용,남,67세,상해없음,승용,남,63세,경상
2015120800100086,2015년 12월 8일 07시,화요일,부산광역시 해운대구 좌동,경상사고,0,0,1,0,차대차 - 기타,신호위반,건조,맑음,교차로 - 교차로안,승용,여,47세,상해없음,승용,남,51세,경상
2015120800100087,2015년 12월 8일 07시,화요일,부산광역시 사하구 장림동,경상사고,0,0,1,0,차대사람 - 보도통행중,기타,건조,맑음,기타 - 기타,원동기,남,32세,상해없음,보행자,여,66세,경상
2015120800100118,2015년 12월 8일 08시,화요일,부산광역시 금정구 부곡동,경상사고,0,0,3,0,차대차 - 정면충돌,기타,건조,맑음,교차로 - 교차로안,승용,남,27세,상해없음,승용,남,64세,경상
2015120800100167,2015년 12월 8일 09시,화요일,부산광역시 서구 동대신동3가,경상사고,0,0,1,0,차대차 - 측면직각충돌,안전운전불이행,건조,맑음,단일로 - 기타,이륜,남,37세,경상,화물,남,32세,상해없음
2015120800100195,2015년 12월 8일 10시,화요일,부산광역시 동래구 온천동,중상사고,0,1,0,0,차대사람 - 횡단중,안전운전불이행,건조,맑음,단일로 - 횡단보도상,승합,남,52세,상해없음,보행자,여,23세,중상
2015120800100196,2015년 12월 8일 10시,화요일,부산광역시 강서구 명지동,경상사고,0,0,2,0,차대차 - 측면직각충돌,안전거리미확보,건조,맑음,단일로 - 기타,화물,남,59세,상해없음,승용,남,29세,경상
2015120800100290,2015년 12월 8일 13시,화요일,부산광역시 서구 서대신동2가,경상사고,0,0,1,0,차대차 - 측면직각충돌,교차로운행방법위반,건조,맑음,교차로 - 교차로부근,화물,남,46세,상해없음,승용,남,24세,경상
2015120800100291,2015년 12월 8일 13시,화요일,부산광역시 해운대구 반송동,중상사고,0,1,0,0,차대차 - 측면직각충돌,안전운전불이행,건조,맑음,단일로 - 기타,승용,남,44세,상해없음,승용,남,73세,중상
2015120800100312,2015년 12월 8일 14시,화요일,부산광역시 남구 감만동,경상사고,0,0,1,0,차대사람 - 기타,안전운전불이행,건조,맑음,단일로 - 기타,승용,남,73세,상해없음,보행자,남,54세,경상
2015120800100313,2015년 12월 8일 14시,화요일,부산광역시 부산진구 부전동,경상사고,0,0,1,0,차대차 - 기타,안전거리미확보,건조,맑음,단일로 - 기타,승용,남,45세,상해없음,이륜,남,42세,경상
2015120800100344,2015년 12월 8일 15시,화요일,부산광역시 남구 용호동,경상사고,0,0,1,0,차대차 - 측면직각충돌,교차로운행방법위반,건조,맑음,교차로 - 교차로안,승용,남,53세,상해없음,이륜,여,63세,경상
2015120800100345,2015년 12월 8일 15시,화요일,부산광역시 북구 구포동,경상사고,0,0,2,0,차대차 - 측면직각충돌,안전운전불이행,건조,맑음,교차로 - 교차로안,승합,여,50세,상해없음,승용,남,58세,경상
2015120800100346,2015년 12월 8일 15시,화요일,부산광역시 영도구 동삼동,경상사고,0,0,2,0,차대차 - 측면직각충돌,중앙선침범,건조,맑음,단일로 - 기타,승용,여,32세,상해없음,승용,남,44세,경상
2015120800100347,2015년 12월 8일 15시,화요일,부산광역시 강서구 녹산동,사망사고,1,3,1,0,차대차 - 기타,안전거리미확보,건조,맑음,단일로 - 기타,화물,남,53세,상해없음,승용,여,44세,중상
2015120800100348,2015년 12월 8일 15시,화요일,부산광역시 연제구 거제동,경상사고,0,0,2,0,차대차 - 측면직각충돌,안전거리미확보,건조,맑음,단일로 - 기타,승용,남,75세,경상,승용,남,30세,경상
2015120800100380,2015년 12월 8일 16시,화요일,부산광역시 동래구 온천동,경상사고,0,0,1,0,차대차 - 추돌 - 주정차중,기타,건조,맑음,단일로 - 기타,승합,남,52세,상해없음,이륜,남,60세,상해없음
2015120800100381,2015년 12월 8일 16시,화요일,부산광역시 금정구 부곡동,경상사고,0,0,1,0,차대사람 - 횡단중,안전운전불이행,건조,맑음,기타 - 기타,승용,남,59세,상해없음,보행자,여,53세,경상
2015120800100417,2015년 12월 8일 17시,화요일,부산광역시 영도구 동삼동,경상사고,0,0,1,0,차대차 - 정면충돌,안전운전불이행,건조,맑음,단일로 - 기타,화물,남,49세,상해없음,승용,여,42세,경상
2015120800100418,2015년 12월 8일 17시,화요일,부산광역시 부산진구 가야동,중상사고,0,1,0,0,차대차 - 정면충돌,안전운전불이행,건조,맑음,단일로 - 기타,승용,여,40세,상해없음,승용,남,44세,상해없음
2015120800100419,2015년 12월 8일 17시,화요일,부산광역시 금정구 구서동,중상사고,0,1,0,0,차대사람 - 횡단중,안전운전불이행,건조,맑음,단일로 - 기타,화물,남,73세,상해없음,보행자,남,48세,중상
2015120800100460,2015년 12월 8일 18시,화요일,부산광역시 남구 용당동,경상사고,0,0,1,0,차대차 - 정면충돌,안전운전불이행,건조,맑음,단일로 - 기타,화물,남,48세,상해없음,승용,여,48세,경상
2015120800100461,2015년 12월 8일 18시,화요일,부산광역시 금정구 부곡동,중상사고,0,1,0,0,차대사람 - 횡단중,안전운전불이행,건조,맑음,교차로 - 교차로부근,승용,남,57세,상해없음,보행자,남,72세,중상
2015120800100462,2015년 12월 8일 18시,화요일,부산광역시 사하구 다대동,중상사고,0,1,0,0,차대사람 - 횡단중,안전운전불이행,건조,맑음,교차로 - 교차로부근,승용,기타불명,기타불명,기타불명,보행자,남,4세,중상
2015120800100508,2015년 12월 8일 19시,화요일,부산광역시 서구 토성동5가,부상신고사고,0,0,0,1,차대차 - 정면충돌,교차로운행방법위반,건조,맑음,교차로 - 교차로부근,원동기,남,23세,부상신고,승용,남,62세,상해없음
2015120800100542,2015년 12월 8일 20시,화요일,부산광역시 해운대구 반송동,경상사고,0,0,1,0,차대차 - 측면직각충돌,교차로운행방법위반,건조,맑음,교차로 - 교차로안,승용,남,42세,상해없음,이륜,남,28세,경상
2015120800100565,2015년 12월 8일 21시,화요일,부산광역시 사하구 구평동,경상사고,0,0,3,0,차대차 - 측면직각충돌,신호위반,건조,맑음,교차로 - 교차로부근,승용,남,44세,상해없음,승용,남,32세,경상
2015120800100566,2015년 12월 8일 21시,화요일,부산광역시 사하구 감천동,중상사고,0,1,0,0,차대차 - 기타,신호위반,건조,맑음,단일로 - 기타,이륜,남,23세,중상,승용,남,57세,상해없음
2015120800100590,2015년 12월 8일 22시,화요일,부산광역시 남구 용당동,경상사고,0,0,1,0,차대차 - 측면직각충돌,안전운전불이행,건조,맑음,단일로 - 기타,승용,남,44세,상해없음,승용,남,58세,경상
2015120800100591,2015년 12월 8일 22시,화요일,부산광역시 사하구 괴정동,중상사고,0,1,0,0,차대차 - 기타,신호위반,건조,맑음,교차로 - 교차로안,승용,남,22세,상해없음,원동기,남,20세,중상
2015120800100592,2015년 12월 8일 22시,화요일,부산광역시 사하구 장림동,중상사고,0,1,1,0,차대차 - 기타,안전운전불이행,건조,맑음,교차로 - 교차로안,이륜,남,36세,경상,승용,남,31세,중상
2015120800100593,2015년 12월 8일 22시,화요일,부산광역시 기장군 장안읍,부상신고사고,0,0,0,1,차대사람 - 기타,안전운전불이행,건조,맑음,교차로 - 교차로안,승용,여,53세,상해없음,보행자,남,46세,부상신고
2015120900100037,2015년 12월 9일 02시,수요일,부산광역시 사상구 모라동,중상사고,0,1,0,0,차대차 - 추돌 - 주정차중,안전운전불이행,건조,맑음,단일로 - 기타,승용,남,23세,중상,승용,남,34세,상해없음
2015120900100058,2015년 12월 9일 05시,수요일,부산광역시 강서구 강동동,경상사고,0,0,1,0,차대차 - 추돌 - 주정차중,안전운전불이행,건조,맑음,단일로 - 기타,승용,남,21세,상해없음,화물,남,63세,경상
2015120900100088,2015년 12월 9일 07시,수요일,부산광역시 사상구 학장동,중상사고,0,1,0,0,차대차 - 측면직각충돌,안전거리미확보,건조,맑음,단일로 - 기타,화물,남,45세,상해없음,이륜,남,35세,중상
2015120900100121,2015년 12월 9일 08시,수요일,부산광역시 연제구 연산동,중상사고,0,1,0,0,차대사람 - 횡단중,보행자보호의무위반,건조,맑음,단일로 - 기타,승용,남,39세,상해없음,보행자,여,36세,중상
2015120900100152,2015년 12월 9일 09시,수요일,부산광역시 기장군 기장읍,중상사고,0,1,0,0,차대차 - 정면충돌,차로위반,건조,맑음,교차로 - 교차로부근,승용,여,42세,상해없음,승용,여,37세,중상
2015120900100198,2015년 12월 9일 11시,수요일,부산광역시 부산진구 가야동,경상사고,0,0,1,0,차대사람 - 기타,안전운전불이행,건조,맑음,단일로 - 기타,승합,남,48세,상해없음,보행자,여,67세,경상
2015120900100224,2015년 12월 9일 12시,수요일,부산광역시 사하구 다대동,중상사고,0,1,0,0,차대사람 - 기타,안전운전불이행,건조,맑음,단일로 - 기타,화물,남,40세,상해없음,보행자,여,56세,중상
2015120900100254,2015년 12월 9일 13시,수요일,부산광역시 서구 토성동2가,중상사고,0,1,0,0,차대사람 - 횡단중,안전운전불이행,건조,맑음,교차로 - 교차로안,화물,남,44세,상해없음,보행자,여,63세,중상
2015120900100255,2015년 12월 9일 13시,수요일,부산광역시 해운대구 재송동,중상사고,0,1,0,0,차대차 - 측면직각충돌,중앙선침범,건조,맑음,단일로 - 기타,자전거,여,49세,중상,승용,남,68세,상해없음
2015120900100256,2015년 12월 9일 13시,수요일,부산광역시 부산진구 개금동,경상사고,0,0,2,0,차대차 - 기타,안전거리미확보,건조,맑음,단일로 - 기타,화물,남,56세,상해없음,승용,남,73세,상해없음
2015120900100257,2015년 12월 9일 13시,수요일,부산광역시 기장군 정관읍,경상사고,0,0,1,0,차대차 - 측면직각충돌,안전운전불이행,건조,맑음,교차로 - 교차로안,승용,여,44세,상해없음,승용,여,43세,경상
2015120900100280,2015년 12월 9일 14시,수요일,부산광역시 금정구 서동,중상사고,0,1,0,0,차대차 - 정면충돌,안전거리미확보,건조,맑음,단일로 - 기타,승합,남,56세,상해없음,자전거,남,64세,중상
2015120900100314,2015년 12월 9일 15시,수요일,부산광역시 중구 중앙동6가,경상사고,0,0,1,0,차대차 - 측면직각충돌,차로위반,건조,맑음,단일로 - 기타,승용,여,24세,상해없음,승용,남,51세,경상
2015120900100315,2015년 12월 9일 15시,수요일,부산광역시 강서구 범방동,경상사고,0,0,1,0,차대사람 - 기타,안전운전불이행,건조,맑음,단일로 - 기타,화물,남,35세,상해없음,보행자,남,24세,경상
2015120900100316,2015년 12월 9일 15시,수요일,부산광역시 사상구 감전동,경상사고,0,0,1,0,차대차 - 측면직각충돌,안전운전불이행,습기,흐림,단일로 - 기타,승용,여,23세,상해없음,승용,남,30세,경상
2015120900100337,2015년 12월 9일 16시,수요일,부산광역시 영도구 영선동1가,경상사고,0,0,2,0,차대차 - 정면충돌,교차로운행방법위반,건조,맑음,교차로 - 교차로안,승용,남,58세,경상,승용,남,35세,경상
2015120900100384,2015년 12월 9일 17시,수요일,부산광역시 동래구 칠산동,중상사고,0,1,0,0,차대사람 - 횡단중,안전운전불이행,건조,맑음,교차로 - 교차로안,화물,남,57세,상해없음,보행자,여,76세,중상
2015120900100385,2015년 12월 9일 17시,수요일,부산광역시 금정구 구서동,중상사고,0,1,0,0,차대차 - 기타,차로위반,건조,맑음,단일로 - 기타,승용,남,60세,상해없음,이륜,남,27세,중상
2015120900100386,2015년 12월 9일 17시,수요일,부산광역시 수영구 수영동,중상사고,0,1,0,0,차대차 - 측면직각충돌,교차로운행방법위반,건조,맑음,교차로 - 교차로안,승용,남,47세,상해없음,승합,남,36세,상해없음
2015120900100436,2015년 12월 9일 18시,수요일,부산광역시 수영구 남천동,중상사고,0,1,0,0,차량단독 - 기타,안전운전불이행,건조,맑음,단일로 - 기타,승합,남,53세,상해없음,,,,
2015120900100437,2015년 12월 9일 18시,수요일,부산광역시 해운대구 중동,경상사고,0,0,1,0,차대사람 - 횡단중,안전운전불이행,건조,맑음,단일로 - 횡단보도부근,승용,남,40세,상해없음,보행자,여,25세,경상
2015120900100438,2015년 12월 9일 18시,수요일,부산광역시 금정구 장전동,경상사고,0,0,1,0,차대차 - 측면직각충돌,직진우회전진행방해,건조,맑음,교차로 - 교차로안,이륜,남,23세,경상,승용,여,36세,상해없음
2015120900100439,2015년 12월 9일 18시,수요일,부산광역시 강서구 신호동,중상사고,0,2,0,0,차대차 - 정면충돌,신호위반,건조,맑음,교차로 - 교차로안,승용,남,46세,중상,승용,여,36세,상해없음
2015120900100501,2015년 12월 9일 19시,수요일,부산광역시 기장군 기장읍,경상사고,0,0,3,1,차대차 - 추돌 - 주정차중,안전운전불이행,건조,맑음,교차로 - 교차로부근,화물,남,61세,상해없음,승용,여,36세,경상
2015120900100502,2015년 12월 9일 19시,수요일,부산광역시 기장군 정관읍,경상사고,0,0,1,0,차대사람 - 횡단중,보행자보호의무위반,건조,맑음,단일로 - 횡단보도상,승용,남,59세,상해없음,보행자,남,7세,경상
2015120900100565,2015년 12월 9일 21시,수요일,부산광역시 남구 용호동,중상사고,0,1,0,0,차대차 - 추돌 - 진행중,교차로운행방법위반,건조,맑음,교차로 - 교차로안,승용,여,42세,상해없음,승용,남,37세,중상
2015120900100566,2015년 12월 9일 21시,수요일,부산광역시 북구 구포동,중상사고,0,1,1,0,차대차 - 기타,기타,건조,맑음,단일로 - 기타,승합,남,34세,상해없음,이륜,남,25세,경상
2015120900100567,2015년 12월 9일 21시,수요일,부산광역시 사하구 하단동,경상사고,0,0,1,0,차대차 - 측면직각충돌,중앙선침범,건조,맑음,단일로 - 기타,승용,남,54세,상해없음,원동기,남,22세,경상
2015120900100593,2015년 12월 9일 22시,수요일,부산광역시 동구 범일동,경상사고,0,0,1,0,차대차 - 추돌 - 진행중,안전거리미확보,건조,맑음,단일로 - 기타,승용,남,43세,상해없음,원동기,남,59세,경상
2015120900100594,2015년 12월 9일 22시,수요일,부산광역시 북구 덕천동,중상사고,0,1,0,0,차대사람 - 횡단중,안전운전불이행,건조,맑음,단일로 - 기타,승용,남,21세,상해없음,보행자,남,30세,중상
2015120900100595,2015년 12월 9일 22시,수요일,부산광역시 사상구 덕포동,중상사고,0,1,0,0,차대사람 - 길가장자리구역통행중,안전운전불이행,건조,맑음,단일로 - 기타,승합,남,60세,상해없음,보행자,남,35세,중상
2015121000100005,2015년 12월 10일 00시,목요일,부산광역시 해운대구 중동,중상사고,0,1,2,0,차대차 - 추돌 - 주정차중,안전운전불이행,건조,맑음,단일로 - 기타,승용,남,29세,상해없음,승용,남,58세,중상
2015121000100006,2015년 12월 10일 00시,목요일,부산광역시 연제구 거제동,경상사고,0,0,2,0,차대차 - 추돌 - 진행중,안전운전불이행,건조,맑음,단일로 - 기타,승용,남,27세,상해없음,승용,남,64세,경상
2015121000100022,2015년 12월 10일 01시,목요일,부산광역시 부산진구 개금동,중상사고,0,1,0,0,차량단독 - 기타,안전운전불이행,건조,맑음,단일로 - 기타,이륜,남,45세,중상,,,,
2015121000100057,2015년 12월 10일 04시,목요일,부산광역시 사하구 하단동,경상사고,0,0,2,0,차대차 - 측면직각충돌,직진우회전진행방해,습기,비,교차로 - 교차로안,승용,남,44세,상해없음,승용,남,60세,경상
2015121000100058,2015년 12월 10일 05시,목요일,부산광역시 서구 서대신동2가,경상사고,0,0,2,0,차량단독 - 공작물충돌,안전운전불이행,습기,비,단일로 - 터널,승용,남,54세,경상,,,,
2015121000100077,2015년 12월 10일 06시,목요일,부산광역시 동래구 안락동,경상사고,0,0,1,0,차대사람 - 횡단중,보행자보호의무위반,건조,흐림,단일로 - 횡단보도상,승용,남,45세,상해없음,보행자,여,45세,경상