사고번호,사고일시,요일,시군구,사고내용,사망자수,중상자수,경상자수,부상신고자수,사고유형,법규위반,노면상태,기상상태,도로형태,가해운전자 차종,가해운전자 성별,가해운전자 연령,가해운전자 상해정도,피해운전자 차종,피해운전자 성별,피해운전자 연령,피해운전자 상해정도
2015121000100078,2015년 12월 10일 06시,목요일,부산광역시 영도구 영선동1가,부상신고사고,0,0,0,1,차대차 - 정면충돌,안전운전불이행,습기,비,단일로 - 기타,승용,남,42세,상해없음,승용,남,69세,상해없음
2015121000100106,2015년 12월 10일 07시,목요일,부산광역시 해운대구 재송동,경상사고,0,0,1,0,차대차 - 측면직각충돌,신호위반,습기,비,교차로 - 교차로안,승용,남,76세,상해없음,화물,남,22세,경상
2015121000100137,2015년 12월 10일 08시,목요일,부산광역시 해운대구 석대동,중상사고,0,1,1,0,차대차 - 측면직각충돌,신호위반,습기,비,단일로 - 기타,화물,남,46세,상해없음,승용,여,36세,중상
2015121000100183,2015년 12월 10일 09시,목요일,부산광역시 영도구 봉래동4가,경상사고,0,0,1,0,차대차 - 정면충돌,중앙선침범,습기,비,단일로 - 교량,승용,남,34세,상해없음,화물,남,56세,경상
2015121000100202,2015년 12월 10일 10시,목요일,부산광역시 금정구 청룡동,경상사고,0,0,1,0,차대차 - 정면충돌,안전운전불이행,건조,맑음,교차로 - 교차로부근,승용,여,42세,상해없음,승용,여,24세,경상
2015121000100223,2015년 12월 10일 11시,목요일,부산광역시 북구 구포동,경상사고,0,0,1,0,차대차 - 측면직각충돌,신호위반,습기,비,교차로 - 교차로안,승용,남,39세,상해없음,승용,남,24세,경상
2015121000100224,2015년 12월 10일 11시,목요일,부산광역시 부산진구 범천동,중상사고,0,1,1,0,차대차 - 측면직각충돌,신호위반,건조,맑음,교차로 - 교차로안,승용,남,77세,경상,승용,여,39세,중상
2015121000100245,2015년 12월 10일 12시,목요일,부산광역시 수영구 민락동,경상사고,0,0,1,0,차대차 - 측면직각충돌,중앙선침범,습기,비,단일로 - 기타,승용,남,49세,상해없음,이륜,남,22세,경상
2015121000100246,2015년 12월 10일 12시,목요일,부산광역시 해운대구 중동,중상사고,0,1,0,0,차대사람 - 횡단중,안전운전불이행,습기,비,단일로 - 횡단보도부근,승용,여,64세,상해없음,보행자,여,26세,중상
2015121000100247,2015년 12월 10일 12시,목요일,부산광역시 사상구 주례동,경상사고,0,0,1,0,차대차 - 측면직각충돌,차로위반,습기,비,단일로 - 기타,승용,남,60세,상해없음,승용,남,66세,경상
2015121000100278,2015년 12월 10일 13시,목요일,부산광역시 남구 용호동,경상사고,0,0,1,0,차대차 - 추돌 - 주정차중,안전운전불이행,습기,비,교차로 - 교차로부근,이륜,남,29세,경상,승용,남,45세,상해없음
2015121000100279,2015년 12월 10일 13시,목요일,부산광역시 북구 화명동,중상사고,0,1,0,0,차대차 - 측면직각충돌,안전운전불이행,습기,비,단일로 - 기타,승용,여,38세,상해없음,원동기,남,17세,중상
2015121000100280,2015년 12월 10일 13시,목요일,부산광역시 해운대구 좌동,중상사고,0,1,0,0,차대차 - 측면직각충돌,안전거리미확보,습기,비,교차로 - 교차로부근,승용,여,58세,상해없음,승합,남,47세,중상
2015121000100377,2015년 12월 10일 16시,목요일,부산광역시 서구 동대신동1가,경상사고,0,0,2,0,차대차 - 정면충돌,안전거리미확보,습기,비,단일로 - 기타,승용,남,61세,상해없음,화물,남,56세,상해없음
2015121000100378,2015년 12월 10일 16시,목요일,부산광역시 해운대구 좌동,경상사고,0,0,1,0,차대차 - 추돌 - 주정차중,안전운전불이행,건조,맑음,단일로 - 기타,승용,남,24세,상해없음,승용,남,33세,경상
2015121000100379,2015년 12월 10일 16시,목요일,부산광역시 금정구 서동,부상신고사고,0,0,0,1,차대사람 - 횡단중,안전운전불이행,습기,비,단일로 - 기타,기타불명,기타불명,기타불명,기타불명,보행자,여,69세,부상신고
2015121000100380,2015년 12월 10일 16시,목요일,부산광역시 사하구 신평동,중상사고,0,1,0,0,차대차 - 추돌 - 진행중,안전거리미확보,건조,맑음,교차로 - 교차로부근,화물,남,51세,상해없음,승용,남,37세,중상
2015121000100381,2015년 12월 10일 16시,목요일,부산광역시 연제구 연산동,경상사고,0,0,1,0,차대차 - 측면직각충돌,중앙선침범,건조,맑음,단일로 - 기타,승용,남,71세,상해없음,원동기,남,19세,경상
2015121000100414,2015년 12월 10일 17시,목요일,부산광역시 해운대구 우동,경상사고,0,0,3,0,차대차 - 기타,신호위반,습기,비,교차로 - 교차로안,승용,남,45세,상해없음,승용,남,58세,경상
2015121000100415,2015년 12월 10일 17시,목요일,부산광역시 부산진구 범전동,경상사고,0,0,1,0,차량단독 - 기타,안전운전불이행,습기,비,단일로 - 기타,승합,남,59세,상해없음,,,,
2015121000100416,2015년 12월 10일 17시,목요일,부산광역시 강서구 대저1동,중상사고,0,1,0,0,차대사람 - 길가장자리구역통행중,안전운전불이행,습기,비,단일로 - 기타,승용,여,60세,상해없음,보행자,남,50세,중상
2015121000100417,2015년 12월 10일 17시,목요일,부산광역시 기장군 정관읍,경상사고,0,0,2,2,차대차 - 정면충돌,안전거리미확보,습기,비,단일로 - 터널,승용,남,31세,상해없음,승용,남,29세,부상신고
2015121000100474,2015년 12월 10일 18시,목요일,부산광역시 중구 보수동2가,중상사고,0,1,0,0,차대차 - 측면직각충돌,신호위반,건조,맑음,교차로 - 교차로안,화물,남,51세,상해없음,이륜,남,28세,중상
2015121000100475,2015년 12월 10일 18시,목요일,부산광역시 서구 암남동,중상사고,0,1,0,0,차대차 - 기타,안전거리미확보,습기,비,단일로 - 기타,이륜,남,42세,중상,승용,남,62세,상해없음
2015121000100476,2015년 12월 10일 18시,목요일,부산광역시 동래구 안락동,중상사고,0,1,0,0,차대사람 - 횡단중,안전운전불이행,습기,비,단일로 - 기타,승용,여,34세,상해없음,보행자,여,46세,중상
2015121000100477,2015년 12월 10일 18시,목요일,부산광역시 동래구 안락동,중상사고,0,1,0,0,차대사람 - 횡단중,보행자보호의무위반,습기,맑음,단일로 - 횡단보도상,승용,여,36세,상해없음,보행자,남,45세,중상
2015121000100478,2015년 12월 10일 18시,목요일,부산광역시 해운대구 좌동,경상사고,0,0,1,0,차대사람 - 기타,안전운전불이행,습기,비,단일로 - 기타,승용,남,30세,상해없음,보행자,남,34세,경상
2015121000100479,2015년 12월 10일 18시,목요일,부산광역시 사하구 장림동,경상사고,0,0,1,0,차대사람 - 기타,보행자보호의무위반,습기,비,단일로 - 횡단보도상,승용,남,64세,상해없음,보행자,여,16세,경상
2015121000100543,2015년 12월 10일 19시,목요일,부산광역시 동구 범일동,경상사고,0,0,1,0,차량단독 - 기타,안전운전불이행,습기,비,단일로 - 기타,이륜,남,38세,경상,,,,
2015121000100544,2015년 12월 10일 19시,목요일,부산광역시 사상구 덕포동,부상신고사고,0,0,0,1,차대사람 - 횡단중,안전운전불이행,습기,비,교차로 - 교차로안,승용,여,42세,상해없음,보행자,남,55세,부상신고
2015121000100545,2015년 12월 10일 19시,목요일,부산광역시 사상구 주례동,경상사고,0,0,1,0,차대차 - 측면직각충돌,안전거리미확보,습기,비,단일로 - 기타,승용,남,65세,상해없음,원동기,남,23세,경상
2015121000100599,2015년 12월 10일 20시,목요일,부산광역시 남구 대연동,경상사고,0,0,2,0,차대차 - 정면충돌,차로위반,습기,비,단일로 - 기타,승용,여,45세,상해없음,승용,남,29세,경상
2015121000100600,2015년 12월 10일 20시,목요일,부산광역시 북구 구포동,중상사고,0,1,0,0,차대차 - 정면충돌,안전운전불이행,습기,비,교차로 - 교차로안,승용,남,53세,상해없음,승용,남,38세,중상
2015121000100601,2015년 12월 10일 20시,목요일,부산광역시 동래구 안락동,경상사고,0,0,1,0,차대차 - 측면직각충돌,안전운전불이행,습기,비,단일로 - 기타,승용,남,33세,상해없음,승용,남,37세,경상
2015121000100602,2015년 12월 10일 20시,목요일,부산광역시 사하구 장림동,경상사고,0,0,1,0,차대사람 - 횡단중,보행자보호의무위반,습기,비,기타 - 기타,승합,남,40세,상해없음,보행자,여,52세,경상
2015121000100603,2015년 12월 10일 20시,목요일,부산광역시 사상구 학장동,사망사고,1,0,0,0,차대사람 - 횡단중,안전운전불이행,습기,비,단일로 - 기타,승용,남,35세,상해없음,보행자,남,56세,사망
2015121000100604,2015년 12월 10일 20시,목요일,부산광역시 사상구 삼락동,경상사고,0,0,1,0,차대차 - 측면직각충돌,안전거리미확보,습기,비,단일로 - 기타,화물,남,56세,상해없음,승용,여,52세,경상
2015121000100648,2015년 12월 10일 21시,목요일,부산광역시 동구 초량동,경상사고,0,0,1,0,차대차 - 추돌 - 주정차중,안전운전불이행,건조,맑음,교차로 - 교차로부근,승용,남,54세,상해없음,승용,여,42세,경상
2015121000100649,2015년 12월 10일 21시,목요일,부산광역시 부산진구 부전동,중상사고,0,1,0,0,차대사람 - 횡단중,안전운전불이행,습기,비,단일로 - 횡단보도상,이륜,남,20세,상해없음,보행자,남,53세,중상
2015121000100650,2015년 12월 10일 21시,목요일,부산광역시 연제구 연산동,중상사고,0,1,1,0,차대차 - 측면직각충돌,신호위반,습기,비,교차로 - 교차로안,승용,남,58세,상해없음,승용,남,53세,경상
2015121000100692,2015년 12월 10일 22시,목요일,부산광역시 남구 문현동,중상사고,0,1,0,0,차대차 - 측면직각충돌,안전운전불이행,습기,비,교차로 - 교차로안,승용,남,22세,상해없음,원동기,남,16세,중상
2015121000100693,2015년 12월 10일 22시,목요일,부산광역시 부산진구 부전동,경상사고,0,0,1,0,차대차 - 정면충돌,중앙선침범,습기,비,단일로 - 기타,승용,여,39세,기타불명,승용,남,29세,경상
2015121000100739,2015년 12월 10일 23시,목요일,부산광역시 서구 충무동1가,경상사고,0,0,1,0,차대사람 - 횡단중,안전운전불이행,습기,비,단일로 - 기타,이륜,남,21세,경상,보행자,남,52세,상해없음
2015121000100740,2015년 12월 10일 23시,목요일,부산광역시 영도구 남항동1가,중상사고,0,1,0,0,차대사람 - 횡단중,안전운전불이행,습기,비,단일로 - 기타,승용,남,43세,상해없음,보행자,남,57세,중상
2015121100100004,2015년 12월 11일 00시,금요일,부산광역시 부산진구 연지동,경상사고,0,0,1,1,차대차 - 정면충돌,신호위반,습기,비,교차로 - 교차로안,승용,남,55세,기타불명,승용,남,66세,상해없음
2015121100100033,2015년 12월 11일 01시,금요일,부산광역시 동구 좌천동,경상사고,0,0,1,0,차대차 - 측면직각충돌,안전운전불이행,건조,맑음,교차로 - 교차로부근,승용,남,43세,상해없음,승합,남,41세,경상
2015121100100045,2015년 12월 11일 02시,금요일,부산광역시 남구 문현동,중상사고,0,1,0,0,차량단독 - 공작물충돌,안전운전불이행,건조,맑음,단일로 - 기타,승용,남,62세,중상,,,,
2015121100100046,2015년 12월 11일 02시,금요일,부산광역시 사하구 하단동,부상신고사고,0,0,0,1,차대사람 - 기타,안전운전불이행,습기,비,단일로 - 기타,승용,남,58세,상해없음,보행자,남,27세,부상신고
2015121100100057,2015년 12월 11일 03시,금요일,부산광역시 서구 충무동1가,부상신고사고,0,0,0,1,차대차 - 정면충돌,안전운전불이행,건조,맑음,교차로 - 교차로부근,승용,여,62세,상해없음,승용,남,62세,부상신고
2015121100100058,2015년 12월 11일 03시,금요일,부산광역시 부산진구 범천동,중상사고,0,1,1,0,차대차 - 정면충돌,중앙선침범,건조,맑음,교차로 - 교차로안,승용,남,58세,상해없음,승용,남,50세,중상
2015121100100066,2015년 12월 11일 04시,금요일,부산광역시 사하구 괴정동,경상사고,0,0,1,0,차대사람 - 기타,안전운전불이행,습기,비,단일로 - 기타,승용,남,68세,상해없음,보행자,남,65세,경상
2015121100100104,2015년 12월 11일 07시,금요일,부산광역시 동래구 온천동,경상사고,0,0,1,1,차대차 - 정면충돌,안전운전불이행,습기,비,단일로 - 기타,승용,남,43세,부상신고,승용,남,25세,경상
2015121100100129,2015년 12월 11일 08시,금요일,부산광역시 수영구 광안동,경상사고,0,0,2,0,차대차 - 정면충돌,안전운전불이행,습기,비,단일로 - 기타,승용,남,52세,상해없음,승용,여,51세,경상
2015121100100130,2015년 12월 11일 08시,금요일,부산광역시 사하구 신평동,경상사고,0,0,1,0,차대사람 - 기타,안전운전불이행,건조,맑음,단일로 - 기타,기타불명,기타불명,기타불명,기타불명,보행자,남,14세,경상
2015121100100173,2015년 12월 11일 09시,금요일,부산광역시 남구 문현동,중상사고,0,1,0,0,차대차 - 정면충돌,안전거리미확보,건조,맑음,단일로 - 기타,승용,남,30세,상해없음,이륜,남,25세,중상
2015121100100174,2015년 12월 11일 09시,금요일,부산광역시 연제구 연산동,중상사고,0,1,0,0,차대사람 - 횡단중,중앙선침범,건조,맑음,단일로 - 기타,화물,남,35세,상해없음,보행자,남,60세,중상
2015121100100197,2015년 12월 11일 10시,금요일,부산광역시 사상구 학장동,경상사고,0,0,1,0,차대차 - 측면직각충돌,중앙선침범,습기,비,단일로 - 기타,승용,남,54세,상해없음,화물,남,32세,경상
2015121100100228,2015년 12월 11일 11시,금요일,부산광역시 해운대구 재송동,경상사고,0,0,1,0,차대사람 - 보도통행중,신호위반,건조,맑음,단일로 - 기타,승용,남,62세,상해없음,보행자,여,23세,경상
2015121100100229,2015년 12월 11일 11시,금요일,부산광역시 사하구 장림동,중상사고,0,1,0,0,차대차 - 측면직각충돌,안전거리미확보,습기,흐림,단일로 - 기타,이륜,남,16세,중상,승용,남,52세,상해없음
2015121100100259,2015년 12월 11일 12시,금요일,부산광역시 금정구 구서동,중상사고,0,1,0,0,차대차 - 정면충돌,기타,건조,맑음,단일로 - 기타,승용,남,51세,상해없음,자전거,남,65세,중상
2015121100100287,2015년 12월 11일 13시,금요일,부산광역시 사하구 신평동,경상사고,0,0,1,0,차량단독 - 기타,안전운전불이행,건조,맑음,단일로 - 기타,승합,여,46세,상해없음,,,,
2015121100100288,2015년 12월 11일 13시,금요일,부산광역시 사하구 신평동,경상사고,0,0,1,0,차대차 - 측면직각충돌,신호위반,습기,맑음,교차로 - 교차로안,승용,여,45세,상해없음,승용,남,63세,경상
2015121100100325,2015년 12월 11일 14시,금요일,부산광역시 금정구 구서동,경상사고,0,0,2,0,차대사람 - 보도통행중,기타,건조,맑음,단일로 - 기타,원동기,남,15세,상해없음,보행자,여,8세,경상
2015121100100362,2015년 12월 11일 15시,금요일,부산광역시 동구 좌천동,부상신고사고,0,0,0,1,차대차 - 측면직각충돌,안전운전불이행,건조,맑음,단일로 - 기타,승용,남,68세,상해없음,승용,여,51세,부상신고
2015121100100363,2015년 12월 11일 15시,금요일,부산광역시 수영구 수영동,중상사고,0,1,0,0,차대사람 - 길가장자리구역통행중,안전운전불이행,건조,흐림,교차로 - 교차로부근,승용,남,66세,상해없음,보행자,여,67세,중상
2015121100100364,2015년 12월 11일 15시,금요일,부산광역시 금정구 두구동,경상사고,0,0,2,0,차대차 - 정면충돌,안전거리미확보,건조,맑음,단일로 - 기타,승용,여,39세,상해없음,화물,남,42세,상해없음
2015121100100399,2015년 12월 11일 16시,금요일,부산광역시 중구 중앙동2가,중상사고,0,1,1,0,차대차 - 기타,신호위반,건조,맑음,교차로 - 교차로안,승용,남,42세,상해없음,승용,남,33세,경상
2015121100100400,2015년 12월 11일 16시,금요일,부산광역시 중구 중앙동1가,경상사고,0,0,1,0,차대차 - 측면직각충돌,안전운전불이행,건조,맑음,단일로 - 기타,승용,남,33세,상해없음,승용,남,57세,경상
2015121100100401,2015년 12월 11일 16시,금요일,부산광역시 부산진구 부전동,경상사고,0,0,1,0,차대차 - 정면충돌,안전거리미확보,건조,맑음,단일로 - 기타,승용,남,35세,상해없음,승용,남,28세,경상
2015121100100402,2015년 12월 11일 16시,금요일,부산광역시 수영구 망미동,사망사고,1,0,0,0,차대사람 - 길가장자리구역통행중,안전운전불이행,건조,맑음,교차로 - 교차로부근,화물,남,50세,상해없음,보행자,남,72세,사망
2015121100100434,2015년 12월 11일 17시,금요일,부산광역시 부산진구 당감동,경상사고,0,0,1,0,차대차 - 측면직각충돌,신호위반,건조,맑음,교차로 - 교차로안,승용,남,52세,상해없음,이륜,남,23세,경상
2015121100100435,2015년 12월 11일 17시,금요일,부산광역시 부산진구 당감동,경상사고,0,0,2,0,차대차 - 기타,차로위반,건조,맑음,단일로 - 기타,승용,남,25세,상해없음,승용,남,55세,상해없음
2015121100100436,2015년 12월 11일 17시,금요일,부산광역시 금정구 부곡동,중상사고,0,1,0,0,차대사람 - 횡단중,안전운전불이행,건조,맑음,단일로 - 기타,승용,여,47세,상해없음,보행자,남,67세,중상
2015121100100490,2015년 12월 11일 18시,금요일,부산광역시 동구 범일동,중상사고,0,4,0,0,차대차 - 추돌 - 진행중,안전운전불이행,건조,맑음,단일로 - 횡단보도상,승용,남,44세,상해없음,승합,남,60세,상해없음
2015121100100491,2015년 12월 11일 18시,금요일,부산광역시 수영구 민락동,경상사고,0,0,1,0,차대사람 - 횡단중,중앙선침범,건조,맑음,단일로 - 횡단보도상,승용,남,54세,상해없음,보행자,여,55세,경상
2015121100100492,2015년 12월 11일 18시,금요일,부산광역시 북구 화명동,경상사고,0,0,1,0,차대차 - 측면직각충돌,안전운전불이행,건조,맑음,교차로 - 교차로안,이륜,남,44세,경상,승용,남,40세,상해없음
2015121100100493,2015년 12월 11일 18시,금요일,부산광역시 동래구 명륜동,중상사고,0,1,0,0,차대차 - 정면충돌,신호위반,건조,흐림,교차로 - 교차로안,화물,남,43세,상해없음,원동기,남,54세,중상
2015121100100494,2015년 12월 11일 18시,금요일,부산광역시 동래구 온천동,경상사고,0,0,2,0,차대차 - 추돌 - 주정차중,안전거리미확보,습기,흐림,단일로 - 기타,화물,여,38세,경상,승용,남,43세,상해없음
2015121100100495,2015년 12월 11일 18시,금요일,부산광역시 금정구 장전동,부상신고사고,0,0,0,1,차대사람 - 횡단중,안전운전불이행,건조,맑음,교차로 - 교차로부근,승용,남,63세,상해없음,보행자,여,46세,부상신고
2015121100100557,2015년 12월 11일 19시,금요일,부산광역시 수영구 광안동,경상사고,0,0,1,0,차대사람 - 기타,안전운전불이행,건조,맑음,교차로 - 교차로부근,승용,남,18세,상해없음,보행자,남,27세,경상
2015121100100558,2015년 12월 11일 19시,금요일,부산광역시 해운대구 재송동,경상사고,0,0,1,0,차대차 - 기타,안전운전불이행,건조,맑음,단일로 - 기타,화물,남,32세,상해없음,이륜,남,44세,경상
2015121100100559,2015년 12월 11일 19시,금요일,부산광역시 금정구 부곡동,부상신고사고,0,0,0,1,차대사람 - 횡단중,안전운전불이행,건조,맑음,교차로 - 교차로부근,승용,남,43세,상해없음,보행자,남,54세,부상신고
2015121100100603,2015년 12월 11일 20시,금요일,부산광역시 남구 용호동,경상사고,0,0,3,1,차대차 - 정면충돌,신호위반,건조,맑음,단일로 - 기타,원동기,남,19세,부상신고,승용,남,40세,경상
2015121100100604,2015년 12월 11일 20시,금요일,부산광역시 남구 감만동,경상사고,0,0,4,0,차대차 - 추돌 - 진행중,안전거리미확보,건조,맑음,단일로 - 기타,원동기,남,18세,경상,승합,남,41세,경상
2015121100100605,2015년 12월 11일 20시,금요일,부산광역시 동래구 사직동,경상사고,0,0,1,0,차대차 - 정면충돌,안전운전불이행,건조,흐림,단일로 - 기타,원동기,남,18세,상해없음,원동기,남,58세,경상
2015121100100606,2015년 12월 11일 20시,금요일,부산광역시 해운대구 반송동,경상사고,0,0,2,0,차대차 - 측면직각충돌,안전운전불이행,건조,맑음,단일로 - 기타,원동기,남,51세,경상,이륜,남,38세,경상
2015121100100607,2015년 12월 11일 20시,금요일,부산광역시 사상구 엄궁동,부상신고사고,0,0,0,2,차대차 - 측면직각충돌,안전운전불이행,건조,맑음,단일로 - 기타,이륜,남,17세,부상신고,승용,남,48세,상해없음
2015121100100630,2015년 12월 11일 21시,금요일,부산광역시 사하구 하단동,경상사고,0,0,1,0,차대사람 - 기타,안전운전불이행,건조,맑음,단일로 - 기타,승용,남,33세,상해없음,보행자,남,42세,경상
2015121100100692,2015년 12월 11일 23시,금요일,부산광역시 연제구 거제동,경상사고,0,0,4,0,차대차 - 측면직각충돌,안전운전불이행,건조,맑음,단일로 - 기타,승용,남,41세,상해없음,승용,여,38세,경상
2015121100100693,2015년 12월 11일 23시,금요일,부산광역시 사상구 모라동,경상사고,0,0,1,0,차대차 - 측면직각충돌,안전거리미확보,건조,맑음,교차로 - 교차로부근,승용,남,41세,상해없음,이륜,남,51세,경상
2015121100100694,2015년 12월 11일 23시,금요일,부산광역시 사상구 괘법동,중상사고,0,1,0,0,차대차 - 기타,안전운전불이행,건조,맑음,단일로 - 기타,승용,남,34세,상해없음,승용,남,37세,중상
2015121200100008,2015년 12월 12일 00시,토요일,부산광역시 동래구 낙민동,중상사고,0,1,1,0,차대차 - 정면충돌,안전운전불이행,건조,맑음,교차로 - 교차로안,승용,남,71세,상해없음,승용,남,45세,상해없음
2015121200100067,2015년 12월 12일 02시,토요일,부산광역시 해운대구 좌동,중상사고,0,1,0,0,차대차 - 기타,신호위반,건조,맑음,교차로 - 교차로안,승용,남,27세,상해없음,이륜,남,55세,중상
2015121200100087,2015년 12월 12일 03시,토요일,부산광역시 사하구 당리동,경상사고,0,0,1,0,차대차 - 추돌 - 주정차중,안전운전불이행,건조,맑음,단일로 - 기타,이륜,남,34세,경상,승용,남,53세,상해없음
2015121200100088,2015년 12월 12일 03시,토요일,부산광역시 연제구 연산동,경상사고,0,0,1,0,차대사람 - 차도통행중,안전운전불이행,건조,맑음,단일로 - 기타,승용,남,59세,상해없음,보행자,남,24세,경상
2015121200100119,2015년 12월 12일 06시,토요일,부산광역시 연제구 연산동,중상사고,0,1,0,0,차대차 - 정면충돌,신호위반,건조,맑음,교차로 - 교차로안,이륜,남,24세,상해없음,승용,남,48세,상해없음
2015121200100120,2015년 12월 12일 06시,토요일,부산광역시 연제구 연산동,중상사고,0,1,0,0,차대차 - 추돌 - 진행중,안전운전불이행,건조,맑음,단일로 - 기타,원동기,기타불명,기타불명,기타불명,승용,여,64세,중상
2015121200100315,2015년 12월 12일 13시,토요일,부산광역시 서구 동대신동1가,경상사고,0,0,1,0,차대차 - 추돌 - 진행중,안전거리미확보,건조,맑음,교차로 - 교차로부근,화물,남,45세,상해없음,화물,남,52세,경상
2015121200100316,2015년 12월 12일 13시,토요일,부산광역시 북구 구포동,경상사고,0,0,1,0,차대사람 - 횡단중,보행자보호의무위반,건조,맑음,단일로 - 횡단보도상,승용,남,44세,상해없음,보행자,여,66세,경상
2015121200100317,2015년 12월 12일 13시,토요일,부산광역시 해운대구 우동,중상사고,0,1,0,0,차대사람 - 기타,보행자보호의무위반,건조,맑음,교차로 - 교차로부근,승용,남,54세,상해없음,보행자,여,14세,중상
2015121200100318,2015년 12월 12일 13시,토요일,부산광역시 금정구 구서동,중상사고,0,1,0,0,차대차 - 정면충돌,신호위반,건조,맑음,교차로 - 교차로안,승용,남,66세,상해없음,승용,여,54세,중상
2015121200100319,2015년 12월 12일 13시,토요일,부산광역시 금정구 부곡동,경상사고,0,0,1,0,차대차 - 정면충돌,교차로운행방법위반,건조,맑음,교차로 - 교차로안,승용,남,70세,상해없음,원동기,남,27세,경상
2015121200100352,2015년 12월 12일 14시,토요일,부산광역시 서구 토성동5가,중상사고,0,1,0,0,차대사람 - 횡단중,안전운전불이행,건조,맑음,교차로 - 교차로안,승합,남,58세,상해없음,보행자,여,83세,중상
2015121200100353,2015년 12월 12일 14시,토요일,부산광역시 영도구 봉래동1가,경상사고,0,0,1,0,차대차 - 정면충돌,안전운전불이행,건조,맑음,단일로 - 기타,화물,남,26세,상해없음,승합,남,32세,경상
2015121200100354,2015년 12월 12일 14시,토요일,부산광역시 금정구 남산동,경상사고,0,0,1,0,차대차 - 기타,안전거리미확보,건조,맑음,단일로 - 기타,승용,여,19세,상해없음,승용,여,34세,경상
2015121200100391,2015년 12월 12일 15시,토요일,부산광역시 금정구 구서동,중상사고,0,1,0,0,차대사람 - 횡단중,안전운전불이행,건조,맑음,교차로 - 교차로안,승용,남,53세,상해없음,보행자,여,77세,중상
2015121200100418,2015년 12월 12일 16시,토요일,부산광역시 강서구 구랑동,중상사고,0,1,1,0,차대차 - 추돌 - 주정차중,안전운전불이행,건조,맑음,교차로 - 교차로부근,특수,남,46세,상해없음,승용,여,26세,중상
2015121200100442,2015년 12월 12일 17시,토요일,부산광역시 사하구 장림동,중상사고,0,1,0,0,차대사람 - 횡단중,안전운전불이행,건조,맑음,단일로 - 기타,이륜,남,70세,상해없음,보행자,남,34세,중상
2015121200100488,2015년 12월 12일 18시,토요일,부산광역시 중구 대청동1가,경상사고,0,0,1,0,차대차 - 측면직각충돌,안전운전불이행,건조,맑음,단일로 - 기타,승용,여,28세,상해없음,이륜,남,33세,경상
2015121200100489,2015년 12월 12일 18시,토요일,부산광역시 부산진구 양정동,경상사고,0,0,1,0,차대차 - 측면직각충돌,안전운전불이행,건조,맑음,단일로 - 기타,승용,남,58세,상해없음,이륜,남,45세,경상
2015121200100490,2015년 12월 12일 18시,토요일,부산광역시 금정구 두구동,경상사고,0,0,1,0,차대차 - 정면충돌,안전거리미확보,건조,맑음,단일로 - 기타,승용,남,26세,상해없음,승용,남,43세,경상
2015121200100491,2015년 12월 12일 18시,토요일,부산광역시 사하구 장림동,경상사고,0,0,1,0,차대사람 - 기타,안전운전불이행,건조,맑음,단일로 - 기타,승용,남,49세,상해없음,보행자,남,30세,경상
2015121200100492,2015년 12월 12일 18시,토요일,부산광역시 사하구 하단동,경상사고,0,0,1,0,차대차 - 기타,안전거리미확보,건조,맑음,단일로 - 기타,승용,남,32세,상해없음,원동기,남,17세,경상
2015121200100493,2015년 12월 12일 18시,토요일,부산광역시 사상구 덕포동,중상사고,0,1,0,0,차대사람 - 횡단중,안전운전불이행,건조,맑음,단일로 - 기타,승용,남,62세,상해없음,보행자,여,72세,중상
2015121200100494,2015년 12월 12일 18시,토요일,부산광역시 기장군 기장읍,경상사고,0,0,2,0,차대차 - 기타,차로위반,건조,맑음,단일로 - 기타,승용,남,60세,상해없음,승용,남,27세,경상
2015121200100541,2015년 12월 12일 19시,토요일,부산광역시 북구 화명동,중상사고,0,1,0,0,차대차 - 정면충돌,안전운전불이행,건조,맑음,교차로 - 교차로안,승용,남,53세,상해없음,원동기,남,28세,중상
2015121200100542,2015년 12월 12일 19시,토요일,부산광역시 영도구 동삼동,경상사고,0,0,4,0,차대차 - 정면충돌,중앙선침범,건조,맑음,단일로 - 기타,승용,남,50세,상해없음,승용,남,30세,경상
2015121200100543,2015년 12월 12일 19시,토요일,부산광역시 부산진구 부전동,경상사고,0,0,1,0,차대사람 - 기타,안전운전불이행,기타,맑음,단일로 - 기타,승용,남,25세,상해없음,보행자,여,18세,경상
2015121200100578,2015년 12월 12일 20시,토요일,부산광역시 연제구 연산동,경상사고,0,0,1,0,차대사람 - 보도통행중,신호위반,건조,맑음,단일로 - 횡단보도상,승용,여,51세,상해없음,보행자,여,62세,경상
2015121200100579,2015년 12월 12일 20시,토요일,부산광역시 사상구 주례동,부상신고사고,0,0,0,2,차대차 - 정면충돌,안전운전불이행,건조,맑음,단일로 - 기타,원동기,남,28세,부상신고,원동기,남,21세,부상신고
2015121200100640,2015년 12월 12일 22시,토요일,부산광역시 영도구 봉래동4가,경상사고,0,0,2,0,차대차 - 추돌 - 주정차중,안전운전불이행,건조,맑음,단일로 - 기타,승용,남,32세,기타불명,승용,남,60세,경상