사고번호,사고일시,요일,시군구,사고내용,사망자수,중상자수,경상자수,부상신고자수,사고유형,법규위반,노면상태,기상상태,도로형태,가해운전자 차종,가해운전자 성별,가해운전자 연령,가해운전자 상해정도,피해운전자 차종,피해운전자 성별,피해운전자 연령,피해운전자 상해정도
2015121200100641,2015년 12월 12일 22시,토요일,부산광역시 금정구 청룡동,중상사고,0,1,0,0,차대사람 - 횡단중,안전운전불이행,건조,맑음,단일로 - 기타,승용,남,54세,상해없음,보행자,여,62세,중상
2015121200100675,2015년 12월 12일 23시,토요일,부산광역시 부산진구 부전동,경상사고,0,0,1,0,차대차 - 추돌 - 진행중,안전운전불이행,건조,맑음,단일로 - 기타,승합,남,47세,상해없음,승용,남,66세,경상
2015121200100676,2015년 12월 12일 23시,토요일,부산광역시 부산진구 당감동,경상사고,0,0,1,0,차대사람 - 횡단중,안전운전불이행,건조,맑음,단일로 - 횡단보도상,승용,남,71세,기타불명,보행자,남,38세,경상
2015121300100008,2015년 12월 13일 00시,일요일,부산광역시 부산진구 양정동,중상사고,0,1,0,0,차대차 - 추돌 - 주정차중,안전거리미확보,건조,맑음,단일로 - 기타,승용,남,66세,상해없음,승용,남,71세,중상
2015121300100037,2015년 12월 13일 01시,일요일,부산광역시 부산진구 부전동,경상사고,0,0,2,0,차대차 - 추돌 - 진행중,안전거리미확보,건조,맑음,교차로 - 교차로부근,승용,남,59세,상해없음,승용,남,60세,상해없음
2015121300100038,2015년 12월 13일 01시,일요일,부산광역시 강서구 녹산동,중상사고,0,2,0,0,차대차 - 측면직각충돌,신호위반,건조,맑음,교차로 - 교차로안,승용,남,18세,상해없음,승용,여,49세,중상
2015121300100063,2015년 12월 13일 02시,일요일,부산광역시 사하구 괴정동,중상사고,0,1,0,0,차대사람 - 기타,안전운전불이행,건조,맑음,단일로 - 기타,승용,남,71세,상해없음,보행자,남,32세,중상
2015121300100079,2015년 12월 13일 03시,일요일,부산광역시 동구 초량동,중상사고,0,2,1,0,차대차 - 추돌 - 진행중,안전운전불이행,건조,맑음,단일로 - 기타,승용,남,40세,상해없음,승용,남,61세,중상
2015121300100080,2015년 12월 13일 03시,일요일,부산광역시 해운대구 반송동,중상사고,0,2,0,0,차대차 - 기타,신호위반,건조,맑음,교차로 - 교차로안,이륜,남,16세,기타불명,화물,남,65세,상해없음
2015121300100093,2015년 12월 13일 04시,일요일,부산광역시 부산진구 양정동,경상사고,0,0,1,0,차대차 - 정면충돌,신호위반,건조,맑음,교차로 - 교차로안,승용,남,67세,상해없음,승용,남,61세,상해없음
2015121300100107,2015년 12월 13일 05시,일요일,부산광역시 동래구 안락동,중상사고,0,1,0,0,차대사람 - 횡단중,과속,건조,맑음,단일로 - 기타,승용,남,51세,상해없음,보행자,여,74세,중상
2015121300100108,2015년 12월 13일 05시,일요일,부산광역시 수영구 망미동,경상사고,0,0,3,0,차대차 - 추돌 - 진행중,안전거리미확보,건조,맑음,단일로 - 기타,승용,남,53세,상해없음,승용,남,48세,경상
2015121300100109,2015년 12월 13일 05시,일요일,부산광역시 기장군 정관읍,경상사고,0,0,2,0,차량단독 - 공작물충돌,안전운전불이행,건조,맑음,단일로 - 기타,승용,남,21세,상해없음,,,,
2015121300100135,2015년 12월 13일 07시,일요일,부산광역시 서구 토성동4가,중상사고,0,1,0,0,차대차 - 기타,안전운전불이행,건조,맑음,단일로 - 기타,승용,남,54세,상해없음,승합,남,51세,상해없음
2015121300100153,2015년 12월 13일 08시,일요일,부산광역시 동래구 온천동,경상사고,0,0,3,0,차대차 - 측면직각충돌,안전운전불이행,건조,맑음,단일로 - 기타,승용,여,59세,상해없음,승용,여,42세,경상
2015121300100172,2015년 12월 13일 09시,일요일,부산광역시 사상구 엄궁동,중상사고,0,1,0,0,차대차 - 추돌 - 주정차중,안전운전불이행,건조,맑음,교차로 - 교차로부근,이륜,남,28세,중상,승용,남,38세,상해없음
2015121300100185,2015년 12월 13일 10시,일요일,부산광역시 북구 만덕동,중상사고,0,1,0,0,차대사람 - 기타,안전운전불이행,건조,맑음,교차로 - 교차로안,승용,남,57세,상해없음,보행자,남,81세,중상
2015121300100186,2015년 12월 13일 10시,일요일,부산광역시 영도구 신선동1가,경상사고,0,0,1,0,차량단독 - 기타,기타,건조,맑음,단일로 - 기타,승합,남,64세,상해없음,,,,
2015121300100187,2015년 12월 13일 10시,일요일,부산광역시 부산진구 전포동,부상신고사고,0,0,0,3,차대차 - 추돌 - 진행중,안전거리미확보,건조,맑음,단일로 - 기타,승용,남,47세,기타불명,승용,남,53세,부상신고
2015121300100188,2015년 12월 13일 10시,일요일,부산광역시 사상구 학장동,중상사고,0,4,0,0,차대차 - 측면직각충돌,안전운전불이행,건조,맑음,단일로 - 기타,승용,남,53세,상해없음,승용,여,27세,중상
2015121300100199,2015년 12월 13일 11시,일요일,부산광역시 금정구 오륜동,경상사고,0,0,1,0,차대차 - 추돌 - 진행중,안전운전불이행,건조,맑음,단일로 - 기타,승용,남,21세,상해없음,승용,여,44세,경상
2015121300100230,2015년 12월 13일 12시,일요일,부산광역시 중구 남포동1가,경상사고,0,0,1,0,차대사람 - 기타,안전운전불이행,건조,맑음,단일로 - 기타,승용,남,54세,상해없음,보행자,여,52세,경상
2015121300100231,2015년 12월 13일 12시,일요일,부산광역시 금정구 금성동,경상사고,0,0,1,0,차대사람 - 횡단중,안전운전불이행,건조,맑음,단일로 - 기타,기타불명,기타불명,기타불명,기타불명,보행자,남,57세,경상
2015121300100256,2015년 12월 13일 13시,일요일,부산광역시 금정구 장전동,중상사고,0,1,0,0,차대사람 - 길가장자리구역통행중,안전운전불이행,건조,맑음,단일로 - 기타,승용,여,46세,상해없음,보행자,남,26세,중상
2015121300100257,2015년 12월 13일 13시,일요일,부산광역시 금정구 부곡동,경상사고,0,0,1,0,차대차 - 측면직각충돌,기타,건조,맑음,단일로 - 기타,승용,남,56세,상해없음,승용,남,30세,경상
2015121300100278,2015년 12월 13일 14시,일요일,부산광역시 동래구 명륜동,경상사고,0,0,1,0,차대차 - 정면충돌,안전운전불이행,건조,맑음,단일로 - 기타,승용,남,24세,상해없음,이륜,남,52세,경상
2015121300100279,2015년 12월 13일 14시,일요일,부산광역시 해운대구 우동,경상사고,0,0,1,0,차대차 - 기타,안전운전불이행,건조,맑음,기타 - 기타,승용,기타불명,기타불명,기타불명,승용,기타불명,기타불명,기타불명
2015121300100340,2015년 12월 13일 16시,일요일,부산광역시 남구 대연동,중상사고,0,3,1,1,차대차 - 추돌 - 진행중,안전거리미확보,건조,맑음,교차로 - 교차로안,승용,남,42세,상해없음,승용,여,47세,부상신고
2015121300100364,2015년 12월 13일 17시,일요일,부산광역시 사하구 감천동,경상사고,0,0,1,0,차대차 - 기타,안전운전불이행,건조,맑음,교차로 - 교차로안,승용,남,44세,상해없음,승용,여,41세,경상
2015121300100400,2015년 12월 13일 18시,일요일,부산광역시 사하구 괴정동,중상사고,0,1,0,0,차대사람 - 기타,안전운전불이행,건조,맑음,교차로 - 교차로부근,승용,남,63세,상해없음,보행자,여,49세,중상
2015121300100401,2015년 12월 13일 18시,일요일,부산광역시 기장군 기장읍,경상사고,0,0,1,0,차대사람 - 횡단중,신호위반,건조,맑음,교차로 - 교차로안,승용,남,74세,상해없음,보행자,남,18세,경상
2015121300100439,2015년 12월 13일 19시,일요일,부산광역시 사상구 엄궁동,경상사고,0,0,2,0,차대차 - 추돌 - 진행중,안전거리미확보,건조,맑음,단일로 - 기타,승용,남,47세,상해없음,승용,남,33세,경상
2015121300100489,2015년 12월 13일 21시,일요일,부산광역시 사상구 괘법동,경상사고,0,0,1,0,차대차 - 측면직각충돌,안전운전불이행,건조,맑음,단일로 - 기타,원동기,남,22세,경상,승용,남,57세,상해없음
2015121300100504,2015년 12월 13일 22시,일요일,부산광역시 해운대구 우동,부상신고사고,0,0,0,1,차대사람 - 횡단중,기타,건조,맑음,교차로 - 교차로부근,승용,남,18세,상해없음,보행자,남,50세,부상신고
2015121400100027,2015년 12월 14일 04시,월요일,부산광역시 강서구 강동동,경상사고,0,0,1,0,차대차 - 추돌 - 주정차중,안전운전불이행,건조,맑음,교차로 - 교차로부근,승용,남,28세,상해없음,승용,남,53세,경상
2015121400100036,2015년 12월 14일 05시,월요일,부산광역시 기장군 기장읍,경상사고,0,0,1,0,차대차 - 기타,중앙선침범,건조,맑음,기타 - 기타,승용,여,48세,상해없음,승합,남,63세,경상
2015121400100049,2015년 12월 14일 06시,월요일,부산광역시 사상구 엄궁동,경상사고,0,0,1,0,차대사람 - 길가장자리구역통행중,안전운전불이행,건조,맑음,단일로 - 기타,화물,남,48세,상해없음,보행자,여,63세,경상
2015121400100094,2015년 12월 14일 08시,월요일,부산광역시 해운대구 우동,경상사고,0,0,1,0,차대차 - 추돌 - 진행중,교차로운행방법위반,건조,맑음,교차로 - 교차로안,화물,남,44세,상해없음,승용,남,51세,경상
2015121400100138,2015년 12월 14일 09시,월요일,부산광역시 해운대구 반여동,경상사고,0,0,1,0,차대차 - 측면직각충돌,교차로운행방법위반,건조,맑음,교차로 - 교차로안,승용,여,38세,상해없음,이륜,남,19세,경상
2015121400100139,2015년 12월 14일 09시,월요일,부산광역시 부산진구 부전동,경상사고,0,0,1,0,차량단독 - 공작물충돌,안전운전불이행,건조,흐림,기타 - 기타,승용,여,43세,경상,,,,
2015121400100140,2015년 12월 14일 09시,월요일,부산광역시 사하구 신평동,경상사고,0,0,1,0,차대차 - 추돌 - 진행중,안전거리미확보,습기,흐림,단일로 - 기타,승용,남,32세,상해없음,승용,남,45세,경상
2015121400100192,2015년 12월 14일 11시,월요일,부산광역시 동구 수정동,경상사고,0,0,1,0,차대사람 - 기타,중앙선침범,건조,맑음,단일로 - 기타,화물,남,63세,상해없음,보행자,여,62세,경상
2015121400100193,2015년 12월 14일 11시,월요일,부산광역시 금정구 청룡동,경상사고,0,0,1,0,차대사람 - 길가장자리구역통행중,안전운전불이행,건조,맑음,단일로 - 기타,화물,남,52세,상해없음,보행자,여,74세,경상
2015121400100194,2015년 12월 14일 11시,월요일,부산광역시 기장군 기장읍,중상사고,0,1,1,0,차대차 - 추돌 - 주정차중,안전거리미확보,건조,맑음,단일로 - 횡단보도부근,화물,남,54세,중상,화물,남,59세,경상
2015121400100247,2015년 12월 14일 13시,월요일,부산광역시 북구 만덕동,중상사고,0,1,0,0,차대차 - 정면충돌,안전거리미확보,습기,흐림,교차로 - 교차로부근,화물,남,53세,상해없음,승용,여,62세,중상
2015121400100248,2015년 12월 14일 13시,월요일,부산광역시 금정구 회동동,중상사고,0,1,0,0,차대차 - 정면충돌,안전운전불이행,습기,비,단일로 - 기타,이륜,남,53세,중상,승용,남,53세,상해없음
2015121400100249,2015년 12월 14일 13시,월요일,부산광역시 강서구 송정동,중상사고,0,1,0,0,차대차 - 기타,신호위반,건조,맑음,교차로 - 교차로안,승용,남,54세,상해없음,승합,남,45세,중상
2015121400100339,2015년 12월 14일 16시,월요일,부산광역시 북구 화명동,경상사고,0,0,1,0,차대사람 - 횡단중,보행자보호의무위반,습기,비,단일로 - 기타,승용,여,23세,상해없음,보행자,여,9세,경상
2015121400100340,2015년 12월 14일 16시,월요일,부산광역시 연제구 연산동,경상사고,0,0,1,0,차대차 - 측면직각충돌,중앙선침범,습기,비,단일로 - 기타,승합,남,71세,기타불명,이륜,남,44세,경상
2015121400100385,2015년 12월 14일 17시,월요일,부산광역시 부산진구 개금동,경상사고,0,0,1,0,차대차 - 추돌 - 진행중,안전운전불이행,건조,맑음,단일로 - 기타,승용,남,46세,상해없음,화물,남,42세,경상
2015121400100386,2015년 12월 14일 17시,월요일,부산광역시 사상구 주례동,경상사고,0,0,2,0,차대차 - 정면충돌,신호위반,건조,맑음,교차로 - 교차로부근,승용,여,42세,경상,승용,여,35세,경상
2015121400100449,2015년 12월 14일 18시,월요일,부산광역시 영도구 봉래동1가,경상사고,0,0,1,0,차대차 - 측면직각충돌,안전운전불이행,건조,맑음,단일로 - 기타,승용,남,49세,상해없음,승용,남,58세,경상
2015121400100504,2015년 12월 14일 19시,월요일,부산광역시 해운대구 우동,경상사고,0,0,1,0,차대차 - 측면직각충돌,교차로운행방법위반,건조,맑음,교차로 - 교차로안,승용,여,41세,상해없음,승용,남,32세,경상
2015121400100505,2015년 12월 14일 19시,월요일,부산광역시 사상구 학장동,중상사고,0,1,0,0,차대사람 - 횡단중,안전운전불이행,건조,흐림,단일로 - 기타,화물,남,58세,상해없음,보행자,여,58세,중상
2015121400100554,2015년 12월 14일 20시,월요일,부산광역시 사하구 신평동,부상신고사고,0,0,0,1,차대차 - 기타,신호위반,건조,맑음,단일로 - 기타,승용,여,56세,부상신고,승용,남,34세,상해없음
2015121400100555,2015년 12월 14일 20시,월요일,부산광역시 사상구 감전동,경상사고,0,0,1,0,차대차 - 측면직각충돌,신호위반,습기,흐림,교차로 - 교차로안,이륜,남,50세,경상,승용,남,53세,상해없음
2015121400100627,2015년 12월 14일 22시,월요일,부산광역시 연제구 연산동,중상사고,0,2,0,0,차대차 - 측면직각충돌,교차로운행방법위반,습기,흐림,교차로 - 교차로안,원동기,남,17세,중상,승용,남,43세,중상
2015121400100648,2015년 12월 14일 23시,월요일,부산광역시 수영구 망미동,경상사고,0,0,1,0,차대사람 - 길가장자리구역통행중,안전운전불이행,건조,맑음,단일로 - 기타,승용,여,43세,상해없음,보행자,남,68세,경상
2015121400100649,2015년 12월 14일 23시,월요일,부산광역시 연제구 연산동,경상사고,0,0,1,0,차대사람 - 보도통행중,보행자보호의무위반,건조,맑음,교차로 - 교차로부근,승합,남,54세,상해없음,보행자,여,55세,경상
2015121500100008,2015년 12월 15일 00시,화요일,부산광역시 사하구 괴정동,중상사고,0,1,0,0,차대사람 - 기타,교차로운행방법위반,건조,맑음,교차로 - 교차로안,승용,남,46세,상해없음,보행자,남,32세,중상
2015121500100009,2015년 12월 15일 00시,화요일,부산광역시 사상구 감전동,중상사고,0,1,0,0,차대차 - 측면직각충돌,중앙선침범,습기,비,단일로 - 기타,승용,남,34세,기타불명,이륜,남,37세,중상
2015121500100083,2015년 12월 15일 06시,화요일,부산광역시 북구 덕천동,경상사고,0,0,1,0,차대사람 - 횡단중,안전운전불이행,건조,맑음,단일로 - 기타,기타불명,기타불명,기타불명,기타불명,보행자,여,26세,경상
2015121500100084,2015년 12월 15일 06시,화요일,부산광역시 부산진구 부암동,중상사고,0,2,0,0,차대차 - 정면충돌,신호위반,건조,흐림,교차로 - 교차로안,화물,남,56세,중상,이륜,남,46세,중상
2015121500100104,2015년 12월 15일 07시,화요일,부산광역시 동래구 사직동,중상사고,0,1,0,0,차대사람 - 횡단중,보행자보호의무위반,습기,흐림,단일로 - 기타,승용,남,40세,상해없음,보행자,남,79세,중상
2015121500100105,2015년 12월 15일 07시,화요일,부산광역시 금정구 남산동,중상사고,0,1,0,0,차대사람 - 횡단중,보행자보호의무위반,습기,비,단일로 - 횡단보도상,승용,남,31세,상해없음,보행자,남,80세,중상
2015121500100106,2015년 12월 15일 07시,화요일,부산광역시 사하구 당리동,경상사고,0,0,1,0,차대사람 - 횡단중,보행자보호의무위반,습기,비,단일로 - 횡단보도상,승용,여,58세,상해없음,보행자,남,77세,경상
2015121500100136,2015년 12월 15일 08시,화요일,부산광역시 수영구 민락동,경상사고,0,0,2,0,차대차 - 측면직각충돌,중앙선침범,건조,맑음,단일로 - 기타,승용,여,42세,상해없음,승용,남,47세,경상
2015121500100137,2015년 12월 15일 08시,화요일,부산광역시 연제구 연산동,경상사고,0,0,1,0,차대차 - 추돌 - 진행중,안전거리미확보,건조,맑음,단일로 - 기타,승용,여,53세,상해없음,승용,여,38세,경상
2015121500100174,2015년 12월 15일 09시,화요일,부산광역시 동래구 온천동,부상신고사고,0,0,0,1,차대차 - 정면충돌,안전운전불이행,건조,맑음,단일로 - 기타,원동기,남,84세,부상신고,승합,남,45세,상해없음
2015121500100175,2015년 12월 15일 09시,화요일,부산광역시 영도구 영선동1가,경상사고,0,0,1,0,차대차 - 정면충돌,안전거리미확보,건조,맑음,단일로 - 기타,승용,남,44세,상해없음,이륜,남,23세,경상
2015121500100176,2015년 12월 15일 09시,화요일,부산광역시 해운대구 중동,경상사고,0,0,1,0,차대차 - 측면직각충돌,직진우회전진행방해,건조,맑음,교차로 - 교차로안,승용,남,32세,상해없음,승용,여,32세,경상
2015121500100177,2015년 12월 15일 09시,화요일,부산광역시 연제구 연산동,중상사고,0,1,0,0,차대차 - 측면직각충돌,차로위반,건조,맑음,단일로 - 기타,승용,여,44세,상해없음,원동기,남,30세,중상
2015121500100216,2015년 12월 15일 11시,화요일,부산광역시 강서구 명지동,경상사고,0,0,1,0,차대차 - 측면직각충돌,교차로운행방법위반,건조,맑음,교차로 - 교차로부근,화물,남,74세,상해없음,승용,여,39세,경상
2015121500100270,2015년 12월 15일 13시,화요일,부산광역시 연제구 거제동,중상사고,0,1,0,0,차대차 - 측면직각충돌,신호위반,건조,맑음,단일로 - 횡단보도상,승용,여,41세,상해없음,이륜,남,60세,중상
2015121500100271,2015년 12월 15일 13시,화요일,부산광역시 동래구 명장동,부상신고사고,0,0,0,1,차대차 - 추돌 - 주정차중,안전거리미확보,건조,맑음,단일로 - 기타,화물,남,62세,상해없음,이륜,남,56세,부상신고
2015121500100272,2015년 12월 15일 13시,화요일,부산광역시 연제구 연산동,중상사고,0,1,0,0,차대사람 - 횡단중,안전운전불이행,건조,맑음,단일로 - 횡단보도부근,승용,남,22세,상해없음,보행자,여,69세,중상
2015121500100335,2015년 12월 15일 15시,화요일,부산광역시 수영구 광안동,경상사고,0,0,1,0,차대차 - 정면충돌,교차로운행방법위반,건조,맑음,교차로 - 교차로안,승용,남,55세,상해없음,원동기,남,19세,경상
2015121500100359,2015년 12월 15일 16시,화요일,부산광역시 수영구 남천동,경상사고,0,0,1,0,차대사람 - 횡단중,안전운전불이행,건조,맑음,단일로 - 기타,승용,남,45세,상해없음,보행자,남,18세,경상
2015121500100360,2015년 12월 15일 16시,화요일,부산광역시 사하구 장림동,중상사고,0,2,0,0,차대차 - 기타,안전거리미확보,건조,맑음,교차로 - 교차로안,승용,남,73세,상해없음,승용,남,47세,중상
2015121500100361,2015년 12월 15일 16시,화요일,부산광역시 연제구 연산동,중상사고,0,1,0,0,차대차 - 측면직각충돌,안전운전불이행,건조,맑음,단일로 - 기타,승용,여,39세,상해없음,이륜,남,55세,중상
2015121500100396,2015년 12월 15일 17시,화요일,부산광역시 동구 초량동,중상사고,0,1,0,0,차대사람 - 보도통행중,안전운전불이행,건조,맑음,단일로 - 기타,화물,남,28세,상해없음,보행자,남,75세,중상
2015121500100397,2015년 12월 15일 17시,화요일,부산광역시 동구 수정동,중상사고,0,1,0,0,차대사람 - 보도통행중,안전운전불이행,건조,맑음,단일로 - 기타,화물,남,54세,상해없음,보행자,여,47세,중상
2015121500100398,2015년 12월 15일 17시,화요일,부산광역시 사상구 주례동,중상사고,0,1,0,0,차대차 - 측면직각충돌,신호위반,건조,맑음,교차로 - 교차로안,승용,남,26세,상해없음,이륜,남,55세,중상
2015121500100440,2015년 12월 15일 18시,화요일,부산광역시 서구 서대신동3가,부상신고사고,0,0,0,1,차대사람 - 횡단중,안전운전불이행,건조,맑음,단일로 - 횡단보도상,승용,남,29세,상해없음,보행자,남,9세,부상신고
2015121500100441,2015년 12월 15일 18시,화요일,부산광역시 부산진구 가야동,경상사고,0,0,1,0,차대사람 - 횡단중,안전운전불이행,건조,맑음,단일로 - 횡단보도부근,승용,남,64세,상해없음,보행자,남,22세,경상
2015121500100491,2015년 12월 15일 19시,화요일,부산광역시 수영구 수영동,경상사고,0,0,3,0,차대차 - 정면충돌,차로위반,건조,맑음,교차로 - 교차로안,승합,남,72세,경상,승용,여,57세,경상
2015121500100521,2015년 12월 15일 20시,화요일,부산광역시 남구 용당동,경상사고,0,0,1,0,차대차 - 측면직각충돌,안전운전불이행,건조,맑음,단일로 - 기타,승용,남,62세,상해없음,승용,남,57세,경상
2015121500100522,2015년 12월 15일 20시,화요일,부산광역시 동래구 낙민동,부상신고사고,0,0,0,1,차대차 - 측면직각충돌,안전운전불이행,건조,맑음,단일로 - 횡단보도부근,화물,남,57세,상해없음,자전거,남,49세,부상신고
2015121500100523,2015년 12월 15일 20시,화요일,부산광역시 사상구 덕포동,경상사고,0,0,2,0,차대차 - 측면직각충돌,안전거리미확보,건조,맑음,교차로 - 교차로부근,화물,남,38세,상해없음,승용,여,23세,경상
2015121500100547,2015년 12월 15일 21시,화요일,부산광역시 강서구 신호동,부상신고사고,0,0,0,1,차대차 - 추돌 - 진행중,안전운전불이행,건조,맑음,단일로 - 기타,이륜,남,19세,상해없음,이륜,남,22세,부상신고
2015121500100574,2015년 12월 15일 22시,화요일,부산광역시 중구 부평동3가,경상사고,0,0,1,0,차대차 - 측면직각충돌,불법유턴,건조,맑음,단일로 - 기타,승용,남,26세,상해없음,자전거,남,21세,경상
2015121500100575,2015년 12월 15일 22시,화요일,부산광역시 해운대구 좌동,경상사고,0,0,1,0,차대사람 - 기타,안전운전불이행,건조,맑음,단일로 - 기타,승용,여,20세,상해없음,보행자,남,34세,경상
2015121500100576,2015년 12월 15일 22시,화요일,부산광역시 금정구 장전동,경상사고,0,0,1,0,차대차 - 정면충돌,안전거리미확보,건조,맑음,단일로 - 기타,승용,남,18세,상해없음,원동기,남,42세,경상
2015121500100577,2015년 12월 15일 22시,화요일,부산광역시 금정구 부곡동,경상사고,0,0,1,0,차대사람 - 횡단중,안전운전불이행,건조,맑음,단일로 - 기타,승용,남,26세,상해없음,보행자,남,46세,경상
2015121500100578,2015년 12월 15일 22시,화요일,부산광역시 사상구 학장동,경상사고,0,0,1,0,차대차 - 측면직각충돌,안전거리미확보,건조,맑음,단일로 - 기타,승용,남,39세,상해없음,승용,여,37세,경상
2015121600100063,2015년 12월 16일 05시,수요일,부산광역시 동래구 명장동,경상사고,0,0,1,0,차대사람 - 횡단중,안전운전불이행,건조,맑음,교차로 - 교차로안,승용,남,54세,상해없음,보행자,남,43세,경상
2015121600100064,2015년 12월 16일 05시,수요일,부산광역시 연제구 연산동,경상사고,0,0,2,0,차대차 - 측면직각충돌,신호위반,건조,맑음,교차로 - 교차로안,화물,남,54세,상해없음,승용,남,65세,경상
2015121600100081,2015년 12월 16일 07시,수요일,부산광역시 금정구 부곡동,중상사고,0,1,1,0,차대차 - 추돌 - 진행중,안전거리미확보,건조,맑음,교차로 - 교차로부근,승용,남,38세,상해없음,승용,남,43세,중상
2015121600100082,2015년 12월 16일 07시,수요일,부산광역시 사상구 엄궁동,경상사고,0,0,1,0,차대차 - 측면직각충돌,안전운전불이행,건조,맑음,단일로 - 기타,화물,남,52세,상해없음,승용,남,49세,경상
2015121600100105,2015년 12월 16일 08시,수요일,부산광역시 수영구 남천동,중상사고,0,1,0,0,차대차 - 측면직각충돌,안전운전불이행,건조,맑음,교차로 - 교차로안,승용,남,34세,상해없음,자전거,여,56세,중상
2015121600100106,2015년 12월 16일 08시,수요일,부산광역시 금정구 회동동,중상사고,0,1,0,0,차대사람 - 횡단중,안전운전불이행,건조,맑음,단일로 - 기타,승용,남,42세,상해없음,보행자,여,68세,중상
2015121600100107,2015년 12월 16일 08시,수요일,부산광역시 사상구 엄궁동,경상사고,0,0,4,0,차대차 - 추돌 - 진행중,안전거리미확보,건조,맑음,단일로 - 기타,승용,남,44세,상해없음,승합,여,45세,경상
2015121600100138,2015년 12월 16일 09시,수요일,부산광역시 연제구 연산동,중상사고,0,1,0,0,차대사람 - 횡단중,안전운전불이행,건조,맑음,단일로 - 횡단보도상,승용,남,55세,상해없음,보행자,여,72세,중상
2015121600100167,2015년 12월 16일 10시,수요일,부산광역시 서구 남부민동,부상신고사고,0,0,0,1,차대차 - 측면직각충돌,안전거리미확보,건조,맑음,단일로 - 기타,이륜,남,24세,부상신고,승용,남,44세,상해없음
2015121600100194,2015년 12월 16일 11시,수요일,부산광역시 금정구 남산동,중상사고,0,1,3,0,차대차 - 추돌 - 주정차중,안전거리미확보,건조,맑음,단일로 - 기타,승용,여,43세,상해없음,승용,여,44세,경상
2015121600100195,2015년 12월 16일 11시,수요일,부산광역시 사하구 다대동,경상사고,0,0,2,0,차대차 - 기타,교차로운행방법위반,건조,맑음,단일로 - 기타,화물,남,61세,상해없음,승용,남,34세,경상
2015121600100223,2015년 12월 16일 12시,수요일,부산광역시 사하구 하단동,경상사고,0,0,3,0,차대차 - 추돌 - 진행중,안전운전불이행,건조,맑음,교차로 - 교차로안,승용,여,46세,상해없음,승용,여,40세,경상
2015121600100253,2015년 12월 16일 13시,수요일,부산광역시 동래구 수안동,부상신고사고,0,0,0,1,차대차 - 정면충돌,안전거리미확보,건조,맑음,단일로 - 기타,승합,남,52세,상해없음,승용,여,60세,상해없음
2015121600100278,2015년 12월 16일 14시,수요일,부산광역시 부산진구 전포동,중상사고,0,1,0,0,차대사람 - 횡단중,안전운전불이행,건조,맑음,단일로 - 기타,특수,남,35세,상해없음,보행자,여,62세,중상
2015121600100312,2015년 12월 16일 15시,수요일,부산광역시 남구 우암동,경상사고,0,0,1,0,차대차 - 추돌 - 진행중,차로위반,건조,맑음,단일로 - 기타,승용,남,63세,상해없음,이륜,남,40세,경상
2015121600100313,2015년 12월 16일 15시,수요일,부산광역시 영도구 대교동2가,경상사고,0,0,1,0,차대사람 - 횡단중,안전운전불이행,건조,맑음,단일로 - 기타,승용,남,55세,상해없음,보행자,남,42세,경상
2015121600100433,2015년 12월 16일 18시,수요일,부산광역시 금정구 남산동,중상사고,0,1,0,0,차대사람 - 기타,안전운전불이행,건조,맑음,단일로 - 기타,승용,남,27세,상해없음,보행자,여,55세,중상
2015121600100434,2015년 12월 16일 18시,수요일,부산광역시 금정구 장전동,경상사고,0,0,1,0,차대차 - 정면충돌,안전운전불이행,건조,맑음,단일로 - 기타,승용,남,70세,상해없음,자전거,남,13세,경상
2015121600100497,2015년 12월 16일 19시,수요일,부산광역시 남구 문현동,중상사고,0,1,0,0,차대차 - 측면직각충돌,안전운전불이행,건조,맑음,교차로 - 교차로부근,승용,여,48세,상해없음,이륜,남,16세,중상
2015121600100498,2015년 12월 16일 19시,수요일,부산광역시 사하구 장림동,중상사고,0,1,0,0,차대사람 - 횡단중,안전운전불이행,건조,흐림,단일로 - 기타,이륜,남,19세,상해없음,보행자,여,35세,중상
2015121600100499,2015년 12월 16일 19시,수요일,부산광역시 사상구 학장동,경상사고,0,0,1,0,차대차 - 측면직각충돌,안전운전불이행,건조,맑음,단일로 - 교량,승용,남,41세,상해없음,특수,남,44세,경상
2015121600100537,2015년 12월 16일 20시,수요일,부산광역시 금정구 서동,경상사고,0,0,1,0,차대사람 - 횡단중,안전운전불이행,건조,맑음,교차로 - 교차로부근,승용,여,22세,상해없음,보행자,여,48세,경상
2015121600100538,2015년 12월 16일 20시,수요일,부산광역시 강서구 구랑동,경상사고,0,0,4,0,차대차 - 추돌 - 진행중,안전운전불이행,건조,흐림,단일로 - 기타,화물,남,37세,상해없음,승용,남,34세,경상
2015121700100012,2015년 12월 17일 00시,목요일,부산광역시 해운대구 반여동,경상사고,0,0,1,0,차대차 - 기타,신호위반,기타,맑음,교차로 - 교차로안,승용,남,53세,상해없음,승용,남,23세,경상
2015121700100069,2015년 12월 17일 05시,목요일,부산광역시 북구 구포동,경상사고,0,0,1,0,차대차 - 측면직각충돌,신호위반,건조,맑음,교차로 - 교차로안,승용,여,55세,상해없음,승용,여,61세,경상