사고번호,사고일시,요일,시군구,사고내용,사망자수,중상자수,경상자수,부상신고자수,사고유형,법규위반,노면상태,기상상태,도로형태,가해운전자 차종,가해운전자 성별,가해운전자 연령,가해운전자 상해정도,피해운전자 차종,피해운전자 성별,피해운전자 연령,피해운전자 상해정도
2015122000100455,2015년 12월 20일 23시,일요일,부산광역시 수영구 광안동,경상사고,0,0,3,0,차대차 - 측면직각충돌,신호위반,습기,비,교차로 - 교차로안,이륜,남,17세,상해없음,승용,남,28세,경상
2015122000100456,2015년 12월 20일 23시,일요일,부산광역시 해운대구 좌동,중상사고,0,1,0,0,차대사람 - 횡단중,신호위반,습기,비,교차로 - 교차로안,승용,남,53세,상해없음,보행자,남,70세,중상
2015122000100457,2015년 12월 20일 23시,일요일,부산광역시 연제구 거제동,중상사고,0,1,0,0,차대사람 - 횡단중,신호위반,건조,맑음,단일로 - 기타,승용,남,68세,상해없음,보행자,남,24세,중상
2015122000100458,2015년 12월 20일 23시,일요일,부산광역시 강서구 명지동,경상사고,0,0,1,0,차대차 - 추돌 - 주정차중,안전운전불이행,건조,맑음,단일로 - 기타,승용,남,54세,상해없음,승합,남,43세,경상
2015122000100459,2015년 12월 20일 23시,일요일,부산광역시 기장군 기장읍,경상사고,0,0,2,0,차대차 - 추돌 - 주정차중,안전거리미확보,습기,비,교차로 - 교차로부근,승용,남,30세,상해없음,승용,남,32세,경상
2015122100100004,2015년 12월 21일 00시,월요일,부산광역시 북구 구포동,경상사고,0,0,1,0,차대차 - 추돌 - 진행중,안전운전불이행,습기,비,교차로 - 교차로안,승용,남,44세,상해없음,승용,남,39세,경상
2015122100100005,2015년 12월 21일 00시,월요일,부산광역시 동래구 명륜동,경상사고,0,0,1,0,차대사람 - 횡단중,안전운전불이행,습기,비,교차로 - 교차로부근,승용,남,49세,상해없음,보행자,남,27세,경상
2015122100100006,2015년 12월 21일 00시,월요일,부산광역시 해운대구 우동,중상사고,0,1,1,0,차대차 - 기타,신호위반,기타,비,교차로 - 교차로안,승용,여,34세,경상,승용,남,54세,중상
2015122100100123,2015년 12월 21일 08시,월요일,부산광역시 부산진구 양정동,경상사고,0,0,1,0,차대차 - 기타,신호위반,건조,맑음,교차로 - 교차로안,승용,여,69세,상해없음,이륜,남,35세,경상
2015122100100124,2015년 12월 21일 08시,월요일,부산광역시 사하구 괴정동,중상사고,0,1,0,0,차대사람 - 횡단중,보행자보호의무위반,건조,맑음,교차로 - 교차로안,승용,여,34세,상해없음,보행자,여,81세,중상
2015122100100177,2015년 12월 21일 09시,월요일,부산광역시 중구 영주동,경상사고,0,0,1,0,차대차 - 측면직각충돌,안전운전불이행,건조,흐림,단일로 - 기타,승용,여,44세,경상,화물,남,62세,상해없음
2015122100100178,2015년 12월 21일 09시,월요일,부산광역시 남구 우암동,중상사고,0,1,0,0,차대차 - 측면직각충돌,안전운전불이행,건조,맑음,단일로 - 기타,승합,남,53세,상해없음,이륜,여,58세,중상
2015122100100179,2015년 12월 21일 09시,월요일,부산광역시 연제구 연산동,경상사고,0,0,1,0,차대차 - 측면직각충돌,안전운전불이행,건조,맑음,교차로 - 교차로안,승용,남,57세,상해없음,승용,남,70세,경상
2015122100100233,2015년 12월 21일 11시,월요일,부산광역시 남구 대연동,경상사고,0,0,1,0,차대차 - 추돌 - 진행중,안전운전불이행,건조,맑음,단일로 - 터널,승용,기타불명,기타불명,기타불명,승용,여,31세,경상
2015122100100234,2015년 12월 21일 11시,월요일,부산광역시 사하구 다대동,경상사고,0,0,1,0,차대차 - 기타,안전운전불이행,건조,맑음,단일로 - 기타,승용,여,37세,상해없음,승용,남,64세,경상
2015122100100268,2015년 12월 21일 12시,월요일,부산광역시 동구 초량동,부상신고사고,0,0,0,2,차대차 - 기타,안전운전불이행,건조,맑음,단일로 - 기타,화물,남,69세,상해없음,승용,남,24세,부상신고
2015122100100269,2015년 12월 21일 12시,월요일,부산광역시 영도구 봉래동3가,경상사고,0,0,1,0,차대차 - 측면직각충돌,중앙선침범,건조,맑음,단일로 - 기타,승용,여,49세,상해없음,승합,남,55세,경상
2015122100100270,2015년 12월 21일 12시,월요일,부산광역시 부산진구 범전동,부상신고사고,0,0,0,1,차대차 - 측면직각충돌,신호위반,건조,맑음,교차로 - 교차로안,승용,남,58세,기타불명,원동기,남,55세,부상신고
2015122100100271,2015년 12월 21일 12시,월요일,부산광역시 사하구 신평동,경상사고,0,0,1,0,차대사람 - 횡단중,안전운전불이행,건조,맑음,단일로 - 기타,승용,남,59세,상해없음,보행자,여,38세,경상
2015122100100272,2015년 12월 21일 12시,월요일,부산광역시 사상구 덕포동,경상사고,0,0,1,0,차대차 - 측면직각충돌,안전운전불이행,건조,맑음,교차로 - 교차로안,승용,남,64세,상해없음,승용,남,81세,경상
2015122100100298,2015년 12월 21일 13시,월요일,부산광역시 동구 초량동,경상사고,0,0,1,0,차대차 - 기타,안전거리미확보,건조,맑음,단일로 - 기타,승용,여,33세,상해없음,승용,여,46세,경상
2015122100100299,2015년 12월 21일 13시,월요일,부산광역시 해운대구 좌동,경상사고,0,0,1,0,차대차 - 정면충돌,안전거리미확보,건조,맑음,단일로 - 기타,승용,남,29세,상해없음,승용,여,40세,상해없음
2015122100100322,2015년 12월 21일 14시,월요일,부산광역시 중구 중앙동4가,경상사고,0,0,1,0,차대사람 - 횡단중,안전운전불이행,건조,맑음,단일로 - 횡단보도상,기타불명,기타불명,51세,기타불명,보행자,남,66세,경상
2015122100100360,2015년 12월 21일 15시,월요일,부산광역시 해운대구 좌동,중상사고,0,1,0,0,차대사람 - 기타,안전운전불이행,건조,맑음,교차로 - 교차로부근,승용,여,55세,상해없음,보행자,여,57세,중상
2015122100100362,2015년 12월 21일 15시,월요일,부산광역시 기장군 기장읍,경상사고,0,0,2,0,차대차 - 추돌 - 주정차중,안전운전불이행,건조,맑음,교차로 - 교차로부근,승용,남,43세,상해없음,승합,여,57세,경상
2015122100100420,2015년 12월 21일 17시,월요일,부산광역시 수영구 수영동,경상사고,0,0,1,0,차대사람 - 길가장자리구역통행중,안전운전불이행,건조,맑음,단일로 - 기타,승용,여,55세,상해없음,보행자,여,43세,경상
2015122100100460,2015년 12월 21일 18시,월요일,부산광역시 서구 아미동2가,경상사고,0,0,1,0,차대차 - 추돌 - 주정차중,불법유턴,건조,맑음,교차로 - 교차로부근,기타불명,기타불명,기타불명,기타불명,자전거,남,11세,경상
2015122100100461,2015년 12월 21일 18시,월요일,부산광역시 수영구 민락동,중상사고,0,1,0,0,차대차 - 정면충돌,교차로운행방법위반,건조,맑음,교차로 - 교차로안,승용,남,69세,상해없음,원동기,남,41세,중상
2015122100100462,2015년 12월 21일 18시,월요일,부산광역시 북구 만덕동,중상사고,0,1,0,0,차대사람 - 기타,안전운전불이행,건조,맑음,단일로 - 기타,승합,남,55세,상해없음,보행자,여,67세,중상
2015122100100463,2015년 12월 21일 18시,월요일,부산광역시 동래구 사직동,경상사고,0,0,1,0,차대사람 - 횡단중,안전운전불이행,건조,맑음,단일로 - 기타,이륜,남,18세,상해없음,보행자,여,48세,경상
2015122100100464,2015년 12월 21일 18시,월요일,부산광역시 연제구 연산동,경상사고,0,0,2,0,차대차 - 추돌 - 진행중,안전거리미확보,건조,맑음,교차로 - 교차로부근,승용,여,53세,경상,화물,남,55세,상해없음
2015122100100550,2015년 12월 21일 20시,월요일,부산광역시 북구 금곡동,경상사고,0,0,3,2,차대차 - 측면직각충돌,안전거리미확보,건조,맑음,단일로 - 기타,승용,남,61세,상해없음,승용,여,61세,경상
2015122100100551,2015년 12월 21일 20시,월요일,부산광역시 영도구 봉래동1가,중상사고,0,1,0,0,차대사람 - 횡단중,안전운전불이행,건조,맑음,단일로 - 기타,승용,남,64세,상해없음,보행자,여,69세,중상
2015122100100552,2015년 12월 21일 20시,월요일,부산광역시 부산진구 부전동,중상사고,0,1,0,0,차대사람 - 기타,안전운전불이행,건조,맑음,단일로 - 기타,승용,남,32세,상해없음,보행자,남,55세,중상
2015122100100553,2015년 12월 21일 20시,월요일,부산광역시 부산진구 전포동,경상사고,0,0,1,0,차대차 - 측면직각충돌,안전거리미확보,건조,맑음,교차로 - 교차로부근,승용,여,52세,상해없음,승용,남,35세,경상
2015122100100554,2015년 12월 21일 20시,월요일,부산광역시 기장군 철마면,경상사고,0,0,1,0,차대차 - 정면충돌,안전운전불이행,건조,맑음,단일로 - 기타,승용,여,42세,상해없음,승용,남,66세,상해없음
2015122100100555,2015년 12월 21일 20시,월요일,부산광역시 기장군 정관읍,경상사고,0,0,2,0,차대차 - 기타,안전운전불이행,건조,맑음,단일로 - 기타,승용,여,36세,상해없음,승용,남,53세,경상
2015122100100584,2015년 12월 21일 21시,월요일,부산광역시 남구 대연동,경상사고,0,0,1,0,차대차 - 정면충돌,기타,건조,맑음,단일로 - 기타,승용,여,56세,상해없음,이륜,남,20세,경상
2015122200100020,2015년 12월 22일 01시,화요일,부산광역시 부산진구 당감동,중상사고,0,4,0,0,차대차 - 정면충돌,신호위반,건조,맑음,교차로 - 교차로안,승용,남,42세,상해없음,승용,남,55세,중상
2015122200100031,2015년 12월 22일 02시,화요일,부산광역시 해운대구 우동,중상사고,0,2,0,0,차대차 - 기타,안전운전불이행,건조,맑음,교차로 - 교차로안,승용,남,37세,상해없음,승용,남,67세,중상
2015122200100046,2015년 12월 22일 04시,화요일,부산광역시 기장군 정관읍,경상사고,0,0,1,0,차대차 - 측면직각충돌,신호위반,건조,맑음,교차로 - 교차로안,승용,남,20세,상해없음,승용,남,34세,경상
2015122200100062,2015년 12월 22일 06시,화요일,부산광역시 남구 대연동,경상사고,0,0,1,0,차대차 - 측면직각충돌,안전거리미확보,건조,맑음,단일로 - 기타,이륜,남,73세,경상,승용,남,53세,상해없음
2015122200100094,2015년 12월 22일 07시,화요일,부산광역시 영도구 봉래동3가,중상사고,0,1,1,0,차대차 - 정면충돌,신호위반,건조,맑음,단일로 - 기타,승용,남,36세,중상,화물,남,36세,경상
2015122200100095,2015년 12월 22일 07시,화요일,부산광역시 강서구 명지동,중상사고,0,1,0,0,차대사람 - 횡단중,보행자보호의무위반,건조,맑음,교차로 - 교차로부근,승용,여,51세,상해없음,보행자,여,56세,중상
2015122200100131,2015년 12월 22일 08시,화요일,부산광역시 동래구 온천동,경상사고,0,0,1,0,차대사람 - 차도통행중,안전운전불이행,건조,맑음,교차로 - 교차로안,화물,남,45세,상해없음,보행자,여,73세,경상
2015122200100166,2015년 12월 22일 09시,화요일,부산광역시 동구 초량동,부상신고사고,0,0,0,1,차대사람 - 기타,안전운전불이행,건조,맑음,단일로 - 기타,승용,남,53세,상해없음,보행자,남,30세,부상신고
2015122200100167,2015년 12월 22일 09시,화요일,부산광역시 부산진구 초읍동,경상사고,0,0,2,0,차대차 - 측면직각충돌,차로위반,건조,맑음,교차로 - 교차로부근,승용,남,29세,상해없음,승용,남,64세,경상
2015122200100190,2015년 12월 22일 10시,화요일,부산광역시 해운대구 반송동,경상사고,0,0,1,0,차대사람 - 횡단중,안전운전불이행,건조,맑음,단일로 - 횡단보도상,승용,여,52세,상해없음,보행자,여,76세,경상
2015122200100220,2015년 12월 22일 11시,화요일,부산광역시 북구 금곡동,중상사고,0,1,0,0,차대사람 - 횡단중,보행자보호의무위반,건조,맑음,단일로 - 횡단보도상,화물,남,46세,상해없음,보행자,남,81세,중상
2015122200100221,2015년 12월 22일 11시,화요일,부산광역시 연제구 연산동,경상사고,0,0,1,0,차대차 - 정면충돌,안전운전불이행,건조,맑음,단일로 - 기타,승용,여,60세,상해없음,승용,남,45세,경상
2015122200100272,2015년 12월 22일 13시,화요일,부산광역시 강서구 녹산동,경상사고,0,0,1,0,차대차 - 추돌 - 진행중,신호위반,건조,맑음,교차로 - 교차로안,원동기,남,54세,경상,승용,여,43세,상해없음
2015122200100338,2015년 12월 22일 15시,화요일,부산광역시 금정구 구서동,경상사고,0,0,1,0,차대차 - 정면충돌,안전거리미확보,건조,흐림,단일로 - 기타,화물,남,39세,상해없음,화물,남,57세,상해없음
2015122200100339,2015년 12월 22일 15시,화요일,부산광역시 사하구 괴정동,중상사고,0,1,0,0,차대차 - 기타,안전운전불이행,건조,맑음,교차로 - 교차로안,승용,여,59세,상해없음,승용,여,40세,중상
2015122200100340,2015년 12월 22일 15시,화요일,부산광역시 강서구 미음동,중상사고,0,1,0,0,차대차 - 측면직각충돌,안전거리미확보,건조,맑음,단일로 - 기타,화물,남,65세,상해없음,승용,남,61세,중상
2015122200100378,2015년 12월 22일 16시,화요일,부산광역시 서구 남부민동,경상사고,0,0,1,0,차량단독 - 기타,안전운전불이행,건조,맑음,단일로 - 기타,승합,남,50세,상해없음,,,,
2015122200100410,2015년 12월 22일 17시,화요일,부산광역시 영도구 청학동,중상사고,0,1,0,0,차대사람 - 횡단중,신호위반,건조,맑음,단일로 - 횡단보도상,승용,남,22세,상해없음,보행자,여,35세,중상
2015122200100452,2015년 12월 22일 18시,화요일,부산광역시 남구 문현동,중상사고,0,1,0,0,차대사람 - 횡단중,안전운전불이행,건조,맑음,교차로 - 교차로부근,승합,남,35세,상해없음,보행자,여,59세,중상
2015122200100453,2015년 12월 22일 18시,화요일,부산광역시 남구 대연동,부상신고사고,0,0,0,1,차대사람 - 기타,보행자보호의무위반,건조,맑음,교차로 - 교차로부근,원동기,기타불명,기타불명,기타불명,보행자,남,8세,부상신고
2015122200100454,2015년 12월 22일 18시,화요일,부산광역시 북구 금곡동,중상사고,0,1,0,0,차대차 - 측면직각충돌,안전운전불이행,건조,맑음,단일로 - 기타,승용,남,36세,상해없음,이륜,남,58세,중상
2015122200100455,2015년 12월 22일 18시,화요일,부산광역시 기장군 정관읍,경상사고,0,0,1,0,차대차 - 정면충돌,안전운전불이행,건조,맑음,교차로 - 교차로안,승용,남,55세,상해없음,승용,남,26세,경상
2015122200100500,2015년 12월 22일 19시,화요일,부산광역시 서구 남부민동,중상사고,0,1,0,0,차대차 - 정면충돌,안전거리미확보,건조,맑음,단일로 - 기타,승용,남,70세,상해없음,원동기,남,19세,중상
2015122200100501,2015년 12월 22일 19시,화요일,부산광역시 사하구 감천동,부상신고사고,0,0,0,1,차량단독 - 기타,안전운전불이행,건조,맑음,단일로 - 기타,승용,기타불명,기타불명,기타불명,,,,
2015122200100538,2015년 12월 22일 20시,화요일,부산광역시 남구 용호동,경상사고,0,0,1,0,차대사람 - 길가장자리구역통행중,안전운전불이행,건조,맑음,단일로 - 기타,승용,여,54세,상해없음,보행자,남,45세,경상
2015122200100592,2015년 12월 22일 22시,화요일,부산광역시 북구 만덕동,중상사고,0,1,0,0,차대사람 - 횡단중,안전운전불이행,건조,흐림,단일로 - 횡단보도부근,승용,남,52세,상해없음,보행자,여,82세,중상
2015122200100593,2015년 12월 22일 22시,화요일,부산광역시 부산진구 부전동,중상사고,0,1,0,0,차대사람 - 횡단중,신호위반,건조,맑음,단일로 - 횡단보도상,승용,남,77세,상해없음,보행자,여,51세,중상
2015122200100594,2015년 12월 22일 22시,화요일,부산광역시 사하구 당리동,중상사고,0,1,0,0,차대사람 - 횡단중,보행자보호의무위반,건조,맑음,기타 - 기타,승용,남,47세,상해없음,보행자,여,43세,중상
2015122200100618,2015년 12월 22일 23시,화요일,부산광역시 영도구 청학동,경상사고,0,0,1,0,차대차 - 정면충돌,안전운전불이행,건조,맑음,기타 - 기타,이륜,남,63세,경상,승용,남,53세,상해없음
2015122200100619,2015년 12월 22일 23시,화요일,부산광역시 해운대구 우동,경상사고,0,0,3,0,차대차 - 추돌 - 진행중,안전거리미확보,건조,맑음,단일로 - 기타,승용,남,65세,상해없음,승용,남,48세,경상
2015122200100620,2015년 12월 22일 23시,화요일,부산광역시 사상구 학장동,경상사고,0,0,1,0,차대차 - 추돌 - 진행중,안전운전불이행,건조,맑음,교차로 - 교차로부근,승용,남,60세,상해없음,이륜,남,24세,경상
2015122300100006,2015년 12월 23일 00시,수요일,부산광역시 부산진구 가야동,경상사고,0,0,2,0,차대차 - 정면충돌,신호위반,건조,맑음,교차로 - 교차로안,승용,남,27세,상해없음,승용,남,52세,경상
2015122300100031,2015년 12월 23일 01시,수요일,부산광역시 동구 범일동,경상사고,0,0,2,0,차대사람 - 차도통행중,안전운전불이행,건조,맑음,교차로 - 교차로부근,승용,남,42세,상해없음,보행자,남,44세,경상
2015122300100032,2015년 12월 23일 01시,수요일,부산광역시 남구 대연동,경상사고,0,0,3,0,차대차 - 추돌 - 주정차중,안전운전불이행,습기,비,단일로 - 기타,승용,남,41세,상해없음,승용,남,60세,경상
2015122300100033,2015년 12월 23일 01시,수요일,부산광역시 영도구 남항동1가,경상사고,0,0,1,0,차대차 - 기타,안전운전불이행,건조,맑음,단일로 - 기타,승용,남,52세,상해없음,승용,남,66세,경상
2015122300100050,2015년 12월 23일 02시,수요일,부산광역시 부산진구 부전동,경상사고,0,0,1,0,차대차 - 정면충돌,안전운전불이행,건조,맑음,단일로 - 기타,원동기,남,21세,경상,승용,남,19세,상해없음
2015122300100069,2015년 12월 23일 04시,수요일,부산광역시 연제구 연산동,중상사고,0,1,0,0,차대차 - 추돌 - 진행중,중앙선침범,습기,비,교차로 - 교차로부근,승용,여,37세,상해없음,승합,남,61세,중상
2015122300100092,2015년 12월 23일 06시,수요일,부산광역시 사상구 덕포동,경상사고,0,0,2,0,차대차 - 측면직각충돌,안전운전불이행,건조,맑음,단일로 - 기타,건설기계,남,49세,상해없음,승합,남,47세,경상
2015122300100114,2015년 12월 23일 07시,수요일,부산광역시 동래구 온천동,경상사고,0,0,1,0,차대사람 - 횡단중,보행자보호의무위반,건조,맑음,단일로 - 횡단보도상,승용,남,58세,상해없음,보행자,여,16세,경상
2015122300100140,2015년 12월 23일 08시,수요일,부산광역시 동래구 온천동,경상사고,0,0,1,0,차대차 - 정면충돌,안전거리미확보,건조,맑음,단일로 - 터널,승용,기타불명,기타불명,기타불명,승용,여,53세,경상
2015122300100141,2015년 12월 23일 08시,수요일,부산광역시 부산진구 범천동,중상사고,0,2,2,2,차대차 - 정면충돌,신호위반,습기,비,교차로 - 교차로안,승합,남,41세,기타불명,승용,남,55세,중상
2015122300100175,2015년 12월 23일 09시,수요일,부산광역시 서구 토성동1가,경상사고,0,0,2,0,차대차 - 기타,교차로운행방법위반,습기,비,교차로 - 교차로안,승용,남,51세,상해없음,원동기,남,62세,경상
2015122300100176,2015년 12월 23일 09시,수요일,부산광역시 동래구 온천동,경상사고,0,0,1,0,차대차 - 측면직각충돌,교차로운행방법위반,건조,맑음,교차로 - 교차로안,승용,남,31세,상해없음,승용,여,57세,경상
2015122300100177,2015년 12월 23일 09시,수요일,부산광역시 부산진구 당감동,중상사고,0,1,1,0,차대차 - 측면직각충돌,신호위반,건조,맑음,교차로 - 교차로안,승용,남,22세,기타불명,승용,여,26세,중상
2015122300100230,2015년 12월 23일 11시,수요일,부산광역시 서구 남부민동,중상사고,0,1,0,0,차대사람 - 길가장자리구역통행중,안전운전불이행,건조,맑음,단일로 - 기타,이륜,여,64세,상해없음,보행자,여,76세,중상
2015122300100231,2015년 12월 23일 11시,수요일,부산광역시 남구 대연동,중상사고,0,1,0,0,차대차 - 기타,중앙선침범,건조,맑음,교차로 - 교차로안,자전거,여,61세,중상,승용,여,48세,상해없음
2015122300100232,2015년 12월 23일 11시,수요일,부산광역시 동래구 명륜동,경상사고,0,0,1,0,차대차 - 측면직각충돌,안전운전불이행,건조,맑음,단일로 - 기타,승용,남,68세,상해없음,승용,남,71세,경상
2015122300100262,2015년 12월 23일 12시,수요일,부산광역시 서구 암남동,경상사고,0,0,1,1,차대차 - 정면충돌,안전운전불이행,건조,흐림,단일로 - 기타,승용,여,58세,부상신고,승용,남,64세,경상
2015122300100263,2015년 12월 23일 12시,수요일,부산광역시 영도구 동삼동,중상사고,0,1,0,0,차대사람 - 횡단중,안전운전불이행,건조,맑음,교차로 - 교차로안,승용,남,74세,상해없음,보행자,여,54세,중상
2015122300100288,2015년 12월 23일 13시,수요일,부산광역시 해운대구 우동,중상사고,0,1,0,0,차대사람 - 길가장자리구역통행중,안전운전불이행,건조,맑음,교차로 - 교차로안,승용,여,41세,상해없음,보행자,여,52세,중상
2015122300100382,2015년 12월 23일 16시,수요일,부산광역시 남구 우암동,중상사고,0,1,0,0,차대차 - 측면직각충돌,안전운전불이행,건조,맑음,교차로 - 교차로안,승용,남,55세,상해없음,이륜,남,53세,중상
2015122300100383,2015년 12월 23일 16시,수요일,부산광역시 영도구 남항동2가,경상사고,0,0,1,0,차대차 - 정면충돌,교차로운행방법위반,건조,맑음,교차로 - 교차로안,승용,남,52세,상해없음,원동기,남,37세,경상
2015122300100384,2015년 12월 23일 16시,수요일,부산광역시 금정구 구서동,중상사고,0,1,0,0,차대차 - 추돌 - 진행중,안전운전불이행,건조,맑음,단일로 - 기타,원동기,남,19세,중상,화물,남,54세,상해없음
2015122300100385,2015년 12월 23일 16시,수요일,부산광역시 기장군 장안읍,경상사고,0,0,4,0,차량단독 - 전도전복,안전운전불이행,건조,맑음,단일로 - 기타,승합,남,32세,상해없음,,,,
2015122300100411,2015년 12월 23일 17시,수요일,부산광역시 동래구 온천동,중상사고,0,1,0,0,차대차 - 정면충돌,안전거리미확보,건조,맑음,교차로 - 교차로부근,승용,남,65세,기타불명,이륜,남,52세,중상
2015122300100413,2015년 12월 23일 17시,수요일,부산광역시 사상구 주례동,경상사고,0,0,1,0,차대사람 - 횡단중,안전운전불이행,건조,맑음,단일로 - 기타,승용,남,39세,기타불명,보행자,여,22세,경상
2015122300100459,2015년 12월 23일 18시,수요일,부산광역시 금정구 서동,중상사고,0,1,0,0,차대차 - 정면충돌,기타,건조,맑음,단일로 - 기타,승용,남,63세,상해없음,이륜,남,41세,중상
2015122300100516,2015년 12월 23일 19시,수요일,부산광역시 남구 대연동,중상사고,0,1,2,0,차대차 - 추돌 - 진행중,안전운전불이행,건조,맑음,단일로 - 터널,승용,남,40세,상해없음,승용,여,34세,경상
2015122300100551,2015년 12월 23일 20시,수요일,부산광역시 부산진구 부암동,중상사고,0,2,0,1,차대차 - 측면직각충돌,신호위반,건조,맑음,교차로 - 교차로안,승용,여,35세,상해없음,승용,남,58세,중상
2015122300100581,2015년 12월 23일 21시,수요일,부산광역시 부산진구 가야동,경상사고,0,0,1,0,차대차 - 추돌 - 진행중,안전거리미확보,건조,맑음,단일로 - 횡단보도부근,승용,남,47세,상해없음,승합,여,42세,경상
2015122300100611,2015년 12월 23일 22시,수요일,부산광역시 해운대구 우동,경상사고,0,0,1,0,차대사람 - 횡단중,보행자보호의무위반,건조,맑음,단일로 - 횡단보도상,승용,남,45세,상해없음,보행자,남,13세,경상
2015122300100638,2015년 12월 23일 23시,수요일,부산광역시 남구 용호동,부상신고사고,0,0,0,1,차대차 - 측면직각충돌,안전운전불이행,건조,맑음,단일로 - 기타,이륜,남,45세,부상신고,승용,여,51세,상해없음
2015122300100639,2015년 12월 23일 23시,수요일,부산광역시 해운대구 중동,경상사고,0,0,1,0,차대사람 - 횡단중,안전운전불이행,건조,맑음,교차로 - 교차로부근,승용,남,43세,상해없음,보행자,여,43세,경상
2015122300100640,2015년 12월 23일 23시,수요일,부산광역시 해운대구 우동,중상사고,0,1,1,0,차대차 - 기타,안전거리미확보,건조,맑음,단일로 - 기타,승용,여,40세,상해없음,이륜,남,44세,경상
2015122400100010,2015년 12월 24일 00시,목요일,부산광역시 동구 범일동,경상사고,0,0,1,2,차대차 - 측면직각충돌,신호위반,건조,맑음,교차로 - 교차로안,원동기,남,17세,상해없음,승용,남,52세,경상
2015122400100011,2015년 12월 24일 00시,목요일,부산광역시 남구 용호동,중상사고,0,1,0,0,차대사람 - 횡단중,안전운전불이행,건조,맑음,단일로 - 기타,화물,남,54세,상해없음,보행자,남,63세,중상
2015122400100012,2015년 12월 24일 00시,목요일,부산광역시 수영구 광안동,부상신고사고,0,0,0,1,차대사람 - 횡단중,안전운전불이행,건조,맑음,단일로 - 기타,승용,여,65세,상해없음,보행자,남,46세,부상신고
2015122400100013,2015년 12월 24일 00시,목요일,부산광역시 남구 대연동,경상사고,0,0,2,0,차대차 - 추돌 - 진행중,안전운전불이행,건조,맑음,단일로 - 기타,승용,남,63세,상해없음,승용,남,34세,경상
2015122400100046,2015년 12월 24일 01시,목요일,부산광역시 영도구 동삼동,중상사고,0,2,1,0,차대사람 - 횡단중,안전운전불이행,건조,맑음,교차로 - 교차로부근,원동기,남,24세,경상,보행자,여,20세,중상
2015122400100047,2015년 12월 24일 01시,목요일,부산광역시 부산진구 개금동,부상신고사고,0,0,0,1,차대차 - 추돌 - 진행중,안전운전불이행,건조,맑음,미분류 - 미분류,승용,남,54세,상해없음,승용,남,20세,부상신고
2015122400100076,2015년 12월 24일 03시,목요일,부산광역시 동래구 온천동,경상사고,0,0,1,0,차대차 - 측면직각충돌,신호위반,건조,맑음,교차로 - 교차로안,승용,기타불명,기타불명,기타불명,승용,남,62세,경상
2015122400100106,2015년 12월 24일 06시,목요일,부산광역시 해운대구 반여동,중상사고,0,1,0,0,차대차 - 기타,교차로운행방법위반,기타,맑음,교차로 - 교차로안,이륜,남,46세,상해없음,이륜,남,37세,중상
2015122400100142,2015년 12월 24일 08시,목요일,부산광역시 동구 초량동,경상사고,0,0,1,0,차대차 - 기타,안전운전불이행,건조,맑음,교차로 - 교차로안,승용,남,68세,상해없음,승용,여,34세,경상
2015122400100143,2015년 12월 24일 08시,목요일,부산광역시 북구 덕천동,부상신고사고,0,0,0,1,차대차 - 기타,신호위반,건조,맑음,교차로 - 교차로부근,원동기,여,53세,부상신고,승합,여,34세,상해없음
2015122400100182,2015년 12월 24일 09시,목요일,부산광역시 금정구 서동,중상사고,0,1,0,0,차대사람 - 횡단중,보행자보호의무위반,건조,맑음,교차로 - 교차로안,승용,여,38세,상해없음,보행자,여,43세,중상
2015122400100183,2015년 12월 24일 09시,목요일,부산광역시 금정구 남산동,경상사고,0,0,1,0,차대차 - 정면충돌,안전거리미확보,건조,맑음,교차로 - 교차로부근,승용,남,70세,상해없음,승용,여,40세,경상
2015122400100207,2015년 12월 24일 10시,목요일,부산광역시 사상구 덕포동,경상사고,0,0,1,0,차대사람 - 보도통행중,기타,건조,맑음,단일로 - 기타,원동기,기타불명,기타불명,기타불명,보행자,여,43세,경상
2015122400100208,2015년 12월 24일 10시,목요일,부산광역시 사상구 엄궁동,경상사고,0,0,1,0,차대차 - 측면직각충돌,안전운전불이행,건조,맑음,교차로 - 교차로안,승용,여,54세,상해없음,승용,남,58세,경상
2015122400100235,2015년 12월 24일 11시,목요일,부산광역시 해운대구 재송동,중상사고,0,1,0,0,차대차 - 측면직각충돌,안전거리미확보,건조,맑음,단일로 - 기타,이륜,남,20세,중상,승용,여,32세,상해없음
2015122400100333,2015년 12월 24일 14시,목요일,부산광역시 사상구 주례동,경상사고,0,0,1,1,차대차 - 추돌 - 주정차중,안전운전불이행,건조,맑음,교차로 - 교차로부근,승용,여,58세,상해없음,승용,남,39세,경상
2015122400100373,2015년 12월 24일 15시,목요일,부산광역시 동래구 명륜동,중상사고,0,1,0,0,차대사람 - 횡단중,안전운전불이행,건조,맑음,단일로 - 횡단보도부근,승합,여,52세,상해없음,보행자,여,59세,중상
2015122400100374,2015년 12월 24일 15시,목요일,부산광역시 사상구 학장동,부상신고사고,0,0,0,1,차량단독 - 기타,안전운전불이행,건조,맑음,단일로 - 기타,승합,남,55세,상해없음,,,,
2015122400100404,2015년 12월 24일 16시,목요일,부산광역시 북구 만덕동,경상사고,0,0,1,0,차대사람 - 횡단중,안전운전불이행,건조,맑음,단일로 - 기타,승용,여,48세,상해없음,보행자,여,64세,경상