사고번호,사고일시,요일,시군구,사고내용,사망자수,중상자수,경상자수,부상신고자수,사고유형,법규위반,노면상태,기상상태,도로형태,가해운전자 차종,가해운전자 성별,가해운전자 연령,가해운전자 상해정도,피해운전자 차종,피해운전자 성별,피해운전자 연령,피해운전자 상해정도
2015122400100405,2015년 12월 24일 16시,목요일,부산광역시 동래구 사직동,경상사고,0,0,1,0,차대사람 - 길가장자리구역통행중,안전운전불이행,건조,맑음,단일로 - 기타,승합,남,63세,상해없음,보행자,남,7세,경상
2015122400100406,2015년 12월 24일 16시,목요일,부산광역시 부산진구 전포동,경상사고,0,0,1,0,차대차 - 정면충돌,신호위반,건조,맑음,단일로 - 기타,이륜,남,34세,경상,화물,남,33세,상해없음
2015122400100434,2015년 12월 24일 17시,목요일,부산광역시 수영구 남천동,중상사고,0,1,0,0,차대사람 - 횡단중,안전운전불이행,건조,맑음,교차로 - 교차로부근,승용,여,50세,상해없음,보행자,여,56세,중상
2015122400100485,2015년 12월 24일 18시,목요일,부산광역시 영도구 동삼동,경상사고,0,0,1,0,차대차 - 기타,안전운전불이행,건조,맑음,단일로 - 기타,승용,여,52세,상해없음,승용,여,42세,경상
2015122400100486,2015년 12월 24일 18시,목요일,부산광역시 금정구 서동,중상사고,0,1,0,0,차대사람 - 길가장자리구역통행중,안전운전불이행,건조,맑음,단일로 - 기타,기타불명,기타불명,기타불명,기타불명,보행자,남,61세,중상
2015122400100487,2015년 12월 24일 18시,목요일,부산광역시 사하구 신평동,경상사고,0,0,1,0,차대차 - 기타,안전운전불이행,건조,맑음,교차로 - 교차로안,승용,남,52세,상해없음,이륜,남,18세,경상
2015122400100622,2015년 12월 24일 20시,목요일,부산광역시 부산진구 초읍동,경상사고,0,0,3,0,차대차 - 추돌 - 진행중,안전거리미확보,건조,맑음,교차로 - 교차로부근,승용,여,22세,상해없음,승용,남,51세,경상
2015122400100624,2015년 12월 24일 20시,목요일,부산광역시 연제구 연산동,중상사고,0,1,0,0,차대차 - 기타,차로위반,건조,맑음,단일로 - 기타,승용,남,49세,상해없음,원동기,남,20세,중상
2015122400100625,2015년 12월 24일 20시,목요일,부산광역시 사상구 덕포동,부상신고사고,0,0,0,1,차대사람 - 보도통행중,보행자보호의무위반,건조,맑음,교차로 - 교차로부근,승용,기타불명,기타불명,기타불명,보행자,남,48세,부상신고
2015122400100626,2015년 12월 24일 20시,목요일,부산광역시 사상구 엄궁동,경상사고,0,0,1,0,차대사람 - 길가장자리구역통행중,교차로운행방법위반,건조,맑음,교차로 - 교차로부근,승용,남,54세,상해없음,보행자,남,52세,경상
2015122400100676,2015년 12월 24일 22시,목요일,부산광역시 남구 대연동,중상사고,0,1,1,0,차대차 - 정면충돌,중앙선침범,건조,맑음,단일로 - 기타,승용,여,54세,상해없음,승용,남,18세,경상
2015122400100712,2015년 12월 24일 23시,목요일,부산광역시 서구 암남동,경상사고,0,0,2,0,차대차 - 측면직각충돌,신호위반,건조,맑음,교차로 - 교차로안,승용,여,46세,상해없음,승용,남,52세,상해없음
2015122400100713,2015년 12월 24일 23시,목요일,부산광역시 남구 감만동,경상사고,0,0,2,0,차대차 - 추돌 - 진행중,신호위반,건조,맑음,교차로 - 교차로안,화물,남,59세,상해없음,승용,여,20세,경상
2015122400100714,2015년 12월 24일 23시,목요일,부산광역시 해운대구 좌동,경상사고,0,0,1,0,차대차 - 기타,안전운전불이행,건조,맑음,단일로 - 기타,승용,남,51세,상해없음,이륜,남,47세,경상
2015122500100005,2015년 12월 25일 00시,금요일,부산광역시 남구 용호동,중상사고,0,1,0,0,차대사람 - 횡단중,안전운전불이행,건조,맑음,단일로 - 기타,승용,남,29세,상해없음,보행자,남,45세,중상
2015122500100040,2015년 12월 25일 03시,금요일,부산광역시 동래구 온천동,중상사고,0,1,0,0,차대차 - 기타,기타,건조,맑음,단일로 - 기타,승용,남,29세,상해없음,승용,남,43세,상해없음
2015122500100041,2015년 12월 25일 03시,금요일,부산광역시 사하구 감천동,경상사고,0,0,1,0,차대차 - 측면직각충돌,신호위반,건조,흐림,교차로 - 교차로안,승합,남,52세,상해없음,승용,남,49세,경상
2015122500100061,2015년 12월 25일 05시,금요일,부산광역시 사하구 괴정동,경상사고,0,0,2,0,차대차 - 측면직각충돌,신호위반,건조,맑음,교차로 - 교차로안,승용,남,26세,상해없음,승용,남,57세,경상
2015122500100070,2015년 12월 25일 06시,금요일,부산광역시 부산진구 당감동,부상신고사고,0,0,0,1,차량단독 - 기타,안전운전불이행,건조,맑음,단일로 - 기타,승용,남,23세,부상신고,,,,
2015122500100087,2015년 12월 25일 07시,금요일,부산광역시 수영구 남천동,중상사고,0,1,1,0,차대차 - 측면직각충돌,안전거리미확보,건조,맑음,단일로 - 기타,승용,여,26세,상해없음,승용,남,51세,중상
2015122500100100,2015년 12월 25일 08시,금요일,부산광역시 금정구 남산동,중상사고,0,1,0,0,차대사람 - 횡단중,안전운전불이행,건조,맑음,단일로 - 기타,승용,남,64세,상해없음,보행자,남,58세,중상
2015122500100101,2015년 12월 25일 08시,금요일,부산광역시 수영구 망미동,중상사고,0,1,0,0,차대차 - 측면직각충돌,신호위반,건조,맑음,교차로 - 교차로안,승용,여,45세,상해없음,승용,남,49세,중상
2015122500100109,2015년 12월 25일 09시,금요일,부산광역시 중구 영주동,중상사고,0,1,0,0,차대차 - 측면직각충돌,안전운전불이행,건조,맑음,교차로 - 교차로안,승용,남,26세,상해없음,이륜,남,32세,중상
2015122500100110,2015년 12월 25일 09시,금요일,부산광역시 부산진구 부전동,중상사고,0,1,0,0,차대차 - 정면충돌,안전운전불이행,건조,맑음,단일로 - 기타,승용,남,54세,상해없음,이륜,남,27세,중상
2015122500100111,2015년 12월 25일 09시,금요일,부산광역시 사하구 하단동,중상사고,0,1,0,0,차대차 - 정면충돌,교차로운행방법위반,건조,맑음,교차로 - 교차로안,건설기계,남,50세,상해없음,승용,여,51세,중상
2015122500100132,2015년 12월 25일 10시,금요일,부산광역시 동래구 수안동,중상사고,0,1,0,0,차대차 - 정면충돌,중앙선침범,건조,맑음,단일로 - 기타,승용,남,34세,상해없음,승용,남,52세,중상
2015122500100154,2015년 12월 25일 11시,금요일,부산광역시 동래구 명륜동,중상사고,0,1,0,0,차대차 - 정면충돌,신호위반,건조,맑음,교차로 - 교차로안,승용,남,25세,상해없음,이륜,남,22세,중상
2015122500100176,2015년 12월 25일 12시,금요일,부산광역시 수영구 남천동,경상사고,0,0,1,0,차대차 - 측면직각충돌,안전거리미확보,건조,맑음,교차로 - 교차로부근,승용,여,61세,상해없음,이륜,남,20세,경상
2015122500100203,2015년 12월 25일 13시,금요일,부산광역시 수영구 남천동,경상사고,0,0,1,0,차대차 - 정면충돌,교차로운행방법위반,건조,맑음,교차로 - 교차로안,건설기계,남,48세,상해없음,승용,여,62세,경상
2015122500100204,2015년 12월 25일 13시,금요일,부산광역시 북구 화명동,경상사고,0,0,1,0,차대차 - 측면직각충돌,안전운전불이행,건조,맑음,교차로 - 교차로부근,승용,남,38세,상해없음,이륜,남,27세,경상
2015122500100205,2015년 12월 25일 13시,금요일,부산광역시 해운대구 우동,경상사고,0,0,1,0,차대차 - 기타,교차로운행방법위반,건조,맑음,교차로 - 교차로안,승용,남,72세,상해없음,승용,남,69세,경상
2015122500100206,2015년 12월 25일 13시,금요일,부산광역시 부산진구 부전동,중상사고,0,1,1,0,차대차 - 기타,안전운전불이행,건조,맑음,단일로 - 기타,승용,남,28세,상해없음,승용,남,32세,경상
2015122500100207,2015년 12월 25일 13시,금요일,부산광역시 사하구 괴정동,경상사고,0,0,2,0,차대사람 - 횡단중,안전운전불이행,건조,맑음,기타 - 기타,승용,남,67세,상해없음,보행자,기타불명,기타불명,기타불명
2015122500100231,2015년 12월 25일 14시,금요일,부산광역시 부산진구 개금동,경상사고,0,0,1,0,차대사람 - 기타,안전운전불이행,건조,맑음,단일로 - 기타,승용,여,54세,상해없음,보행자,남,16세,경상
2015122500100232,2015년 12월 25일 14시,금요일,부산광역시 사하구 장림동,경상사고,0,0,1,0,차대차 - 기타,교차로운행방법위반,건조,맑음,단일로 - 기타,승용,남,32세,상해없음,승용,여,55세,경상
2015122500100259,2015년 12월 25일 15시,금요일,부산광역시 동구 초량동,부상신고사고,0,0,0,1,차대사람 - 기타,보행자보호의무위반,건조,맑음,단일로 - 횡단보도상,승용,남,60세,상해없음,보행자,남,33세,부상신고
2015122500100260,2015년 12월 25일 15시,금요일,부산광역시 사하구 다대동,경상사고,0,0,1,1,차대차 - 정면충돌,신호위반,건조,맑음,교차로 - 교차로안,승용,남,32세,부상신고,승용,남,49세,경상
2015122500100318,2015년 12월 25일 17시,금요일,부산광역시 동래구 명륜동,중상사고,0,1,0,0,차대차 - 추돌 - 진행중,안전운전불이행,건조,맑음,단일로 - 기타,기타불명,기타불명,기타불명,기타불명,자전거,남,57세,중상
2015122500100319,2015년 12월 25일 17시,금요일,부산광역시 동래구 명륜동,경상사고,0,0,1,0,차대차 - 기타,차로위반,건조,맑음,단일로 - 기타,화물,남,60세,상해없음,승합,남,34세,상해없음
2015122500100320,2015년 12월 25일 17시,금요일,부산광역시 해운대구 우동,경상사고,0,0,1,0,차대차 - 기타,안전거리미확보,건조,맑음,단일로 - 기타,화물,남,55세,상해없음,승용,여,34세,경상
2015122500100321,2015년 12월 25일 17시,금요일,부산광역시 금정구 장전동,부상신고사고,0,0,0,1,차대사람 - 횡단중,기타,건조,맑음,단일로 - 기타,승용,남,58세,기타불명,보행자,여,25세,부상신고
2015122500100354,2015년 12월 25일 18시,금요일,부산광역시 남구 용호동,경상사고,0,0,2,0,차대차 - 측면직각충돌,기타,건조,맑음,단일로 - 기타,승합,남,53세,기타불명,승용,남,23세,경상
2015122500100355,2015년 12월 25일 18시,금요일,부산광역시 사하구 하단동,경상사고,0,0,1,0,차대차 - 측면직각충돌,신호위반,건조,맑음,단일로 - 기타,승용,남,29세,상해없음,이륜,여,22세,경상
2015122500100356,2015년 12월 25일 18시,금요일,부산광역시 강서구 송정동,경상사고,0,0,1,0,차대차 - 추돌 - 진행중,교차로운행방법위반,건조,맑음,교차로 - 교차로부근,화물,남,56세,상해없음,승용,여,37세,경상
2015122500100357,2015년 12월 25일 18시,금요일,부산광역시 사상구 괘법동,경상사고,0,0,2,0,차대차 - 측면직각충돌,차로위반,건조,맑음,단일로 - 기타,승용,남,47세,상해없음,이륜,남,64세,경상
2015122500100389,2015년 12월 25일 19시,금요일,부산광역시 중구 부평동2가,경상사고,0,0,1,0,차대차 - 측면직각충돌,안전운전불이행,건조,맑음,단일로 - 기타,승용,남,23세,상해없음,승용,남,60세,경상
2015122500100390,2015년 12월 25일 19시,금요일,부산광역시 서구 암남동,경상사고,0,0,1,0,차대차 - 측면직각충돌,안전거리미확보,건조,맑음,단일로 - 기타,승용,남,58세,상해없음,이륜,남,16세,경상
2015122500100391,2015년 12월 25일 19시,금요일,부산광역시 연제구 거제동,경상사고,0,0,2,1,차대차 - 정면충돌,안전거리미확보,건조,맑음,단일로 - 기타,승용,남,55세,기타불명,승합,남,46세,경상
2015122500100414,2015년 12월 25일 20시,금요일,부산광역시 해운대구 반송동,중상사고,0,1,2,0,차대차 - 정면충돌,안전운전불이행,건조,맑음,교차로 - 교차로안,승용,남,48세,상해없음,승용,남,70세,경상
2015122500100473,2015년 12월 25일 22시,금요일,부산광역시 부산진구 초읍동,중상사고,0,1,0,0,차대사람 - 횡단중,안전운전불이행,건조,맑음,단일로 - 기타,승용,여,55세,상해없음,보행자,여,66세,중상
2015122500100474,2015년 12월 25일 22시,금요일,부산광역시 부산진구 부암동,부상신고사고,0,0,0,2,차대차 - 정면충돌,신호위반,건조,맑음,교차로 - 교차로안,승용,여,46세,상해없음,승용,남,58세,부상신고
2015122600100006,2015년 12월 26일 00시,토요일,부산광역시 동래구 명륜동,중상사고,0,1,0,0,차대차 - 측면직각충돌,안전운전불이행,건조,맑음,교차로 - 교차로안,승용,남,26세,상해없음,승용,남,36세,중상
2015122600100052,2015년 12월 26일 04시,토요일,부산광역시 연제구 거제동,경상사고,0,0,1,0,차대차 - 추돌 - 진행중,신호위반,건조,맑음,교차로 - 교차로안,이륜,남,18세,상해없음,승용,남,38세,상해없음
2015122600100066,2015년 12월 26일 05시,토요일,부산광역시 부산진구 부전동,경상사고,0,0,1,0,차대사람 - 횡단중,안전운전불이행,건조,맑음,교차로 - 교차로부근,승용,남,23세,상해없음,보행자,남,22세,경상
2015122600100084,2015년 12월 26일 06시,토요일,부산광역시 중구 창선동2가,중상사고,0,1,0,0,차대사람 - 길가장자리구역통행중,안전운전불이행,건조,맑음,교차로 - 교차로안,이륜,남,23세,상해없음,보행자,여,71세,중상
2015122600100100,2015년 12월 26일 07시,토요일,부산광역시 부산진구 부암동,경상사고,0,0,3,0,차대차 - 정면충돌,신호위반,건조,맑음,교차로 - 교차로안,승합,남,42세,상해없음,승용,남,47세,경상
2015122600100139,2015년 12월 26일 09시,토요일,부산광역시 동구 초량동,부상신고사고,0,0,0,1,차대차 - 기타,안전운전불이행,건조,맑음,단일로 - 기타,승용,남,55세,부상신고,건설기계,남,57세,상해없음
2015122600100140,2015년 12월 26일 09시,토요일,부산광역시 북구 화명동,중상사고,0,1,0,0,차대사람 - 횡단중,안전운전불이행,건조,맑음,교차로 - 교차로부근,승용,남,58세,상해없음,보행자,여,52세,중상
2015122600100153,2015년 12월 26일 10시,토요일,부산광역시 동구 초량동,부상신고사고,0,0,0,1,차대차 - 기타,안전운전불이행,건조,맑음,단일로 - 기타,특수,남,52세,상해없음,건설기계,남,46세,부상신고
2015122600100154,2015년 12월 26일 10시,토요일,부산광역시 연제구 연산동,중상사고,0,1,0,0,차대사람 - 횡단중,안전운전불이행,건조,맑음,교차로 - 교차로안,화물,남,61세,상해없음,보행자,남,57세,중상
2015122600100171,2015년 12월 26일 11시,토요일,부산광역시 동래구 낙민동,경상사고,0,0,1,0,차대차 - 측면직각충돌,교차로운행방법위반,건조,맑음,교차로 - 교차로부근,자전거,남,4세,경상,승용,여,44세,상해없음
2015122600100172,2015년 12월 26일 11시,토요일,부산광역시 해운대구 좌동,중상사고,0,2,0,0,차대차 - 기타,안전운전불이행,건조,맑음,교차로 - 교차로안,승용,여,52세,상해없음,승용,남,71세,중상
2015122600100173,2015년 12월 26일 11시,토요일,부산광역시 사하구 괴정동,경상사고,0,0,1,0,차대차 - 기타,안전운전불이행,건조,맑음,단일로 - 기타,승용,남,84세,상해없음,승용,남,31세,경상
2015122600100194,2015년 12월 26일 12시,토요일,부산광역시 북구 금곡동,경상사고,0,0,1,0,차대차 - 추돌 - 진행중,신호위반,건조,맑음,교차로 - 교차로부근,승용,여,30세,상해없음,승용,남,53세,경상
2015122600100195,2015년 12월 26일 12시,토요일,부산광역시 북구 화명동,경상사고,0,0,1,0,차대차 - 측면직각충돌,안전운전불이행,건조,맑음,교차로 - 교차로부근,승용,남,74세,상해없음,승용,여,28세,경상
2015122600100222,2015년 12월 26일 13시,토요일,부산광역시 영도구 동삼동,중상사고,0,1,0,0,차대차 - 측면직각충돌,중앙선침범,건조,맑음,단일로 - 기타,승합,남,53세,상해없음,이륜,남,62세,중상
2015122600100223,2015년 12월 26일 13시,토요일,부산광역시 금정구 구서동,부상신고사고,0,0,0,1,차대사람 - 횡단중,안전운전불이행,건조,맑음,단일로 - 기타,기타불명,기타불명,기타불명,기타불명,보행자,여,16세,부상신고
2015122600100256,2015년 12월 26일 14시,토요일,부산광역시 영도구 신선동3가,경상사고,0,0,1,0,차대사람 - 횡단중,안전운전불이행,건조,맑음,교차로 - 교차로안,승용,남,47세,상해없음,보행자,여,78세,경상
2015122600100257,2015년 12월 26일 14시,토요일,부산광역시 해운대구 좌동,경상사고,0,0,1,0,차대차 - 추돌 - 진행중,안전운전불이행,건조,맑음,단일로 - 기타,승용,남,53세,상해없음,승용,여,53세,경상
2015122600100258,2015년 12월 26일 14시,토요일,부산광역시 해운대구 좌동,경상사고,0,0,4,0,차대차 - 추돌 - 진행중,안전운전불이행,건조,맑음,단일로 - 기타,승용,남,68세,상해없음,승용,남,33세,경상
2015122600100289,2015년 12월 26일 15시,토요일,부산광역시 사상구 학장동,중상사고,0,1,0,0,차대차 - 측면직각충돌,안전거리미확보,건조,맑음,단일로 - 기타,이륜,여,33세,중상,승용,여,53세,상해없음
2015122600100343,2015년 12월 26일 17시,토요일,부산광역시 동래구 온천동,경상사고,0,0,1,0,차대차 - 측면직각충돌,안전거리미확보,건조,맑음,단일로 - 기타,승용,남,31세,상해없음,승용,여,47세,경상
2015122600100344,2015년 12월 26일 17시,토요일,부산광역시 사하구 다대동,부상신고사고,0,0,0,1,차대차 - 정면충돌,교차로운행방법위반,건조,맑음,교차로 - 교차로안,건설기계,남,49세,상해없음,이륜,남,34세,부상신고
2015122600100345,2015년 12월 26일 17시,토요일,부산광역시 강서구 송정동,경상사고,0,0,2,0,차대차 - 측면직각충돌,안전거리미확보,건조,맑음,단일로 - 기타,승용,남,35세,상해없음,승용,여,57세,경상
2015122600100346,2015년 12월 26일 17시,토요일,부산광역시 기장군 기장읍,중상사고,0,1,0,0,차대사람 - 횡단중,안전운전불이행,건조,맑음,교차로 - 교차로부근,승용,남,48세,상해없음,보행자,여,18세,중상
2015122600100386,2015년 12월 26일 18시,토요일,부산광역시 동구 초량동,사망사고,1,0,0,0,차대사람 - 횡단중,안전운전불이행,건조,맑음,단일로 - 기타,승용,남,41세,상해없음,보행자,남,67세,사망
2015122600100387,2015년 12월 26일 18시,토요일,부산광역시 수영구 광안동,경상사고,0,0,1,0,차대사람 - 횡단중,기타,건조,맑음,단일로 - 기타,자전거,남,14세,상해없음,보행자,여,68세,경상
2015122600100388,2015년 12월 26일 18시,토요일,부산광역시 사상구 모라동,중상사고,0,1,0,0,차대사람 - 보도통행중,보행자보호의무위반,건조,맑음,단일로 - 횡단보도상,이륜,남,16세,상해없음,보행자,여,57세,중상
2015122600100444,2015년 12월 26일 19시,토요일,부산광역시 북구 구포동,경상사고,0,0,1,0,차대차 - 측면직각충돌,안전운전불이행,건조,맑음,단일로 - 기타,승용,남,60세,상해없음,이륜,남,26세,경상
2015122600100445,2015년 12월 26일 19시,토요일,부산광역시 동래구 명륜동,중상사고,0,1,0,0,차대사람 - 횡단중,안전운전불이행,건조,맑음,교차로 - 교차로안,승용,남,33세,상해없음,보행자,여,55세,중상
2015122600100446,2015년 12월 26일 19시,토요일,부산광역시 사하구 괴정동,경상사고,0,0,1,0,차대차 - 추돌 - 주정차중,안전운전불이행,건조,맑음,단일로 - 기타,승용,여,46세,상해없음,승용,남,58세,기타불명
2015122600100447,2015년 12월 26일 19시,토요일,부산광역시 기장군 기장읍,경상사고,0,0,1,0,차대사람 - 횡단중,안전운전불이행,건조,맑음,교차로 - 교차로안,승용,남,53세,상해없음,보행자,여,36세,경상
2015122600100482,2015년 12월 26일 20시,토요일,부산광역시 동래구 안락동,중상사고,0,1,0,0,차대차 - 측면직각충돌,직진우회전진행방해,건조,맑음,교차로 - 교차로안,원동기,남,18세,중상,승용,남,47세,기타불명
2015122600100532,2015년 12월 26일 22시,토요일,부산광역시 남구 대연동,중상사고,0,1,0,0,차대차 - 정면충돌,안전운전불이행,건조,맑음,교차로 - 교차로안,원동기,남,24세,상해없음,원동기,남,18세,중상
2015122600100533,2015년 12월 26일 22시,토요일,부산광역시 금정구 구서동,경상사고,0,0,1,0,차대차 - 정면충돌,신호위반,건조,맑음,교차로 - 교차로부근,이륜,남,32세,경상,승용,남,24세,상해없음
2015122700100033,2015년 12월 27일 01시,일요일,부산광역시 사상구 엄궁동,중상사고,0,1,0,0,차대사람 - 횡단중,안전운전불이행,건조,맑음,단일로 - 기타,이륜,남,19세,상해없음,보행자,여,77세,중상
2015122700100049,2015년 12월 27일 02시,일요일,부산광역시 사하구 괴정동,중상사고,0,1,0,0,차대차 - 정면충돌,안전거리미확보,건조,맑음,단일로 - 기타,승용,남,34세,상해없음,승용,여,33세,중상
2015122700100068,2015년 12월 27일 03시,일요일,부산광역시 연제구 거제동,경상사고,0,0,1,0,차대차 - 측면직각충돌,교차로운행방법위반,건조,맑음,교차로 - 교차로부근,원동기,남,17세,경상,승용,남,55세,상해없음
2015122700100069,2015년 12월 27일 03시,일요일,부산광역시 기장군 철마면,경상사고,0,0,1,0,차량단독 - 전도전복,안전운전불이행,건조,맑음,단일로 - 기타,이륜,남,35세,경상,,,,
2015122700100094,2015년 12월 27일 05시,일요일,부산광역시 동래구 명륜동,중상사고,0,2,0,0,차대사람 - 횡단중,안전운전불이행,건조,맑음,교차로 - 교차로안,승합,남,45세,상해없음,보행자,남,22세,중상
2015122700100095,2015년 12월 27일 05시,일요일,부산광역시 사하구 하단동,부상신고사고,0,0,0,1,차대사람 - 기타,안전거리미확보,건조,맑음,단일로 - 기타,승용,남,60세,상해없음,보행자,남,80세,부상신고
2015122700100107,2015년 12월 27일 06시,일요일,부산광역시 수영구 남천동,경상사고,0,0,1,0,차대차 - 정면충돌,중앙선침범,건조,맑음,단일로 - 기타,승용,남,44세,상해없음,승용,여,44세,경상
2015122700100108,2015년 12월 27일 06시,일요일,부산광역시 사하구 당리동,부상신고사고,0,0,0,1,차대사람 - 횡단중,교차로운행방법위반,건조,맑음,교차로 - 교차로안,승용,남,56세,상해없음,보행자,남,27세,부상신고
2015122700100135,2015년 12월 27일 08시,일요일,부산광역시 연제구 연산동,사망사고,1,0,0,0,차대차 - 측면직각충돌,안전운전불이행,건조,맑음,단일로 - 기타,건설기계,남,34세,상해없음,자전거,남,78세,사망
2015122700100146,2015년 12월 27일 09시,일요일,부산광역시 남구 문현동,중상사고,0,2,2,0,차대차 - 측면직각충돌,신호위반,건조,맑음,교차로 - 교차로안,승용,남,73세,중상,승용,남,49세,경상
2015122700100169,2015년 12월 27일 10시,일요일,부산광역시 부산진구 범천동,경상사고,0,0,1,0,차대차 - 측면직각충돌,안전운전불이행,건조,맑음,단일로 - 기타,승용,남,61세,상해없음,이륜,남,28세,경상
2015122700100188,2015년 12월 27일 11시,일요일,부산광역시 사하구 하단동,경상사고,0,0,1,0,차대차 - 정면충돌,신호위반,건조,맑음,교차로 - 교차로안,건설기계,남,57세,상해없음,승용,남,32세,경상
2015122700100221,2015년 12월 27일 13시,일요일,부산광역시 사상구 괘법동,경상사고,0,0,1,0,차대차 - 측면직각충돌,안전운전불이행,건조,맑음,단일로 - 기타,승용,남,63세,상해없음,승용,남,55세,경상
2015122700100247,2015년 12월 27일 14시,일요일,부산광역시 부산진구 범천동,경상사고,0,0,1,0,차대사람 - 길가장자리구역통행중,안전운전불이행,건조,맑음,단일로 - 기타,승용,남,27세,기타불명,보행자,남,37세,경상
2015122700100248,2015년 12월 27일 14시,일요일,부산광역시 사하구 하단동,중상사고,0,2,0,0,차대차 - 정면충돌,신호위반,건조,맑음,교차로 - 교차로안,승용,남,55세,상해없음,승용,여,42세,중상
2015122700100272,2015년 12월 27일 15시,일요일,부산광역시 중구 남포동4가,경상사고,0,0,1,0,차대차 - 측면직각충돌,차로위반,건조,맑음,단일로 - 기타,승용,여,22세,상해없음,승용,남,53세,경상
2015122700100273,2015년 12월 27일 15시,일요일,부산광역시 연제구 연산동,경상사고,0,0,1,0,차대차 - 측면직각충돌,안전운전불이행,건조,맑음,단일로 - 기타,이륜,남,59세,상해없음,자전거,남,71세,경상
2015122700100296,2015년 12월 27일 16시,일요일,부산광역시 중구 중앙동5가,중상사고,0,1,0,0,차대차 - 측면직각충돌,신호위반,건조,맑음,교차로 - 교차로안,승용,남,24세,상해없음,이륜,남,23세,중상
2015122700100297,2015년 12월 27일 16시,일요일,부산광역시 해운대구 반송동,경상사고,0,0,1,0,차대차 - 기타,안전거리미확보,기타,맑음,단일로 - 기타,승용,여,56세,상해없음,승용,남,42세,경상
2015122700100298,2015년 12월 27일 16시,일요일,부산광역시 사하구 신평동,부상신고사고,0,0,0,1,차대차 - 정면충돌,안전운전불이행,건조,맑음,교차로 - 교차로안,원동기,남,23세,부상신고,승용,남,48세,상해없음
2015122700100330,2015년 12월 27일 17시,일요일,부산광역시 동구 범일동,경상사고,0,0,1,0,차량단독 - 기타,기타,건조,맑음,단일로 - 기타,승합,남,57세,상해없음,,,,
2015122700100331,2015년 12월 27일 17시,일요일,부산광역시 금정구 두구동,경상사고,0,0,1,0,차대차 - 정면충돌,안전거리미확보,건조,맑음,단일로 - 기타,화물,남,41세,상해없음,원동기,남,59세,경상
2015122700100332,2015년 12월 27일 17시,일요일,부산광역시 사상구 괘법동,부상신고사고,0,0,0,1,차량단독 - 기타,안전운전불이행,건조,맑음,단일로 - 기타,승합,남,60세,상해없음,,,,
2015122700100402,2015년 12월 27일 19시,일요일,부산광역시 부산진구 초읍동,중상사고,0,1,0,0,차대사람 - 기타,안전운전불이행,건조,맑음,교차로 - 교차로안,승용,남,26세,상해없음,보행자,여,61세,중상
2015122700100403,2015년 12월 27일 19시,일요일,부산광역시 기장군 기장읍,경상사고,0,0,2,0,차대차 - 측면직각충돌,신호위반,건조,맑음,교차로 - 교차로안,승용,남,69세,상해없음,승용,남,62세,경상
2015122700100430,2015년 12월 27일 20시,일요일,부산광역시 수영구 망미동,중상사고,0,1,0,0,차대사람 - 횡단중,안전운전불이행,건조,맑음,단일로 - 기타,화물,남,63세,상해없음,보행자,여,15세,중상
2015122700100453,2015년 12월 27일 21시,일요일,부산광역시 사하구 장림동,중상사고,0,1,0,0,차량단독 - 전도전복,안전운전불이행,기타,맑음,단일로 - 기타,이륜,남,57세,중상,,,,
2015122700100471,2015년 12월 27일 22시,일요일,부산광역시 해운대구 우동,중상사고,0,1,0,0,차대차 - 기타,교차로운행방법위반,건조,맑음,교차로 - 교차로안,승용,남,21세,상해없음,이륜,남,40세,중상
2015122700100472,2015년 12월 27일 22시,일요일,부산광역시 부산진구 당감동,경상사고,0,0,2,0,차대차 - 기타,안전운전불이행,건조,맑음,단일로 - 기타,승용,남,35세,상해없음,승용,남,34세,경상
2015122700100473,2015년 12월 27일 22시,일요일,부산광역시 부산진구 전포동,중상사고,0,1,0,0,차대사람 - 횡단중,보행자보호의무위반,건조,맑음,단일로 - 횡단보도상,승용,남,36세,상해없음,보행자,여,49세,중상
2015122700100496,2015년 12월 27일 23시,일요일,부산광역시 수영구 광안동,경상사고,0,0,1,0,차대차 - 추돌 - 진행중,안전운전불이행,건조,맑음,단일로 - 기타,승용,남,64세,상해없음,이륜,남,26세,경상
2015122800100002,2015년 12월 28일 00시,월요일,부산광역시 해운대구 우동,경상사고,0,0,1,0,차대차 - 측면직각충돌,신호위반,건조,맑음,교차로 - 교차로안,승용,남,30세,상해없음,원동기,남,21세,경상
2015122800100069,2015년 12월 28일 07시,월요일,부산광역시 부산진구 당감동,중상사고,0,1,0,0,차대사람 - 횡단중,안전운전불이행,건조,맑음,단일로 - 횡단보도상,원동기,남,41세,상해없음,보행자,여,56세,중상
2015122800100070,2015년 12월 28일 07시,월요일,부산광역시 사하구 장림동,경상사고,0,0,3,0,차대차 - 추돌 - 진행중,안전거리미확보,건조,맑음,단일로 - 기타,승용,남,48세,상해없음,승용,남,63세,상해없음
2015122800100090,2015년 12월 28일 08시,월요일,부산광역시 연제구 연산동,중상사고,0,1,0,0,차대사람 - 횡단중,안전운전불이행,건조,맑음,단일로 - 횡단보도부근,승용,여,28세,상해없음,보행자,남,15세,중상