사고번호,사고일시,요일,시군구,사고내용,사망자수,중상자수,경상자수,부상신고자수,사고유형,법규위반,노면상태,기상상태,도로형태,가해운전자 차종,가해운전자 성별,가해운전자 연령,가해운전자 상해정도,피해운전자 차종,피해운전자 성별,피해운전자 연령,피해운전자 상해정도
2015122800100115,2015년 12월 28일 09시,월요일,부산광역시 사하구 장림동,중상사고,0,1,0,0,차대사람 - 기타,기타,건조,맑음,단일로 - 기타,승합,남,45세,상해없음,보행자,여,61세,중상
2015122800100142,2015년 12월 28일 10시,월요일,부산광역시 남구 용당동,중상사고,0,1,0,0,차대차 - 측면직각충돌,안전운전불이행,건조,맑음,단일로 - 기타,화물,남,60세,상해없음,승용,남,56세,상해없음
2015122800100143,2015년 12월 28일 10시,월요일,부산광역시 해운대구 우동,경상사고,0,0,1,0,차대차 - 측면직각충돌,안전운전불이행,건조,맑음,교차로 - 교차로안,승용,남,41세,상해없음,승용,여,51세,경상
2015122800100144,2015년 12월 28일 10시,월요일,부산광역시 사하구 감천동,경상사고,0,0,1,0,차대차 - 측면직각충돌,안전거리미확보,건조,맑음,단일로 - 기타,승용,여,42세,상해없음,승합,남,49세,상해없음
2015122800100243,2015년 12월 28일 13시,월요일,부산광역시 부산진구 부전동,경상사고,0,0,1,0,차대차 - 정면충돌,기타,건조,맑음,교차로 - 교차로부근,승용,남,59세,기타불명,이륜,남,32세,경상
2015122800100244,2015년 12월 28일 13시,월요일,부산광역시 사상구 학장동,중상사고,0,1,0,0,차대차 - 추돌 - 주정차중,교차로운행방법위반,건조,맑음,교차로 - 교차로부근,화물,남,55세,상해없음,이륜,남,54세,기타불명
2015122800100274,2015년 12월 28일 14시,월요일,부산광역시 동래구 명장동,사망사고,1,0,0,0,차대사람 - 횡단중,안전운전불이행,건조,맑음,교차로 - 교차로부근,승합,남,43세,상해없음,보행자,여,72세,사망
2015122800100275,2015년 12월 28일 14시,월요일,부산광역시 사하구 감천동,중상사고,0,1,0,0,차대차 - 추돌 - 주정차중,안전운전불이행,건조,맑음,단일로 - 기타,이륜,남,35세,중상,승합,남,39세,상해없음
2015122800100276,2015년 12월 28일 14시,월요일,부산광역시 사하구 감천동,중상사고,0,1,0,0,차대사람 - 기타,안전운전불이행,건조,맑음,단일로 - 기타,승용,기타불명,기타불명,기타불명,보행자,남,49세,중상
2015122800100305,2015년 12월 28일 15시,월요일,부산광역시 해운대구 반여동,중상사고,0,1,0,0,차량단독 - 공작물충돌,안전운전불이행,건조,맑음,단일로 - 기타,승용,남,75세,상해없음,,,,
2015122800100335,2015년 12월 28일 16시,월요일,부산광역시 서구 서대신동2가,경상사고,0,0,3,0,차대차 - 추돌 - 주정차중,안전운전불이행,건조,맑음,단일로 - 터널,승용,남,61세,상해없음,승용,남,67세,경상
2015122800100336,2015년 12월 28일 16시,월요일,부산광역시 사상구 모라동,중상사고,0,2,0,0,차대차 - 측면직각충돌,안전운전불이행,건조,맑음,단일로 - 기타,승용,남,61세,상해없음,승용,남,50세,중상
2015122800100370,2015년 12월 28일 17시,월요일,부산광역시 수영구 수영동,중상사고,0,1,0,0,차대차 - 정면충돌,기타,건조,맑음,단일로 - 기타,승합,남,73세,상해없음,이륜,남,19세,중상
2015122800100414,2015년 12월 28일 18시,월요일,부산광역시 남구 문현동,경상사고,0,0,1,0,차대차 - 추돌 - 진행중,안전운전불이행,건조,맑음,단일로 - 기타,승용,여,37세,상해없음,승용,남,54세,경상
2015122800100415,2015년 12월 28일 18시,월요일,부산광역시 부산진구 개금동,경상사고,0,0,1,0,차대차 - 측면직각충돌,안전거리미확보,건조,맑음,미분류 - 미분류,화물,남,63세,상해없음,승용,남,53세,경상
2015122800100465,2015년 12월 28일 19시,월요일,부산광역시 남구 대연동,중상사고,0,1,0,0,차대사람 - 횡단중,안전운전불이행,건조,맑음,단일로 - 기타,승용,남,67세,상해없음,보행자,남,66세,중상
2015122800100466,2015년 12월 28일 19시,월요일,부산광역시 동래구 명장동,중상사고,0,1,0,0,차대사람 - 횡단중,보행자보호의무위반,건조,맑음,단일로 - 횡단보도상,승용,남,61세,상해없음,보행자,여,23세,중상
2015122800100467,2015년 12월 28일 19시,월요일,부산광역시 연제구 연산동,경상사고,0,0,1,0,차대차 - 측면직각충돌,기타,건조,맑음,단일로 - 기타,승용,남,56세,상해없음,이륜,남,48세,경상
2015122800100527,2015년 12월 28일 21시,월요일,부산광역시 북구 만덕동,경상사고,0,0,1,0,차대차 - 측면직각충돌,안전운전불이행,건조,맑음,단일로 - 기타,승용,남,53세,상해없음,승용,남,28세,상해없음
2015122800100528,2015년 12월 28일 21시,월요일,부산광역시 기장군 정관읍,경상사고,0,0,1,0,차대사람 - 횡단중,기타,건조,맑음,교차로 - 교차로부근,승용,여,34세,상해없음,보행자,남,23세,경상
2015122800100581,2015년 12월 28일 23시,월요일,부산광역시 수영구 광안동,경상사고,0,0,1,0,차대사람 - 횡단중,안전운전불이행,건조,맑음,단일로 - 기타,승용,남,51세,상해없음,보행자,남,56세,경상
2015122800100582,2015년 12월 28일 23시,월요일,부산광역시 남구 문현동,중상사고,0,1,1,0,차대차 - 정면충돌,교차로운행방법위반,건조,맑음,단일로 - 기타,승용,남,58세,상해없음,이륜,남,19세,경상
2015122800100583,2015년 12월 28일 23시,월요일,부산광역시 북구 덕천동,중상사고,0,1,0,0,차대사람 - 횡단중,안전운전불이행,건조,맑음,단일로 - 기타,승용,남,54세,상해없음,보행자,남,52세,중상
2015122800100584,2015년 12월 28일 23시,월요일,부산광역시 해운대구 좌동,중상사고,0,1,0,0,차대사람 - 기타,기타,건조,맑음,기타 - 기타,승용,남,61세,상해없음,보행자,남,37세,중상
2015122900100004,2015년 12월 29일 00시,화요일,부산광역시 사상구 주례동,경상사고,0,0,2,0,차대차 - 측면직각충돌,교차로운행방법위반,건조,맑음,교차로 - 교차로안,승용,남,60세,상해없음,승용,남,50세,경상
2015122900100061,2015년 12월 29일 06시,화요일,부산광역시 기장군 장안읍,경상사고,0,0,1,0,차대차 - 추돌 - 주정차중,안전운전불이행,건조,맑음,단일로 - 기타,승용,남,37세,상해없음,승용,남,45세,경상
2015122900100100,2015년 12월 29일 08시,화요일,부산광역시 서구 부민동2가,경상사고,0,0,1,0,차대차 - 정면충돌,신호위반,건조,맑음,교차로 - 교차로안,원동기,남,20세,상해없음,승용,남,38세,상해없음
2015122900100101,2015년 12월 29일 08시,화요일,부산광역시 연제구 연산동,경상사고,0,0,1,0,차대차 - 측면직각충돌,안전운전불이행,건조,맑음,단일로 - 기타,승용,남,39세,상해없음,승용,여,31세,경상
2015122900100136,2015년 12월 29일 09시,화요일,부산광역시 중구 중앙동2가,경상사고,0,0,1,0,차대사람 - 기타,안전운전불이행,건조,맑음,교차로 - 교차로안,화물,남,71세,상해없음,보행자,남,32세,경상
2015122900100137,2015년 12월 29일 09시,화요일,부산광역시 중구 중앙동2가,경상사고,0,0,1,0,차대차 - 기타,교차로운행방법위반,건조,맑음,교차로 - 교차로안,승용,남,59세,상해없음,승용,여,32세,경상
2015122900100138,2015년 12월 29일 09시,화요일,부산광역시 동래구 수안동,중상사고,0,1,0,0,차대사람 - 횡단중,안전운전불이행,건조,맑음,단일로 - 기타,승용,남,65세,상해없음,보행자,여,31세,중상
2015122900100159,2015년 12월 29일 10시,화요일,부산광역시 수영구 광안동,중상사고,0,1,0,0,차대차 - 정면충돌,교차로운행방법위반,건조,맑음,교차로 - 교차로안,자전거,여,65세,중상,승용,남,44세,상해없음
2015122900100192,2015년 12월 29일 11시,화요일,부산광역시 남구 대연동,중상사고,0,1,0,0,차대차 - 정면충돌,차로위반,건조,맑음,단일로 - 기타,승용,남,52세,상해없음,특수,남,39세,중상
2015122900100234,2015년 12월 29일 13시,화요일,부산광역시 남구 용당동,경상사고,0,0,1,0,차대차 - 정면충돌,안전운전불이행,건조,맑음,교차로 - 교차로부근,화물,남,72세,상해없음,승용,남,39세,경상
2015122900100235,2015년 12월 29일 13시,화요일,부산광역시 해운대구 중동,경상사고,0,0,1,0,차대사람 - 기타,안전운전불이행,기타,맑음,교차로 - 교차로안,승용,남,57세,상해없음,보행자,남,73세,경상
2015122900100236,2015년 12월 29일 13시,화요일,부산광역시 금정구 구서동,중상사고,0,1,0,0,차대사람 - 횡단중,보행자보호의무위반,건조,맑음,단일로 - 횡단보도상,승용,남,55세,상해없음,보행자,여,22세,중상
2015122900100260,2015년 12월 29일 14시,화요일,부산광역시 중구 부평동1가,경상사고,0,0,2,0,차대차 - 기타,신호위반,건조,맑음,교차로 - 교차로안,승용,남,27세,상해없음,승용,남,56세,경상
2015122900100261,2015년 12월 29일 14시,화요일,부산광역시 해운대구 우동,중상사고,0,1,0,0,차대사람 - 횡단중,보행자보호의무위반,건조,맑음,단일로 - 횡단보도상,화물,남,29세,상해없음,보행자,여,75세,중상
2015122900100262,2015년 12월 29일 14시,화요일,부산광역시 사하구 괴정동,경상사고,0,0,1,0,차대차 - 기타,안전운전불이행,건조,맑음,단일로 - 기타,승용,여,55세,상해없음,승용,남,27세,경상
2015122900100298,2015년 12월 29일 15시,화요일,부산광역시 동래구 온천동,경상사고,0,0,1,0,차대차 - 정면충돌,안전운전불이행,건조,맑음,교차로 - 교차로부근,승용,남,55세,상해없음,원동기,남,17세,경상
2015122900100299,2015년 12월 29일 15시,화요일,부산광역시 해운대구 재송동,중상사고,0,1,0,0,차대차 - 측면직각충돌,안전거리미확보,건조,맑음,교차로 - 교차로부근,승용,남,30세,상해없음,원동기,남,22세,중상
2015122900100300,2015년 12월 29일 15시,화요일,부산광역시 기장군 기장읍,경상사고,0,0,1,0,차대차 - 정면충돌,안전운전불이행,건조,맑음,단일로 - 기타,화물,남,55세,상해없음,이륜,남,36세,경상
2015122900100334,2015년 12월 29일 16시,화요일,부산광역시 중구 중앙동7가,중상사고,0,1,0,0,차대사람 - 길가장자리구역통행중,안전운전불이행,건조,맑음,단일로 - 기타,승용,여,34세,상해없음,보행자,남,63세,중상
2015122900100335,2015년 12월 29일 16시,화요일,부산광역시 중구 대청동4가,사망사고,1,0,0,0,차대차 - 측면직각충돌,불법유턴,건조,맑음,교차로 - 교차로부근,원동기,남,67세,사망,승합,여,51세,상해없음
2015122900100336,2015년 12월 29일 16시,화요일,부산광역시 서구 서대신동2가,경상사고,0,0,1,0,차대차 - 정면충돌,안전거리미확보,건조,맑음,단일로 - 기타,승용,남,34세,상해없음,승합,남,59세,상해없음
2015122900100337,2015년 12월 29일 16시,화요일,부산광역시 강서구 대저2동,중상사고,0,1,0,0,차대사람 - 횡단중,안전운전불이행,건조,맑음,단일로 - 기타,화물,남,46세,상해없음,보행자,남,71세,중상
2015122900100368,2015년 12월 29일 17시,화요일,부산광역시 남구 용당동,경상사고,0,0,1,0,차대차 - 추돌 - 진행중,안전운전불이행,건조,맑음,단일로 - 기타,화물,남,54세,상해없음,승용,남,47세,경상
2015122900100369,2015년 12월 29일 17시,화요일,부산광역시 사상구 괘법동,중상사고,0,1,2,0,차대차 - 측면직각충돌,교차로운행방법위반,건조,맑음,교차로 - 교차로안,승용,여,35세,중상,승용,여,55세,경상
2015122900100413,2015년 12월 29일 18시,화요일,부산광역시 남구 대연동,경상사고,0,0,1,0,차대차 - 측면직각충돌,신호위반,건조,맑음,교차로 - 교차로안,승합,여,55세,상해없음,이륜,남,23세,경상
2015122900100450,2015년 12월 29일 19시,화요일,부산광역시 동래구 안락동,경상사고,0,0,2,0,차대차 - 추돌 - 진행중,안전거리미확보,건조,맑음,단일로 - 기타,화물,기타불명,기타불명,기타불명,승용,여,29세,경상
2015122900100451,2015년 12월 29일 19시,화요일,부산광역시 동래구 명륜동,중상사고,0,1,0,0,차대차 - 측면직각충돌,중앙선침범,건조,맑음,단일로 - 기타,승용,남,27세,상해없음,이륜,남,18세,중상
2015122900100528,2015년 12월 29일 21시,화요일,부산광역시 남구 대연동,중상사고,0,1,1,0,차대차 - 추돌 - 진행중,안전거리미확보,건조,맑음,단일로 - 터널,승용,남,47세,상해없음,승용,남,58세,경상
2015122900100555,2015년 12월 29일 22시,화요일,부산광역시 사하구 장림동,경상사고,0,0,2,0,차대차 - 기타,안전운전불이행,건조,맑음,교차로 - 교차로안,승합,남,60세,기타불명,승합,남,34세,경상
2015122900100581,2015년 12월 29일 23시,화요일,부산광역시 동래구 온천동,경상사고,0,0,1,0,차대사람 - 횡단중,신호위반,건조,맑음,단일로 - 횡단보도상,승용,남,47세,상해없음,보행자,여,16세,경상
2015123000100011,2015년 12월 30일 00시,수요일,부산광역시 남구 감만동,중상사고,0,1,1,0,차대차 - 추돌 - 진행중,차로위반,건조,맑음,단일로 - 기타,특수,남,41세,상해없음,승용,남,28세,중상
2015123000100012,2015년 12월 30일 00시,수요일,부산광역시 영도구 신선동2가,경상사고,0,0,1,0,차대차 - 정면충돌,기타,건조,맑음,교차로 - 교차로안,승용,남,63세,상해없음,이륜,남,53세,경상
2015123000100031,2015년 12월 30일 01시,수요일,부산광역시 연제구 연산동,사망사고,1,3,0,0,차량단독 - 공작물충돌,안전운전불이행,건조,맑음,교차로 - 교차로부근,승용,남,23세,중상,,,,
2015123000100041,2015년 12월 30일 02시,수요일,부산광역시 중구 중앙동3가,중상사고,0,1,0,0,차대차 - 측면직각충돌,차로위반,건조,맑음,단일로 - 기타,승용,남,57세,상해없음,이륜,남,41세,중상
2015123000100042,2015년 12월 30일 02시,수요일,부산광역시 동래구 수안동,경상사고,0,0,1,0,차대사람 - 횡단중,안전운전불이행,건조,맑음,단일로 - 기타,승용,남,61세,상해없음,보행자,남,38세,경상
2015123000100061,2015년 12월 30일 04시,수요일,부산광역시 서구 암남동,부상신고사고,0,0,0,1,차대차 - 측면직각충돌,안전운전불이행,건조,맑음,단일로 - 기타,이륜,남,17세,부상신고,특수,남,59세,상해없음
2015123000100062,2015년 12월 30일 04시,수요일,부산광역시 금정구 부곡동,경상사고,0,0,1,0,차대차 - 정면충돌,안전운전불이행,건조,맑음,단일로 - 기타,승용,남,45세,상해없음,이륜,여,55세,경상
2015123000100125,2015년 12월 30일 08시,수요일,부산광역시 북구 화명동,경상사고,0,0,1,0,차량단독 - 기타,안전운전불이행,건조,맑음,단일로 - 기타,승용,여,51세,경상,,,,
2015123000100126,2015년 12월 30일 08시,수요일,부산광역시 해운대구 반여동,경상사고,0,0,1,0,차대사람 - 기타,안전운전불이행,건조,맑음,단일로 - 기타,승용,남,73세,상해없음,보행자,여,29세,경상
2015123000100127,2015년 12월 30일 08시,수요일,부산광역시 금정구 부곡동,경상사고,0,0,1,0,차대사람 - 횡단중,안전운전불이행,건조,맑음,단일로 - 기타,화물,남,46세,상해없음,보행자,여,78세,경상
2015123000100164,2015년 12월 30일 09시,수요일,부산광역시 동구 초량동,경상사고,0,0,4,0,차대차 - 추돌 - 주정차중,안전운전불이행,건조,맑음,단일로 - 기타,화물,남,45세,상해없음,승용,남,36세,경상
2015123000100193,2015년 12월 30일 10시,수요일,부산광역시 동구 수정동,중상사고,0,1,0,0,차대사람 - 횡단중,보행자보호의무위반,건조,맑음,단일로 - 기타,화물,남,30세,상해없음,보행자,여,58세,중상
2015123000100194,2015년 12월 30일 10시,수요일,부산광역시 북구 구포동,사망사고,1,0,0,0,차대사람 - 횡단중,안전운전불이행,건조,맑음,단일로 - 기타,승합,남,58세,상해없음,보행자,여,79세,사망
2015123000100221,2015년 12월 30일 11시,수요일,부산광역시 부산진구 당감동,부상신고사고,0,0,0,1,차대차 - 정면충돌,안전운전불이행,건조,맑음,단일로 - 기타,이륜,남,47세,부상신고,승용,여,48세,상해없음
2015123000100243,2015년 12월 30일 12시,수요일,부산광역시 해운대구 중동,경상사고,0,0,1,0,차대사람 - 횡단중,보행자보호의무위반,건조,맑음,단일로 - 횡단보도상,승용,남,56세,상해없음,보행자,남,33세,경상
2015123000100261,2015년 12월 30일 13시,수요일,부산광역시 중구 보수동1가,중상사고,0,1,0,0,차대차 - 측면직각충돌,신호위반,건조,맑음,교차로 - 교차로안,승용,여,45세,상해없음,이륜,남,43세,중상
2015123000100262,2015년 12월 30일 13시,수요일,부산광역시 북구 구포동,중상사고,0,1,2,0,차대차 - 정면충돌,안전거리미확보,기타,기타,단일로 - 기타,화물,남,56세,상해없음,승용,여,48세,중상
2015123000100297,2015년 12월 30일 14시,수요일,부산광역시 부산진구 전포동,경상사고,0,0,1,0,차대사람 - 기타,안전운전불이행,건조,맑음,단일로 - 기타,승용,여,59세,기타불명,보행자,남,13세,경상
2015123000100327,2015년 12월 30일 15시,수요일,부산광역시 사상구 감전동,경상사고,0,0,1,0,차대사람 - 기타,안전운전불이행,건조,맑음,단일로 - 기타,승용,남,36세,상해없음,보행자,여,49세,경상
2015123000100364,2015년 12월 30일 16시,수요일,부산광역시 북구 만덕동,경상사고,0,0,1,0,차대사람 - 횡단중,안전운전불이행,건조,맑음,단일로 - 기타,승합,남,54세,상해없음,보행자,여,67세,경상
2015123000100365,2015년 12월 30일 16시,수요일,부산광역시 해운대구 우동,부상신고사고,0,0,0,1,차대사람 - 기타,안전운전불이행,건조,맑음,단일로 - 기타,자전거,남,18세,상해없음,보행자,남,68세,부상신고
2015123000100366,2015년 12월 30일 16시,수요일,부산광역시 부산진구 범천동,경상사고,0,0,1,0,차대차 - 기타,안전거리미확보,건조,맑음,미분류 - 미분류,화물,남,22세,상해없음,승용,여,50세,경상
2015123000100367,2015년 12월 30일 16시,수요일,부산광역시 수영구 망미동,중상사고,0,1,0,0,차대차 - 측면직각충돌,안전운전불이행,건조,맑음,교차로 - 교차로안,승용,남,47세,상해없음,자전거,남,77세,중상
2015123000100368,2015년 12월 30일 16시,수요일,부산광역시 강서구 명지동,경상사고,0,0,1,0,차대차 - 추돌 - 진행중,차로위반,건조,맑음,단일로 - 기타,승용,남,54세,상해없음,승용,여,31세,경상
2015123000100369,2015년 12월 30일 16시,수요일,부산광역시 강서구 녹산동,경상사고,0,0,1,0,차대차 - 추돌 - 진행중,차로위반,건조,맑음,단일로 - 기타,화물,남,54세,상해없음,건설기계,남,58세,경상
2015123000100406,2015년 12월 30일 17시,수요일,부산광역시 서구 암남동,경상사고,0,0,1,0,차대차 - 측면직각충돌,교차로운행방법위반,건조,맑음,교차로 - 교차로안,승용,남,31세,상해없음,이륜,남,66세,경상
2015123000100471,2015년 12월 30일 18시,수요일,부산광역시 동래구 온천동,경상사고,0,0,1,0,차대차 - 측면직각충돌,신호위반,건조,맑음,교차로 - 교차로안,승용,남,60세,상해없음,승용,남,30세,경상
2015123000100472,2015년 12월 30일 18시,수요일,부산광역시 해운대구 우동,중상사고,0,1,0,0,차대차 - 정면충돌,안전운전불이행,건조,맑음,교차로 - 교차로안,화물,남,27세,상해없음,원동기,남,65세,중상
2015123000100473,2015년 12월 30일 18시,수요일,부산광역시 해운대구 좌동,경상사고,0,0,1,0,차대차 - 추돌 - 진행중,안전거리미확보,건조,맑음,단일로 - 기타,승용,남,63세,기타불명,승용,남,63세,경상
2015123000100474,2015년 12월 30일 18시,수요일,부산광역시 사하구 신평동,중상사고,0,1,0,0,차대차 - 측면직각충돌,안전운전불이행,건조,맑음,교차로 - 교차로안,승용,남,45세,상해없음,승용,남,34세,중상
2015123000100475,2015년 12월 30일 18시,수요일,부산광역시 사하구 장림동,경상사고,0,0,1,0,차대차 - 기타,안전운전불이행,건조,맑음,단일로 - 기타,화물,남,51세,기타불명,승용,여,57세,경상
2015123000100476,2015년 12월 30일 18시,수요일,부산광역시 연제구 연산동,부상신고사고,0,0,0,1,차대사람 - 길가장자리구역통행중,안전운전불이행,건조,맑음,단일로 - 기타,승용,기타불명,기타불명,기타불명,보행자,여,58세,부상신고
2015123000100537,2015년 12월 30일 19시,수요일,부산광역시 사하구 신평동,부상신고사고,0,0,0,1,차대차 - 기타,안전운전불이행,건조,맑음,단일로 - 기타,승용,남,54세,상해없음,이륜,남,54세,부상신고
2015123000100538,2015년 12월 30일 19시,수요일,부산광역시 기장군 기장읍,경상사고,0,0,3,0,차대차 - 정면충돌,안전운전불이행,건조,맑음,교차로 - 교차로부근,화물,남,46세,상해없음,승합,여,39세,경상
2015123000100611,2015년 12월 30일 21시,수요일,부산광역시 사하구 하단동,경상사고,0,0,2,0,차대차 - 기타,교차로운행방법위반,건조,맑음,교차로 - 교차로안,이륜,남,58세,경상,승용,여,44세,경상
2015123000100650,2015년 12월 30일 22시,수요일,부산광역시 북구 덕천동,경상사고,0,0,1,0,차대차 - 측면직각충돌,교차로운행방법위반,건조,맑음,교차로 - 교차로안,승용,남,30세,상해없음,자전거,남,25세,경상
2015123000100696,2015년 12월 30일 23시,수요일,부산광역시 부산진구 부전동,경상사고,0,0,1,0,차대차 - 추돌 - 진행중,안전거리미확보,건조,맑음,교차로 - 교차로부근,승용,남,62세,상해없음,승용,남,58세,상해없음
2015123100100007,2015년 12월 31일 00시,목요일,부산광역시 사하구 다대동,부상신고사고,0,0,0,1,차대사람 - 기타,교차로운행방법위반,건조,맑음,교차로 - 교차로안,승용,남,65세,상해없음,보행자,남,54세,부상신고
2015123100100037,2015년 12월 31일 01시,목요일,부산광역시 북구 덕천동,중상사고,0,1,0,0,차대사람 - 기타,안전운전불이행,건조,맑음,단일로 - 기타,승용,남,58세,상해없음,보행자,여,48세,중상
2015123100100067,2015년 12월 31일 02시,목요일,부산광역시 강서구 송정동,중상사고,0,2,0,0,차대차 - 추돌 - 주정차중,교차로운행방법위반,건조,맑음,교차로 - 교차로부근,승용,남,58세,상해없음,승용,여,51세,중상
2015123100100068,2015년 12월 31일 02시,목요일,부산광역시 사상구 괘법동,경상사고,0,0,1,0,차대사람 - 횡단중,안전운전불이행,건조,맑음,단일로 - 기타,승용,남,59세,상해없음,보행자,남,43세,경상
2015123100100069,2015년 12월 31일 02시,목요일,부산광역시 사상구 주례동,중상사고,0,1,1,0,차대차 - 측면직각충돌,교차로운행방법위반,건조,맑음,교차로 - 교차로안,화물,남,60세,경상,승용,남,34세,중상
2015123100100107,2015년 12월 31일 05시,목요일,부산광역시 금정구 부곡동,중상사고,0,1,0,0,차대차 - 측면직각충돌,교차로운행방법위반,건조,맑음,교차로 - 교차로안,이륜,남,22세,상해없음,승용,남,57세,상해없음
2015123100100137,2015년 12월 31일 07시,목요일,부산광역시 해운대구 우동,경상사고,0,0,1,0,차대차 - 기타,안전거리미확보,건조,맑음,단일로 - 교량,승용,남,30세,상해없음,승용,여,43세,경상
2015123100100271,2015년 12월 31일 12시,목요일,부산광역시 사하구 하단동,부상신고사고,0,0,0,1,차대사람 - 기타,안전운전불이행,건조,맑음,단일로 - 기타,승합,남,60세,상해없음,보행자,여,9세,부상신고
2015123100100296,2015년 12월 31일 13시,목요일,부산광역시 서구 암남동,경상사고,0,0,1,0,차대차 - 정면충돌,안전거리미확보,건조,맑음,단일로 - 기타,건설기계,남,56세,상해없음,승용,여,47세,경상
2015123100100297,2015년 12월 31일 13시,목요일,부산광역시 해운대구 우동,경상사고,0,0,1,1,차대사람 - 기타,안전운전불이행,건조,맑음,교차로 - 교차로부근,화물,남,63세,상해없음,보행자,여,52세,경상
2015123100100298,2015년 12월 31일 13시,목요일,부산광역시 사하구 구평동,중상사고,0,1,0,0,차대사람 - 횡단중,안전운전불이행,건조,맑음,교차로 - 교차로안,화물,남,52세,상해없음,보행자,여,73세,중상
2015123100100327,2015년 12월 31일 14시,목요일,부산광역시 서구 부용동2가,부상신고사고,0,0,0,1,차대사람 - 횡단중,안전운전불이행,건조,맑음,단일로 - 기타,승용,남,38세,상해없음,보행자,남,66세,부상신고
2015123100100328,2015년 12월 31일 14시,목요일,부산광역시 금정구 금사동,경상사고,0,0,2,0,차대차 - 추돌 - 진행중,안전거리미확보,건조,맑음,교차로 - 교차로안,화물,남,56세,상해없음,승용,여,41세,경상
2015123100100369,2015년 12월 31일 15시,목요일,부산광역시 중구 중앙동4가,경상사고,0,0,1,0,차대사람 - 기타,기타,건조,맑음,단일로 - 기타,승합,남,37세,상해없음,보행자,여,74세,경상
2015123100100370,2015년 12월 31일 15시,목요일,부산광역시 사상구 학장동,경상사고,0,0,1,0,차대차 - 측면직각충돌,안전운전불이행,건조,맑음,교차로 - 교차로안,화물,남,67세,상해없음,이륜,남,40세,경상
2015123100100391,2015년 12월 31일 16시,목요일,부산광역시 해운대구 반여동,중상사고,0,1,0,0,차대사람 - 횡단중,보행자보호의무위반,건조,맑음,교차로 - 교차로안,승용,여,39세,상해없음,보행자,남,42세,중상
2015123100100429,2015년 12월 31일 17시,목요일,부산광역시 금정구 장전동,경상사고,0,0,1,0,차대차 - 측면직각충돌,안전거리미확보,건조,맑음,단일로 - 기타,승용,여,55세,상해없음,승용,여,34세,경상
2015123100100430,2015년 12월 31일 17시,목요일,부산광역시 사상구 감전동,부상신고사고,0,0,0,1,차대차 - 측면직각충돌,안전거리미확보,건조,맑음,교차로 - 교차로부근,승용,남,53세,상해없음,이륜,남,18세,부상신고
2015123100100471,2015년 12월 31일 18시,목요일,부산광역시 서구 남부민동,중상사고,0,1,0,0,차대차 - 정면충돌,중앙선침범,건조,맑음,단일로 - 기타,이륜,남,61세,상해없음,이륜,남,26세,중상
2015123100100472,2015년 12월 31일 18시,목요일,부산광역시 영도구 청학동,경상사고,0,0,1,0,차대사람 - 길가장자리구역통행중,안전운전불이행,건조,맑음,단일로 - 기타,승용,남,34세,상해없음,보행자,여,35세,경상
2015123100100473,2015년 12월 31일 18시,목요일,부산광역시 강서구 녹산동,중상사고,0,1,0,0,차대차 - 측면직각충돌,신호위반,건조,맑음,교차로 - 교차로안,승용,남,40세,상해없음,승용,여,37세,중상
2015123100100535,2015년 12월 31일 19시,목요일,부산광역시 동구 범일동,중상사고,0,1,2,0,차대차 - 추돌 - 진행중,안전운전불이행,건조,맑음,미분류 - 미분류,승용,남,47세,상해없음,화물,남,36세,경상
2015123100100536,2015년 12월 31일 19시,목요일,부산광역시 동구 범일동,경상사고,0,0,1,0,차대차 - 기타,안전운전불이행,건조,맑음,교차로 - 교차로안,승용,남,79세,상해없음,승용,여,41세,경상
2015123100100537,2015년 12월 31일 19시,목요일,부산광역시 남구 문현동,중상사고,0,1,0,0,차대차 - 측면직각충돌,교차로운행방법위반,건조,맑음,교차로 - 교차로안,이륜,남,25세,상해없음,자전거,남,61세,중상
2015123100100538,2015년 12월 31일 19시,목요일,부산광역시 해운대구 우동,중상사고,0,2,0,0,차대차 - 추돌 - 진행중,안전거리미확보,건조,맑음,단일로 - 기타,승용,남,64세,상해없음,승용,여,31세,중상
2015123100100539,2015년 12월 31일 19시,목요일,부산광역시 기장군 기장읍,경상사고,0,0,1,0,차대사람 - 횡단중,안전운전불이행,건조,맑음,단일로 - 기타,기타불명,기타불명,기타불명,기타불명,보행자,남,33세,경상
2015123100100585,2015년 12월 31일 20시,목요일,부산광역시 남구 대연동,경상사고,0,0,1,0,차량단독 - 기타,안전운전불이행,건조,맑음,단일로 - 기타,승용,남,67세,상해없음,,,,
2015123100100696,2015년 12월 31일 23시,목요일,부산광역시 동래구 안락동,중상사고,0,1,0,0,차대차 - 측면직각충돌,교차로운행방법위반,건조,맑음,교차로 - 교차로안,승용,남,63세,상해없음,이륜,남,22세,중상
2015123100100697,2015년 12월 31일 23시,목요일,부산광역시 동래구 온천동,경상사고,0,0,1,0,차대차 - 측면직각충돌,차로위반,건조,맑음,단일로 - 기타,승용,남,47세,상해없음,이륜,남,22세,경상
2015123100100698,2015년 12월 31일 23시,목요일,부산광역시 부산진구 당감동,경상사고,0,0,2,0,차대차 - 기타,교차로운행방법위반,건조,맑음,교차로 - 교차로안,승용,남,59세,상해없음,승용,남,37세,경상